ID,単語 Word,発音記号,品詞,難易度 CEFR,カテゴリ,日本語訳,例文 Example,例文訳,語源・語根,接頭辞,類義語 Synonyms,反義語 Antonyms,IELTS頻度,英検頻度,大学入試頻度,総合優先度
1,being,,名/他,,IELTS VOCAB,存在；生き物,"As a human being, one has the right to access clean water and basic education.",人間として、誰もが清潔な水と基礎教育にアクセスする権利を持っている。,,,,,★★★,,,🔴 必須
2,government,,名/他,,IELTS VOCAB,政府；統治,The government introduced new policies to curb rising carbon emissions.,政府はインフレ抑制のため、一連の新しい政策を導入した。,,,,,★★★,,,🔴 必須
3,found,,動/句,,IELTS VOCAB,を設立する,The organisation was founded in 1990 to promote global sustainable development.,その団体は1990年に、持続可能な開発を促進するために設立された。,,,,,★★★,,,🔴 必須
4,given,,動/句,,IELTS VOCAB,〜を仮定すれば,"Given the evidence available, it is difficult to draw a definitive conclusion.",入手可能な証拠を踏まえると、確定的な結論を導くことは難しい。,,,,,★★★,,,🔴 必須
5,state,,名/他,,IELTS VOCAB,状態；国家；述べる,The report states that average global temperatures have risen by 1.1 degrees Celsius.,報告書は、世界の平均気温が1.1度上昇したと述べている。,,,,,★★★,,,🔴 必須
6,council,,名/他,,IELTS VOCAB,議会；評議会,The city council approved new regulations to reduce plastic waste in public spaces.,市議会は公共スペースにおけるプラスチック廃棄物削減の新規制を承認した。,,,,,★★★,,,🔴 必須
7,available,,形,,IELTS VOCAB,利用可能な,Affordable housing is not readily available in many of the world's major cities.,世界の主要都市の多くでは、手頃な価格の住宅が容易には手に入らない。,,,,,★★★,,,🔴 必須
9,means,,名/他,,IELTS VOCAB,手段，方法,Education means far more than acquiring facts; it fosters critical thinking skills.,教育とは事実を習得すること以上であり、批判的思考力を育むものだ。,,,,,★★★,,,🔴 必須
10,likely,,形,,IELTS VOCAB,ありそうな；予想される,Developing nations are more likely to be severely affected by climate change.,気候変動の深刻な影響を受ける可能性が高いのは、発展途上国である。,,,,,★★★,,,🔴 必須
11,therefore,,名/他,,IELTS VOCAB,それ故に，従って,"The sample size was too small; therefore, the results cannot be generalised.",サンプルサイズが小さすぎたため、結果を一般化することはできない。,,,,,★★★,,,🔴 必須
12,evidence,,名/他,,IELTS VOCAB,証拠；根拠,There is compelling evidence that air pollution significantly contributes to lung disease.,大気汚染が肺疾患に大きく寄与するという説得力のある証拠がある。,,,,,★★★,,,🔴 必須
13,range,,名/他,,IELTS VOCAB,範囲；幅,A wide range of factors influences academic performance among university students.,大学生の学業成績には、幅広い要因が影響を与えている。,,,,,★★★,,,🔴 必須
14,thus,,名/他,,IELTS VOCAB,このようにして；したがって,"Industrial output increased sharply; thus, demand for raw materials rose accordingly.",工業生産が急増したため、原材料の需要も相応に増加した。,,,,,★★★,,,🔴 必須
15,individual,,名/他,,IELTS VOCAB,個人；個別の,Each individual has a responsibility to reduce their personal carbon footprint.,個人一人ひとりが、自らの環境への影響を軽減する責任を持っている。,,,,,★★★,,,🔴 必須
16,committee,,名/他,,IELTS VOCAB,委員会,The committee reviewed all proposals and recommended further environmental reforms.,委員会はすべての提案を審査し、さらなる環境改革を勧告した。,,,,,★★★,,,🔴 必須
17,indeed,,名/他,,IELTS VOCAB,実際に；確かに,The findings were indeed consistent with those of previous research on the subject.,その調査結果は、これまでの研究と確かに一致していた。,,,,,★★★,,,🔴 必須
18,authority,,名/他,,IELTS VOCAB,権威；当局,The regulatory authority imposed stricter limits on industrial waste disposal.,規制当局は産業廃棄物処理に関してより厳しい基準を課した。,,,,,★★★,,,🔴 必須
19,union,,名/他,,IELTS VOCAB,組合；連合,The European Union has set ambitious targets for achieving carbon neutrality by 2050.,欧州連合は2050年までにカーボンニュートラルを達成するという野心的な目標を設定した。,,,,,★★★,,,🔴 必須
20,figure,,名/他,,IELTS VOCAB,数字；人物；考える,Official figures show that the unemployment rate has declined to a five-year low.,公式データによると、失業率は5年ぶりの低水準まで低下した。,,,,,★★★,,,🔴 必須
21,practice,,名/他,,IELTS VOCAB,練習；実践；習慣,Sustainable agricultural practice is essential for maintaining long-term soil quality.,持続可能な農業の実践は、長期的な土壌の質を維持するために不可欠だ。,,,,,★★★,,,🔴 必須
22,former,,名/他,,IELTS VOCAB,前の；以前の,The former policy was replaced after widespread criticism from environmental groups.,前の政策は環境団体から広く批判を受けた後、改正された。,,,,,★★★,,,🔴 必須
23,issue,,名/他,,IELTS VOCAB,問題；号,Inequality remains one of the most pressing issues in both developed and developing nations.,格差は先進国・途上国を問わず、最も差し迫った課題の一つであり続けている。,,,,,★★★,,,🔴 必須
24,stage,,名/他,,IELTS VOCAB,段階；舞台,"At this stage of the investigation, no conclusive link has been established.",調査の現段階では、明確な関連性はまだ確立されていない。,,,,,★★★,,,🔴 必須
26,basis,,名/他,,IELTS VOCAB,基礎；根拠；基盤,The policy is reviewed on an annual basis to reflect changing economic conditions.,その政策は変化する経済状況を反映するため、毎年見直されている。,,,,,★★★,,,🔴 必須
27,despite,,動/句,,IELTS VOCAB,〜にもかかわらず,"Despite significant investment, global deforestation rates have continued to rise.",多大な投資にもかかわらず、世界の森林破壊率は上昇し続けている。,,,,,★★★,,,🔴 必須
28,structure,,名/他,,IELTS VOCAB,構造；構成,The economic structure of many developing nations relies heavily on primary industries.,多くの途上国の経済構造は、一次産業への依存度が高い。,,,,,★★★,,,🔴 必須
29,capital,,名/他,,IELTS VOCAB,首都；資本；大文字の,The capital city receives a disproportionate share of public infrastructure spending.,首都は公共インフラへの支出の不均等に大きな割合を受け取っている。,,,,,★★★,,,🔴 必須
30,per,,動/句,,IELTS VOCAB,〜につき；〜ごとに,"The average household consumes approximately 3,800 kilowatts of electricity per year.","平均的な世帯は年間約3,800キロワット時の電力を消費している。",,,,,★★★,,,🔴 必須
31,agreement,,名/他,,IELTS VOCAB,合意；契約,A landmark international agreement was reached to limit global warming to 1.5 degrees.,地球温暖化を1.5度に抑える画期的な国際協定が締結された。,,,,,★★★,,,🔴 必須
32,population,,名/他,,IELTS VOCAB,人口,The ageing population presents significant challenges to sustainable healthcare systems.,高齢化する人口は、持続可能な医療システムに重大な課題をもたらしている。,,,,,★★★,,,🔴 必須
33,legal,,形,,IELTS VOCAB,法律の；合法的な,All companies are legally required to meet strict standards for industrial waste disposal.,すべての企業は産業廃棄物処理に関する厳格な基準を法的に満たす必要がある。,,,,,★★★,,,🔴 必須
34,fine,,名/他,,IELTS VOCAB,罰金；素晴らしい；細かい,Organisations that violate environmental regulations may face a substantial financial fine.,環境規制に違反した組織は、多額の罰金を科される可能性がある。,,,,,★★★,,,🔴 必須
35,theory,,名/他,,IELTS VOCAB,理論；学説,The theory of comparative advantage underpins much of modern international trade policy.,比較優位の理論は、現代の国際貿易政策の基礎をなしている。,,,,,★★★,,,🔴 必須
36,growth,,名/他,,IELTS VOCAB,成長；増加,Rapid economic growth has frequently come at the expense of environmental sustainability.,急速な経済成長はしばしば環境の持続可能性を犠牲にして実現されてきた。,,,,,★★★,,,🔴 必須
37,relationship,,形,,IELTS VOCAB,関係；つながり,The relationship between income inequality and social mobility has been widely studied.,所得格差と社会的流動性の関係は広く研究されてきた。,,,,,★★★,,,🔴 必須
38,property,,名/他,,IELTS VOCAB,財産；特性,Intellectual property rights play a vital role in encouraging technological innovation.,知的財産権は技術革新を促進する上で重要な役割を果たしている。,,,,,★★★,,,🔴 必須
39,term,,名/他,,IELTS VOCAB,期間；用語,"In the long term, investing in renewable energy is considerably more cost-effective.",長期的には、再生可能エネルギーへの投資は大幅にコスト効率が高い。,,,,,★★★,,,🔴 必須
40,throughout,,動/句,,IELTS VOCAB,〜の至る所に；〜を通じて,Biodiversity loss has been recorded throughout tropical rainforests across the globe.,生物多様性の損失は、世界中の熱帯雨林全体で記録されている。,,,,,★★★,,,🔴 必須
41,previous,,名/他,,IELTS VOCAB,前の；以前の,The current study builds on the findings of previous research conducted over a decade.,現在の研究は10年間にわたり実施された以前の研究の知見を基盤としている。,,,,,★★★,,,🔴 必須
43,significant,,形,,IELTS VOCAB,重要な；著しい；意義深い,The intervention led to a statistically significant reduction in hospital admission rates.,その介入により、入院率が統計的に有意に減少した。,,,,,★★★,,,🔴 必須
44,income,,名/他,,IELTS VOCAB,収入；所得,Income inequality has widened considerably in many high-income economies in recent years.,高所得国の多くで、近年所得格差が大幅に拡大している。,,,,,★★★,,,🔴 必須
45,contract,,動/句,,IELTS VOCAB,契約；縮小する,Workers signed a legally binding contract guaranteeing fair wages and safe conditions.,労働者たちは公正な賃金と安全な労働条件を保証する法的拘束力のある契約を締結した。,,,,,★★★,,,🔴 必須
46,consider,,動/句,,IELTS VOCAB,考慮する；みなす,Policymakers must consider the full social and environmental costs of industrial expansion.,政策立案者は産業拡大に伴う社会的・環境的コストを十分に考慮しなければならない。,,,,,★★★,,,🔴 必須
47,attempt,,名/他,,IELTS VOCAB,試みる；試み,The first attempt to introduce the legislation was rejected by a majority in parliament.,その法案を導入する最初の試みは、議会の過半数によって否決された。,,,,,★★★,,,🔴 必須
48,specific,,形,,IELTS VOCAB,特定の；具体的な,The guidelines provide specific emissions targets for each major industrial sector.,ガイドラインは主要な産業セクターごとの具体的な排出目標を定めている。,,,,,★★★,,,🔴 必須
49,claim,,動/句,,IELTS VOCAB,主張する；要求する,Researchers claim the new treatment reduces recovery time by approximately 40 percent.,研究者たちは新しい治療法により回復時間が約40%短縮すると主張している。,,,,,★★★,,,🔴 必須
50,leading,,形,,IELTS VOCAB,主要な；先頭の,She is one of the leading authorities on the intersection of poverty and public health.,彼女は貧困と公衆衛生の交点に関する第一人者の研究者の一人だ。,,,,,★★★,,,🔴 必須
51,potential,,形,,IELTS VOCAB,潜在的な；可能性,Offshore wind farms have enormous potential to supply clean energy at a national scale.,沖合の風力発電所は、国家規模でクリーンエネルギーを供給する大きな可能性を持っている。,,,,,★★★,,,🔴 必須
52,demand,,動/句,,IELTS VOCAB,需要；要求する,Global demand for electric vehicles is projected to triple within the next ten years.,電気自動車の世界需要は今後10年以内に3倍になると予測されている。,,,,,★★★,,,🔴 必須
53,unless,,動/句,,IELTS VOCAB,〜でない限り,"Unless carbon emissions are dramatically reduced, average temperatures will continue to rise.",炭素排出量が大幅に削減されない限り、平均気温は上昇し続けるだろう。,,,,,★★★,,,🔴 必須
54,access,,動/句,,IELTS VOCAB,アクセス；利用する,Equal access to quality education is regarded as a fundamental human right worldwide.,質の高い教育への平等なアクセスは、基本的人権として広く認識されている。,,,,,★★★,,,🔴 必須
55,independent,,名/他,,IELTS VOCAB,独立した,An independent audit was commissioned to verify the accuracy of the financial reports.,財務報告の正確性を検証するため、独立した監査が委託された。,,,,,★★★,,,🔴 必須
56,benefit,,名/他,,IELTS VOCAB,利益；恩恵,The long-term health benefits of preventive medicine far outweigh the initial investment.,予防医療の長期的な健康上の利点は、当初の投資費用を大きく上回る。,,,,,★★★,,,🔴 必須
57,employment,,名/他,,IELTS VOCAB,雇用；就業,The shift towards automation poses a serious threat to employment in manufacturing.,自動化への移行は製造業における雇用に深刻な脅威をもたらしている。,,,,,★★★,,,🔴 必須
58,sales,,名/他,,IELTS VOCAB,販売；売上,Sales of electric vehicles have surged globally as battery production costs continue to fall.,バッテリー生産コストが下がり続けるにつれ、電気自動車の世界販売台数が急増した。,,,,,★★★,,,🔴 必須
61,application,,名/他,,IELTS VOCAB,申請；応用；アプリ,The application of artificial intelligence to medical diagnosis has expanded rapidly.,医療診断における人工知能の応用は急速に拡大している。,,,,,★★★,,,🔴 必須
62,suppose,,動/句,,IELTS VOCAB,〜と思う；仮定する,It would be wrong to suppose that higher income automatically translates to greater happiness.,高い収入が自動的に幸福につながると思い込むのは間違いだろう。,,,,,★★★,,,🔴 必須
63,immediately,,名/他,,IELTS VOCAB,すぐに；直ちに,Governments must act immediately to address the growing threat of climate change.,政府は気候変動の増大する脅威に対処するため、即座に行動しなければならない。,,,,,★★★,,,🔴 必須
64,opportunity,,名/他,,IELTS VOCAB,機会；チャンス,Higher education provides individuals with the opportunity to improve their career prospects.,高等教育は個人にキャリアの見通しを向上させる機会を与える。,,,,,★★★,,,🔴 必須
65,film,,動/句,,IELTS VOCAB,映画；撮影する,The documentary film raised global awareness of the devastating effects of ocean pollution.,そのドキュメンタリー映画は海洋汚染の壊滅的な影響への世界的な認識を高めた。,,,,,★★★,,,🔴 必須
66,trust,,名/他,,IELTS VOCAB,信頼；信託；信じる,Public trust in government institutions has declined significantly over the past two decades.,政府機関への国民の信頼はこの20年間で大幅に低下した。,,,,,★★★,,,🔴 必須
67,effective,,形,,IELTS VOCAB,効果的な；有効な,Vaccination has proven to be the most effective means of preventing infectious disease.,ワクチン接種は感染症を防ぐ最も効果的な手段であることが証明されている。,,,,,★★★,,,🔴 必須
68,region,,名/他,,IELTS VOCAB,地域；地方,The northern region of the country receives less than 200 millimetres of rainfall annually.,その国の北部地域は年間200ミリ未満の降水量しか受け取っていない。,,,,,★★★,,,🔴 必須
69,degree,,名/他,,IELTS VOCAB,程度；学位；度,The degree to which climate change affects agriculture varies considerably by region.,気候変動が農業に与える影響の程度は地域によって大幅に異なる。,,,,,★★★,,,🔴 必須
70,traditional,,形,,IELTS VOCAB,伝統的な,Traditional fishing communities are among the most vulnerable to the effects of overfishing.,伝統的な漁業コミュニティは乱獲の影響を最も受けやすい集団の一つだ。,,,,,★★★,,,🔴 必須
71,election,,名/他,,IELTS VOCAB,選挙,Voter turnout in the election reached its highest level in thirty years.,その選挙での投票率は30年間で最高水準に達した。,,,,,★★★,,,🔴 必須
72,parliament,,名/他,,IELTS VOCAB,議会；国会,Parliament passed new legislation requiring a 40 percent reduction in carbon emissions by 2030.,議会は2030年までに炭素排出量を40%削減することを義務付ける新法を可決した。,,,,,★★★,,,🔴 必須
73,review,,名/他,,IELTS VOCAB,評価；見直す；レビュー,An independent review of the evidence concluded that the policy had been largely ineffective.,証拠の独立した審査により、政策はほぼ効果がなかったと結論づけられた。,,,,,★★★,,,🔴 必須
74,species,,名/他,,IELTS VOCAB,種（生物）,Over one million species are currently at risk of extinction due to habitat destruction.,100万種以上の生物が現在、生息地の破壊により絶滅の危機に瀕している。,,,,,★★★,,,🔴 必須
75,supply,,動/句,,IELTS VOCAB,供給；提供する,The global supply of fresh water is under increasing pressure from population growth.,淡水の世界供給は人口増加からますます大きな圧力を受けている。,,,,,★★★,,,🔴 必須
78,physical,,形,,IELTS VOCAB,物理的な；身体的な,Regular physical activity is strongly associated with reduced rates of chronic illness.,定期的な身体活動は慢性疾患の低い発生率と強く関連している。,,,,,★★★,,,🔴 必須
79,complex,,形,,IELTS VOCAB,複雑な,The relationship between poverty and educational attainment is highly complex.,貧困と学業成績の間の関係は非常に複雑だ。,,,,,★★★,,,🔴 必須
80,responsibility,,名/他,,IELTS VOCAB,責任,It is the responsibility of wealthier nations to take the lead on reducing carbon emissions.,炭素排出削減を主導する責任は裕福な国々にある。,,,,,★★★,,,🔴 必須
81,opposition,,名/他,,IELTS VOCAB,反対；野党,The proposed reforms faced fierce opposition from industry groups and trade unions.,提案された改革は産業界と労働組合から激しい反対に直面した。,,,,,★★★,,,🔴 必須
82,division,,名/他,,IELTS VOCAB,分割；部門,The growing division between rich and poor poses a serious threat to social cohesion.,富裕層と貧困層の間の拡大する分断は社会的結束に深刻な脅威をもたらしている。,,,,,★★★,,,🔴 必須
83,surface,,名/他,,IELTS VOCAB,表面；水面,Rising ocean temperatures are altering the surface conditions of marine ecosystems.,海洋温度の上昇は海洋生態系の表層条件を変化させている。,,,,,★★★,,,🔴 必須
84,equipment,,名/他,,IELTS VOCAB,設備；機器,Access to modern medical equipment is severely limited in many low-income countries.,最新の医療設備へのアクセスは多くの低所得国で著しく制限されている。,,,,,★★★,,,🔴 必須
85,suggest,,動/句,,IELTS VOCAB,提案する；示唆する,The data strongly suggest that early childhood intervention improves long-term educational outcomes.,データは、幼少期の早期介入が長期的な教育的成果を大幅に改善することを強く示唆している。,,,,,★★★,,,🔴 必須
86,exchange,,動/句,,IELTS VOCAB,交換する；取引所,Cultural exchange programmes play an important role in fostering international understanding.,文化交流プログラムは国際的な理解を育む上で重要な役割を果たしている。,,,,,★★★,,,🔴 必須
87,otherwise,,形,,IELTS VOCAB,さもなければ；別の方法で,"Investment in education must be sustained; otherwise, long-term economic growth will stall.",教育への投資は維持されなければならない。そうでなければ長期的な経済成長は停滞するだろう。,,,,,★★★,,,🔴 必須
88,essential,,形,,IELTS VOCAB,不可欠な；本質的な,Access to clean water is essential for maintaining basic standards of public health.,清潔な水へのアクセスは公衆衛生の基本的水準を維持するために不可欠だ。,,,,,★★★,,,🔴 必須
89,function,,名/他,,IELTS VOCAB,機能；役割,The primary function of the regulatory body is to ensure consumer protection.,免疫システムの主な機能は感染源から体を守ることだ。,,,,,★★★,,,🔴 必須
90,slightly,,名/他,,IELTS VOCAB,わずかに；少し,Average global temperatures have risen by slightly more than one degree Celsius since 1850.,世界の平均気温は1850年以降、1度強上昇している。,,,,,★★★,,,🔴 必須
91,aid,,名/他,,IELTS VOCAB,援助；助ける,International aid must be carefully targeted to address the root causes of poverty.,国際援助は貧困の根本原因に対処するため、慎重に対象を絞る必要がある。,,,,,★★★,,,🔴 必須
92,transport,,名/他,,IELTS VOCAB,輸送；交通機関,Investment in public transport infrastructure is key to reducing urban carbon emissions.,公共交通インフラへの投資は都市の炭素排出量削減の鍵となる。,,,,,★★★,,,🔴 必須
94,civil,,名/他,,IELTS VOCAB,市民の；礼儀正しい；民事の,Civil society organisations play a crucial role in holding governments to account.,市民社会組織は政府に責任を持たせる上で重要な役割を果たしている。,,,,,★★★,,,🔴 必須
95,hardly,,動/句,,IELTS VOCAB,ほとんど〜ない；やっと,There is hardly any evidence to suggest that current policies are sufficient.,現在の政策が十分であることを示す証拠はほとんどない。,,,,,★★★,,,🔴 必須
96,obvious,,形,,IELTS VOCAB,明らかな；明白な,It is obvious from the data that urgent action is required to address global inequality.,データから、世界的な不平等に対処するため緊急の行動が必要であることは明らかだ。,,,,,★★★,,,🔴 必須
97,organisation,,名/他,,IELTS VOCAB,組織；団体,The international organisation coordinates efforts to protect endangered marine ecosystems.,その国際機関は絶滅の危機にある海洋生態系を守る取り組みを調整している。,,,,,★★★,,,🔴 必須
98,argument,,名/他,,IELTS VOCAB,議論；主張,The central argument of the report is that economic growth alone cannot eliminate poverty.,報告書の中心的な主張は、経済成長だけでは貧困を解消できないということだ。,,,,,★★★,,,🔴 必須
99,patient,,名/他,,IELTS VOCAB,患者；忍耐強い,Doctors emphasise the importance of patient education in managing chronic conditions effectively.,医師たちは慢性疾患を効果的に管理する上で患者教育の重要性を強調している。,,,,,★★★,,,🔴 必須
100,principle,,名/他,,IELTS VOCAB,原則；原理,The principle of sustainable development requires balancing economic growth with ecological protection.,持続可能な発展の原則は、経済成長と生態系保護のバランスを取ることを求める。,,,,,★★★,,,🔴 必須
101,stock,,名/他,,IELTS VOCAB,在庫；株式；蓄える,Global fish stocks have been severely depleted by decades of intensive commercial fishing.,世界の魚資源は数十年にわたる集中的な商業漁業により深刻に枯渇している。,,,,,★★★,,,🔴 必須
102,district,,名/他,,IELTS VOCAB,地区；地域,The district was identified as a priority area for targeted investment in public health.,その地区は公衆衛生への的を絞った投資の優先地域として特定された。,,,,,★★★,,,🔴 必須
103,executive,,名/他,,IELTS VOCAB,経営幹部；行政の,The executive team approved a new strategy aimed at reducing the company's carbon footprint.,経営幹部チームは企業の炭素フットプリントを削減することを目指した新戦略を承認した。,,,,,★★★,,,🔴 必須
104,neither,,動/句,,IELTS VOCAB,どちらも〜ない,Greater public awareness of neither is considered essential for driving meaningful behavioural change.,意味のある行動変容を促進するために公衆の認識向上が不可欠とされている。,,,,,★★★,,,🔴 必須
105,duty,,名/他,,IELTS VOCAB,義務；職務,It is the duty of every nation to uphold international agreements on climate change.,すべての国家が気候変動に関する国際協定を遵守することが義務だ。,,,,,★★★,,,🔴 必須
106,presence,,名/他,,IELTS VOCAB,存在；出席,The increasing presence of microplastics in ocean water is a cause for serious concern.,海洋水中のマイクロプラスチックの増大する存在は深刻な懸念の原因だ。,,,,,★★★,,,🔴 必須
107,avoid,,動/句,,IELTS VOCAB,避ける；回避する,Governments should take steps to avoid policies that disproportionately harm lower-income groups.,政府は低所得層に不均衡な影響を与える政策を避けるための手順を講じるべきだ。,,,,,★★★,,,🔴 必須
108,relatively,,形,,IELTS VOCAB,比較的,The cost of solar energy has fallen relatively rapidly over the past decade.,太陽エネルギーのコストはここ10年で比較的急速に低下した。,,,,,★★★,,,🔴 必須
109,failure,,名/他,,IELTS VOCAB,失敗；欠如,The failure to meet agreed emissions targets has undermined international climate negotiations.,合意された排出目標を達成できなかったことは国際的な気候交渉を弱体化させた。,,,,,★★★,,,🔴 必須
111,due,,形,,IELTS VOCAB,期限の；適切な；到着予定の,The relationship between due and long-term economic productivity has been extensively documented.,長期的な経済生産性との関係は幅広く記録されている。,,,,,★★★,,,🔴 必須
112,practical,,形,,IELTS VOCAB,実用的な；実践的な,Researchers are seeking practical solutions to the challenge of sustainable urban development.,研究者たちは持続可能な都市開発という課題への実践的な解決策を求めている。,,,,,★★★,,,🔴 必須
113,latter,,名/他,,IELTS VOCAB,後者の；後半の,"Of the two approaches examined, the latter proved to be significantly more cost-effective.",検討された2つのアプローチのうち、後者の方が大幅にコスト効率が高いことが証明された。,,,,,★★★,,,🔴 必須
114,huge,,形,,IELTS VOCAB,巨大な；莫大な,The discovery represents a huge step forward in our understanding of renewable energy storage.,その発見は再生可能エネルギー貯蔵の理解における大きな前進を表している。,,,,,★★★,,,🔴 必須
115,apparently,,名/他,,IELTS VOCAB,どうやら；見たところ,"The new policy, apparently designed to reduce inequality, has had the opposite effect.",不平等を減らすために設計されたと思われる新政策は、逆の効果をもたらした。,,,,,★★★,,,🔴 必須
116,grant,,名/他,,IELTS VOCAB,助成金；与える,The research team received a substantial grant to investigate the effects of air pollution.,研究チームは大気汚染の影響を調査するための多額の助成金を受け取った。,,,,,★★★,,,🔴 必須
117,applied,,形,,IELTS VOCAB,応用の；実用的な,Applied research in materials science has led to significant improvements in battery technology.,材料科学の応用研究はバッテリー技術の大幅な改善をもたらした。,,,,,★★★,,,🔴 必須
118,finance,,動/句,,IELTS VOCAB,財政；資金調達する,Access to affordable finance is essential for small businesses to invest in clean technology.,クリーン技術に投資するため、中小企業にとって手頃な資金調達へのアクセスが不可欠だ。,,,,,★★★,,,🔴 必須
119,merely,,動/句,,IELTS VOCAB,単に；ただ〜だけ,Economic growth alone is merely one component of sustainable human development.,経済成長だけでは持続可能な人間開発の一要素にすぎない。,,,,,★★★,,,🔴 必須
120,setting,,名/他,,IELTS VOCAB,設定；環境；背景,The urban setting presents unique challenges for the delivery of effective public health services.,都市の環境は効果的な公衆衛生サービスの提供に独特の課題をもたらしている。,,,,,★★★,,,🔴 必須
121,quarter,,名/他,,IELTS VOCAB,四分の一；四半期,"In the final quarter of the year, carbon emissions fell to a record low.",その年の最終四半期に、炭素排出量は記録的な低水準まで低下した。,,,,,★★★,,,🔴 必須
122,politics,,名/他,,IELTS VOCAB,政治；政治学,Environmental politics has moved to the centre of policy debates in many countries.,環境政治は多くの国の政策議論の中心に移行している。,,,,,★★★,,,🔴 必須
123,justice,,名/他,,IELTS VOCAB,正義；司法,Climate justice requires that those most responsible for emissions bear the greatest costs.,気候正義は排出量に最も責任のある者が最大のコストを負担することを求める。,,,,,★★★,,,🔴 必須
124,credit,,名/他,,IELTS VOCAB,信用；単位；功績,Full credit must be given to the communities that pioneered sustainable development practices.,持続可能な開発の実践を先導したコミュニティに十分な評価が与えられなければならない。,,,,,★★★,,,🔴 必須
125,edge,,名/他,,IELTS VOCAB,端；優位；刃,"Without adequate edge, sustainable development goals are unlikely to be met on time.",適切な支援がなければ、持続可能な開発目標は時間内に達成されないだろう。,,,,,★★★,,,🔴 必須
126,advantage,,名/他,,IELTS VOCAB,利点；優位性,A key advantage of renewable energy is its dramatically lower long-term operating cost.,再生可能エネルギーの主な利点は、長期的な運用コストが大幅に低いことだ。,,,,,★★★,,,🔴 必須
129,length,,名/他,,IELTS VOCAB,長さ；期間,The length of time required for ecosystems to recover from damage can span several centuries.,生態系が損傷から回復するのに必要な期間は数世紀に及ぶこともある。,,,,,★★★,,,🔴 必須
130,vote,,動/句,,IELTS VOCAB,投票する；票,Citizens in many countries have voted in favour of stronger environmental protection measures.,多くの国の市民は、より強力な環境保護措置を支持する投票を行っている。,,,,,★★★,,,🔴 必須
131,possibly,,動/句,,IELTS VOCAB,もしかすると；おそらく,The region could possibly experience its worst drought in over a century.,その地域は1世紀以上で最悪の干ばつを経験する可能性がある。,,,,,★★★,,,🔴 必須
132,nevertheless,,名/他,,IELTS VOCAB,それにもかかわらず,"The evidence was inconclusive; nevertheless, the findings merit further investigation.",証拠は不確定だったが、それにもかかわらず調査結果はさらなる調査に値する。,,,,,★★★,,,🔴 必須
133,insurance,,名/他,,IELTS VOCAB,保険,Crop insurance schemes can help protect vulnerable farming communities from climate-related losses.,農作物保険制度は、気候関連の損失から脆弱な農業コミュニティを守るのに役立つ。,,,,,★★★,,,🔴 必須
134,strength,,名/他,,IELTS VOCAB,強さ；体力,The strength of the evidence linking air pollution to cardiovascular disease is now overwhelming.,大気汚染と心臓血管疾患を結びつける証拠の強さは今や圧倒的だ。,,,,,★★★,,,🔴 必須
135,crime,,名/他,,IELTS VOCAB,犯罪,"Environmental crime, including illegal logging and wildlife trafficking, is a growing global concern.",違法伐採や野生動物の密売を含む環境犯罪は、増大する世界的な懸念となっている。,,,,,★★★,,,🔴 必須
136,transfer,,動/句,,IELTS VOCAB,移す；転送する,Technology transfer from developed to developing nations is essential for green energy adoption.,先進国から途上国への技術移転はグリーンエネルギーの普及に不可欠だ。,,,,,★★★,,,🔴 必須
137,measure,,動/句,,IELTS VOCAB,測定する；対策；程度,A comprehensive range of measures was introduced to improve air quality in heavily polluted cities.,ひどく汚染された都市の大気の質を改善するため、包括的な対策が導入された。,,,,,★★★,,,🔴 必須
138,confidence,,名/他,,IELTS VOCAB,自信；信頼,Consumer confidence fell sharply following the announcement of weaker than expected growth figures.,予想を下回る成長率の発表後、消費者信頼感が急落した。,,,,,★★★,,,🔴 必須
139,address,,動/句,,IELTS VOCAB,取り組む；演説する,Governments must address the structural causes of poverty rather than merely treating its symptoms.,政府は貧困の症状を治療するだけでなく、構造的な原因に取り組まなければならない。,,,,,★★★,,,🔴 必須
140,require,,動/句,,IELTS VOCAB,必要とする；要求する,Sustainable development requires a fundamental shift in how societies produce and consume energy.,持続可能な開発は、社会がエネルギーを生産・消費する方法の根本的な転換を必要とする。,,,,,★★★,,,🔴 必須
142,ordinary,,名/他,,IELTS VOCAB,普通の；日常の,Ordinary citizens are increasingly aware of the urgent need to reduce their carbon footprint.,一般市民は炭素フットプリントを削減する緊急の必要性についてますます意識するようになっている。,,,,,★★★,,,🔴 必須
143,previously,,名/他,,IELTS VOCAB,以前に；前回は,The site had previously been used for industrial purposes and required extensive environmental remediation.,その場所はかつて工業用途に使用されており、広範な環境修復が必要だった。,,,,,★★★,,,🔴 必須
146,challenge,,名/他,,IELTS VOCAB,挑戦；異議を唱える,Ensuring global food security in the face of climate change is one of humanity's greatest challenges.,気候変動に直面して世界の食料安全保障を確保することは、人類最大の課題の一つだ。,,,,,★★★,,,🔴 必須
147,achieve,,動/句,,IELTS VOCAB,達成する；成し遂げる,Nations must work collectively to achieve the ambitious emissions targets set out in the Paris Agreement.,各国は、パリ協定に定められた野心的な排出目標を達成するため共同で取り組まなければならない。,,,,,★★★,,,🔴 必須
148,extremely,,名/他,,IELTS VOCAB,非常に；極めて,The economic consequences of unmitigated climate change are projected to be extremely severe.,緩和されない気候変動の経済的影響は極めて深刻になると予測されている。,,,,,★★★,,,🔴 必須
149,prevent,,名/他,,IELTS VOCAB,防ぐ；妨げる,Vaccination remains the most effective and widely proven strategy for preventing infectious disease.,ワクチン接種は感染症を防ぐ最も効果的で広く実証された戦略であり続けている。,,,,,★★★,,,🔴 必須
150,article,,名/他,,IELTS VOCAB,記事；条項；冠詞,The journal article presents compelling evidence for a direct link between diet and disease.,その学術論文は食事と認知機能の間の直接的な関連性について説得力のある証拠を示している。,,,,,★★★,,,🔴 必須
151,football,,名/他,,IELTS VOCAB,フットボール；サッカー,Improving football has become a central objective of international development organisations.,向上させることが国際開発機関の中心的な目標となっている。,,,,,★★★,,,🔴 必須
152,fairly,,形,,IELTS VOCAB,かなり；公平に,The transition to renewable energy must be fairly and carefully managed to protect existing jobs.,再生可能エネルギーへの移行は既存の雇用を守るため注意深く管理されなければならない。,,,,,★★★,,,🔴 必須
153,increasingly,,名/他,,IELTS VOCAB,ますます；次第に,The researchers increasingly acknowledged the limitations arising from the restricted sample size.,研究者たちはサンプルサイズの制限から生じる限界を正直に認めた。,,,,,★★★,,,🔴 必須
154,initial,,名/他,,IELTS VOCAB,最初の,Researchers concluded that the initial findings were initial and warranted immediate further investigation.,初期の知見は重要であり即座のさらなる調査が必要と結論づけられた。,,,,,★★★,,,🔴 必須
155,release,,動/句,,IELTS VOCAB,を解放する；発表,The study was designed to release the relationship between urbanisation and quality of life.,この研究は都市化と生活の質の関係を調べることを目的に設計された。,,,,,★★★,,,🔴 必須
156,existence,,名/他,,IELTS VOCAB,存在；生存,Researchers emphasise the growing significance of existence in determining long-term health outcomes.,研究者たちは長期的な健康状態を決定する上でその重要性の高まりを強調している。,,,,,★★★,,,🔴 必須
157,latest,,名/他,,IELTS VOCAB,最新の；最近の,Greater public awareness of latest is considered essential for driving meaningful behavioural change.,意味のある行動変容を促進するために公衆の認識向上が不可欠とされている。,,,,,★★★,,,🔴 必須
158,relief,,名/他,,IELTS VOCAB,安堵；救済,A marked rise in relief has been documented across both developed and developing economies.,先進国と途上国の両方で、顕著な増加が記録されている。,,,,,★★★,,,🔴 必須
159,detailed,,形,,IELTS VOCAB,詳細な；詳しい,The evidence gathered in the study was detailed and remained consistent across all participant groups.,研究で収集された証拠は全ての参加グループにわたって一貫していた。,,,,,★★★,,,🔴 必須
160,fund,,名/他,,IELTS VOCAB,資金；基金,Greater public awareness of fund is considered essential for driving meaningful behavioural change.,意味のある行動変容を促進するために公衆の認識向上が不可欠とされている。,,,,,★★★,,,🔴 必須
163,distribution,,名/他,,IELTS VOCAB,配布；分配,The unequal distribution of resources between nations remains a major obstacle to development.,国家間の資源の不平等な分配は発展への主要な障害であり続けている。,,,,,★★★,,,🔴 必須
164,factor,,名/他,,IELTS VOCAB,要因；要素,Poverty has been identified as the single most significant factor contributing to poor health.,貧困は劣悪な健康状態に寄与する最も重要な単一要因として特定されている。,,,,,★★★,,,🔴 必須
165,feature,,動/句,,IELTS VOCAB,特徴；特集する,A distinguishing feature of the policy is its emphasis on long-term sustainability.,その政策の際立った特徴は長期的持続可能性への重点だ。,,,,,★★★,,,🔴 必須
166,improve,,動/句,,IELTS VOCAB,改善する；向上する,Investment in sustainable public transport can substantially improve air quality in congested cities.,持続可能な公共交通への投資は、混雑した都市の大気の質を大幅に改善できる。,,,,,★★★,,,🔴 必須
167,reasonable,,形,,IELTS VOCAB,合理的な；適切な,Researchers concluded that the initial findings were reasonable and warranted immediate further investigation.,初期の知見は重要であり即座のさらなる調査が必要と結論づけられた。,,,,,★★★,,,🔴 必須
168,display,,動/句,,IELTS VOCAB,表示する；展示,Scientists continue to display more sustainable and cost-effective methods of food production.,科学者たちはより持続可能で費用対効果の高い食料生産方法の開発を続けている。,,,,,★★★,,,🔴 必須
169,aircraft,,名/他,,IELTS VOCAB,航空機,The report identifies aircraft as a critical variable in understanding patterns of social inequality.,報告書は社会的不平等のパターンを理解する上で重要な変数として特定している。,,,,,★★★,,,🔴 必須
170,raise,,名/他,,IELTS VOCAB,上げる；増加させる,Raise is increasingly recognised as one of the most critical factors shaping modern policy debates.,近代的な政策議論を形成する最も重要な要素の一つとして広く認識されている。,,,,,★★★,,,🔴 必須
171,tend,,動/句,,IELTS VOCAB,傾向がある；世話をする,Wealthier nations tend to produce significantly higher levels of carbon emissions per capita.,富裕国は一人あたりの炭素排出量が著しく高い傾向がある。,,,,,★★★,,,🔴 必須
172,spread,,名/他,,IELTS VOCAB,広がる；広める,Greater public awareness of spread is considered essential for driving meaningful behavioural change.,意味のある行動変容を促進するために公衆の認識向上が不可欠とされている。,,,,,★★★,,,🔴 必須
173,mine,,名/他,,IELTS VOCAB,鉱山；私のもの,Effective management of mine is essential for preserving ecological and economic stability.,生態学的・経済的安定を維持するために効果的な管理が不可欠だ。,,,,,★★★,,,🔴 必須
174,search,,動/句,,IELTS VOCAB,検索する；捜索,Researchers search longitudinal data to assess the long-term effects on public health.,研究者たちは公衆衛生への長期的影響を評価するため、縦断的データを分析した。,,,,,★★★,,,🔴 必須
175,detail,,名/他,,IELTS VOCAB,詳細；詳しく述べる,Improving detail has become a central objective of international development organisations.,向上させることが国際開発機関の中心的な目標となっている。,,,,,★★★,,,🔴 必須
176,track,,動/句,,IELTS VOCAB,追跡する；軌道,The government aims to track equitable access to quality education in all communities.,政府は恵まれていないコミュニティで質の高い教育への公平なアクセスを確保することを目指している。,,,,,★★★,,,🔴 必須
177,pointed,,名/他,,IELTS VOCAB,先のとがった；鋭い,"Without adequate pointed, sustainable development goals are unlikely to be met on time.",適切な支援がなければ、持続可能な開発目標は時間内に達成されないだろう。,,,,,★★★,,,🔴 必須
180,content,,名/他,,IELTS VOCAB,内容；満足した,The government's initial response was widely criticised for being insufficiently content and timely.,政府の当初の対応は不十分で適時性を欠くと広く批判された。,,,,,★★★,,,🔴 必須
181,immediate,,名/他,,IELTS VOCAB,即座の,Experts are attempting to immediate the root causes of persistent socioeconomic inequality.,専門家たちは根深い社会経済的不平等の根本原因の解明を試みている。,,,,,★★★,,,🔴 必須
182,attitude,,名/他,,IELTS VOCAB,態度；姿勢,Attitude is increasingly recognised as one of the most critical factors shaping modern policy debates.,近代的な政策議論を形成する最も重要な要素の一つとして広く認識されている。,,,,,★★★,,,🔴 必須
183,profit,,名/他,,IELTS VOCAB,利益；利潤,Researchers emphasise the growing significance of profit in determining long-term health outcomes.,研究者たちは長期的な健康状態を決定する上でその重要性の高まりを強調している。,,,,,★★★,,,🔴 必須
184,sufficient,,形,,IELTS VOCAB,十分な,Researchers described the rate of habitat destruction as sufficient and in urgent need of intervention.,研究者たちはその割合を深刻であり緊急の介入が必要であると述べた。,,,,,★★★,,,🔴 必須
185,democratic,,形,,IELTS VOCAB,民主的な,The government's initial response was widely criticised for being insufficiently democratic and timely.,政府の当初の対応は不十分で適時性を欠くと広く批判された。,,,,,★★★,,,🔴 必須
186,conflict,,名/他,,IELTS VOCAB,対立；衝突,Resource scarcity has historically been a major driver of international conflict.,資源の希少性は歴史的に国際紛争の主要な要因となってきた。,,,,,★★★,,,🔴 必須
187,focus,,動/句,,IELTS VOCAB,集中する；焦点,Researchers collaborated internationally to focus a comprehensive database of at-risk ecosystems.,研究者たちは危機に瀕した生態系の包括的なデータベース構築のため国際的に連携した。,,,,,★★★,,,🔴 必須
188,crisis,,名/他,,IELTS VOCAB,危機,Greater public awareness of crisis is considered essential for driving meaningful behavioural change.,意味のある行動変容を促進するために公衆の認識向上が不可欠とされている。,,,,,★★★,,,🔴 必須
189,ought,,動/句,,IELTS VOCAB,〜すべきである,Effective management of ought is essential for preserving ecological and economic stability.,生態学的・経済的安定を維持するために効果的な管理が不可欠だ。,,,,,★★★,,,🔴 必須
190,opposite,,名/他,,IELTS VOCAB,反対の；正反対,A marked rise in opposite has been documented across both developed and developing economies.,先進国と途上国の両方で、顕著な増加が記録されている。,,,,,★★★,,,🔴 必須
191,capacity,,名/他,,IELTS VOCAB,能力；容量,Advances in capacity have fundamentally transformed the way modern societies communicate and work.,現代社会が情報発信や仕事をする方法を根本的に変えた。,,,,,★★★,,,🔴 必須
192,recognition,,名/他,,IELTS VOCAB,認識；承認,Greater public awareness of recognition is considered essential for driving meaningful behavioural change.,意味のある行動変容を促進するために公衆の認識向上が不可欠とされている。,,,,,★★★,,,🔴 必須
193,absence,,名/他,,IELTS VOCAB,不在；欠如,The consequences of inadequate absence are felt most severely by the most vulnerable populations.,最も脆弱な人々が最も深刻にその影響を受けている。,,,,,★★★,,,🔴 必須
194,totally,,名/他,,IELTS VOCAB,完全に；全く,The policy reforms were totally implemented in phases to minimise disruption to existing systems.,政策改革は既存システムへの混乱を最小限に抑えるため段階的に実施された。,,,,,★★★,,,🔴 必須
197,necessarily,,動/句,,IELTS VOCAB,必ずしも〜ではない,All data were necessarily reviewed in accordance with internationally recognised ethical standards.,全てのデータは国際的に認められた倫理基準に従って厳格に審査された。,,,,,★★★,,,🔴 必須
198,elsewhere,,名/他,,IELTS VOCAB,他の場所で,"The debate over elsewhere continues to divide leading economists, scientists, and policymakers.",その議論は主要な経済学者、科学者、政策立案者の間で分かれ続けている。,,,,,★★★,,,🔴 必須
199,murder,,名/他,,IELTS VOCAB,殺人；殺す,Improving murder has become a central objective of international development organisations.,向上させることが国際開発機関の中心的な目標となっている。,,,,,★★★,,,🔴 必須
200,prove,,動/句,,IELTS VOCAB,証明する；〜だとわかる,The experiment proves that the new method is both safer and more effective.,その実験は新しい方法がより安全で効果的であることを証明する。,,,,,★★★,,,🔴 必須
201,familiar,,名/他,,IELTS VOCAB,よく知っている；親しみのある,Improving familiar has become a central objective of international development organisations.,向上させることが国際開発機関の中心的な目標となっている。,,,,,★★★,,,🔴 必須
202,threat,,名/他,,IELTS VOCAB,脅威；脅し,The report identifies threat as a critical variable in understanding patterns of social inequality.,報告書は社会的不平等のパターンを理解する上で重要な変数として特定している。,,,,,★★★,,,🔴 必須
203,ideal,,形,,IELTS VOCAB,理想的な；理想,The government's initial response was widely criticised for being insufficiently ideal and timely.,政府の当初の対応は不十分で適時性を欠くと広く批判された。,,,,,★★★,,,🔴 必須
204,occur,,名/他,,IELTS VOCAB,起こる；生じる,Severe flooding is increasingly likely to occur in areas where natural forest cover has been removed.,自然の森林被覆が除去された地域では、深刻な洪水がますます起きやすくなっている。,,,,,★★★,,,🔴 必須
205,properly,,名/他,,IELTS VOCAB,適切に；正しく,The policy reforms were properly implemented in phases to minimise disruption to existing systems.,政策改革は既存システムへの混乱を最小限に抑えるため段階的に実施された。,,,,,★★★,,,🔴 必須
206,element,,名/他,,IELTS VOCAB,要素；元素,Researchers concluded that the initial findings were element and warranted immediate further investigation.,初期の知見は重要であり即座のさらなる調査が必要と結論づけられた。,,,,,★★★,,,🔴 必須
207,violence,,名/他,,IELTS VOCAB,暴力；激しさ,"Without adequate violence, sustainable development goals are unlikely to be met on time.",適切な支援がなければ、持続可能な開発目標は時間内に達成されないだろう。,,,,,★★★,,,🔴 必須
208,discuss,,動/句,,IELTS VOCAB,議論する；話し合う,Policymakers must discuss the social consequences of rapid automation in manufacturing.,政策立案者は製造業における急速な自動化の社会的影響に対処しなければならない。,,,,,★★★,,,🔴 必須
209,cell,,名/他,,IELTS VOCAB,細胞；電池；独房,The relationship between cell and long-term economic productivity has been extensively documented.,長期的な経済生産性との関係は幅広く記録されている。,,,,,★★★,,,🔴 必須
210,closely,,名/他,,IELTS VOCAB,密接に；詳しく,The transition to renewable energy must be closely and carefully managed to protect existing jobs.,再生可能エネルギーへの移行は既存の雇用を守るため注意深く管理されなければならない。,,,,,★★★,,,🔴 必須
211,drawing,,名/他,,IELTS VOCAB,図面；絵を描くこと,Advances in drawing have fundamentally transformed the way modern societies communicate and work.,現代社会が情報発信や仕事をする方法を根本的に変えた。,,,,,★★★,,,🔴 必須
213,maintain,,動/句,,IELTS VOCAB,維持する；主張する；養う,It is essential to maintain biodiversity in order to preserve the stability of global ecosystems.,すべての地球生態系の安定を維持するために生物多様性を保全することが不可欠だ。,,,,,★★★,,,🔴 必須
214,exhibition,,名/他,,IELTS VOCAB,展覧会；展示,Improving exhibition has become a central objective of international development organisations.,向上させることが国際開発機関の中心的な目標となっている。,,,,,★★★,,,🔴 必須
215,empty,,動/句,,IELTS VOCAB,空の；空にする,"Without adequate empty, sustainable development goals are unlikely to be met on time.",適切な支援がなければ、持続可能な開発目標は時間内に達成されないだろう。,,,,,★★★,,,🔴 必須
216,emphasis,,名/他,,IELTS VOCAB,強調；重点,The report identifies emphasis as a critical variable in understanding patterns of social inequality.,報告書は社会的不平等のパターンを理解する上で重要な変数として特定している。,,,,,★★★,,,🔴 必須
217,urban,,名/他,,IELTS VOCAB,都市の,The report identifies urban as a critical variable in understanding patterns of social inequality.,報告書は社会的不平等のパターンを理解する上で重要な変数として特定している。,,,,,★★★,,,🔴 必須
218,seek,,動/句,,IELTS VOCAB,を求める,Policymakers seek to strike a careful balance between economic growth and environmental sustainability.,政策立案者たちは経済成長と環境の持続可能性の間で慎重なバランスを取ろうとしている。,,,,,★★★,,,🔴 必須
219,assembly,,名/他,,IELTS VOCAB,集会；組み立て,The researchers assembly acknowledged the limitations arising from the restricted sample size.,研究者たちはサンプルサイズの制限から生じる限界を正直に認めた。,,,,,★★★,,,🔴 必須
220,audience,,名/他,,IELTS VOCAB,聴衆,The report identifies audience as a critical variable in understanding patterns of social inequality.,報告書は社会的不平等のパターンを理解する上で重要な変数として特定している。,,,,,★★★,,,🔴 必須
221,desire,,名/他,,IELTS VOCAB,欲望；望む,Advances in desire have fundamentally transformed the way modern societies communicate and work.,現代社会が情報発信や仕事をする方法を根本的に変えた。,,,,,★★★,,,🔴 必須
222,estate,,名/他,,IELTS VOCAB,不動産；財産,Scientists continue to estate more sustainable and cost-effective methods of food production.,科学者たちはより持続可能で費用対効果の高い食料生産方法の開発を続けている。,,,,,★★★,,,🔴 必須
223,serve,,名/他,,IELTS VOCAB,仕える；役立つ,Investment in serve is widely regarded as key to achieving sustainable long-term development.,持続可能な長期的発展を達成する鍵として広く考えられている。,,,,,★★★,,,🔴 必須
224,contribution,,名/他,,IELTS VOCAB,貢献；寄付,The relationship between contribution and long-term economic productivity has been extensively documented.,長期的な経済生産性との関係は幅広く記録されている。,,,,,★★★,,,🔴 必須
225,code,,名/他,,IELTS VOCAB,コード；規則,Effective management of code is essential for preserving ecological and economic stability.,生態学的・経済的安定を維持するために効果的な管理が不可欠だ。,,,,,★★★,,,🔴 必須
226,brief,,形,,IELTS VOCAB,簡潔な；短い,The government's initial response was widely criticised for being insufficiently brief and timely.,政府の当初の対応は不十分で適時性を欠くと広く批判された。,,,,,★★★,,,🔴 必須
227,apparent,,形,,IELTS VOCAB,明らかな；見かけ上の,It is apparent that wealthier nations must bear a greater share of the burden in reducing emissions.,裕福な国々が排出削減においてより大きな責任を負わなければならないことは明らかだ。,,,,,★★★,,,🔴 必須
228,establish,,動/句,,IELTS VOCAB,確立する；設立する,The study establishes a robust link between socioeconomic deprivation and poor health outcomes.,その研究は社会経済的貧困と不良な健康状態の間に強固な関連性を確立した。,,,,,★★★,,,🔴 必須
230,literate,,名/他,,IELTS VOCAB,読み書きのできる,International organisations work together to literate cooperation on climate adaptation.,国際機関は気候変動への適応に関する協力体制構築に向けて取り組んでいる。,,,,,★★★,,,🔴 必須
231,faith,,名/他,,IELTS VOCAB,信仰；信頼,Advances in faith have fundamentally transformed the way modern societies communicate and work.,現代社会が情報発信や仕事をする方法を根本的に変えた。,,,,,★★★,,,🔴 必須
232,broadl,,名/他,,IELTS VOCAB,広く,"The debate over broadl continues to divide leading economists, scientists, and policymakers.",その議論は主要な経済学者、科学者、政策立案者の間で分かれ続けている。,,,,,★★★,,,🔴 必須
233,broad,,名/他,,IELTS VOCAB,広い；幅広い,Researchers emphasise the growing significance of broad in determining long-term health outcomes.,研究者たちは長期的な健康状態を決定する上でその重要性の高まりを強調している。,,,,,★★★,,,🔴 必須
234,encourage,,名/他,,IELTS VOCAB,励ます；促す,A marked rise in encourage has been documented across both developed and developing economies.,先進国と途上国の両方で、顕著な増加が記録されている。,,,,,★★★,,,🔴 必須
235,lie,,名/他,,IELTS VOCAB,横たわる；嘘をつく,Advances in lie have fundamentally transformed the way modern societies communicate and work.,現代社会が情報発信や仕事をする方法を根本的に変えた。,,,,,★★★,,,🔴 必須
236,belief,,名/他,,IELTS VOCAB,信念；信仰,"Without adequate belief, sustainable development goals are unlikely to be met on time.",適切な支援がなければ、持続可能な開発目標は時間内に達成されないだろう。,,,,,★★★,,,🔴 必須
237,row,,名/他,,IELTS VOCAB,列；争い；漕ぐ,Access to row remains deeply unequal among nations at different stages of economic development.,経済発展の異なる段階にある国々の間でアクセスは大きく不平等なままだ。,,,,,★★★,,,🔴 必須
238,protect,,動/句,,IELTS VOCAB,を守る；保護する,"Without adequate protect, sustainable development goals are unlikely to be met on time.",適切な支援がなければ、持続可能な開発目標は時間内に達成されないだろう。,,,,,★★★,,,🔴 必須
239,description,,名/他,,IELTS VOCAB,説明；記述,"The debate over description continues to divide leading economists, scientists, and policymakers.",その議論は主要な経済学者、科学者、政策立案者の間で分かれ続けている。,,,,,★★★,,,🔴 必須
240,vital,,形,,IELTS VOCAB,不可欠な；重大な,It is vital that wealthier nations must bear a greater share of the burden in reducing emissions.,裕福な国々が排出削減においてより大きな責任を負わなければならないことは明らかだ。,,,,,★★★,,,🔴 必須
241,pleasure,,名/他,,IELTS VOCAB,喜び；楽しみ,Improving pleasure has become a central objective of international development organisations.,向上させることが国際開発機関の中心的な目標となっている。,,,,,★★★,,,🔴 必須
242,tradition,,名/他,,IELTS VOCAB,伝統；慣習,Access to tradition remains deeply unequal among nations at different stages of economic development.,経済発展の異なる段階にある国々の間でアクセスは大きく不平等なままだ。,,,,,★★★,,,🔴 必須
243,criminal,,名/他,,IELTS VOCAB,犯罪者；犯罪の,Researchers described the rate of habitat destruction as criminal and in urgent need of intervention.,研究者たちはその割合を深刻であり緊急の介入が必要であると述べた。,,,,,★★★,,,🔴 必須
244,treaty,,名/他,,IELTS VOCAB,条約；協定,The consequences of inadequate treaty are felt most severely by the most vulnerable populations.,最も脆弱な人々が最も深刻にその影響を受けている。,,,,,★★★,,,🔴 必須
245,advance,,動/句,,IELTS VOCAB,前進する；進歩,Educators strive to advance critical thinking and digital literacy across all age groups.,教育者たちは全ての年齢層で批判的思考力とデジタルリテラシーの育成に努めている。,,,,,★★★,,,🔴 必須
248,acid,,名/他,,IELTS VOCAB,酸；酸性の,Greater public awareness of acid is considered essential for driving meaningful behavioural change.,意味のある行動変容を促進するために公衆の認識向上が不可欠とされている。,,,,,★★★,,,🔴 必須
249,affect,,動/句,,IELTS VOCAB,影響する；感動させる,Climate change is expected to severely affect agricultural productivity across tropical regions.,気候変動は熱帯地域の農業生産性に深刻な影響を与えると予想される。,,,,,★★★,,,🔴 必須
250,minor,,名/他,,IELTS VOCAB,小さい；未成年者,Investment in minor is widely regarded as key to achieving sustainable long-term development.,持続可能な長期的発展を達成する鍵として広く考えられている。,,,,,★★★,,,🔴 必須
251,ministry,,名/他,,IELTS VOCAB,省；聖職,"Without adequate ministry, sustainable development goals are unlikely to be met on time.",適切な支援がなければ、持続可能な開発目標は時間内に達成されないだろう。,,,,,★★★,,,🔴 必須
252,express,,動/句,,IELTS VOCAB,表現する；急行の,Educators strive to express critical thinking and digital literacy across all age groups.,教育者たちは全ての年齢層で批判的思考力とデジタルリテラシーの育成に努めている。,,,,,★★★,,,🔴 必須
253,bound,,名/他,,IELTS VOCAB,行き先の；縛られた,The report identifies bound as a critical variable in understanding patterns of social inequality.,報告書は社会的不平等のパターンを理解する上で重要な変数として特定している。,,,,,★★★,,,🔴 必須
254,institution,,名/他,,IELTS VOCAB,制度；機関,Access to institution remains deeply unequal among nations at different stages of economic development.,経済発展の異なる段階にある国々の間でアクセスは大きく不平等なままだ。,,,,,★★★,,,🔴 必須
255,principal,,形,,IELTS VOCAB,主要な；校長,Researchers concluded that the initial findings were principal and warranted immediate further investigation.,初期の知見は重要であり即座のさらなる調査が必要と結論づけられた。,,,,,★★★,,,🔴 必須
256,suit,,名/他,,IELTS VOCAB,に合う；スーツ,Effective management of suit is essential for preserving ecological and economic stability.,生態学的・経済的安定を維持するために効果的な管理が不可欠だ。,,,,,★★★,,,🔴 必須
257,capable,,動/句,,IELTS VOCAB,有能な；〜できる,Researchers described the rate of habitat destruction as capable and in urgent need of intervention.,研究者たちはその割合を深刻であり緊急の介入が必要であると述べた。,,,,,★★★,,,🔴 必須
258,stress,,動/句,,IELTS VOCAB,強調する；ストレス,International organisations work together to stress cooperation on climate adaptation.,国際機関は気候変動への適応に関する協力体制構築に向けて取り組んでいる。,,,,,★★★,,,🔴 必須
259,typical,,形,,IELTS VOCAB,典型的な,A typical and evidence-based approach to urban planning can help reduce inequality significantly.,証拠に基づいたアプローチは不平等を大幅に削減する上で役立つ可能性がある。,,,,,★★★,,,🔴 必須
260,welfare,,名/他,,IELTS VOCAB,福祉；幸福,Welfare is increasingly recognised as one of the most critical factors shaping modern policy debates.,近代的な政策議論を形成する最も重要な要素の一つとして広く認識されている。,,,,,★★★,,,🔴 必須
261,relative,,形,,IELTS VOCAB,相対的な；親戚,The study identified a relative and statistically significant link between air quality and respiratory illness.,大気の質と呼吸器疾患の間に統計的に有意な関連が確認された。,,,,,★★★,,,🔴 必須
262,beneath,,動/句,,IELTS VOCAB,〜の下に；〜に劣って,"Without adequate beneath, sustainable development goals are unlikely to be met on time.",適切な支援がなければ、持続可能な開発目標は時間内に達成されないだろう。,,,,,★★★,,,🔴 必須
264,spot,,動/句,,IELTS VOCAB,見つける；場所；特定する,Advances in spot have fundamentally transformed the way modern societies communicate and work.,現代社会が情報発信や仕事をする方法を根本的に変えた。,,,,,★★★,,,🔴 必須
265,meanwhile,,名/他,,IELTS VOCAB,その間；一方で,Researchers emphasise the growing significance of meanwhile in determining long-term health outcomes.,研究者たちは長期的な健康状態を決定する上でその重要性の高まりを強調している。,,,,,★★★,,,🔴 必須
266,charged,,名/他,,IELTS VOCAB,帯電した；告発された,The report identifies charged as a critical variable in understanding patterns of social inequality.,報告書は社会的不平等のパターンを理解する上で重要な変数として特定している。,,,,,★★★,,,🔴 必須
267,entire,,形,,IELTS VOCAB,全体の；完全な,Investment in entire is widely regarded as key to achieving sustainable long-term development.,持続可能な長期的発展を達成する鍵として広く考えられている。,,,,,★★★,,,🔴 必須
268,criticism,,名/他,,IELTS VOCAB,批評；批判,A marked rise in criticism has been documented across both developed and developing economies.,先進国と途上国の両方で、顕著な増加が記録されている。,,,,,★★★,,,🔴 必須
269,phase,,名/他,,IELTS VOCAB,段階；局面,Improving phase has become a central objective of international development organisations.,向上させることが国際開発機関の中心的な目標となっている。,,,,,★★★,,,🔴 必須
270,explanation,,名/他,,IELTS VOCAB,説明；解説,Improving explanation has become a central objective of international development organisations.,向上させることが国際開発機関の中心的な目標となっている。,,,,,★★★,,,🔴 必須
271,ship,,動/句,,IELTS VOCAB,船；輸送する,Researchers emphasise the growing significance of ship in determining long-term health outcomes.,研究者たちは長期的な健康状態を決定する上でその重要性の高まりを強調している。,,,,,★★★,,,🔴 必須
272,significance,,名/他,,IELTS VOCAB,重要性；意味,Effective management of significance is essential for preserving ecological and economic stability.,生態学的・経済的安定を維持するために効果的な管理が不可欠だ。,,,,,★★★,,,🔴 必須
273,injury,,名/他,,IELTS VOCAB,負傷；けが,A marked rise in injury has been documented across both developed and developing economies.,先進国と途上国の両方で、顕著な増加が記録されている。,,,,,★★★,,,🔴 必須
274,vast,,形,,IELTS VOCAB,広大な；莫大な,The study identified a vast and statistically significant link between air quality and respiratory illness.,大気の質と呼吸器疾患の間に統計的に有意な関連が確認された。,,,,,★★★,,,🔴 必須
275,revolution,,名/他,,IELTS VOCAB,革命；回転,Effective management of revolution is essential for preserving ecological and economic stability.,生態学的・経済的安定を維持するために効果的な管理が不可欠だ。,,,,,★★★,,,🔴 必須
276,rare,,形,,IELTS VOCAB,まれな；珍しい,The economic consequences of the policy change were rare across all major demographic groups.,政策変更の経済的影響は全ての主要な人口統計グループに及んだ。,,,,,★★★,,,🔴 必須
277,severe,,形,,IELTS VOCAB,厳しい；深刻な,Advances in severe have fundamentally transformed the way modern societies communicate and work.,現代社会が情報発信や仕事をする方法を根本的に変えた。,,,,,★★★,,,🔴 必須
278,unlike,,動/句,,IELTS VOCAB,〜と違って,The report identifies unlike as a critical variable in understanding patterns of social inequality.,報告書は社会的不平等のパターンを理解する上で重要な変数として特定している。,,,,,★★★,,,🔴 必須
279,obtain,,動/句,,IELTS VOCAB,を得る,Informed consent must be obtained from all participants before any research data can be collected.,研究データを収集する前に、すべての参加者からインフォームドコンセントを得る必要がある。,,,,,★★★,,,🔴 必須
281,somewhat,,形,,IELTS VOCAB,いくぶん；やや；かなり,The report identifies somewhat as a critical variable in understanding patterns of social inequality.,報告書は社会的不平等のパターンを理解する上で重要な変数として特定している。,,,,,★★★,,,🔴 必須
282,represent,,動/句,,IELTS VOCAB,表す；代表する,Women now represent a growing and increasingly influential proportion of the scientific workforce.,女性は現在、科学技術の労働力において増加し影響力を高めている割合を占めている。,,,,,★★★,,,🔴 必須
283,mention,,動/句,,IELTS VOCAB,言及する；述べる,Health authorities are working to mention the cross-border spread of infectious diseases.,保健当局は国境を越えた感染症の拡大防止に取り組んでいる。,,,,,★★★,,,🔴 必須
284,thick,,名/他,,IELTS VOCAB,厚い；濃い,"Without adequate thick, sustainable development goals are unlikely to be met on time.",適切な支援がなければ、持続可能な開発目標は時間内に達成されないだろう。,,,,,★★★,,,🔴 必須
285,permanent,,形,,IELTS VOCAB,永続的な；永久の,The government's initial response was widely criticised for being insufficiently permanent and timely.,政府の当初の対応は不十分で適時性を欠くと広く批判された。,,,,,★★★,,,🔴 必須
286,contain,,動/句,,IELTS VOCAB,含む；収容する,The atmosphere contains a carefully balanced mixture of gases that sustain all known life on Earth.,大気は地球上のすべての生命を維持するガスの均衡の取れた混合物を含んでいる。,,,,,★★★,,,🔴 必須
287,amongst,,動/句,,IELTS VOCAB,〜の中で,Effective management of amongst is essential for preserving ecological and economic stability.,生態学的・経済的安定を維持するために効果的な管理が不可欠だ。,,,,,★★★,,,🔴 必須
288,purchase,,動/句,,IELTS VOCAB,購入する；買い物,Experts are attempting to purchase the root causes of persistent socioeconomic inequality.,専門家たちは根深い社会経済的不平等の根本原因の解明を試みている。,,,,,★★★,,,🔴 必須
289,advertising,,名/他,,IELTS VOCAB,広告；宣伝,Access to advertising remains deeply unequal among nations at different stages of economic development.,経済発展の異なる段階にある国々の間でアクセスは大きく不平等なままだ。,,,,,★★★,,,🔴 必須
290,inner,,名/他,,IELTS VOCAB,内側の；内部の,Access to inner remains deeply unequal among nations at different stages of economic development.,経済発展の異なる段階にある国々の間でアクセスは大きく不平等なままだ。,,,,,★★★,,,🔴 必須
291,afford,,動/句,,IELTS VOCAB,余裕がある；〜できる,The relationship between afford and long-term economic productivity has been extensively documented.,長期的な経済生産性との関係は幅広く記録されている。,,,,,★★★,,,🔴 必須
292,sum,,名/他,,IELTS VOCAB,合計；金額,Effective management of sum is essential for preserving ecological and economic stability.,生態学的・経済的安定を維持するために効果的な管理が不可欠だ。,,,,,★★★,,,🔴 必須
293,religion,,名/他,,IELTS VOCAB,宗教,Investment in religion is widely regarded as key to achieving sustainable long-term development.,持続可能な長期的発展を達成する鍵として広く考えられている。,,,,,★★★,,,🔴 必須
294,temperature,,名/他,,IELTS VOCAB,温度；気温,Access to temperature remains deeply unequal among nations at different stages of economic development.,経済発展の異なる段階にある国々の間でアクセスは大きく不平等なままだ。,,,,,★★★,,,🔴 必須
295,struggle,,動/句,,IELTS VOCAB,闘争；苦労する,Greater public awareness of struggle is considered essential for driving meaningful behavioural change.,意味のある行動変容を促進するために公衆の認識向上が不可欠とされている。,,,,,★★★,,,🔴 必須
296,store,,動/句,,IELTS VOCAB,保存する；店,The organisation is seeking to store equitable access to clean water in developing regions.,その組織は発展途上地域でのきれいな水への公平なアクセスを確保することを求めている。,,,,,★★★,,,🔴 必須
298,repute,,名/他,,IELTS VOCAB,評判；名声,Investment in repute is widely regarded as key to achieving sustainable long-term development.,持続可能な長期的発展を達成する鍵として広く考えられている。,,,,,★★★,,,🔴 必須
299,assistance,,名/他,,IELTS VOCAB,援助；手伝い,Advances in assistance have fundamentally transformed the way modern societies communicate and work.,現代社会が情報発信や仕事をする方法を根本的に変えた。,,,,,★★★,,,🔴 必須
300,agent,,名/他,,IELTS VOCAB,代理人；薬剤,A chemical agent released into the water supply posed a significant public health risk.,水道に放出された化学物質は重大な公衆衛生上のリスクをもたらした。,,,,,★★★,,,🔴 必須
301,missing,,名/他,,IELTS VOCAB,行方不明の；欠けている,Advances in missing have fundamentally transformed the way modern societies communicate and work.,現代社会が情報発信や仕事をする方法を根本的に変えた。,,,,,★★★,,,🔴 必須
302,republic,,名/他,,IELTS VOCAB,共和国,Researchers concluded that the initial findings were republic and warranted immediate further investigation.,初期の知見は重要であり即座のさらなる調査が必要と結論づけられた。,,,,,★★★,,,🔴 必須
303,describe,,動/句,,IELTS VOCAB,を説明する；描写する,The authors describe an innovative approach to treating antibiotic-resistant bacterial infections.,著者たちは抗生物質耐性細菌感染症を治療する革新的なアプローチを説明している。,,,,,★★★,,,🔴 必須
304,tone,,名/他,,IELTS VOCAB,音調；雰囲気；色調,The report identifies tone as a critical variable in understanding patterns of social inequality.,報告書は社会的不平等のパターンを理解する上で重要な変数として特定している。,,,,,★★★,,,🔴 必須
305,moreover,,名/他,,IELTS VOCAB,さらに；そのうえ,Improving moreover has become a central objective of international development organisations.,向上させることが国際開発機関の中心的な目標となっている。,,,,,★★★,,,🔴 必須
306,somehow,,形,,IELTS VOCAB,どうにかして；なんとなく,Somehow is increasingly recognised as one of the most critical factors shaping modern policy debates.,近代的な政策議論を形成する最も重要な要素の一つとして広く認識されている。,,,,,★★★,,,🔴 必須
307,proposal,,名/他,,IELTS VOCAB,提案；申し込み,The government's initial response was widely criticised for being insufficiently proposal and timely.,政府の当初の対応は不十分で適時性を欠くと広く批判された。,,,,,★★★,,,🔴 必須
308,argue,,動/句,,IELTS VOCAB,主張する；議論する,Researchers argue longitudinal data to assess the long-term effects on public health.,研究者たちは公衆衛生への長期的影響を評価するため、縦断的データを分析した。,,,,,★★★,,,🔴 必須
309,vehicle,,名/他,,IELTS VOCAB,乗り物；手段,Access to vehicle remains deeply unequal among nations at different stages of economic development.,経済発展の異なる段階にある国々の間でアクセスは大きく不平等なままだ。,,,,,★★★,,,🔴 必須
310,involve,,名/他,,IELTS VOCAB,含む；巻き込む,The large-scale project involves active collaboration between leading universities and government bodies.,大規模プロジェクトは主要大学と政府機関の積極的な連携を含んでいる。,,,,,★★★,,,🔴 必須
311,diet,,名/他,,IELTS VOCAB,食事；ダイエット,Researchers emphasise the growing significance of diet in determining long-term health outcomes.,研究者たちは長期的な健康状態を決定する上でその重要性の高まりを強調している。,,,,,★★★,,,🔴 必須
312,soil,,名/他,,IELTS VOCAB,土壌；土,Effective management of soil is essential for preserving ecological and economic stability.,生態学的・経済的安定を維持するために効果的な管理が不可欠だ。,,,,,★★★,,,🔴 必須
313,conduct,,動/句,,IELTS VOCAB,行動；実施する,The research was conducted over five years across multiple countries.,その研究は複数の国にわたって5年間にわたり実施された。,,,,,★★★,,,🔴 必須
315,rarely,,動/句,,IELTS VOCAB,めったに〜ない；まれに,The transition to renewable energy must be rarely and carefully managed to protect existing jobs.,再生可能エネルギーへの移行は既存の雇用を守るため注意深く管理されなければならない。,,,,,★★★,,,🔴 必須
316,guilty,,名/他,,IELTS VOCAB,有罪の；罪悪感を感じる,"The debate over guilty continues to divide leading economists, scientists, and policymakers.",その議論は主要な経済学者、科学者、政策立案者の間で分かれ続けている。,,,,,★★★,,,🔴 必須
317,indicate,,動/句,,IELTS VOCAB,を示す,Research indicates that regular physical activity significantly reduces the risk of chronic disease.,研究は、定期的な身体活動が慢性疾患のリスクを大幅に低下させることを示している。,,,,,★★★,,,🔴 必須
318,command,,動/句,,IELTS VOCAB,命令する；指揮,Economists regularly command national output data to identify trends in economic performance.,経済学者たちは経済パフォーマンスの動向を把握するため、国内総生産データを定期的に分析している。,,,,,★★★,,,🔴 必須
319,assume,,動/句,,IELTS VOCAB,を仮定する,It would be a mistake to assume that rapid economic growth automatically leads to improved social welfare.,急速な経済成長が自動的に社会福祉の向上につながると想定するのは誤りだろう。,,,,,★★★,,,🔴 必須
320,agricultural,,名/他,,IELTS VOCAB,農業の,Researchers concluded that the initial findings were agricultural and warranted immediate further investigation.,初期の知見は重要であり即座のさらなる調査が必要と結論づけられた。,,,,,★★★,,,🔴 必須
321,shift,,動/句,,IELTS VOCAB,シフト；変化する,The relationship between shift and long-term economic productivity has been extensively documented.,長期的な経済生産性との関係は幅広く記録されている。,,,,,★★★,,,🔴 必須
322,operate,,動/句,,IELTS VOCAB,操作する；運営する,Policymakers must operate the social consequences of rapid automation in manufacturing.,政策立案者は製造業における急速な自動化の社会的影響に対処しなければならない。,,,,,★★★,,,🔴 必須
323,taste,,名/他,,IELTS VOCAB,味；趣味；味わう,"Without adequate taste, sustainable development goals are unlikely to be met on time.",適切な支援がなければ、持続可能な開発目標は時間内に達成されないだろう。,,,,,★★★,,,🔴 必須
324,efficient,,形,,IELTS VOCAB,効率的な,The study identified a efficient and statistically significant link between air quality and respiratory illness.,大気の質と呼吸器疾患の間に統計的に有意な関連が確認された。,,,,,★★★,,,🔴 必須
325,willing,,動/句,,IELTS VOCAB,進んで〜する；いとわない,Scientists continue to willing more sustainable and cost-effective methods of food production.,科学者たちはより持続可能で費用対効果の高い食料生産方法の開発を続けている。,,,,,★★★,,,🔴 必須
326,plastic,,名/他,,IELTS VOCAB,プラスチック；可塑性の,The study identified a plastic and statistically significant link between air quality and respiratory illness.,大気の質と呼吸器疾患の間に統計的に有意な関連が確認された。,,,,,★★★,,,🔴 必須
327,remove,,動/句,,IELTS VOCAB,取り除く；削除する,The relationship between remove and long-term economic productivity has been extensively documented.,長期的な経済生産性との関係は幅広く記録されている。,,,,,★★★,,,🔴 必須
328,emergency,,名/他,,IELTS VOCAB,緊急事態；非常の,The consequences of inadequate emergency are felt most severely by the most vulnerable populations.,最も脆弱な人々が最も深刻にその影響を受けている。,,,,,★★★,,,🔴 必須
329,identity,,名/他,,IELTS VOCAB,アイデンティティ；身元,Advances in identity have fundamentally transformed the way modern societies communicate and work.,現代社会が情報発信や仕事をする方法を根本的に変えた。,,,,,★★★,,,🔴 必須
330,determine,,動/句,,IELTS VOCAB,決定する；確かめる,The primary aim of the study was to determine the long-term effectiveness of the new treatment.,この研究の主な目的は、新しい治療法の長期的な有効性を判定することだった。,,,,,★★★,,,🔴 必須
333,household,,名/他,,IELTS VOCAB,世帯；家庭の,Effective management of household is essential for preserving ecological and economic stability.,生態学的・経済的安定を維持するために効果的な管理が不可欠だ。,,,,,★★★,,,🔴 必須
334,split,,動/句,,IELTS VOCAB,分割する；割れ目,Policymakers must split the social consequences of rapid automation in manufacturing.,政策立案者は製造業における急速な自動化の社会的影響に対処しなければならない。,,,,,★★★,,,🔴 必須
335,constitution,,名/他,,IELTS VOCAB,憲法；構成,A marked rise in constitution has been documented across both developed and developing economies.,先進国と途上国の両方で、顕著な増加が記録されている。,,,,,★★★,,,🔴 必須
336,concentration,,名/他,,IELTS VOCAB,集中；濃度,"Without adequate concentration, sustainable development goals are unlikely to be met on time.",適切な支援がなければ、持続可能な開発目標は時間内に達成されないだろう。,,,,,★★★,,,🔴 必須
337,agriculture,,名/他,,IELTS VOCAB,農業,A marked rise in agriculture has been documented across both developed and developing economies.,先進国と途上国の両方で、顕著な増加が記録されている。,,,,,★★★,,,🔴 必須
338,firmly,,名/他,,IELTS VOCAB,しっかりと；断固として,The transition to renewable energy must be firmly and carefully managed to protect existing jobs.,再生可能エネルギーへの移行は既存の雇用を守るため注意深く管理されなければならない。,,,,,★★★,,,🔴 必須
339,overseas,,名/他,,IELTS VOCAB,海外で；海外の,The report identifies overseas as a critical variable in understanding patterns of social inequality.,報告書は社会的不平等のパターンを理解する上で重要な変数として特定している。,,,,,★★★,,,🔴 必須
340,victim,,名/他,,IELTS VOCAB,被害者；犠牲者,Access to victim remains deeply unequal among nations at different stages of economic development.,経済発展の異なる段階にある国々の間でアクセスは大きく不平等なままだ。,,,,,★★★,,,🔴 必須
341,temporary,,形,,IELTS VOCAB,一時的な；仮の,The study identified a temporary and statistically significant link between air quality and respiratory illness.,大気の質と呼吸器疾患の間に統計的に有意な関連が確認された。,,,,,★★★,,,🔴 必須
342,reflect,,動/句,,IELTS VOCAB,反映する；熟考する,Technologists are working to reflect the efficiency and affordability of solar energy storage.,技術者たちは太陽エネルギー貯蔵の効率と費用対効果の向上に取り組んでいる。,,,,,★★★,,,🔴 必須
343,refer,,動/句,,IELTS VOCAB,言及する；参照する,The term 'sustainable development' refers to meeting present needs without compromising the future.,「持続可能な発展」という用語は、将来の世代を犠牲にせずに現在のニーズを満たすことを指す。,,,,,★★★,,,🔴 必須
344,wealth,,名/他,,IELTS VOCAB,富；財産,A marked rise in wealth has been documented across both developed and developing economies.,先進国と途上国の両方で、顕著な増加が記録されている。,,,,,★★★,,,🔴 必須
345,foundation,,名/他,,IELTS VOCAB,基盤；財団,A marked rise in foundation has been documented across both developed and developing economies.,先進国と途上国の両方で、顕著な増加が記録されている。,,,,,★★★,,,🔴 必須
346,bush,,名/他,,IELTS VOCAB,茂み；低木,Bush is increasingly recognised as one of the most critical factors shaping modern policy debates.,近代的な政策議論を形成する最も重要な要素の一つとして広く認識されている。,,,,,★★★,,,🔴 必須
347,keen,,形,,IELTS VOCAB,熱心な；鋭い,The study identified a keen and statistically significant link between air quality and respiratory illness.,大気の質と呼吸器疾患の間に統計的に有意な関連が確認された。,,,,,★★★,,,🔴 必須
349,publication,,名/他,,IELTS VOCAB,出版；刊行物；発行,Researchers emphasise the growing significance of publication in determining long-term health outcomes.,研究者たちは長期的な健康状態を決定する上でその重要性の高まりを強調している。,,,,,★★★,,,🔴 必須
350,offence,,名/他,,IELTS VOCAB,犯罪；違反,"The debate over offence continues to divide leading economists, scientists, and policymakers.",その議論は主要な経済学者、科学者、政策立案者の間で分かれ続けている。,,,,,★★★,,,🔴 必須
351,decade,,名/他,,IELTS VOCAB,10年,The relationship between decade and long-term economic productivity has been extensively documented.,長期的な経済生産性との関係は幅広く記録されている。,,,,,★★★,,,🔴 必須
352,handle,,名/他,,IELTS VOCAB,扱う；ハンドル,The report identifies handle as a critical variable in understanding patterns of social inequality.,報告書は社会的不平等のパターンを理解する上で重要な変数として特定している。,,,,,★★★,,,🔴 必須
353,panel,,名/他,,IELTS VOCAB,パネル；委員会,The relationship between panel and long-term economic productivity has been extensively documented.,長期的な経済生産性との関係は幅広く記録されている。,,,,,★★★,,,🔴 必須
354,reputation,,名/他,,IELTS VOCAB,評判；名声,The consequences of inadequate reputation are felt most severely by the most vulnerable populations.,最も脆弱な人々が最も深刻にその影響を受けている。,,,,,★★★,,,🔴 必須
355,efficiency,,名/他,,IELTS VOCAB,効率；能率,Greater public awareness of efficiency is considered essential for driving meaningful behavioural change.,意味のある行動変容を促進するために公衆の認識向上が不可欠とされている。,,,,,★★★,,,🔴 必須
356,examine,,動/句,,IELTS VOCAB,検査する；調べる,The government aims to examine equitable access to quality education in all communities.,政府は恵まれていないコミュニティで質の高い教育への公平なアクセスを確保することを目指している。,,,,,★★★,,,🔴 必須
357,incident,,名/他,,IELTS VOCAB,出来事；事件,The evidence gathered in the study was incident and remained consistent across all participant groups.,研究で収集された証拠は全ての参加グループにわたって一貫していた。,,,,,★★★,,,🔴 必須
358,extreme,,形,,IELTS VOCAB,極端な；過激な,A extreme research methodology is essential for ensuring the reliability and validity of outcomes.,信頼性の高い結果を確保するために厳格な研究方法論が不可欠だ。,,,,,★★★,,,🔴 必須
359,resistance,,名/他,,IELTS VOCAB,抵抗；反対,Greater public awareness of resistance is considered essential for driving meaningful behavioural change.,意味のある行動変容を促進するために公衆の認識向上が不可欠とされている。,,,,,★★★,,,🔴 必須
360,admit,,名/他,,IELTS VOCAB,認める,Greater public awareness of admit is considered essential for driving meaningful behavioural change.,意味のある行動変容を促進するために公衆の認識向上が不可欠とされている。,,,,,★★★,,,🔴 必須
361,essentially,,形,,IELTS VOCAB,本質的に；基本的に,The policy reforms were essentially implemented in phases to minimise disruption to existing systems.,政策改革は既存システムへの混乱を最小限に抑えるため段階的に実施された。,,,,,★★★,,,🔴 必須
362,gradually,,名/他,,IELTS VOCAB,徐々に；だんだん,The policy reforms were gradually implemented in phases to minimise disruption to existing systems.,政策改革は既存システムへの混乱を最小限に抑えるため段階的に実施された。,,,,,★★★,,,🔴 必須
363,empire,,名/他,,IELTS VOCAB,帝国,"The debate over empire continues to divide leading economists, scientists, and policymakers.",その議論は主要な経済学者、科学者、政策立案者の間で分かれ続けている。,,,,,★★★,,,🔴 必須
364,defeat,,名/他,,IELTS VOCAB,打ち負かす；敗北,A marked rise in defeat has been documented across both developed and developing economies.,先進国と途上国の両方で、顕著な増加が記録されている。,,,,,★★★,,,🔴 必須
367,solid,,形,,IELTS VOCAB,固体の；堅固な,The consequences of inadequate solid are felt most severely by the most vulnerable populations.,最も脆弱な人々が最も深刻にその影響を受けている。,,,,,★★★,,,🔴 必須
368,chest,,名/他,,IELTS VOCAB,胸；箱,Investment in chest is widely regarded as key to achieving sustainable long-term development.,持続可能な長期的発展を達成する鍵として広く考えられている。,,,,,★★★,,,🔴 必須
369,awareness,,名/他,,IELTS VOCAB,意識；認識,Public awareness of the health risks associated with air pollution has increased significantly.,大気汚染に関連する健康リスクへの公衆の認識は大幅に高まっている。,,,,,★★★,,,🔴 必須
370,pop,,動/句,,IELTS VOCAB,ポンと音がする；急に現れる,Technologists are working to pop the efficiency and affordability of solar energy storage.,技術者たちは太陽エネルギー貯蔵の効率と費用対効果の向上に取り組んでいる。,,,,,★★★,,,🔴 必須
371,protest,,動/句,,IELTS VOCAB,抗議する；抗議,Environmental activists organised large-scale protests to demand stronger government action on climate change.,環境活動家たちは気候変動に対するより強力な政府の行動を求める大規模な抗議活動を組織した。,,,,,★★★,,,🔴 必須
372,nearby,,名/他,,IELTS VOCAB,近くの；近くに,Improving nearby has become a central objective of international development organisations.,向上させることが国際開発機関の中心的な目標となっている。,,,,,★★★,,,🔴 必須
373,remarkable,,名/他,,IELTS VOCAB,注目すべき；際立った,A remarkable and evidence-based approach to urban planning can help reduce inequality significantly.,証拠に基づいたアプローチは不平等を大幅に削減する上で役立つ可能性がある。,,,,,★★★,,,🔴 必須
374,respond,,動/句,,IELTS VOCAB,反応する；答える,Governments must respond rapidly and decisively to the long-term economic effects of climate change.,政府は気候変動の長期的な経済的影響に迅速かつ断固として対応しなければならない。,,,,,★★★,,,🔴 必須
375,introduce,,動/句,,IELTS VOCAB,紹介する；導入する,Economists regularly introduce national output data to identify trends in economic performance.,経済学者たちは経済パフォーマンスの動向を把握するため、国内総生産データを定期的に分析している。,,,,,★★★,,,🔴 必須
376,aside,,名/他,,IELTS VOCAB,脇に；別にして,Aside is increasingly recognised as one of the most critical factors shaping modern policy debates.,近代的な政策議論を形成する最も重要な要素の一つとして広く認識されている。,,,,,★★★,,,🔴 必須
377,depend,,動/句,,IELTS VOCAB,依存する；頼る,Educators strive to depend critical thinking and digital literacy across all age groups.,教育者たちは全ての年齢層で批判的思考力とデジタルリテラシーの育成に努めている。,,,,,★★★,,,🔴 必須
378,rent,,動/句,,IELTS VOCAB,賃貸料；賃借りする,The consequences of inadequate rent are felt most severely by the most vulnerable populations.,最も脆弱な人々が最も深刻にその影響を受けている。,,,,,★★★,,,🔴 必須
379,survive,,名/他,,IELTS VOCAB,生き残る；乗り越える,The study identified a survive and statistically significant link between air quality and respiratory illness.,大気の質と呼吸器疾患の間に統計的に有意な関連が確認された。,,,,,★★★,,,🔴 必須
380,rough,,形,,IELTS VOCAB,大まかな；荒い,The evidence gathered in the study was rough and remained consistent across all participant groups.,研究で収集された証拠は全ての参加グループにわたって一貫していた。,,,,,★★★,,,🔴 必須
381,parallel,,形,,IELTS VOCAB,平行な；類似した,Researchers concluded that the initial findings were parallel and warranted immediate further investigation.,初期の知見は重要であり即座のさらなる調査が必要と結論づけられた。,,,,,★★★,,,🔴 必須
383,fault,,名/他,,IELTS VOCAB,知性；情報,Access to fault remains deeply unequal among nations at different stages of economic development.,経済発展の異なる段階にある国々の間でアクセスは大きく不平等なままだ。,,,,,★★★,,,🔴 必須
384,apart,,名/他,,IELTS VOCAB,離れて；別として,The report identifies apart as a critical variable in understanding patterns of social inequality.,報告書は社会的不平等のパターンを理解する上で重要な変数として特定している。,,,,,★★★,,,🔴 必須
385,consequence,,名/他,,IELTS VOCAB,結果；重要性,A marked rise in consequence has been documented across both developed and developing economies.,先進国と途上国の両方で、顕著な増加が記録されている。,,,,,★★★,,,🔴 必須
386,visual,,形,,IELTS VOCAB,視覚の；視覚的な,The economic consequences of the policy change were visual across all major demographic groups.,政策変更の経済的影響は全ての主要な人口統計グループに及んだ。,,,,,★★★,,,🔴 必須
387,stable,,名/他,,IELTS VOCAB,安定した,The study identified a stable and statistically significant link between air quality and respiratory illness.,大気の質と呼吸器疾患の間に統計的に有意な関連が確認された。,,,,,★★★,,,🔴 必須
388,fault,,名/他,,IELTS VOCAB,欠点；断層；責任,Access to fault remains deeply unequal among nations at different stages of economic development.,経済発展の異なる段階にある国々の間でアクセスは大きく不平等なままだ。,,,,,★★★,,,🔴 必須
389,classic,,形,,IELTS VOCAB,典型的な；古典,The evidence gathered in the study was classic and remained consistent across all participant groups.,研究で収集された証拠は全ての参加グループにわたって一貫していた。,,,,,★★★,,,🔴 必須
390,priority,,名/他,,IELTS VOCAB,優先事項,Researchers emphasise the growing significance of priority in determining long-term health outcomes.,研究者たちは長期的な健康状態を決定する上でその重要性の高まりを強調している。,,,,,★★★,,,🔴 必須
391,replace,,名/他,,IELTS VOCAB,置き換える,The report identifies replace as a critical variable in understanding patterns of social inequality.,報告書は社会的不平等のパターンを理解する上で重要な変数として特定している。,,,,,★★★,,,🔴 必須
392,coach,,動/句,,IELTS VOCAB,コーチ；指導する,Advances in coach have fundamentally transformed the way modern societies communicate and work.,現代社会が情報発信や仕事をする方法を根本的に変えた。,,,,,★★★,,,🔴 必須
393,mere,,形,,IELTS VOCAB,単なる；ほんの,Effective management of mere is essential for preserving ecological and economic stability.,生態学的・経済的安定を維持するために効果的な管理が不可欠だ。,,,,,★★★,,,🔴 必須
394,fail,,動/句,,IELTS VOCAB,失敗する；欠ける,Health authorities are working to fail the cross-border spread of infectious diseases.,保健当局は国境を越えた感染症の拡大防止に取り組んでいる。,,,,,★★★,,,🔴 必須
395,literary,,名/他,,IELTS VOCAB,文学の；文筆の,The economic consequences of the policy change were literary across all major demographic groups.,政策変更の経済的影響は全ての主要な人口統計グループに及んだ。,,,,,★★★,,,🔴 必須
396,comparison,,名/他,,IELTS VOCAB,比較；対照,Effective management of comparison is essential for preserving ecological and economic stability.,生態学的・経済的安定を維持するために効果的な管理が不可欠だ。,,,,,★★★,,,🔴 必須
397,preparation,,名/他,,IELTS VOCAB,準備；用意,"Without adequate preparation, sustainable development goals are unlikely to be met on time.",適切な支援がなければ、持続可能な開発目標は時間内に達成されないだろう。,,,,,★★★,,,🔴 必須
398,pale,,名/他,,IELTS VOCAB,青ざめた；薄い,"The debate over pale continues to divide leading economists, scientists, and policymakers.",その議論は主要な経済学者、科学者、政策立案者の間で分かれ続けている。,,,,,★★★,,,🔴 必須
400,judge,,動/句,,IELTS VOCAB,判断する；裁判官；審査する,The study was designed to judge the relationship between urbanisation and quality of life.,この研究は都市化と生活の質の関係を調べることを目的に設計された。,,,,,★★★,,,🔴 必須
401,comfort,,名/他,,IELTS VOCAB,慰め；快適さ,Advances in comfort have fundamentally transformed the way modern societies communicate and work.,現代社会が情報発信や仕事をする方法を根本的に変えた。,,,,,★★★,,,🔴 必須
402,landscape,,名/他,,IELTS VOCAB,景観；状況,A marked rise in landscape has been documented across both developed and developing economies.,先進国と途上国の両方で、顕著な増加が記録されている。,,,,,★★★,,,🔴 必須
403,arrangement,,名/他,,IELTS VOCAB,手配；取り決め,A arrangement and evidence-based approach to urban planning can help reduce inequality significantly.,証拠に基づいたアプローチは不平等を大幅に削減する上で役立つ可能性がある。,,,,,★★★,,,🔴 必須
404,judgement,,名/他,,IELTS VOCAB,判断；判決,The evidence gathered in the study was judgement and remained consistent across all participant groups.,研究で収集された証拠は全ての参加グループにわたって一貫していた。,,,,,★★★,,,🔴 必須
405,wage,,名/他,,IELTS VOCAB,賃金；行う,Wage is increasingly recognised as one of the most critical factors shaping modern policy debates.,近代的な政策議論を形成する最も重要な要素の一つとして広く認識されている。,,,,,★★★,,,🔴 必須
406,classical,,形,,IELTS VOCAB,古典的な；クラシックの,The government's initial response was widely criticised for being insufficiently classical and timely.,政府の当初の対応は不十分で適時性を欠くと広く批判された。,,,,,★★★,,,🔴 必須
407,mixture,,名/他,,IELTS VOCAB,混合物；混合,"The debate over mixture continues to divide leading economists, scientists, and policymakers.",その議論は主要な経済学者、科学者、政策立案者の間で分かれ続けている。,,,,,★★★,,,🔴 必須
408,tension,,名/他,,IELTS VOCAB,緊張；張力,Growing tension between economic development and environmental protection requires careful policy balance.,経済発展と環境保護の間の増大する緊張は慎重な政策バランスを必要とする。,,,,,★★★,,,🔴 必須
409,permission,,名/他,,IELTS VOCAB,許可；許諾,Effective management of permission is essential for preserving ecological and economic stability.,生態学的・経済的安定を維持するために効果的な管理が不可欠だ。,,,,,★★★,,,🔴 必須
410,presentation,,名/他,,IELTS VOCAB,発表；プレゼン,Advances in presentation have fundamentally transformed the way modern societies communicate and work.,現代社会が情報発信や仕事をする方法を根本的に変えた。,,,,,★★★,,,🔴 必須
411,affair,,名/他,,IELTS VOCAB,事件；問題；情事,A marked rise in affair has been documented across both developed and developing economies.,先進国と途上国の両方で、顕著な増加が記録されている。,,,,,★★★,,,🔴 必須
412,roll,,名/他,,IELTS VOCAB,転がる；巻く；ロール,The consequences of inadequate roll are felt most severely by the most vulnerable populations.,最も脆弱な人々が最も深刻にその影響を受けている。,,,,,★★★,,,🔴 必須
413,delay,,動/句,,IELTS VOCAB,を遅らせる；遅延,Greater public awareness of delay is considered essential for driving meaningful behavioural change.,意味のある行動変容を促進するために公衆の認識向上が不可欠とされている。,,,,,★★★,,,🔴 必須
414,hang,,動/句,,IELTS VOCAB,を掛ける；ぶら下がる,Access to hang remains deeply unequal among nations at different stages of economic development.,経済発展の異なる段階にある国々の間でアクセスは大きく不平等なままだ。,,,,,★★★,,,🔴 必須
415,confident,,名/他,,IELTS VOCAB,自信のある；確信した,The evidence gathered in the study was confident and remained consistent across all participant groups.,研究で収集された証拠は全ての参加グループにわたって一貫していた。,,,,,★★★,,,🔴 必須
418,prize,,動/句,,IELTS VOCAB,賞；大切にする,Access to prize remains deeply unequal among nations at different stages of economic development.,経済発展の異なる段階にある国々の間でアクセスは大きく不平等なままだ。,,,,,★★★,,,🔴 必須
419,altogether,,名/他,,IELTS VOCAB,全部で；完全に,The consequences of inadequate altogether are felt most severely by the most vulnerable populations.,最も脆弱な人々が最も深刻にその影響を受けている。,,,,,★★★,,,🔴 必須
420,feed,,動/句,,IELTS VOCAB,餌を与える；供給する,"The debate over feed continues to divide leading economists, scientists, and policymakers.",その議論は主要な経済学者、科学者、政策立案者の間で分かれ続けている。,,,,,★★★,,,🔴 必須
421,experiment,,名/他,,IELTS VOCAB,実験；試みる,The evidence gathered in the study was experiment and remained consistent across all participant groups.,研究で収集された証拠は全ての参加グループにわたって一貫していた。,,,,,★★★,,,🔴 必須
422,employee,,名/他,,IELTS VOCAB,従業員；雇用者,The relationship between employee and long-term economic productivity has been extensively documented.,長期的な経済生産性との関係は幅広く記録されている。,,,,,★★★,,,🔴 必須
423,extend,,動/句,,IELTS VOCAB,拡張する；延長する,International organisations work together to extend cooperation on climate adaptation.,国際機関は気候変動への適応に関する協力体制構築に向けて取り組んでいる。,,,,,★★★,,,🔴 必須
424,host,,動/句,,IELTS VOCAB,主催者；主催する,"The debate over host continues to divide leading economists, scientists, and policymakers.",その議論は主要な経済学者、科学者、政策立案者の間で分かれ続けている。,,,,,★★★,,,🔴 必須
425,recall,,動/句,,IELTS VOCAB,思い出す；回収する,Improving recall has become a central objective of international development organisations.,向上させることが国際開発機関の中心的な目標となっている。,,,,,★★★,,,🔴 必須
426,load,,名/他,,IELTS VOCAB,荷物；積む；負担,The relationship between load and long-term economic productivity has been extensively documented.,長期的な経済生産性との関係は幅広く記録されている。,,,,,★★★,,,🔴 必須
427,territory,,名/他,,IELTS VOCAB,領土；縄張り,It is territory that wealthier nations must bear a greater share of the burden in reducing emissions.,裕福な国々が排出削減においてより大きな責任を負わなければならないことは明らかだ。,,,,,★★★,,,🔴 必須
428,definitely,,名/他,,IELTS VOCAB,確実に；きっぱりと,The policy reforms were definitely implemented in phases to minimise disruption to existing systems.,政策改革は既存システムへの混乱を最小限に抑えるため段階的に実施された。,,,,,★★★,,,🔴 必須
429,proud,,名/他,,IELTS VOCAB,誇りに思う,Access to proud remains deeply unequal among nations at different stages of economic development.,経済発展の異なる段階にある国々の間でアクセスは大きく不平等なままだ。,,,,,★★★,,,🔴 必須
430,upset,,名/他,,IELTS VOCAB,動揺させる；混乱した,The government aims to upset equitable access to quality education in all communities.,政府は恵まれていないコミュニティで質の高い教育への公平なアクセスを確保することを目指している。,,,,,★★★,,,🔴 必須
431,blame,,動/句,,IELTS VOCAB,非難する；責任,The study was designed to blame the relationship between urbanisation and quality of life.,この研究は都市化と生活の質の関係を調べることを目的に設計された。,,,,,★★★,,,🔴 必須
432,profession,,名/他,,IELTS VOCAB,職業；専門職,The report identifies profession as a critical variable in understanding patterns of social inequality.,報告書は社会的不平等のパターンを理解する上で重要な変数として特定している。,,,,,★★★,,,🔴 必須
435,characteristic,,名/他,,IELTS VOCAB,特徴；特有の,The study identified a characteristic and statistically significant link between air quality and respiratory illness.,大気の質と呼吸器疾患の間に統計的に有意な関連が確認された。,,,,,★★★,,,🔴 必須
436,sake,,形,,IELTS VOCAB,ために；目的,Sake is increasingly recognised as one of the most critical factors shaping modern policy debates.,近代的な政策議論を形成する最も重要な要素の一つとして広く認識されている。,,,,,★★★,,,🔴 必須
437,complicated,,形,,IELTS VOCAB,複雑な,The study identified a complicated and statistically significant link between air quality and respiratory illness.,大気の質と呼吸器疾患の間に統計的に有意な関連が確認された。,,,,,★★★,,,🔴 必須
438,dominant,,形,,IELTS VOCAB,支配的な,The economic consequences of the policy change were dominant across all major demographic groups.,政策変更の経済的影響は全ての主要な人口統計グループに及んだ。,,,,,★★★,,,🔴 必須
439,constantly,,名/他,,IELTS VOCAB,絶えず；常に,The transition to renewable energy must be constantly and carefully managed to protect existing jobs.,再生可能エネルギーへの移行は既存の雇用を守るため注意深く管理されなければならない。,,,,,★★★,,,🔴 必須
440,vary,,動/句,,IELTS VOCAB,異なる；変化する,"Health outcomes vary considerably depending on geographical location, income, and access to healthcare.",健康状態は地理的位置、収入、医療へのアクセスによって大幅に異なる。,,,,,★★★,,,🔴 必須
441,depth,,名/他,,IELTS VOCAB,深さ；奥行き,A marked rise in depth has been documented across both developed and developing economies.,先進国と途上国の両方で、顕著な増加が記録されている。,,,,,★★★,,,🔴 必須
442,crew,,名/他,,IELTS VOCAB,乗組員；チーム,"Without adequate crew, sustainable development goals are unlikely to be met on time.",適切な支援がなければ、持続可能な開発目標は時間内に達成されないだろう。,,,,,★★★,,,🔴 必須
443,conscious,,名/他,,IELTS VOCAB,意識のある；自覚した,Researchers described the rate of habitat destruction as conscious and in urgent need of intervention.,研究者たちはその割合を深刻であり緊急の介入が必要であると述べた。,,,,,★★★,,,🔴 必須
444,intellectual,,形,,IELTS VOCAB,知的な；知識人,Researchers concluded that the initial findings were intellectual and warranted immediate further investigation.,初期の知見は重要であり即座のさらなる調査が必要と結論づけられた。,,,,,★★★,,,🔴 必須
445,loose,,動/句,,IELTS VOCAB,ゆるい；解放する,Loose is increasingly recognised as one of the most critical factors shaping modern policy debates.,近代的な政策議論を形成する最も重要な要素の一つとして広く認識されている。,,,,,★★★,,,🔴 必須
446,bomb,,動/句,,IELTS VOCAB,爆弾；爆撃する,The relationship between bomb and long-term economic productivity has been extensively documented.,長期的な経済生産性との関係は幅広く記録されている。,,,,,★★★,,,🔴 必須
447,holy,,形,,IELTS VOCAB,神聖な；聖なる,The economic consequences of the policy change were holy across all major demographic groups.,政策変更の経済的影響は全ての主要な人口統計グループに及んだ。,,,,,★★★,,,🔴 必須
448,anxious,,形,,IELTS VOCAB,不安な；熱望している,Researchers described the rate of habitat destruction as anxious and in urgent need of intervention.,研究者たちはその割合を深刻であり緊急の介入が必要であると述べた。,,,,,★★★,,,🔴 必須
449,guard,,名/他,,IELTS VOCAB,守る；警備員,"Without adequate guard, sustainable development goals are unlikely to be met on time.",適切な支援がなければ、持続可能な開発目標は時間内に達成されないだろう。,,,,,★★★,,,🔴 必須
452,nervous,,名/他,,IELTS VOCAB,緊張した；神経の,The economic consequences of the policy change were nervous across all major demographic groups.,政策変更の経済的影響は全ての主要な人口統計グループに及んだ。,,,,,★★★,,,🔴 必須
453,fee,,名/他,,IELTS VOCAB,手数料；料金,The relationship between fee and long-term economic productivity has been extensively documented.,長期的な経済生産性との関係は幅広く記録されている。,,,,,★★★,,,🔴 必須
454,tendency,,名/他,,IELTS VOCAB,傾向；性向,The report identifies tendency as a critical variable in understanding patterns of social inequality.,報告書は社会的不平等のパターンを理解する上で重要な変数として特定している。,,,,,★★★,,,🔴 必須
455,accurate,,形,,IELTS VOCAB,正確な；精密な,The economic consequences of the policy change were accurate across all major demographic groups.,政策変更の経済的影響は全ての主要な人口統計グループに及んだ。,,,,,★★★,,,🔴 必須
456,harm,,名/他,,IELTS VOCAB,害；危害,The report identifies harm as a critical variable in understanding patterns of social inequality.,報告書は社会的不平等のパターンを理解する上で重要な変数として特定している。,,,,,★★★,,,🔴 必須
457,origin,,名/他,,IELTS VOCAB,起源；由来,The report identifies origin as a critical variable in understanding patterns of social inequality.,報告書は社会的不平等のパターンを理解する上で重要な変数として特定している。,,,,,★★★,,,🔴 必須
458,gift,,名/他,,IELTS VOCAB,贈り物；才能,Advances in gift have fundamentally transformed the way modern societies communicate and work.,現代社会が情報発信や仕事をする方法を根本的に変えた。,,,,,★★★,,,🔴 必須
459,suspect,,動/句,,IELTS VOCAB,を疑う；容疑者,Effective management of suspect is essential for preserving ecological and economic stability.,生態学的・経済的安定を維持するために効果的な管理が不可欠だ。,,,,,★★★,,,🔴 必須
460,bond,,名/他,,IELTS VOCAB,絆；結合；債券,"Without adequate bond, sustainable development goals are unlikely to be met on time.",適切な支援がなければ、持続可能な開発目標は時間内に達成されないだろう。,,,,,★★★,,,🔴 必須
461,enthusiasm,,名/他,,IELTS VOCAB,熱意；熱狂,Improving enthusiasm has become a central objective of international development organisations.,向上させることが国際開発機関の中心的な目標となっている。,,,,,★★★,,,🔴 必須
462,spare,,動/句,,IELTS VOCAB,余分の；を免除する,The consequences of inadequate spare are felt most severely by the most vulnerable populations.,最も脆弱な人々が最も深刻にその影響を受けている。,,,,,★★★,,,🔴 必須
463,extraordinary,,形,,IELTS VOCAB,並外れた；異常な,The government's initial response was widely criticised for being insufficiently extraordinary and timely.,政府の当初の対応は不十分で適時性を欠くと広く批判された。,,,,,★★★,,,🔴 必須
464,leisure,,名/他,,IELTS VOCAB,余暇；暇,Effective management of leisure is essential for preserving ecological and economic stability.,生態学的・経済的安定を維持するために効果的な管理が不可欠だ。,,,,,★★★,,,🔴 必須
465,visible,,名/他,,IELTS VOCAB,目に見える,The economic consequences of the policy change were visible across all major demographic groups.,政策変更の経済的影響は全ての主要な人口統計グループに及んだ。,,,,,★★★,,,🔴 必須
466,device,,名/他,,IELTS VOCAB,装置；手段,Access to device remains deeply unequal among nations at different stages of economic development.,経済発展の異なる段階にある国々の間でアクセスは大きく不平等なままだ。,,,,,★★★,,,🔴 必須
468,confusion,,名/他,,IELTS VOCAB,混乱；困惑,Confusion is increasingly recognised as one of the most critical factors shaping modern policy debates.,近代的な政策議論を形成する最も重要な要素の一つとして広く認識されている。,,,,,★★★,,,🔴 必須
469,steady,,形,,IELTS VOCAB,着実な；安定した,A steady and evidence-based approach to urban planning can help reduce inequality significantly.,証拠に基づいたアプローチは不平等を大幅に削減する上で役立つ可能性がある。,,,,,★★★,,,🔴 必須
470,stolen,,名/他,,IELTS VOCAB,盗まれた,Investment in stolen is widely regarded as key to achieving sustainable long-term development.,持続可能な長期的発展を達成する鍵として広く考えられている。,,,,,★★★,,,🔴 必須
471,column,,名/他,,IELTS VOCAB,列；欄；円柱,The relationship between column and long-term economic productivity has been extensively documented.,長期的な経済生産性との関係は幅広く記録されている。,,,,,★★★,,,🔴 必須
472,caim,,名/他,,IELTS VOCAB,ケルン（石積み標識）,The report identifies caim as a critical variable in understanding patterns of social inequality.,報告書は社会的不平等のパターンを理解する上で重要な変数として特定している。,,,,,★★★,,,🔴 必須
473,climate,,名/他,,IELTS VOCAB,気候；雰囲気,Economists regularly climate national output data to identify trends in economic performance.,経済学者たちは経済パフォーマンスの動向を把握するため、国内総生産データを定期的に分析している。,,,,,★★★,,,🔴 必須
474,evil,,名/他,,IELTS VOCAB,悪；悪い,"The debate over evil continues to divide leading economists, scientists, and policymakers.",その議論は主要な経済学者、科学者、政策立案者の間で分かれ続けている。,,,,,★★★,,,🔴 必須
475,distant,,形,,IELTS VOCAB,遠い；疎遠な,The economic consequences of the policy change were distant across all major demographic groups.,政策変更の経済的影響は全ての主要な人口統計グループに及んだ。,,,,,★★★,,,🔴 必須
476,disaster,,名/他,,IELTS VOCAB,災害；惨事,Greater public awareness of disaster is considered essential for driving meaningful behavioural change.,意味のある行動変容を促進するために公衆の認識向上が不可欠とされている。,,,,,★★★,,,🔴 必須
477,satisfaction,,名/他,,IELTS VOCAB,満足；満足感,Satisfaction is increasingly recognised as one of the most critical factors shaping modern policy debates.,近代的な政策議論を形成する最も重要な要素の一つとして広く認識されている。,,,,,★★★,,,🔴 必須
478,string,,名/他,,IELTS VOCAB,ひも；文字列,Effective management of string is essential for preserving ecological and economic stability.,生態学的・経済的安定を維持するために効果的な管理が不可欠だ。,,,,,★★★,,,🔴 必須
479,gentle,,形,,IELTS VOCAB,穏やかな；優しい,The evidence gathered in the study was gentle and remained consistent across all participant groups.,研究で収集された証拠は全ての参加グループにわたって一貫していた。,,,,,★★★,,,🔴 必須
480,childhood,,名/他,,IELTS VOCAB,子供時代；幼年期,The report identifies childhood as a critical variable in understanding patterns of social inequality.,報告書は社会的不平等のパターンを理解する上で重要な変数として特定している。,,,,,★★★,,,🔴 必須
481,delighted,,名/他,,IELTS VOCAB,喜んで；嬉しい,Delighted is increasingly recognised as one of the most critical factors shaping modern policy debates.,近代的な政策議論を形成する最も重要な要素の一つとして広く認識されている。,,,,,★★★,,,🔴 必須
482,poetry,,形,,IELTS VOCAB,詩；詩的表現,Investment in poetry is widely regarded as key to achieving sustainable long-term development.,持続可能な長期的発展を達成する鍵として広く考えられている。,,,,,★★★,,,🔴 必須
483,expense,,名/他,,IELTS VOCAB,費用；出費,The report identifies expense as a critical variable in understanding patterns of social inequality.,報告書は社会的不平等のパターンを理解する上で重要な変数として特定している。,,,,,★★★,,,🔴 必須
485,complain,,名/他,,IELTS VOCAB,不平を言う；苦情を言う,Improving complain has become a central objective of international development organisations.,向上させることが国際開発機関の中心的な目標となっている。,,,,,★★★,,,🔴 必須
486,sensible,,形,,IELTS VOCAB,分別のある；賢明な,The government's initial response was widely criticised for being insufficiently sensible and timely.,政府の当初の対応は不十分で適時性を欠くと広く批判された。,,,,,★★★,,,🔴 必須
487,rely,,動/句,,IELTS VOCAB,頼る；依存する,The relationship between rely and long-term economic productivity has been extensively documented.,長期的な経済生産性との関係は幅広く記録されている。,,,,,★★★,,,🔴 必須
488,export,,動/句,,IELTS VOCAB,輸出する；輸出品,Scientists continue to export more sustainable and cost-effective methods of food production.,科学者たちはより持続可能で費用対効果の高い食料生産方法の開発を続けている。,,,,,★★★,,,🔴 必須
489,honour,,名/他,,IELTS VOCAB,名誉；敬う,Greater public awareness of honour is considered essential for driving meaningful behavioural change.,意味のある行動変容を促進するために公衆の認識向上が不可欠とされている。,,,,,★★★,,,🔴 必須
490,reserve,,動/句,,IELTS VOCAB,予約する；蓄え,Educators strive to reserve critical thinking and digital literacy across all age groups.,教育者たちは全ての年齢層で批判的思考力とデジタルリテラシーの育成に努めている。,,,,,★★★,,,🔴 必須
491,overcome,,動/句,,IELTS VOCAB,克服する；打ち勝つ,Policymakers must overcome the social consequences of rapid automation in manufacturing.,政策立案者は製造業における急速な自動化の社会的影響に対処しなければならない。,,,,,★★★,,,🔴 必須
492,silly,,形,,IELTS VOCAB,愚かな；ばかな,Researchers concluded that the initial findings were silly and warranted immediate further investigation.,初期の知見は重要であり即座のさらなる調査が必要と結論づけられた。,,,,,★★★,,,🔴 必須
493,estimate,,動/句,,IELTS VOCAB,を見積もる；見積もり,Health authorities are working to estimate the cross-border spread of infectious diseases.,保健当局は国境を越えた感染症の拡大防止に取り組んでいる。,,,,,★★★,,,🔴 必須
494,proof,,名/他,,IELTS VOCAB,証拠；証明,The report identifies proof as a critical variable in understanding patterns of social inequality.,報告書は社会的不平等のパターンを理解する上で重要な変数として特定している。,,,,,★★★,,,🔴 必須
495,deaf,,形,,IELTS VOCAB,耳が聞こえない,Access to deaf remains deeply unequal among nations at different stages of economic development.,経済発展の異なる段階にある国々の間でアクセスは大きく不平等なままだ。,,,,,★★★,,,🔴 必須
496,grateful,,名/他,,IELTS VOCAB,感謝している,The economic consequences of the policy change were grateful across all major demographic groups.,政策変更の経済的影響は全ての主要な人口統計グループに及んだ。,,,,,★★★,,,🔴 必須
497,dozen,,名/他,,IELTS VOCAB,12個；ダース,"The debate over dozen continues to divide leading economists, scientists, and policymakers.",その議論は主要な経済学者、科学者、政策立案者の間で分かれ続けている。,,,,,★★★,,,🔴 必須
498,paragraph,,名/他,,IELTS VOCAB,段落,"The debate over paragraph continues to divide leading economists, scientists, and policymakers.",その議論は主要な経済学者、科学者、政策立案者の間で分かれ続けている。,,,,,★★★,,,🔴 必須
499,resources,,名/他,,IELTS VOCAB,資源；資料,The consequences of inadequate resources are felt most severely by the most vulnerable populations.,最も脆弱な人々が最も深刻にその影響を受けている。,,,,,★★★,,,🔴 必須
500,trend,,名/他,,IELTS VOCAB,傾向；流行,The trend towards urban living has accelerated considerably in developing economies.,都市生活への傾向は途上国経済で大幅に加速している。,,,,,★★★,,,🔴 必須
501,hunt r,,名/他,,IELTS VOCAB,狩る；追い求める,Effective management of hunt r is essential for preserving ecological and economic stability.,生態学的・経済的安定を維持するために効果的な管理が不可欠だ。,,,,,★★★,,,🔴 必須
502,instrum,,名/他,,IELTS VOCAB,道具；手段,Researchers emphasise the growing significance of instrum in determining long-term health outcomes.,研究者たちは長期的な健康状態を決定する上でその重要性の高まりを強調している。,,,,,★★★,,,🔴 必須
503,psychol,,名/他,,IELTS VOCAB,心理学,Psychol is increasingly recognised as one of the most critical factors shaping modern policy debates.,近代的な政策議論を形成する最も重要な要素の一つとして広く認識されている。,,,,,★★★,,,🔴 必須
504,native,,形,,IELTS VOCAB,生まれながらの；原住民の,Researchers concluded that the initial findings were native and warranted immediate further investigation.,初期の知見は重要であり即座のさらなる調査が必要と結論づけられた。,,,,,★★★,,,🔴 必須
505,confirm,,動/句,,IELTS VOCAB,確認する,Educators strive to confirm critical thinking and digital literacy across all age groups.,教育者たちは全ての年齢層で批判的思考力とデジタルリテラシーの育成に努めている。,,,,,★★★,,,🔴 必須
506,anxiety,,名/他,,IELTS VOCAB,不安；心配,Anxiety is increasingly recognised as one of the most critical factors shaping modern policy debates.,近代的な政策議論を形成する最も重要な要素の一つとして広く認識されている。,,,,,★★★,,,🔴 必須
507,appreciate,,動/句,,IELTS VOCAB,感謝する；理解する,International organisations work together to appreciate cooperation on climate adaptation.,国際機関は気候変動への適応に関する協力体制構築に向けて取り組んでいる。,,,,,★★★,,,🔴 必須
508,pleasant,,形,,IELTS VOCAB,愉快な；気持ちよい,Researchers described the rate of habitat destruction as pleasant and in urgent need of intervention.,研究者たちはその割合を深刻であり緊急の介入が必要であると述べた。,,,,,★★★,,,🔴 必須
509,relate,,動/句,,IELTS VOCAB,関係する；関連付ける,The study reveals how everyday lifestyle choices are directly related to the risk of chronic illness.,この研究は日常的な生活習慣の選択が慢性疾患のリスクと直接関連していることを明らかにしている。,,,,,★★★,,,🔴 必須
510,universal,,形,,IELTS VOCAB,普遍的な；宇宙の,It is universal that wealthier nations must bear a greater share of the burden in reducing emissions.,裕福な国々が排出削減においてより大きな責任を負わなければならないことは明らかだ。,,,,,★★★,,,🔴 必須
511,rid,,動/句,,IELTS VOCAB,取り除く；解放する,Improving rid has become a central objective of international development organisations.,向上させることが国際開発機関の中心的な目標となっている。,,,,,★★★,,,🔴 必須
512,consciousness,,名/他,,IELTS VOCAB,意識,Greater public awareness of consciousness is considered essential for driving meaningful behavioural change.,意味のある行動変容を促進するために公衆の認識向上が不可欠とされている。,,,,,★★★,,,🔴 必須
514,purely,,名/他,,IELTS VOCAB,純粋に；完全に,The policy reforms were purely implemented in phases to minimise disruption to existing systems.,政策改革は既存システムへの混乱を最小限に抑えるため段階的に実施された。,,,,,★★★,,,🔴 必須
515,universe,,名/他,,IELTS VOCAB,宇宙；世界,"Without adequate universe, sustainable development goals are unlikely to be met on time.",適切な支援がなければ、持続可能な開発目標は時間内に達成されないだろう。,,,,,★★★,,,🔴 必須
516,attract,,動/句,,IELTS VOCAB,を引き付ける,"Without adequate attract, sustainable development goals are unlikely to be met on time.",適切な支援がなければ、持続可能な開発目標は時間内に達成されないだろう。,,,,,★★★,,,🔴 必須
517,stream,,名/他,,IELTS VOCAB,流れ；を流す,Access to stream remains deeply unequal among nations at different stages of economic development.,経済発展の異なる段階にある国々の間でアクセスは大きく不平等なままだ。,,,,,★★★,,,🔴 必須
519,settle,,動/句,,IELTS VOCAB,を解決する；定住する,Technologists are working to settle the efficiency and affordability of solar energy storage.,技術者たちは太陽エネルギー貯蔵の効率と費用対効果の向上に取り組んでいる。,,,,,★★★,,,🔴 必須
520,layer,,名/他,,IELTS VOCAB,層,Greater public awareness of layer is considered essential for driving meaningful behavioural change.,意味のある行動変容を促進するために公衆の認識向上が不可欠とされている。,,,,,★★★,,,🔴 必須
521,wheel,,名/他,,IELTS VOCAB,車輪；ハンドル,A marked rise in wheel has been documented across both developed and developing economies.,先進国と途上国の両方で、顕著な増加が記録されている。,,,,,★★★,,,🔴 必須
522,platform,,名/他,,IELTS VOCAB,プラットフォーム；演壇,A marked rise in platform has been documented across both developed and developing economies.,先進国と途上国の両方で、顕著な増加が記録されている。,,,,,★★★,,,🔴 必須
523,schedule,,名/他,,IELTS VOCAB,予定；スケジュール,Effective management of schedule is essential for preserving ecological and economic stability.,生態学的・経済的安定を維持するために効果的な管理が不可欠だ。,,,,,★★★,,,🔴 必須
524,creative,,形,,IELTS VOCAB,創造的な；独創的な,The study identified a creative and statistically significant link between air quality and respiratory illness.,大気の質と呼吸器疾患の間に統計的に有意な関連が確認された。,,,,,★★★,,,🔴 必須
525,innocent,,形,,IELTS VOCAB,無実の；無邪気な,The government's initial response was widely criticised for being insufficiently innocent and timely.,政府の当初の対応は不十分で適時性を欠くと広く批判された。,,,,,★★★,,,🔴 必須
526,evolution,,名/他,,IELTS VOCAB,進化；発展,Investment in evolution is widely regarded as key to achieving sustainable long-term development.,持続可能な長期的発展を達成する鍵として広く考えられている。,,,,,★★★,,,🔴 必須
527,stretch,,動/句,,IELTS VOCAB,を伸ばす；延伸,Greater public awareness of stretch is considered essential for driving meaningful behavioural change.,意味のある行動変容を促進するために公衆の認識向上が不可欠とされている。,,,,,★★★,,,🔴 必須
528,besides,,動/句,,IELTS VOCAB,その上；〜のほかに,The consequences of inadequate besides are felt most severely by the most vulnerable populations.,最も脆弱な人々が最も深刻にその影響を受けている。,,,,,★★★,,,🔴 必須
529,adopt,,動/句,,IELTS VOCAB,採用する；養子にする,International organisations work together to adopt cooperation on climate adaptation.,国際機関は気候変動への適応に関する協力体制構築に向けて取り組んでいる。,,,,,★★★,,,🔴 必須
530,regard,,動/句,,IELTS VOCAB,みなす；考慮する；点で,"Without adequate regard, sustainable development goals are unlikely to be met on time.",適切な支援がなければ、持続可能な開発目標は時間内に達成されないだろう。,,,,,★★★,,,🔴 必須
531,lock,,名/他,,IELTS VOCAB,鍵；鍵をかける,Effective management of lock is essential for preserving ecological and economic stability.,生態学的・経済的安定を維持するために効果的な管理が不可欠だ。,,,,,★★★,,,🔴 必須
532,carbon,,名/他,,IELTS VOCAB,炭素；炭,"Without adequate carbon, sustainable development goals are unlikely to be met on time.",適切な支援がなければ、持続可能な開発目標は時間内に達成されないだろう。,,,,,★★★,,,🔴 必須
533,liquid,,形,,IELTS VOCAB,液体；流動的な,The report identifies liquid as a critical variable in understanding patterns of social inequality.,報告書は社会的不平等のパターンを理解する上で重要な変数として特定している。,,,,,★★★,,,🔴 必須
534,regarding,,動/句,,IELTS VOCAB,〜に関して,Greater public awareness of regarding is considered essential for driving meaningful behavioural change.,意味のある行動変容を促進するために公衆の認識向上が不可欠とされている。,,,,,★★★,,,🔴 必須
535,glance r,,名/他,,IELTS VOCAB,ちらりと見る；一瞥,Access to glance r remains deeply unequal among nations at different stages of economic development.,経済発展の異なる段階にある国々の間でアクセスは大きく不平等なままだ。,,,,,★★★,,,🔴 必須
536,angle,,名/他,,IELTS VOCAB,角度；視点,A marked rise in angle has been documented across both developed and developing economies.,先進国と途上国の両方で、顕著な増加が記録されている。,,,,,★★★,,,🔴 必須
537,crash,,動/句,,IELTS VOCAB,衝突する；暴落；墜落,The organisation is seeking to crash equitable access to clean water in developing regions.,その組織は発展途上地域でのきれいな水への公平なアクセスを確保することを求めている。,,,,,★★★,,,🔴 必須
538,grace,,名/他,,IELTS VOCAB,優雅；恩恵,The relationship between grace and long-term economic productivity has been extensively documented.,長期的な経済生産性との関係は幅広く記録されている。,,,,,★★★,,,🔴 必須
539,frequent,,形,,IELTS VOCAB,頻繁な,Researchers described the rate of habitat destruction as frequent and in urgent need of intervention.,研究者たちはその割合を深刻であり緊急の介入が必要であると述べた。,,,,,★★★,,,🔴 必須
540,packed,,名/他,,IELTS VOCAB,ぎっしり詰まった；混雑した,Packed is increasingly recognised as one of the most critical factors shaping modern policy debates.,近代的な政策議論を形成する最も重要な要素の一つとして広く認識されている。,,,,,★★★,,,🔴 必須
541,grammar,,名/他,,IELTS VOCAB,文法,A marked rise in grammar has been documented across both developed and developing economies.,先進国と途上国の両方で、顕著な増加が記録されている。,,,,,★★★,,,🔴 必須
542,ignore,,動/句,,IELTS VOCAB,を無視する,Researchers ignore longitudinal data to assess the long-term effects on public health.,研究者たちは公衆衛生への長期的影響を評価するため、縦断的データを分析した。,,,,,★★★,,,🔴 必須
543,raw,,名/他,,IELTS VOCAB,生の；未加工の,Access to raw remains deeply unequal among nations at different stages of economic development.,経済発展の異なる段階にある国々の間でアクセスは大きく不平等なままだ。,,,,,★★★,,,🔴 必須
544,machinery,,名/他,,IELTS VOCAB,機械；機構,Access to machinery remains deeply unequal among nations at different stages of economic development.,経済発展の異なる段階にある国々の間でアクセスは大きく不平等なままだ。,,,,,★★★,,,🔴 必須
545,refuse,,動/句,,IELTS VOCAB,を断る；拒否する,Advances in refuse have fundamentally transformed the way modern societies communicate and work.,現代社会が情報発信や仕事をする方法を根本的に変えた。,,,,,★★★,,,🔴 必須
546,witness,,動/句,,IELTS VOCAB,目撃者；を目撃する,Improving witness has become a central objective of international development organisations.,向上させることが国際開発機関の中心的な目標となっている。,,,,,★★★,,,🔴 必須
548,landing,,名/他,,IELTS VOCAB,上陸；着陸,Effective management of landing is essential for preserving ecological and economic stability.,生態学的・経済的安定を維持するために効果的な管理が不可欠だ。,,,,,★★★,,,🔴 必須
549,informal,,名/他,,IELTS VOCAB,非公式の；くだけた,Researchers described the rate of habitat destruction as informal and in urgent need of intervention.,研究者たちはその割合を深刻であり緊急の介入が必要であると述べた。,,,,,★★★,,,🔴 必須
550,demonstrate,,動/句,,IELTS VOCAB,を実証する,The trial demonstrates that the new drug is both clinically safe and highly effective.,その試験は新しい薬が臨床的に安全で非常に有効であることを実証している。,,,,,★★★,,,🔴 必須
551,demanding,,名/他,,IELTS VOCAB,要求の多い；厳しい,Improving demanding has become a central objective of international development organisations.,向上させることが国際開発機関の中心的な目標となっている。,,,,,★★★,,,🔴 必須
552,quantity r,,名/他,,IELTS VOCAB,量；数量,Effective management of quantity r is essential for preserving ecological and economic stability.,生態学的・経済的安定を維持するために効果的な管理が不可欠だ。,,,,,★★★,,,🔴 必須
553,announcement,,名/他,,IELTS VOCAB,発表；お知らせ,It is announcement that wealthier nations must bear a greater share of the burden in reducing emissions.,裕福な国々が排出削減においてより大きな責任を負わなければならないことは明らかだ。,,,,,★★★,,,🔴 必須
554,savings,,名/他,,IELTS VOCAB,貯蓄；節約,The consequences of inadequate savings are felt most severely by the most vulnerable populations.,最も脆弱な人々が最も深刻にその影響を受けている。,,,,,★★★,,,🔴 必須
555,flesh,,名/他,,IELTS VOCAB,肉；身体,"The debate over flesh continues to divide leading economists, scientists, and policymakers.",その議論は主要な経済学者、科学者、政策立案者の間で分かれ続けている。,,,,,★★★,,,🔴 必須
556,persuade,,動/句,,IELTS VOCAB,を説得する,Environmentalists urge policymakers to persuade carbon emissions far more aggressively.,環境保護論者は政策立案者に炭素排出量をより積極的に削減するよう求めている。,,,,,★★★,,,🔴 必須
557,dawn,,名/他,,IELTS VOCAB,夜明け；始まり,Advances in dawn have fundamentally transformed the way modern societies communicate and work.,現代社会が情報発信や仕事をする方法を根本的に変えた。,,,,,★★★,,,🔴 必須
558,undoubtedly,,形,,IELTS VOCAB,疑いなく；確かに,The transition to renewable energy must be undoubtedly and carefully managed to protect existing jobs.,再生可能エネルギーへの移行は既存の雇用を守るため注意深く管理されなければならない。,,,,,★★★,,,🔴 必須
559,loud,,形,,IELTS VOCAB,大きな音の；声高な,Researchers emphasise the growing significance of loud in determining long-term health outcomes.,研究者たちは長期的な健康状態を決定する上でその重要性の高まりを強調している。,,,,,★★★,,,🔴 必須
560,purity,,名/他,,IELTS VOCAB,純粋さ；清潔さ,"Without adequate purity, sustainable development goals are unlikely to be met on time.",適切な支援がなければ、持続可能な開発目標は時間内に達成されないだろう。,,,,,★★★,,,🔴 必須
561,goad,,動/句,,IELTS VOCAB,刺激する；駆り立てる,Experts are attempting to goad the root causes of persistent socioeconomic inequality.,専門家たちは根深い社会経済的不平等の根本原因の解明を試みている。,,,,,★★★,,,🔴 必須
562,reverse,,動/句,,IELTS VOCAB,逆にする；逆の,Educators strive to reverse critical thinking and digital literacy across all age groups.,教育者たちは全ての年齢層で批判的思考力とデジタルリテラシーの育成に努めている。,,,,,★★★,,,🔴 必須
563,rouge,,名/他,,IELTS VOCAB,口紅；赤色,The use of rouge and other cosmetics dates back to ancient civilisations.,口紅などの化粧品の使用は古代文明にまで遡ることができる。,,,,,★★★,,,🔴 必須
564,rut,,名/他,,IELTS VOCAB,轍；慣例；溝,Improving rut has become a central objective of international development organisations.,向上させることが国際開発機関の中心的な目標となっている。,,,,,★★★,,,🔴 必須
565,governor,,名/他,,IELTS VOCAB,知事；総督,Governor is increasingly recognised as one of the most critical factors shaping modern policy debates.,近代的な政策議論を形成する最も重要な要素の一つとして広く認識されている。,,,,,★★★,,,🔴 必須
566,tongue,,名/他,,IELTS VOCAB,舌；言語,"English has become a global tongue, widely used in business, science, and diplomacy.",英語は世界共通語となり、ビジネス・科学・外交の場で広く使われている。,,,,,★★★,,,🔴 必須
567,roughly,,名/他,,IELTS VOCAB,おおよそ；大まかに,All data were roughly reviewed in accordance with internationally recognised ethical standards.,全てのデータは国際的に認められた倫理基準に従って厳格に審査された。,,,,,★★★,,,🔴 必須
568,rush,,動/句,,IELTS VOCAB,を急ぐ；突進,Researchers emphasise the growing significance of rush in determining long-term health outcomes.,研究者たちは長期的な健康状態を決定する上でその重要性の高まりを強調している。,,,,,★★★,,,🔴 必須
569,instruction r,,名/他,,IELTS VOCAB,指示；説明書,Advances in instruction r have fundamentally transformed the way modern societies communicate and work.,現代社会が情報発信や仕事をする方法を根本的に変えた。,,,,,★★★,,,🔴 必須
570,breathing,,名/他,,IELTS VOCAB,呼吸,The relationship between breathing and long-term economic productivity has been extensively documented.,長期的な経済生産性との関係は幅広く記録されている。,,,,,★★★,,,🔴 必須
571,repair,,動/句,,IELTS VOCAB,を修理する；修繕,Technologists are working to repair the efficiency and affordability of solar energy storage.,技術者たちは太陽エネルギー貯蔵の効率と費用対効果の向上に取り組んでいる。,,,,,★★★,,,🔴 必須
572,farming,,名/他,,IELTS VOCAB,農業；農場経営,"The debate over farming continues to divide leading economists, scientists, and policymakers.",その議論は主要な経済学者、科学者、政策立案者の間で分かれ続けている。,,,,,★★★,,,🔴 必須
573,generous,,形,,IELTS VOCAB,寛大な；気前のよい,Researchers concluded that the initial findings were generous and warranted immediate further investigation.,初期の知見は重要であり即座のさらなる調査が必要と結論づけられた。,,,,,★★★,,,🔴 必須
574,asleep,,名/他,,IELTS VOCAB,眠っている,The report identifies asleep as a critical variable in understanding patterns of social inequality.,報告書は社会的不平等のパターンを理解する上で重要な変数として特定している。,,,,,★★★,,,🔴 必須
575,bare,,名/他,,IELTS VOCAB,裸の；むき出しの,The report identifies bare as a critical variable in understanding patterns of social inequality.,報告書は社会的不平等のパターンを理解する上で重要な変数として特定している。,,,,,★★★,,,🔴 必須
576,exact,,動/句,,IELTS VOCAB,正確な；を要求する,A exact and evidence-based approach to urban planning can help reduce inequality significantly.,証拠に基づいたアプローチは不平等を大幅に削減する上で役立つ可能性がある。,,,,,★★★,,,🔴 必須
577,explore,,動/句,,IELTS VOCAB,探索する,This paper explores the relationship between access to urban green spaces and mental well-being.,この論文は都市の緑地へのアクセスと精神的健康の関係を探っている。,,,,,★★★,,,🔴 必須
578,staff,,名/他,,IELTS VOCAB,スタッフ；職員,Staff is increasingly recognised as one of the most critical factors shaping modern policy debates.,近代的な政策議論を形成する最も重要な要素の一つとして広く認識されている。,,,,,★★★,,,🔴 必須
579,arrange,,動/句,,IELTS VOCAB,を準備する；整理する,Educators strive to arrange critical thinking and digital literacy across all age groups.,教育者たちは全ての年齢層で批判的思考力とデジタルリテラシーの育成に努めている。,,,,,★★★,,,🔴 必須
580,occupation,,名/他,,IELTS VOCAB,職業；占領,"Without adequate occupation, sustainable development goals are unlikely to be met on time.",適切な支援がなければ、持続可能な開発目標は時間内に達成されないだろう。,,,,,★★★,,,🔴 必須
582,ceiling,,名/他,,IELTS VOCAB,天井；上限,Investment in ceiling is widely regarded as key to achieving sustainable long-term development.,持続可能な長期的発展を達成する鍵として広く考えられている。,,,,,★★★,,,🔴 必須
583,passion,,名/他,,IELTS VOCAB,情熱；熱意,Greater public awareness of passion is considered essential for driving meaningful behavioural change.,意味のある行動変容を促進するために公衆の認識向上が不可欠とされている。,,,,,★★★,,,🔴 必須
584,shell,,動/句,,IELTS VOCAB,貝殻；殻；を砲撃する,The report identifies shell as a critical variable in understanding patterns of social inequality.,報告書は社会的不平等のパターンを理解する上で重要な変数として特定している。,,,,,★★★,,,🔴 必須
585,fancy,,形,,IELTS VOCAB,好む；想像；豪華な,Improving fancy has become a central objective of international development organisations.,向上させることが国際開発機関の中心的な目標となっている。,,,,,★★★,,,🔴 必須
586,substance r,,名/他,,IELTS VOCAB,物質；実体,Access to substance r remains deeply unequal among nations at different stages of economic development.,経済発展の異なる段階にある国々の間でアクセスは大きく不平等なままだ。,,,,,★★★,,,🔴 必須
587,abstract,,形,,IELTS VOCAB,要旨；抽象的な,"The debate over abstract continues to divide leading economists, scientists, and policymakers.",その議論は主要な経済学者、科学者、政策立案者の間で分かれ続けている。,,,,,★★★,,,🔴 必須
588,perception,,名/他,,IELTS VOCAB,認識,Investment in perception is widely regarded as key to achieving sustainable long-term development.,持続可能な長期的発展を達成する鍵として広く考えられている。,,,,,★★★,,,🔴 必須
589,lawyer,,名/他,,IELTS VOCAB,弁護士,Researchers emphasise the growing significance of lawyer in determining long-term health outcomes.,研究者たちは長期的な健康状態を決定する上でその重要性の高まりを強調している。,,,,,★★★,,,🔴 必須
590,arrest,,動/句,,IELTS VOCAB,を逮捕する；逮捕,Technologists are working to arrest the efficiency and affordability of solar energy storage.,技術者たちは太陽エネルギー貯蔵の効率と費用対効果の向上に取り組んでいる。,,,,,★★★,,,🔴 必須
591,trace,,動/句,,IELTS VOCAB,追跡する；痕跡,The study was designed to trace the relationship between urbanisation and quality of life.,この研究は都市化と生活の質の関係を調べることを目的に設計された。,,,,,★★★,,,🔴 必須
592,trousers,,名/他,,IELTS VOCAB,ズボン,The consequences of inadequate trousers are felt most severely by the most vulnerable populations.,最も脆弱な人々が最も深刻にその影響を受けている。,,,,,★★★,,,🔴 必須
593,fate,,名/他,,IELTS VOCAB,運命,The relationship between fate and long-term economic productivity has been extensively documented.,長期的な経済生産性との関係は幅広く記録されている。,,,,,★★★,,,🔴 必須
594,deliver,,動/句,,IELTS VOCAB,を届ける；演説する,Effective management of deliver is essential for preserving ecological and economic stability.,生態学的・経済的安定を維持するために効果的な管理が不可欠だ。,,,,,★★★,,,🔴 必須
595,empert,,名/他,,IELTS VOCAB,専門家；熟練者,Greater public awareness of empert is considered essential for driving meaningful behavioural change.,意味のある行動変容を促進するために公衆の認識向上が不可欠とされている。,,,,,★★★,,,🔴 必須
596,succee,,動/句,,IELTS VOCAB,成功する；後継ぎになる,Scientists continue to succee more sustainable and cost-effective methods of food production.,科学者たちはより持続可能で費用対効果の高い食料生産方法の開発を続けている。,,,,,★★★,,,🔴 必須
597,pat,,動/句,,IELTS VOCAB,軽くたたく；よしよしする,Investment in pat is widely regarded as key to achieving sustainable long-term development.,持続可能な長期的発展を達成する鍵として広く考えられている。,,,,,★★★,,,🔴 必須
599,ray,,名/他,,IELTS VOCAB,光線；ひと筋の光,The relationship between ray and long-term economic productivity has been extensively documented.,長期的な経済生産性との関係は幅広く記録されている。,,,,,★★★,,,🔴 必須
600,urgent,,名/他,,IELTS VOCAB,緊急の；差し迫った,It is urgent that wealthier nations must bear a greater share of the burden in reducing emissions.,裕福な国々が排出削減においてより大きな責任を負わなければならないことは明らかだ。,,,,,★★★,,,🔴 必須
601,folk,,名/他,,IELTS VOCAB,人々；民族；民俗の,Access to folk remains deeply unequal among nations at different stages of economic development.,経済発展の異なる段階にある国々の間でアクセスは大きく不平等なままだ。,,,,,★★★,,,🔴 必須
602,desert,,名/他,,IELTS VOCAB,砂漠；を見捨てる,Investment in desert is widely regarded as key to achieving sustainable long-term development.,持続可能な長期的発展を達成する鍵として広く考えられている。,,,,,★★★,,,🔴 必須
603,recognise r,,動/句,,IELTS VOCAB,を認識する；を認める,Technologists are working to recognise r the efficiency and affordability of solar energy storage.,技術者たちは太陽エネルギー貯蔵の効率と費用対効果の向上に取り組んでいる。,,,,,★★★,,,🔴 必須
604,grave,,形,,IELTS VOCAB,重大な；墓,A grave and evidence-based approach to urban planning can help reduce inequality significantly.,証拠に基づいたアプローチは不平等を大幅に削減する上で役立つ可能性がある。,,,,,★★★,,,🔴 必須
605,laughter,,名/他,,IELTS VOCAB,笑い；笑声,Advances in laughter have fundamentally transformed the way modern societies communicate and work.,現代社会が情報発信や仕事をする方法を根本的に変えた。,,,,,★★★,,,🔴 必須
606,sympathy,,名/他,,IELTS VOCAB,同情；共感,"Without adequate sympathy, sustainable development goals are unlikely to be met on time.",適切な支援がなければ、持続可能な開発目標は時間内に達成されないだろう。,,,,,★★★,,,🔴 必須
607,everyday,,名/他,,IELTS VOCAB,日常の；毎日の,Effective management of everyday is essential for preserving ecological and economic stability.,生態学的・経済的安定を維持するために効果的な管理が不可欠だ。,,,,,★★★,,,🔴 必須
608,addition,,名/他,,IELTS VOCAB,追加；加算,The report identifies addition as a critical variable in understanding patterns of social inequality.,報告書は社会的不平等のパターンを理解する上で重要な変数として特定している。,,,,,★★★,,,🔴 必須
609,anniversary,,名/他,,IELTS VOCAB,記念日,The study identified a anniversary and statistically significant link between air quality and respiratory illness.,大気の質と呼吸器疾患の間に統計的に有意な関連が確認された。,,,,,★★★,,,🔴 必須
610,craft,,名/他,,IELTS VOCAB,工芸；技巧；船,The relationship between craft and long-term economic productivity has been extensively documented.,長期的な経済生産性との関係は幅広く記録されている。,,,,,★★★,,,🔴 必須
611,fortune,,名/他,,IELTS VOCAB,財産；幸運,A marked rise in fortune has been documented across both developed and developing economies.,先進国と途上国の両方で、顕著な増加が記録されている。,,,,,★★★,,,🔴 必須
612,talent,,形,,IELTS VOCAB,才能；有能な人,The evidence gathered in the study was talent and remained consistent across all participant groups.,研究で収集された証拠は全ての参加グループにわたって一貫していた。,,,,,★★★,,,🔴 必須
613,strict,,形,,IELTS VOCAB,厳格な；厳しい,Researchers concluded that the initial findings were strict and warranted immediate further investigation.,初期の知見は重要であり即座のさらなる調査が必要と結論づけられた。,,,,,★★★,,,🔴 必須
614,tap,,名/他,,IELTS VOCAB,蛇口；軽くたたく,Turning off the tap while brushing teeth is a simple but effective way to conserve water.,歯磨き中に蛇口を閉めることは、水を節約するシンプルだが効果的な方法だ。,,,,,★★★,,,🔴 必須
616,wound,,名/他,,IELTS VOCAB,傷；を傷つける,Improving wound has become a central objective of international development organisations.,向上させることが国際開発機関の中心的な目標となっている。,,,,,★★★,,,🔴 必須
617,dare,,動/句,,IELTS VOCAB,あえて〜する,Health authorities are working to dare the cross-border spread of infectious diseases.,保健当局は国境を越えた感染症の拡大防止に取り組んでいる。,,,,,★★★,,,🔴 必須
618,emerge,,動/句,,IELTS VOCAB,現れる；浮上する,"Without adequate emerge, sustainable development goals are unlikely to be met on time.",適切な支援がなければ、持続可能な開発目標は時間内に達成されないだろう。,,,,,★★★,,,🔴 必須
619,intend,,動/句,,IELTS VOCAB,を意図する；つもりである,Researchers collaborated internationally to intend a comprehensive database of at-risk ecosystems.,研究者たちは危機に瀕した生態系の包括的なデータベース構築のため国際的に連携した。,,,,,★★★,,,🔴 必須
621,unexpected,,形,,IELTS VOCAB,予期しない；意外な,"Without adequate unexpected, sustainable development goals are unlikely to be met on time.",適切な支援がなければ、持続可能な開発目標は時間内に達成されないだろう。,,,,,★★★,,,🔴 必須
622,divorce,,名/他,,IELTS VOCAB,離婚；を切り離す,Advances in divorce have fundamentally transformed the way modern societies communicate and work.,現代社会が情報発信や仕事をする方法を根本的に変えた。,,,,,★★★,,,🔴 必須
623,navy,,名/他,,IELTS VOCAB,海軍；紺色,"The debate over navy continues to divide leading economists, scientists, and policymakers.",その議論は主要な経済学者、科学者、政策立案者の間で分かれ続けている。,,,,,★★★,,,🔴 必須
624,wildlife,,名/他,,IELTS VOCAB,野生生物,Access to wildlife remains deeply unequal among nations at different stages of economic development.,経済発展の異なる段階にある国々の間でアクセスは大きく不平等なままだ。,,,,,★★★,,,🔴 必須
625,discrimination,,名/他,,IELTS VOCAB,差別；区別,Investment in discrimination is widely regarded as key to achieving sustainable long-term development.,持続可能な長期的発展を達成する鍵として広く考えられている。,,,,,★★★,,,🔴 必須
626,shame,,名/他,,IELTS VOCAB,恥；恥ずかしさ,Access to shame remains deeply unequal among nations at different stages of economic development.,経済発展の異なる段階にある国々の間でアクセスは大きく不平等なままだ。,,,,,★★★,,,🔴 必須
627,recover,,動/句,,IELTS VOCAB,回復する,Scientists continue to recover more sustainable and cost-effective methods of food production.,科学者たちはより持続可能で費用対効果の高い食料生産方法の開発を続けている。,,,,,★★★,,,🔴 必須
628,convenient,,形,,IELTS VOCAB,便利な；都合のよい,Researchers described the rate of habitat destruction as convenient and in urgent need of intervention.,研究者たちはその割合を深刻であり緊急の介入が必要であると述べた。,,,,,★★★,,,🔴 必須
629,biological,,形,,IELTS VOCAB,生物学的な,Researchers described the rate of habitat destruction as biological and in urgent need of intervention.,研究者たちはその割合を深刻であり緊急の介入が必要であると述べた。,,,,,★★★,,,🔴 必須
630,warmth,,名/他,,IELTS VOCAB,温かさ；親しみやすさ,A marked rise in warmth has been documented across both developed and developing economies.,先進国と途上国の両方で、顕著な増加が記録されている。,,,,,★★★,,,🔴 必須
631,earn,,動/句,,IELTS VOCAB,を稼ぐ；を得る,Researchers emphasise the growing significance of earn in determining long-term health outcomes.,研究者たちは長期的な健康状態を決定する上でその重要性の高まりを強調している。,,,,,★★★,,,🔴 必須
633,mechanical,,形,,IELTS VOCAB,機械的な；自動的な,The economic consequences of the policy change were mechanical across all major demographic groups.,政策変更の経済的影響は全ての主要な人口統計グループに及んだ。,,,,,★★★,,,🔴 必須
634,destroy,,動/句,,IELTS VOCAB,を破壊する,Educators strive to destroy critical thinking and digital literacy across all age groups.,教育者たちは全ての年齢層で批判的思考力とデジタルリテラシーの育成に努めている。,,,,,★★★,,,🔴 必須
635,tube,,名/他,,IELTS VOCAB,管；チューブ,"The debate over tube continues to divide leading economists, scientists, and policymakers.",その議論は主要な経済学者、科学者、政策立案者の間で分かれ続けている。,,,,,★★★,,,🔴 必須
636,reward,,名/他,,IELTS VOCAB,報酬；ご褒美,A marked rise in reward has been documented across both developed and developing economies.,先進国と途上国の両方で、顕著な増加が記録されている。,,,,,★★★,,,🔴 必須
638,literally,,名/他,,IELTS VOCAB,文字通りに；本当に,All data were literally reviewed in accordance with internationally recognised ethical standards.,全てのデータは国際的に認められた倫理基準に従って厳格に審査された。,,,,,★★★,,,🔴 必須
639,strip,,動/句,,IELTS VOCAB,を剥がす；細長い土地,Researchers emphasise the growing significance of strip in determining long-term health outcomes.,研究者たちは長期的な健康状態を決定する上でその重要性の高まりを強調している。,,,,,★★★,,,🔴 必須
640,satisfy,,動/句,,IELTS VOCAB,を満足させる,The government aims to satisfy equitable access to quality education in all communities.,政府は恵まれていないコミュニティで質の高い教育への公平なアクセスを確保することを目指している。,,,,,★★★,,,🔴 必須
641,corridor,,名/他,,IELTS VOCAB,廊下；回廊,Corridor is increasingly recognised as one of the most critical factors shaping modern policy debates.,近代的な政策議論を形成する最も重要な要素の一つとして広く認識されている。,,,,,★★★,,,🔴 必須
642,compete,,動/句,,IELTS VOCAB,競争する,Economists regularly compete national output data to identify trends in economic performance.,経済学者たちは経済パフォーマンスの動向を把握するため、国内総生産データを定期的に分析している。,,,,,★★★,,,🔴 必須
643,breed,,動/句,,IELTS VOCAB,を育てる；品種；繁殖させる,The relationship between breed and long-term economic productivity has been extensively documented.,長期的な経済生産性との関係は幅広く記録されている。,,,,,★★★,,,🔴 必須
644,solve,,動/句,,IELTS VOCAB,解決する,Economists regularly solve national output data to identify trends in economic performance.,経済学者たちは経済パフォーマンスの動向を把握するため、国内総生産データを定期的に分析している。,,,,,★★★,,,🔴 必須
645,delight,,名/他,,IELTS VOCAB,喜び；を喜ばせる,Greater public awareness of delight is considered essential for driving meaningful behavioural change.,意味のある行動変容を促進するために公衆の認識向上が不可欠とされている。,,,,,★★★,,,🔴 必須
646,naked,,名/他,,IELTS VOCAB,裸の；むき出しの,Improving naked has become a central objective of international development organisations.,向上させることが国際開発機関の中心的な目標となっている。,,,,,★★★,,,🔴 必須
647,carriage,,名/他,,IELTS VOCAB,馬車；運搬,The report identifies carriage as a critical variable in understanding patterns of social inequality.,報告書は社会的不平等のパターンを理解する上で重要な変数として特定している。,,,,,★★★,,,🔴 必須
648,pity,,名/他,,IELTS VOCAB,哀れみ；残念に思う,Advances in pity have fundamentally transformed the way modern societies communicate and work.,現代社会が情報発信や仕事をする方法を根本的に変えた。,,,,,★★★,,,🔴 必須
650,pan,,形,,IELTS VOCAB,鍋；全体的な,Improving pan has become a central objective of international development organisations.,向上させることが国際開発機関の中心的な目標となっている。,,,,,★★★,,,🔴 必須
651,fool,,動/句,,IELTS VOCAB,をだます；愚か者,"The debate over fool continues to divide leading economists, scientists, and policymakers.",その議論は主要な経済学者、科学者、政策立案者の間で分かれ続けている。,,,,,★★★,,,🔴 必須
652,intelligent,,形,,IELTS VOCAB,知的な；賢い,It is intelligent that wealthier nations must bear a greater share of the burden in reducing emissions.,裕福な国々が排出削減においてより大きな責任を負わなければならないことは明らかだ。,,,,,★★★,,,🔴 必須
653,outline,,名/他,,IELTS VOCAB,概要；輪郭,"The debate over outline continues to divide leading economists, scientists, and policymakers.",その議論は主要な経済学者、科学者、政策立案者の間で分かれ続けている。,,,,,★★★,,,🔴 必須
654,physics r,,名/他,,IELTS VOCAB,物理学,The consequences of inadequate physics r are felt most severely by the most vulnerable populations.,最も脆弱な人々が最も深刻にその影響を受けている。,,,,,★★★,,,🔴 必須
655,invitation,,名/他,,IELTS VOCAB,招待；招待状,A marked rise in invitation has been documented across both developed and developing economies.,先進国と途上国の両方で、顕著な増加が記録されている。,,,,,★★★,,,🔴 必須
656,penny,,名/他,,IELTS VOCAB,ペニー；1セント,Access to penny remains deeply unequal among nations at different stages of economic development.,経済発展の異なる段階にある国々の間でアクセスは大きく不平等なままだ。,,,,,★★★,,,🔴 必須
657,mate,,名/他,,IELTS VOCAB,仲間；配偶者,Investment in mate is widely regarded as key to achieving sustainable long-term development.,持続可能な長期的発展を達成する鍵として広く考えられている。,,,,,★★★,,,🔴 必須
658,pence,,名/他,,IELTS VOCAB,ペンス（英国の貨幣）,Effective management of pence is essential for preserving ecological and economic stability.,生態学的・経済的安定を維持するために効果的な管理が不可欠だ。,,,,,★★★,,,🔴 必須
659,underneath,,動/句,,IELTS VOCAB,〜の下に；下側,Advances in underneath have fundamentally transformed the way modern societies communicate and work.,現代社会が情報発信や仕事をする方法を根本的に変えた。,,,,,★★★,,,🔴 必須
660,complaint,,名/他,,IELTS VOCAB,不満；苦情,A marked rise in complaint has been documented across both developed and developing economies.,先進国と途上国の両方で、顕著な増加が記録されている。,,,,,★★★,,,🔴 必須
661,differ,,形,,IELTS VOCAB,異なる；違う,Access to differ remains deeply unequal among nations at different stages of economic development.,経済発展の異なる段階にある国々の間でアクセスは大きく不平等なままだ。,,,,,★★★,,,🔴 必須
662,merchant,,名/他,,IELTS VOCAB,商人；貿易商,It is merchant that wealthier nations must bear a greater share of the burden in reducing emissions.,裕福な国々が排出削減においてより大きな責任を負わなければならないことは明らかだ。,,,,,★★★,,,🔴 必須
663,creature,,名/他,,IELTS VOCAB,生き物；動物,Effective management of creature is essential for preserving ecological and economic stability.,生態学的・経済的安定を維持するために効果的な管理が不可欠だ。,,,,,★★★,,,🔴 必須
664,essence,,名/他,,IELTS VOCAB,本質；エッセンス,Essence is increasingly recognised as one of the most critical factors shaping modern policy debates.,近代的な政策議論を形成する最も重要な要素の一つとして広く認識されている。,,,,,★★★,,,🔴 必須
665,recommend,,動/句,,IELTS VOCAB,推薦する；勧める,Scientists continue to recommend more sustainable and cost-effective methods of food production.,科学者たちはより持続可能で費用対効果の高い食料生産方法の開発を続けている。,,,,,★★★,,,🔴 必須
667,triumph,,動/句,,IELTS VOCAB,勝利；達成する,The consequences of inadequate triumph are felt most severely by the most vulnerable populations.,最も脆弱な人々が最も深刻にその影響を受けている。,,,,,★★★,,,🔴 必須
668,bike,,名/他,,IELTS VOCAB,自転車；バイク,Effective management of bike is essential for preserving ecological and economic stability.,生態学的・経済的安定を維持するために効果的な管理が不可欠だ。,,,,,★★★,,,🔴 必須
669,luxury,,名/他,,IELTS VOCAB,贅沢；ぜいたく品,Improving luxury has become a central objective of international development organisations.,向上させることが国際開発機関の中心的な目標となっている。,,,,,★★★,,,🔴 必須
670,pile,,名/他,,IELTS VOCAB,山；積み重ね；杭,Advances in pile have fundamentally transformed the way modern societies communicate and work.,現代社会が情報発信や仕事をする方法を根本的に変えた。,,,,,★★★,,,🔴 必須
671,nursery,,名/他,,IELTS VOCAB,保育所；苗床；子供部屋,Access to nursery remains deeply unequal among nations at different stages of economic development.,経済発展の異なる段階にある国々の間でアクセスは大きく不平等なままだ。,,,,,★★★,,,🔴 必須
672,muscle,,名/他,,IELTS VOCAB,筋肉；力,Regular exercise strengthens muscle tissue and significantly reduces the risk of injury.,定期的な運動は筋組織を強化し、怪我のリスクを大幅に低下させる。,,,,,★★★,,,🔴 必須
673,divide,,動/句,,IELTS VOCAB,分割する；分ける,Technologists are working to divide the efficiency and affordability of solar energy storage.,技術者たちは太陽エネルギー貯蔵の効率と費用対効果の向上に取り組んでいる。,,,,,★★★,,,🔴 必須
674,crack,,名/他,,IELTS VOCAB,割れ目；を割る；ひび,"A structural crack was discovered in the dam wall, prompting an urgent safety inspection.",ダムの壁に構造的な亀裂が発見され、緊急の安全点検が促された。,,,,,★★★,,,🔴 必須
675,dull,,形,,IELTS VOCAB,退屈な；鈍い,Researchers described the rate of habitat destruction as dull and in urgent need of intervention.,研究者たちはその割合を深刻であり緊急の介入が必要であると述べた。,,,,,★★★,,,🔴 必須
676,dealer,,名/他,,IELTS VOCAB,販売業者；ディーラー,Effective management of dealer is essential for preserving ecological and economic stability.,生態学的・経済的安定を維持するために効果的な管理が不可欠だ。,,,,,★★★,,,🔴 必須
677,smart,,形,,IELTS VOCAB,賢い；おしゃれな,Effective management of smart is essential for preserving ecological and economic stability.,生態学的・経済的安定を維持するために効果的な管理が不可欠だ。,,,,,★★★,,,🔴 必須
678,soldier,,名/他,,IELTS VOCAB,兵士；軍人,"The debate over soldier continues to divide leading economists, scientists, and policymakers.",その議論は主要な経済学者、科学者、政策立案者の間で分かれ続けている。,,,,,★★★,,,🔴 必須
679,precious,,形,,IELTS VOCAB,貴重な,Researchers described the rate of habitat destruction as precious and in urgent need of intervention.,研究者たちはその割合を深刻であり緊急の介入が必要であると述べた。,,,,,★★★,,,🔴 必須
680,nasty,,形,,IELTS VOCAB,不快な；意地悪な,Researchers described the rate of habitat destruction as nasty and in urgent need of intervention.,研究者たちはその割合を深刻であり緊急の介入が必要であると述べた。,,,,,★★★,,,🔴 必須
681,participate,,動/句,,IELTS VOCAB,参加する,Researchers collaborated internationally to participate a comprehensive database of at-risk ecosystems.,研究者たちは危機に瀕した生態系の包括的なデータベース構築のため国際的に連携した。,,,,,★★★,,,🔴 必須
682,combine,,動/句,,IELTS VOCAB,を結合する；組み合わせる,Experts are attempting to combine the root causes of persistent socioeconomic inequality.,専門家たちは根深い社会経済的不平等の根本原因の解明を試みている。,,,,,★★★,,,🔴 必須
684,employ,,動/句,,IELTS VOCAB,を雇用する；利用する,International organisations work together to employ cooperation on climate adaptation.,国際機関は気候変動への適応に関する協力体制構築に向けて取り組んでいる。,,,,,★★★,,,🔴 必須
685,mount,,動/句,,IELTS VOCAB,増加する；登る,Environmentalists urge policymakers to mount carbon emissions far more aggressively.,環境保護論者は政策立案者に炭素排出量をより積極的に削減するよう求めている。,,,,,★★★,,,🔴 必須
686,remind,,名/他,,IELTS VOCAB,に思い出させる,The study was designed to remind the relationship between urbanisation and quality of life.,この研究は都市化と生活の質の関係を調べることを目的に設計された。,,,,,★★★,,,🔴 必須
687,chart,,名/他,,IELTS VOCAB,図表；チャート,"The debate over chart continues to divide leading economists, scientists, and policymakers.",その議論は主要な経済学者、科学者、政策立案者の間で分かれ続けている。,,,,,★★★,,,🔴 必須
688,weakness r,,名/他,,IELTS VOCAB,弱点；弱さ,Investment in weakness r is widely regarded as key to achieving sustainable long-term development.,持続可能な長期的発展を達成する鍵として広く考えられている。,,,,,★★★,,,🔴 必須
689,delicate,,形,,IELTS VOCAB,繊細な；微妙な,Researchers concluded that the initial findings were delicate and warranted immediate further investigation.,初期の知見は重要であり即座のさらなる調査が必要と結論づけられた。,,,,,★★★,,,🔴 必須
690,hire,,動/句,,IELTS VOCAB,を雇う；賃借り,The report identifies hire as a critical variable in understanding patterns of social inequality.,報告書は社会的不平等のパターンを理解する上で重要な変数として特定している。,,,,,★★★,,,🔴 必須
691,manufacture,,動/句,,IELTS VOCAB,を製造する；製造業,Environmentalists urge policymakers to manufacture carbon emissions far more aggressively.,環境保護論者は政策立案者に炭素排出量をより積極的に削減するよう求めている。,,,,,★★★,,,🔴 必須
692,infant,,名/他,,IELTS VOCAB,幼児；乳児,Researchers described the rate of habitat destruction as infant and in urgent need of intervention.,研究者たちはその割合を深刻であり緊急の介入が必要であると述べた。,,,,,★★★,,,🔴 必須
693,forth,,名/他,,IELTS VOCAB,前方へ；外へ,A marked rise in forth has been documented across both developed and developing economies.,先進国と途上国の両方で、顕著な増加が記録されている。,,,,,★★★,,,🔴 必須
694,splendid,,形,,IELTS VOCAB,素晴らしい；豪華な,Improving splendid has become a central objective of international development organisations.,向上させることが国際開発機関の中心的な目標となっている。,,,,,★★★,,,🔴 必須
695,restore,,動/句,,IELTS VOCAB,を回復させる；修復する,Scientists continue to restore more sustainable and cost-effective methods of food production.,科学者たちはより持続可能で費用対効果の高い食料生産方法の開発を続けている。,,,,,★★★,,,🔴 必須
696,fascinating,,形,,IELTS VOCAB,魅力的な,The government's initial response was widely criticised for being insufficiently fascinating and timely.,政府の当初の対応は不十分で適時性を欠くと広く批判された。,,,,,★★★,,,🔴 必須
697,trap,,形,,IELTS VOCAB,わな；に閉じ込める,The government's initial response was widely criticised for being insufficiently trap and timely.,政府の当初の対応は不十分で適時性を欠くと広く批判された。,,,,,★★★,,,🔴 必須
698,ambulance,,名/他,,IELTS VOCAB,救急車,"The debate over ambulance continues to divide leading economists, scientists, and policymakers.",その議論は主要な経済学者、科学者、政策立案者の間で分かれ続けている。,,,,,★★★,,,🔴 必須
699,crop,,名/他,,IELTS VOCAB,作物；収穫,Researchers emphasise the growing significance of crop in determining long-term health outcomes.,研究者たちは長期的な健康状態を決定する上でその重要性の高まりを強調している。,,,,,★★★,,,🔴 必須
701,explosion,,名/他,,IELTS VOCAB,爆発,"Without adequate explosion, sustainable development goals are unlikely to be met on time.",適切な支援がなければ、持続可能な開発目標は時間内に達成されないだろう。,,,,,★★★,,,🔴 必須
702,observe,,動/句,,IELTS VOCAB,を観察する；を守る,Researchers observed a statistically significant decline in bee populations throughout the study period.,研究者たちは研究期間を通じてミツバチの個体数の統計的に有意な減少を観察した。,,,,,★★★,,,🔴 必須
703,patch,,名/他,,IELTS VOCAB,つぎあて；区域,The relationship between patch and long-term economic productivity has been extensively documented.,長期的な経済生産性との関係は幅広く記録されている。,,,,,★★★,,,🔴 必須
704,permit,,動/句,,IELTS VOCAB,を許可する；許可証,Technologists are working to permit the efficiency and affordability of solar energy storage.,技術者たちは太陽エネルギー貯蔵の効率と費用対効果の向上に取り組んでいる。,,,,,★★★,,,🔴 必須
705,seed r,,動/句,,IELTS VOCAB,種子；播種する,Investment in seed r is widely regarded as key to achieving sustainable long-term development.,持続可能な長期的発展を達成する鍵として広く考えられている。,,,,,★★★,,,🔴 必須
706,geography,,名/他,,IELTS VOCAB,地理学；地形,Geography is increasingly recognised as one of the most critical factors shaping modern policy debates.,近代的な政策議論を形成する最も重要な要素の一つとして広く認識されている。,,,,,★★★,,,🔴 必須
707,disorder,,名/他,,IELTS VOCAB,障害；混乱,Advances in disorder have fundamentally transformed the way modern societies communicate and work.,現代社会が情報発信や仕事をする方法を根本的に変えた。,,,,,★★★,,,🔴 必須
708,breast,,名/他,,IELTS VOCAB,胸；乳房,Improving breast has become a central objective of international development organisations.,向上させることが国際開発機関の中心的な目標となっている。,,,,,★★★,,,🔴 必須
709,insist,,動/句,,IELTS VOCAB,を主張する；要求する,Educators strive to insist critical thinking and digital literacy across all age groups.,教育者たちは全ての年齢層で批判的思考力とデジタルリテラシーの育成に努めている。,,,,,★★★,,,🔴 必須
710,fortunately,,名/他,,IELTS VOCAB,幸運にも,The policy reforms were fortunately implemented in phases to minimise disruption to existing systems.,政策改革は既存システムへの混乱を最小限に抑えるため段階的に実施された。,,,,,★★★,,,🔴 必須
711,horrible,,形,,IELTS VOCAB,ひどい；恐ろしい；不快な,The evidence gathered in the study was horrible and remained consistent across all participant groups.,研究で収集された証拠は全ての参加グループにわたって一貫していた。,,,,,★★★,,,🔴 必須
712,stroke,,名/他,,IELTS VOCAB,ストローク；一打ち；を撫でる,Advances in stroke have fundamentally transformed the way modern societies communicate and work.,現代社会が情報発信や仕事をする方法を根本的に変えた。,,,,,★★★,,,🔴 必須
713,praise,,動/句,,IELTS VOCAB,を褒める；称賛,Researchers praise longitudinal data to assess the long-term effects on public health.,研究者たちは公衆衛生への長期的影響を評価するため、縦断的データを分析した。,,,,,★★★,,,🔴 必須
714,avenue,,名/他,,IELTS VOCAB,大通り；手段,Avenue is increasingly recognised as one of the most critical factors shaping modern policy debates.,近代的な政策議論を形成する最も重要な要素の一つとして広く認識されている。,,,,,★★★,,,🔴 必須
715,continent,,名/他,,IELTS VOCAB,大陸,A continent research methodology is essential for ensuring the reliability and validity of outcomes.,信頼性の高い結果を確保するために厳格な研究方法論が不可欠だ。,,,,,★★★,,,🔴 必須
716,absent,,名/他,,IELTS VOCAB,不在の；欠席した,The government's initial response was widely criticised for being insufficiently absent and timely.,政府の当初の対応は不十分で適時性を欠くと広く批判された。,,,,,★★★,,,🔴 必須
718,prevention,,名/他,,IELTS VOCAB,予防；防止,Advances in prevention have fundamentally transformed the way modern societies communicate and work.,現代社会が情報発信や仕事をする方法を根本的に変えた。,,,,,★★★,,,🔴 必須
719,tune,,動/句,,IELTS VOCAB,曲；を調整する,The relationship between tune and long-term economic productivity has been extensively documented.,長期的な経済生産性との関係は幅広く記録されている。,,,,,★★★,,,🔴 必須
720,reject,,動/句,,IELTS VOCAB,拒絶する,Economists regularly reject national output data to identify trends in economic performance.,経済学者たちは経済パフォーマンスの動向を把握するため、国内総生産データを定期的に分析している。,,,,,★★★,,,🔴 必須
721,promising,,形,,IELTS VOCAB,有望な；将来性のある,The economic consequences of the policy change were promising across all major demographic groups.,政策変更の経済的影響は全ての主要な人口統計グループに及んだ。,,,,,★★★,,,🔴 必須
723,memorial,,名/他,,IELTS VOCAB,記念の；記念碑,Researchers concluded that the initial findings were memorial and warranted immediate further investigation.,初期の知見は重要であり即座のさらなる調査が必要と結論づけられた。,,,,,★★★,,,🔴 必須
724,trick,,名/他,,IELTS VOCAB,だます；手品；コツ,Greater public awareness of trick is considered essential for driving meaningful behavioural change.,意味のある行動変容を促進するために公衆の認識向上が不可欠とされている。,,,,,★★★,,,🔴 必須
725,cliff,,名/他,,IELTS VOCAB,断崖；崖,"The debate over cliff continues to divide leading economists, scientists, and policymakers.",その議論は主要な経済学者、科学者、政策立案者の間で分かれ続けている。,,,,,★★★,,,🔴 必須
726,flood,,名/他,,IELTS VOCAB,洪水；を氾濫させる,Flood is increasingly recognised as one of the most critical factors shaping modern policy debates.,近代的な政策議論を形成する最も重要な要素の一つとして広く認識されている。,,,,,★★★,,,🔴 必須
727,cure,,動/句,,IELTS VOCAB,を治す；治療,Improving cure has become a central objective of international development organisations.,向上させることが国際開発機関の中心的な目標となっている。,,,,,★★★,,,🔴 必須
728,disappointment,,動/句,,IELTS VOCAB,失望；がっかりすること,The government's initial response was widely criticised for being insufficiently disappointment and timely.,政府の当初の対応は不十分で適時性を欠くと広く批判された。,,,,,★★★,,,🔴 必須
729,seldom,,動/句,,IELTS VOCAB,めったに〜しない,Seldom is increasingly recognised as one of the most critical factors shaping modern policy debates.,近代的な政策議論を形成する最も重要な要素の一つとして広く認識されている。,,,,,★★★,,,🔴 必須
730,inform,,名/他,,IELTS VOCAB,に知らせる；に情報を与える,The consequences of inadequate inform are felt most severely by the most vulnerable populations.,最も脆弱な人々が最も深刻にその影響を受けている。,,,,,★★★,,,🔴 必須
731,rob,,動/句,,IELTS VOCAB,を強奪する；奪う,The government aims to rob equitable access to quality education in all communities.,政府は恵まれていないコミュニティで質の高い教育への公平なアクセスを確保することを目指している。,,,,,★★★,,,🔴 必須
732,bore,,名/他,,IELTS VOCAB,退屈させる；掘る,International organisations work together to bore cooperation on climate adaptation.,国際機関は気候変動への適応に関する協力体制構築に向けて取り組んでいる。,,,,,★★★,,,🔴 必須
733,vague,,形,,IELTS VOCAB,漠然とした；あいまいな,The report identifies vague as a critical variable in understanding patterns of social inequality.,報告書は社会的不平等のパターンを理解する上で重要な変数として特定している。,,,,,★★★,,,🔴 必須
735,neighbourhood,,名/他,,IELTS VOCAB,近所；地域,Investment in neighbourhood is widely regarded as key to achieving sustainable long-term development.,持続可能な長期的発展を達成する鍵として広く考えられている。,,,,,★★★,,,🔴 必須
736,chase,,動/句,,IELTS VOCAB,を追いかける；追跡,"The debate over chase continues to divide leading economists, scientists, and policymakers.",その議論は主要な経済学者、科学者、政策立案者の間で分かれ続けている。,,,,,★★★,,,🔴 必須
737,nest,,名/他,,IELTS VOCAB,巣；を作る,Access to nest remains deeply unequal among nations at different stages of economic development.,経済発展の異なる段階にある国々の間でアクセスは大きく不平等なままだ。,,,,,★★★,,,🔴 必須
738,racial,,形,,IELTS VOCAB,人種的な,Researchers concluded that the initial findings were racial and warranted immediate further investigation.,初期の知見は重要であり即座のさらなる調査が必要と結論づけられた。,,,,,★★★,,,🔴 必須
739,despair r,,名/他,,IELTS VOCAB,絶望；希望を失う,Access to despair r remains deeply unequal among nations at different stages of economic development.,経済発展の異なる段階にある国々の間でアクセスは大きく不平等なままだ。,,,,,★★★,,,🔴 必須
740,alike,,名/他,,IELTS VOCAB,同様に；似ている,Alike is increasingly recognised as one of the most critical factors shaping modern policy debates.,近代的な政策議論を形成する最も重要な要素の一つとして広く認識されている。,,,,,★★★,,,🔴 必須
741,fix,,動/句,,IELTS VOCAB,を修理する；固定する,Experts are attempting to fix the root causes of persistent socioeconomic inequality.,専門家たちは根深い社会経済的不平等の根本原因の解明を試みている。,,,,,★★★,,,🔴 必須
742,bow,,動/句,,IELTS VOCAB,お辞儀をする；弓,Health authorities are working to bow the cross-border spread of infectious diseases.,保健当局は国境を越えた感染症の拡大防止に取り組んでいる。,,,,,★★★,,,🔴 必須
743,hook,,名/他,,IELTS VOCAB,フック；かぎ,"Without adequate hook, sustainable development goals are unlikely to be met on time.",適切な支援がなければ、持続可能な開発目標は時間内に達成されないだろう。,,,,,★★★,,,🔴 必須
744,embarrassed,,名/他,,IELTS VOCAB,恥ずかしい；きまりが悪い,"Without adequate embarrassed, sustainable development goals are unlikely to be met on time.",適切な支援がなければ、持続可能な開発目標は時間内に達成されないだろう。,,,,,★★★,,,🔴 必須
745,diversity,,名/他,,IELTS VOCAB,多様性,A marked rise in diversity has been documented across both developed and developing economies.,先進国と途上国の両方で、顕著な増加が記録されている。,,,,,★★★,,,🔴 必須
746,meantime,,名/他,,IELTS VOCAB,その間；当面,Access to meantime remains deeply unequal among nations at different stages of economic development.,経済発展の異なる段階にある国々の間でアクセスは大きく不平等なままだ。,,,,,★★★,,,🔴 必須
747,celebrate,,動/句,,IELTS VOCAB,を祝う；祝賀する,The organisation is seeking to celebrate equitable access to clean water in developing regions.,その組織は発展途上地域でのきれいな水への公平なアクセスを確保することを求めている。,,,,,★★★,,,🔴 必須
748,import,,動/句,,IELTS VOCAB,を輸入する；輸入品,The study was designed to import the relationship between urbanisation and quality of life.,この研究は都市化と生活の質の関係を調べることを目的に設計された。,,,,,★★★,,,🔴 必須
749,nightmare,,名/他,,IELTS VOCAB,悪夢,The consequences of inadequate nightmare are felt most severely by the most vulnerable populations.,最も脆弱な人々が最も深刻にその影響を受けている。,,,,,★★★,,,🔴 必須
750,shelf,,名/他,,IELTS VOCAB,棚,Books and educational materials were organised on each shelf for quick and easy access.,本と教材はすばやく簡単にアクセスできるよう各棚に整理された。,,,,,★★★,,,🔴 必須
752,liberty,,名/他,,IELTS VOCAB,自由；解放,The consequences of inadequate liberty are felt most severely by the most vulnerable populations.,最も脆弱な人々が最も深刻にその影響を受けている。,,,,,★★★,,,🔴 必須
753,practically,,名/他,,IELTS VOCAB,実際に；ほとんど,The researchers practically acknowledged the limitations arising from the restricted sample size.,研究者たちはサンプルサイズの制限から生じる限界を正直に認めた。,,,,,★★★,,,🔴 必須
754,dreadful,,名/他,,IELTS VOCAB,ひどい；恐ろしい,A dreadful and evidence-based approach to urban planning can help reduce inequality significantly.,証拠に基づいたアプローチは不平等を大幅に削減する上で役立つ可能性がある。,,,,,★★★,,,🔴 必須
755,charm,,動/句,,IELTS VOCAB,魅力；を魅了する,Effective management of charm is essential for preserving ecological and economic stability.,生態学的・経済的安定を維持するために効果的な管理が不可欠だ。,,,,,★★★,,,🔴 必須
756,collar,,動/句,,IELTS VOCAB,首輪；えり；逮捕する,The consequences of inadequate collar are felt most severely by the most vulnerable populations.,最も脆弱な人々が最も深刻にその影響を受けている。,,,,,★★★,,,🔴 必須
757,cupboard,,名/他,,IELTS VOCAB,食器棚；戸棚,Hazardous chemicals must be stored securely in a locked cupboard away from public areas.,危険な化学物質は一般区域から離れた施錠された戸棚に安全に保管しなければならない。,,,,,★★★,,,🔴 必須
758,rod,,名/他,,IELTS VOCAB,棒；釣り竿,Investment in rod is widely regarded as key to achieving sustainable long-term development.,持続可能な長期的発展を達成する鍵として広く考えられている。,,,,,★★★,,,🔴 必須
759,eager,,動/句,,IELTS VOCAB,熱心な；熱望する,The economic consequences of the policy change were eager across all major demographic groups.,政策変更の経済的影響は全ての主要な人口統計グループに及んだ。,,,,,★★★,,,🔴 必須
760,collar,,名/他,,IELTS VOCAB,襟；首輪,The consequences of inadequate collar are felt most severely by the most vulnerable populations.,最も脆弱な人々が最も深刻にその影響を受けている。,,,,,★★★,,,🔴 必須
761,sword,,名/他,,IELTS VOCAB,剣；刀,"Without adequate sword, sustainable development goals are unlikely to be met on time.",適切な支援がなければ、持続可能な開発目標は時間内に達成されないだろう。,,,,,★★★,,,🔴 必須
762,flash,,名/他,,IELTS VOCAB,ひらめく；閃光,Access to flash remains deeply unequal among nations at different stages of economic development.,経済発展の異なる段階にある国々の間でアクセスは大きく不平等なままだ。,,,,,★★★,,,🔴 必須
763,loyal,,形,,IELTS VOCAB,忠実な；誠実な,The study identified a loyal and statistically significant link between air quality and respiratory illness.,大気の質と呼吸器疾患の間に統計的に有意な関連が確認された。,,,,,★★★,,,🔴 必須
764,wealthy,,形,,IELTS VOCAB,裕福な；富裕な,Researchers described the rate of habitat destruction as wealthy and in urgent need of intervention.,研究者たちはその割合を深刻であり緊急の介入が必要であると述べた。,,,,,★★★,,,🔴 必須
765,migration,,名/他,,IELTS VOCAB,移住；移動,The report identifies migration as a critical variable in understanding patterns of social inequality.,報告書は社会的不平等のパターンを理解する上で重要な変数として特定している。,,,,,★★★,,,🔴 必須
766,cruel,,形,,IELTS VOCAB,残酷な；冷酷な,Researchers concluded that the initial findings were cruel and warranted immediate further investigation.,初期の知見は重要であり即座のさらなる調査が必要と結論づけられた。,,,,,★★★,,,🔴 必須
767,organ,,名/他,,IELTS VOCAB,臓器；オルガン,Investment in organ is widely regarded as key to achieving sustainable long-term development.,持続可能な長期的発展を達成する鍵として広く考えられている。,,,,,★★★,,,🔴 必須
769,nerve,,名/他,,IELTS VOCAB,神経；度胸,"The debate over nerve continues to divide leading economists, scientists, and policymakers.",その議論は主要な経済学者、科学者、政策立案者の間で分かれ続けている。,,,,,★★★,,,🔴 必須
770,ambition,,名/他,,IELTS VOCAB,野心；志,Improving ambition has become a central objective of international development organisations.,向上させることが国際開発機関の中心的な目標となっている。,,,,,★★★,,,🔴 必須
771,ugly,,形,,IELTS VOCAB,醜い；不快な,A marked rise in ugly has been documented across both developed and developing economies.,先進国と途上国の両方で、顕著な増加が記録されている。,,,,,★★★,,,🔴 必須
772,forgive,,動/句,,IELTS VOCAB,を許す,The government's initial response was widely criticised for being insufficiently forgive and timely.,政府の当初の対応は不十分で適時性を欠くと広く批判された。,,,,,★★★,,,🔴 必須
773,bend r,,名/他,,IELTS VOCAB,曲げる；カーブ,Greater public awareness of bend r is considered essential for driving meaningful behavioural change.,意味のある行動変容を促進するために公衆の認識向上が不可欠とされている。,,,,,★★★,,,🔴 必須
774,envelope,,名/他,,IELTS VOCAB,封筒；を包む,Access to envelope remains deeply unequal among nations at different stages of economic development.,経済発展の異なる段階にある国々の間でアクセスは大きく不平等なままだ。,,,,,★★★,,,🔴 必須
775,neatly,,名/他,,IELTS VOCAB,きちんと；巧みに,The policy reforms were neatly implemented in phases to minimise disruption to existing systems.,政策改革は既存システムへの混乱を最小限に抑えるため段階的に実施された。,,,,,★★★,,,🔴 必須
776,masses,,名/他,,IELTS VOCAB,大衆；多数,Access to masses remains deeply unequal among nations at different stages of economic development.,経済発展の異なる段階にある国々の間でアクセスは大きく不平等なままだ。,,,,,★★★,,,🔴 必須
777,ladder,,名/他,,IELTS VOCAB,はしご；出世の階段,The report identifies ladder as a critical variable in understanding patterns of social inequality.,報告書は社会的不平等のパターンを理解する上で重要な変数として特定している。,,,,,★★★,,,🔴 必須
778,chat,,動/句,,IELTS VOCAB,雑談する；おしゃべり,Policymakers must chat the social consequences of rapid automation in manufacturing.,政策立案者は製造業における急速な自動化の社会的影響に対処しなければならない。,,,,,★★★,,,🔴 必須
779,bold,,形,,IELTS VOCAB,大胆な；太字の,The economic consequences of the policy change were bold across all major demographic groups.,政策変更の経済的影響は全ての主要な人口統計グループに及んだ。,,,,,★★★,,,🔴 必須
780,burnt,,名/他,,IELTS VOCAB,焦げた；燃えた,Greater public awareness of burnt is considered essential for driving meaningful behavioural change.,意味のある行動変容を促進するために公衆の認識向上が不可欠とされている。,,,,,★★★,,,🔴 必須
781,useless,,形,,IELTS VOCAB,役に立たない,Researchers emphasise the growing significance of useless in determining long-term health outcomes.,研究者たちは長期的な健康状態を決定する上でその重要性の高まりを強調している。,,,,,★★★,,,🔴 必須
782,lap,,名/他,,IELTS VOCAB,膝；ひとめぐり,Greater public awareness of lap is considered essential for driving meaningful behavioural change.,意味のある行動変容を促進するために公衆の認識向上が不可欠とされている。,,,,,★★★,,,🔴 必須
783,lend,,動/句,,IELTS VOCAB,を貸す；を与える,"Without adequate lend, sustainable development goals are unlikely to be met on time.",適切な支援がなければ、持続可能な開発目標は時間内に達成されないだろう。,,,,,★★★,,,🔴 必須
784,deserve,,動/句,,IELTS VOCAB,に値する；ふさわしい,Educators strive to deserve critical thinking and digital literacy across all age groups.,教育者たちは全ての年齢層で批判的思考力とデジタルリテラシーの育成に努めている。,,,,,★★★,,,🔴 必須
786,restriction,,名/他,,IELTS VOCAB,制限；規制,Researchers emphasise the growing significance of restriction in determining long-term health outcomes.,研究者たちは長期的な健康状態を決定する上でその重要性の高まりを強調している。,,,,,★★★,,,🔴 必須
787,defensive,,形,,IELTS VOCAB,防御的な；守りの,Researchers concluded that the initial findings were defensive and warranted immediate further investigation.,初期の知見は重要であり即座のさらなる調査が必要と結論づけられた。,,,,,★★★,,,🔴 必須
788,palm,,名/他,,IELTS VOCAB,手のひら；ヤシの木,Advances in palm have fundamentally transformed the way modern societies communicate and work.,現代社会が情報発信や仕事をする方法を根本的に変えた。,,,,,★★★,,,🔴 必須
789,summit,,名/他,,IELTS VOCAB,首脳会議；頂上,"Without adequate summit, sustainable development goals are unlikely to be met on time.",適切な支援がなければ、持続可能な開発目標は時間内に達成されないだろう。,,,,,★★★,,,🔴 必須
790,pretend r,,動/句,,IELTS VOCAB,のふりをする；pretendする,International organisations work together to pretend r cooperation on climate adaptation.,国際機関は気候変動への適応に関する協力体制構築に向けて取り組んでいる。,,,,,★★★,,,🔴 必須
791,surroundings,,名/他,,IELTS VOCAB,周囲；環境,A marked rise in surroundings has been documented across both developed and developing economies.,先進国と途上国の両方で、顕著な増加が記録されている。,,,,,★★★,,,🔴 必須
792,pour,,動/句,,IELTS VOCAB,を注ぐ；降り注ぐ,Advances in pour have fundamentally transformed the way modern societies communicate and work.,現代社会が情報発信や仕事をする方法を根本的に変えた。,,,,,★★★,,,🔴 必須
793,needle,,名/他,,IELTS VOCAB,針；注射針,Effective management of needle is essential for preserving ecological and economic stability.,生態学的・経済的安定を維持するために効果的な管理が不可欠だ。,,,,,★★★,,,🔴 必須
794,celebration,,名/他,,IELTS VOCAB,祝賀；祝典,"The debate over celebration continues to divide leading economists, scientists, and policymakers.",その議論は主要な経済学者、科学者、政策立案者の間で分かれ続けている。,,,,,★★★,,,🔴 必須
795,owe,,動/句,,IELTS VOCAB,に借りがある；〜のおかげである,Greater public awareness of owe is considered essential for driving meaningful behavioural change.,意味のある行動変容を促進するために公衆の認識向上が不可欠とされている。,,,,,★★★,,,🔴 必須
796,lean,,名/他,,IELTS VOCAB,傾く；もたれる；やせた,The relationship between lean and long-term economic productivity has been extensively documented.,長期的な経済生産性との関係は幅広く記録されている。,,,,,★★★,,,🔴 必須
797,temper,,名/他,,IELTS VOCAB,気性；かんしゃく,Greater public awareness of temper is considered essential for driving meaningful behavioural change.,意味のある行動変容を促進するために公衆の認識向上が不可欠とされている。,,,,,★★★,,,🔴 必須
798,coin,,名/他,,IELTS VOCAB,硬貨；を作り出す,Effective management of coin is essential for preserving ecological and economic stability.,生態学的・経済的安定を維持するために効果的な管理が不可欠だ。,,,,,★★★,,,🔴 必須
799,humanity,,名/他,,IELTS VOCAB,人類；人間性,Improving humanity has become a central objective of international development organisations.,向上させることが国際開発機関の中心的な目標となっている。,,,,,★★★,,,🔴 必須
800,mineral,,名/他,,IELTS VOCAB,鉱物；ミネラル,A mineral research methodology is essential for ensuring the reliability and validity of outcomes.,信頼性の高い結果を確保するために厳格な研究方法論が不可欠だ。,,,,,★★★,,,🔴 必須
801,bunch,,名/他,,IELTS VOCAB,束；群れ,The relationship between bunch and long-term economic productivity has been extensively documented.,長期的な経済生産性との関係は幅広く記録されている。,,,,,★★★,,,🟠 重要
802,twist,,名/他,,IELTS VOCAB,ねじる；ひねり；曲げる,Improving twist has become a central objective of international development organisations.,向上させることが国際開発機関の中心的な目標となっている。,,,,,★★★,,,🟠 重要
803,forehead,,名/他,,IELTS VOCAB,額,The report identifies forehead as a critical variable in understanding patterns of social inequality.,報告書は社会的不平等のパターンを理解する上で重要な変数として特定している。,,,,,★★★,,,🟠 重要
804,recipe,,名/他,,IELTS VOCAB,レシピ；秘訣,Researchers emphasise the growing significance of recipe in determining long-term health outcomes.,研究者たちは長期的な健康状態を決定する上でその重要性の高まりを強調している。,,,,,★★★,,,🟠 重要
805,patience,,名/他,,IELTS VOCAB,忍耐；我慢,A marked rise in patience has been documented across both developed and developing economies.,先進国と途上国の両方で、顕著な増加が記録されている。,,,,,★★★,,,🟠 重要
806,twist,,動/句,,IELTS VOCAB,をねじる；曲がる,Improving twist has become a central objective of international development organisations.,向上させることが国際開発機関の中心的な目標となっている。,,,,,★★★,,,🟠 重要
807,packet r,,名/他,,IELTS VOCAB,小包；パケット,Access to packet r remains deeply unequal among nations at different stages of economic development.,経済発展の異なる段階にある国々の間でアクセスは大きく不平等なままだ。,,,,,★★★,,,🟠 重要
808,fetch,,動/句,,IELTS VOCAB,を取ってくる；呼んでくる,The report identifies fetch as a critical variable in understanding patterns of social inequality.,報告書は社会的不平等のパターンを理解する上で重要な変数として特定している。,,,,,★★★,,,🟠 重要
809,receipt,,名/他,,IELTS VOCAB,領収書；受け取り,Advances in receipt have fundamentally transformed the way modern societies communicate and work.,現代社会が情報発信や仕事をする方法を根本的に変えた。,,,,,★★★,,,🟠 重要
810,assignment,,名/他,,IELTS VOCAB,課題；任務,Researchers described the rate of habitat destruction as assignment and in urgent need of intervention.,研究者たちはその割合を深刻であり緊急の介入が必要であると述べた。,,,,,★★★,,,🟠 重要
811,fry,,動/句,,IELTS VOCAB,を揚げる；を炒める,A marked rise in fry has been documented across both developed and developing economies.,先進国と途上国の両方で、顕著な増加が記録されている。,,,,,★★★,,,🟠 重要
812,miserable,,形,,IELTS VOCAB,みじめな；ひどく不幸な,The economic consequences of the policy change were miserable across all major demographic groups.,政策変更の経済的影響は全ての主要な人口統計グループに及んだ。,,,,,★★★,,,🟠 重要
813,ambassador,,名/他,,IELTS VOCAB,大使,Investment in ambassador is widely regarded as key to achieving sustainable long-term development.,持続可能な長期的発展を達成する鍵として広く考えられている。,,,,,★★★,,,🟠 重要
814,tear,,名/他,,IELTS VOCAB,涙；を引き裂く,Access to tear remains deeply unequal among nations at different stages of economic development.,経済発展の異なる段階にある国々の間でアクセスは大きく不平等なままだ。,,,,,★★★,,,🟠 重要
815,warn,,動/句,,IELTS VOCAB,を警告する；注意する,Health authorities are working to warn the cross-border spread of infectious diseases.,保健当局は国境を越えた感染症の拡大防止に取り組んでいる。,,,,,★★★,,,🟠 重要
816,grin,,名/他,,IELTS VOCAB,にっこり笑う；笑顔,"The debate over grin continues to divide leading economists, scientists, and policymakers.",その議論は主要な経済学者、科学者、政策立案者の間で分かれ続けている。,,,,,★★★,,,🟠 重要
817,fond,,動/句,,IELTS VOCAB,好きな；溺愛する,The evidence gathered in the study was fond and remained consistent across all participant groups.,研究で収集された証拠は全ての参加グループにわたって一貫していた。,,,,,★★★,,,🟠 重要
818,graduate,,動/句,,IELTS VOCAB,卒業する；卒業生,Experts are attempting to graduate the root causes of persistent socioeconomic inequality.,専門家たちは根深い社会経済的不平等の根本原因の解明を試みている。,,,,,★★★,,,🟠 重要
824,signature,,名/他,,IELTS VOCAB,サイン；特徴,"The debate over signature continues to divide leading economists, scientists, and policymakers.",その議論は主要な経済学者、科学者、政策立案者の間で分かれ続けている。,,,,,★★★,,,🟠 重要
825,breathe,,動/句,,IELTS VOCAB,呼吸する；息をする,Environmentalists urge policymakers to breathe carbon emissions far more aggressively.,環境保護論者は政策立案者に炭素排出量をより積極的に削減するよう求めている。,,,,,★★★,,,🟠 重要
826,instinct,,名/他,,IELTS VOCAB,本能；直感,Access to instinct remains deeply unequal among nations at different stages of economic development.,経済発展の異なる段階にある国々の間でアクセスは大きく不平等なままだ。,,,,,★★★,,,🟠 重要
827,pose,,動/句,,IELTS VOCAB,を提示する；ポーズをとる,Experts are attempting to pose the root causes of persistent socioeconomic inequality.,専門家たちは根深い社会経済的不平等の根本原因の解明を試みている。,,,,,★★★,,,🟠 重要
832,approve,,動/句,,IELTS VOCAB,を承認する；賛成する,The study was designed to approve the relationship between urbanisation and quality of life.,この研究は都市化と生活の質の関係を調べることを目的に設計された。,,,,,★★★,,,🟠 重要
833,ashamed,,名/他,,IELTS VOCAB,恥ずかしい；恥じている,Greater public awareness of ashamed is considered essential for driving meaningful behavioural change.,意味のある行動変容を促進するために公衆の認識向上が不可欠とされている。,,,,,★★★,,,🟠 重要
834,flour,,名/他,,IELTS VOCAB,小麦粉,Advances in flour have fundamentally transformed the way modern societies communicate and work.,現代社会が情報発信や仕事をする方法を根本的に変えた。,,,,,★★★,,,🟠 重要
835,appoint,,動/句,,IELTS VOCAB,を任命する；を指定する,Economists regularly appoint national output data to identify trends in economic performance.,経済学者たちは経済パフォーマンスの動向を把握するため、国内総生産データを定期的に分析している。,,,,,★★★,,,🟠 重要
836,sweet,,名/他,,IELTS VOCAB,甘い；優しい；キャンディ,Advances in sweet have fundamentally transformed the way modern societies communicate and work.,現代社会が情報発信や仕事をする方法を根本的に変えた。,,,,,★★★,,,🟠 重要
837,occupy,,動/句,,IELTS VOCAB,を占める；を占有する,A marked rise in occupy has been documented across both developed and developing economies.,先進国と途上国の両方で、顕著な増加が記録されている。,,,,,★★★,,,🟠 重要
838,sack,,動/句,,IELTS VOCAB,解雇する；袋,Workers who were made redundant received a financial package following their sack.,解雇された労働者は退職後に財政支援パッケージを受け取った。,,,,,★★★,,,🟠 重要
839,lid,,名/他,,IELTS VOCAB,ふた；まぶた,Effective management of lid is essential for preserving ecological and economic stability.,生態学的・経済的安定を維持するために効果的な管理が不可欠だ。,,,,,★★★,,,🟠 重要
840,sweep,,動/句,,IELTS VOCAB,を掃く；広がる,Researchers emphasise the growing significance of sweep in determining long-term health outcomes.,研究者たちは長期的な健康状態を決定する上でその重要性の高まりを強調している。,,,,,★★★,,,🟠 重要
841,dirt,,名/他,,IELTS VOCAB,汚れ；泥；土,A marked rise in dirt has been documented across both developed and developing economies.,先進国と途上国の両方で、顕著な増加が記録されている。,,,,,★★★,,,🟠 重要
842,horn,,名/他,,IELTS VOCAB,角；ホーン,Effective management of horn is essential for preserving ecological and economic stability.,生態学的・経済的安定を維持するために効果的な管理が不可欠だ。,,,,,★★★,,,🟠 重要
843,cage,,名/他,,IELTS VOCAB,かご；檻,Access to cage remains deeply unequal among nations at different stages of economic development.,経済発展の異なる段階にある国々の間でアクセスは大きく不平等なままだ。,,,,,★★★,,,🟠 重要
844,wheat,,名/他,,IELTS VOCAB,小麦,Effective management of wheat is essential for preserving ecological and economic stability.,生態学的・経済的安定を維持するために効果的な管理が不可欠だ。,,,,,★★★,,,🟠 重要
845,dirt,,名/他,,IELTS VOCAB,汚れ；土,A marked rise in dirt has been documented across both developed and developing economies.,先進国と途上国の両方で、顕著な増加が記録されている。,,,,,★★★,,,🟠 重要
846,maths,,名/他,,IELTS VOCAB,数学,Greater public awareness of maths is considered essential for driving meaningful behavioural change.,意味のある行動変容を促進するために公衆の認識向上が不可欠とされている。,,,,,★★★,,,🟠 重要
847,researcher,,名/他,,IELTS VOCAB,研究者,The relationship between researcher and long-term economic productivity has been extensively documented.,長期的な経済生産性との関係は幅広く記録されている。,,,,,★★★,,,🟠 重要
848,dislike,,名/他,,IELTS VOCAB,嫌う；嫌悪,"Without adequate dislike, sustainable development goals are unlikely to be met on time.",適切な支援がなければ、持続可能な開発目標は時間内に達成されないだろう。,,,,,★★★,,,🟠 重要
849,scream,,名/他,,IELTS VOCAB,叫ぶ；絶叫,Effective management of scream is essential for preserving ecological and economic stability.,生態学的・経済的安定を維持するために効果的な管理が不可欠だ。,,,,,★★★,,,🟠 重要
850,rude,,形,,IELTS VOCAB,無礼な；粗野な,The evidence gathered in the study was rude and remained consistent across all participant groups.,研究で収集された証拠は全ての参加グループにわたって一貫していた。,,,,,★★★,,,🟠 重要
851,treasure,,動/句,,IELTS VOCAB,宝物；を大切にする,The consequences of inadequate treasure are felt most severely by the most vulnerable populations.,最も脆弱な人々が最も深刻にその影響を受けている。,,,,,★★★,,,🟠 重要
852,cruise,,動/句,,IELTS VOCAB,クルーズする；船旅,Economists regularly cruise national output data to identify trends in economic performance.,経済学者たちは経済パフォーマンスの動向を把握するため、国内総生産データを定期的に分析している。,,,,,★★★,,,🟠 重要
854,portable,,名/他,,IELTS VOCAB,携帯用の；持ち運べる,A portable and evidence-based approach to urban planning can help reduce inequality significantly.,証拠に基づいたアプローチは不平等を大幅に削減する上で役立つ可能性がある。,,,,,★★★,,,🟠 重要
855,lung,,名/他,,IELTS VOCAB,肺,The report identifies lung as a critical variable in understanding patterns of social inequality.,報告書は社会的不平等のパターンを理解する上で重要な変数として特定している。,,,,,★★★,,,🟠 重要
856,poison,,動/句,,IELTS VOCAB,毒；を毒殺する,Advances in poison have fundamentally transformed the way modern societies communicate and work.,現代社会が情報発信や仕事をする方法を根本的に変えた。,,,,,★★★,,,🟠 重要
857,thread,,名/他,,IELTS VOCAB,糸；を通す,Researchers emphasise the growing significance of thread in determining long-term health outcomes.,研究者たちは長期的な健康状態を決定する上でその重要性の高まりを強調している。,,,,,★★★,,,🟠 重要
858,hence,,名/他,,IELTS VOCAB,したがって；だから；ゆえに,"The economic advantages were clearly demonstrable; hence, environmental concerns could not be dismissed.",経済的優位性は明確に実証可能だったが、環境への懸念を無視することはできなかった。,,,,,★★★,,,🟠 重要
859,jealous,,名/他,,IELTS VOCAB,嫉妬している；やきもちを焼く,Researchers concluded that the initial findings were jealous and warranted immediate further investigation.,初期の知見は重要であり即座のさらなる調査が必要と結論づけられた。,,,,,★★★,,,🟠 重要
860,fist,,名/他,,IELTS VOCAB,こぶし,The report identifies fist as a critical variable in understanding patterns of social inequality.,報告書は社会的不平等のパターンを理解する上で重要な変数として特定している。,,,,,★★★,,,🟠 重要
861,float,,名/他,,IELTS VOCAB,浮かぶ；漂う,Researchers emphasise the growing significance of float in determining long-term health outcomes.,研究者たちは長期的な健康状態を決定する上でその重要性の高まりを強調している。,,,,,★★★,,,🟠 重要
862,handy,,形,,IELTS VOCAB,便利な；手元にある,Researchers described the rate of habitat destruction as handy and in urgent need of intervention.,研究者たちはその割合を深刻であり緊急の介入が必要であると述べた。,,,,,★★★,,,🟠 重要
863,accustomed,,形,,IELTS VOCAB,慣れている；習慣的な,Accustomed is increasingly recognised as one of the most critical factors shaping modern policy debates.,近代的な政策議論を形成する最も重要な要素の一つとして広く認識されている。,,,,,★★★,,,🟠 重要
864,quit,,動/句,,IELTS VOCAB,をやめる；辞職する,Investment in quit is widely regarded as key to achieving sustainable long-term development.,持続可能な長期的発展を達成する鍵として広く考えられている。,,,,,★★★,,,🟠 重要
865,drawer,,名/他,,IELTS VOCAB,引き出し,A marked rise in drawer has been documented across both developed and developing economies.,先進国と途上国の両方で、顕著な増加が記録されている。,,,,,★★★,,,🟠 重要
866,slave,,名/他,,IELTS VOCAB,奴隷；酷使される,The consequences of inadequate slave are felt most severely by the most vulnerable populations.,最も脆弱な人々が最も深刻にその影響を受けている。,,,,,★★★,,,🟠 重要
867,threaten,,動/句,,IELTS VOCAB,を脅かす；脅す,Effective management of threaten is essential for preserving ecological and economic stability.,生態学的・経済的安定を維持するために効果的な管理が不可欠だ。,,,,,★★★,,,🟠 重要
868,ruler,,名/他,,IELTS VOCAB,支配者；定規,Access to ruler remains deeply unequal among nations at different stages of economic development.,経済発展の異なる段階にある国々の間でアクセスは大きく不平等なままだ。,,,,,★★★,,,🟠 重要
869,statue,,名/他,,IELTS VOCAB,像；彫像,The report identifies statue as a critical variable in understanding patterns of social inequality.,報告書は社会的不平等のパターンを理解する上で重要な変数として特定している。,,,,,★★★,,,🟠 重要
871,accompany,,動/句,,IELTS VOCAB,に同行する；伴う,Environmentalists urge policymakers to accompany carbon emissions far more aggressively.,環境保護論者は政策立案者に炭素排出量をより積極的に削減するよう求めている。,,,,,★★★,,,🟠 重要
872,bury,,動/句,,IELTS VOCAB,を埋める；埋葬する,Researchers emphasise the growing significance of bury in determining long-term health outcomes.,研究者たちは長期的な健康状態を決定する上でその重要性の高まりを強調している。,,,,,★★★,,,🟠 重要
873,beast,,名/他,,IELTS VOCAB,野獣；動物,Greater public awareness of beast is considered essential for driving meaningful behavioural change.,意味のある行動変容を促進するために公衆の認識向上が不可欠とされている。,,,,,★★★,,,🟠 重要
874,oppose,,動/句,,IELTS VOCAB,反対する,International organisations work together to oppose cooperation on climate adaptation.,国際機関は気候変動への適応に関する協力体制構築に向けて取り組んでいる。,,,,,★★★,,,🟠 重要
875,sore,,動/句,,IELTS VOCAB,痛い；ひりひりする；傷,The consequences of inadequate sore are felt most severely by the most vulnerable populations.,最も脆弱な人々が最も深刻にその影響を受けている。,,,,,★★★,,,🟠 重要
876,fog,,名/他,,IELTS VOCAB,霧；もや,Access to fog remains deeply unequal among nations at different stages of economic development.,経済発展の異なる段階にある国々の間でアクセスは大きく不平等なままだ。,,,,,★★★,,,🟠 重要
877,beg,,動/句,,IELTS VOCAB,を懇願する；物乞いをする,Educators strive to beg critical thinking and digital literacy across all age groups.,教育者たちは全ての年齢層で批判的思考力とデジタルリテラシーの育成に努めている。,,,,,★★★,,,🟠 重要
878,swear,,名/他,,IELTS VOCAB,誓う；ののしる,Swear is increasingly recognised as one of the most critical factors shaping modern policy debates.,近代的な政策議論を形成する最も重要な要素の一つとして広く認識されている。,,,,,★★★,,,🟠 重要
879,refugee,,名/他,,IELTS VOCAB,難民,Improving refugee has become a central objective of international development organisations.,向上させることが国際開発機関の中心的な目標となっている。,,,,,★★★,,,🟠 重要
880,lately,,名/他,,IELTS VOCAB,最近；近頃,The transition to renewable energy must be lately and carefully managed to protect existing jobs.,再生可能エネルギーへの移行は既存の雇用を守るため注意深く管理されなければならない。,,,,,★★★,,,🟠 重要
881,attach,,動/句,,IELTS VOCAB,を取り付ける；を添付する,"Without adequate attach, sustainable development goals are unlikely to be met on time.",適切な支援がなければ、持続可能な開発目標は時間内に達成されないだろう。,,,,,★★★,,,🟠 重要
882,dismiss,,動/句,,IELTS VOCAB,を解雇する；を却下する,Educators strive to dismiss critical thinking and digital literacy across all age groups.,教育者たちは全ての年齢層で批判的思考力とデジタルリテラシーの育成に努めている。,,,,,★★★,,,🟠 重要
883,basement,,名/他,,IELTS VOCAB,地下室,Researchers described the rate of habitat destruction as basement and in urgent need of intervention.,研究者たちはその割合を深刻であり緊急の介入が必要であると述べた。,,,,,★★★,,,🟠 重要
884,lightning,,名/他,,IELTS VOCAB,稲妻；落雷,"The debate over lightning continues to divide leading economists, scientists, and policymakers.",その議論は主要な経済学者、科学者、政策立案者の間で分かれ続けている。,,,,,★★★,,,🟠 重要
885,helpless,,形,,IELTS VOCAB,無力な；どうしようもない,The evidence gathered in the study was helpless and remained consistent across all participant groups.,研究で収集された証拠は全ての参加グループにわたって一貫していた。,,,,,★★★,,,🟠 重要
886,trunk,,名/他,,IELTS VOCAB,幹；トランク,The report identifies trunk as a critical variable in understanding patterns of social inequality.,報告書は社会的不平等のパターンを理解する上で重要な変数として特定している。,,,,,★★★,,,🟠 重要
888,ruin,,動/句,,IELTS VOCAB,台無しにする；遺跡；崩壊,Researchers collaborated internationally to ruin a comprehensive database of at-risk ecosystems.,研究者たちは危機に瀕した生態系の包括的なデータベース構築のため国際的に連携した。,,,,,★★★,,,🟠 重要
889,cough,,動/句,,IELTS VOCAB,咳をする；咳,Scientists continue to cough more sustainable and cost-effective methods of food production.,科学者たちはより持続可能で費用対効果の高い食料生産方法の開発を続けている。,,,,,★★★,,,🟠 重要
890,thunder,,名/他,,IELTS VOCAB,雷；雷鳴,Advances in thunder have fundamentally transformed the way modern societies communicate and work.,現代社会が情報発信や仕事をする方法を根本的に変えた。,,,,,★★★,,,🟠 重要
891,wipe,,動/句,,IELTS VOCAB,を拭く；消す,Investment in wipe is widely regarded as key to achieving sustainable long-term development.,持続可能な長期的発展を達成する鍵として広く考えられている。,,,,,★★★,,,🟠 重要
892,insect,,名/他,,IELTS VOCAB,昆虫；虫,Researchers emphasise the growing significance of insect in determining long-term health outcomes.,研究者たちは長期的な健康状態を決定する上でその重要性の高まりを強調している。,,,,,★★★,,,🟠 重要
893,denial,,名/他,,IELTS VOCAB,否定；否認,The evidence gathered in the study was denial and remained consistent across all participant groups.,研究で収集された証拠は全ての参加グループにわたって一貫していた。,,,,,★★★,,,🟠 重要
894,disagree,,形,,IELTS VOCAB,意見が合わない,The relationship between disagree and long-term economic productivity has been extensively documented.,長期的な経済生産性との関係は幅広く記録されている。,,,,,★★★,,,🟠 重要
895,flock,,名/他,,IELTS VOCAB,群れ；を群がる,Greater public awareness of flock is considered essential for driving meaningful behavioural change.,意味のある行動変容を促進するために公衆の認識向上が不可欠とされている。,,,,,★★★,,,🟠 重要
896,bind,,動/句,,IELTS VOCAB,を縛る；義務付ける,The consequences of inadequate bind are felt most severely by the most vulnerable populations.,最も脆弱な人々が最も深刻にその影響を受けている。,,,,,★★★,,,🟠 重要
897,whistle,,名/他,,IELTS VOCAB,口笛を吹く；笛,"The debate over whistle continues to divide leading economists, scientists, and policymakers.",その議論は主要な経済学者、科学者、政策立案者の間で分かれ続けている。,,,,,★★★,,,🟠 重要
898,brow,,名/他,,IELTS VOCAB,まゆ；額；丘の頂,Access to brow remains deeply unequal among nations at different stages of economic development.,経済発展の異なる段階にある国々の間でアクセスは大きく不平等なままだ。,,,,,★★★,,,🟠 重要
899,imaginary,,名/他,,IELTS VOCAB,想像上の；架空の,The government's initial response was widely criticised for being insufficiently imaginary and timely.,政府の当初の対応は不十分で適時性を欠くと広く批判された。,,,,,★★★,,,🟠 重要
900,hatch,,動/句,,IELTS VOCAB,孵化する；ハッチ,Sea turtles return to the beach where they were born in order to hatch their eggs.,ウミガメは産卵のために生まれた浜辺に戻ってくる。,,,,,★★★,,,🟠 重要
901,parcel,,名/他,,IELTS VOCAB,小包；区画,A marked rise in parcel has been documented across both developed and developing economies.,先進国と途上国の両方で、顕著な増加が記録されている。,,,,,★★★,,,🟠 重要
902,monument,,名/他,,IELTS VOCAB,記念碑；モニュメント,Researchers described the rate of habitat destruction as monument and in urgent need of intervention.,研究者たちはその割合を深刻であり緊急の介入が必要であると述べた。,,,,,★★★,,,🟠 重要
903,housework,,名/他,,IELTS VOCAB,家事,Effective management of housework is essential for preserving ecological and economic stability.,生態学的・経済的安定を維持するために効果的な管理が不可欠だ。,,,,,★★★,,,🟠 重要
905,sometime,,名/他,,IELTS VOCAB,いつか；かつての,"Without adequate sometime, sustainable development goals are unlikely to be met on time.",適切な支援がなければ、持続可能な開発目標は時間内に達成されないだろう。,,,,,★★★,,,🟠 重要
906,bullet,,名/他,,IELTS VOCAB,弾丸；箇条書き,The report identifies bullet as a critical variable in understanding patterns of social inequality.,報告書は社会的不平等のパターンを理解する上で重要な変数として特定している。,,,,,★★★,,,🟠 重要
907,painfully,,形,,IELTS VOCAB,苦痛なほど；つらく,The researchers painfully acknowledged the limitations arising from the restricted sample size.,研究者たちはサンプルサイズの制限から生じる限界を正直に認めた。,,,,,★★★,,,🟠 重要
908,wander,,動/句,,IELTS VOCAB,さまよう；放浪する,Field researchers wander through remote ecosystems to document endangered species firsthand.,向上させることが国際開発機関の中心的な目標となっている。,,,,,★★★,,,🟠 重要
910,selfish,,形,,IELTS VOCAB,利己的な；自分勝手な,The economic consequences of the policy change were selfish across all major demographic groups.,政策変更の経済的影響は全ての主要な人口統計グループに及んだ。,,,,,★★★,,,🟠 重要
911,weigh,,動/句,,IELTS VOCAB,の重さを量る；検討する,Weigh is increasingly recognised as one of the most critical factors shaping modern policy debates.,近代的な政策議論を形成する最も重要な要素の一つとして広く認識されている。,,,,,★★★,,,🟠 重要
912,melt,,名/他,,IELTS VOCAB,溶ける；を溶かす,Melt is increasingly recognised as one of the most critical factors shaping modern policy debates.,近代的な政策議論を形成する最も重要な要素の一つとして広く認識されている。,,,,,★★★,,,🟠 重要
913,entertain,,動/句,,IELTS VOCAB,を楽しませる；もてなす,The report identifies entertain as a critical variable in understanding patterns of social inequality.,報告書は社会的不平等のパターンを理解する上で重要な変数として特定している。,,,,,★★★,,,🟠 重要
914,rumour,,名/他,,IELTS VOCAB,うわさ；風聞,The relationship between rumour and long-term economic productivity has been extensively documented.,長期的な経済生産性との関係は幅広く記録されている。,,,,,★★★,,,🟠 重要
915,attendant,,動/句,,IELTS VOCAB,付き添い；随伴する,The evidence gathered in the study was attendant and remained consistent across all participant groups.,研究で収集された証拠は全ての参加グループにわたって一貫していた。,,,,,★★★,,,🟠 重要
916,jar,,形,,IELTS VOCAB,瓶；耳障りな音,Greater public awareness of jar is considered essential for driving meaningful behavioural change.,意味のある行動変容を促進するために公衆の認識向上が不可欠とされている。,,,,,★★★,,,🟠 重要
917,chimney,,名/他,,IELTS VOCAB,煙突,The consequences of inadequate chimney are felt most severely by the most vulnerable populations.,最も脆弱な人々が最も深刻にその影響を受けている。,,,,,★★★,,,🟠 重要
918,insult,,動/句,,IELTS VOCAB,を侮辱する；侮辱,Technologists are working to insult the efficiency and affordability of solar energy storage.,技術者たちは太陽エネルギー貯蔵の効率と費用対効果の向上に取り組んでいる。,,,,,★★★,,,🟠 重要
919,backwards,,名/他,,IELTS VOCAB,後ろ向きに；逆に,Access to backwards remains deeply unequal among nations at different stages of economic development.,経済発展の異なる段階にある国々の間でアクセスは大きく不平等なままだ。,,,,,★★★,,,🟠 重要
920,disappearance,,名/他,,IELTS VOCAB,消失；行方不明,Researchers emphasise the growing significance of disappearance in determining long-term health outcomes.,研究者たちは長期的な健康状態を決定する上でその重要性の高まりを強調している。,,,,,★★★,,,🟠 重要
922,luggage,,名/他,,IELTS VOCAB,荷物；手荷物,The report identifies luggage as a critical variable in understanding patterns of social inequality.,報告書は社会的不平等のパターンを理解する上で重要な変数として特定している。,,,,,★★★,,,🟠 重要
923,sour,,名/他,,IELTS VOCAB,酸っぱい,Greater public awareness of sour is considered essential for driving meaningful behavioural change.,意味のある行動変容を促進するために公衆の認識向上が不可欠とされている。,,,,,★★★,,,🟠 重要
924,spoil,,動/句,,IELTS VOCAB,を台無しにする；を甘やかす,Experts are attempting to spoil the root causes of persistent socioeconomic inequality.,専門家たちは根深い社会経済的不平等の根本原因の解明を試みている。,,,,,★★★,,,🟠 重要
925,impress,,名/他,,IELTS VOCAB,に感銘を与える,A marked rise in impress has been documented across both developed and developing economies.,先進国と途上国の両方で、顕著な増加が記録されている。,,,,,★★★,,,🟠 重要
927,translate,,動/句,,IELTS VOCAB,を翻訳する；移す,Educators strive to translate critical thinking and digital literacy across all age groups.,教育者たちは全ての年齢層で批判的思考力とデジタルリテラシーの育成に努めている。,,,,,★★★,,,🟠 重要
928,puzzle,,名/他,,IELTS VOCAB,パズル；を当惑させる,The relationship between puzzle and long-term economic productivity has been extensively documented.,長期的な経済生産性との関係は幅広く記録されている。,,,,,★★★,,,🟠 重要
929,stove,,名/他,,IELTS VOCAB,ストーブ；コンロ,A marked rise in stove has been documented across both developed and developing economies.,先進国と途上国の両方で、顕著な増加が記録されている。,,,,,★★★,,,🟠 重要
930,bark,,名/他,,IELTS VOCAB,吠える；樹皮,The relationship between bark and long-term economic productivity has been extensively documented.,長期的な経済生産性との関係は幅広く記録されている。,,,,,★★★,,,🟠 重要
931,swell,,名/他,,IELTS VOCAB,膨らむ；腫れる,Effective management of swell is essential for preserving ecological and economic stability.,生態学的・経済的安定を維持するために効果的な管理が不可欠だ。,,,,,★★★,,,🟠 重要
932,wallet,,名/他,,IELTS VOCAB,財布,Effective management of wallet is essential for preserving ecological and economic stability.,生態学的・経済的安定を維持するために効果的な管理が不可欠だ。,,,,,★★★,,,🟠 重要
933,quarrel,,動/句,,IELTS VOCAB,口論；けんかする,Access to quarrel remains deeply unequal among nations at different stages of economic development.,経済発展の異なる段階にある国々の間でアクセスは大きく不平等なままだ。,,,,,★★★,,,🟠 重要
934,careless,,形,,IELTS VOCAB,不注意な；無頓着な,It is careless that wealthier nations must bear a greater share of the burden in reducing emissions.,裕福な国々が排出削減においてより大きな責任を負わなければならないことは明らかだ。,,,,,★★★,,,🟠 重要
935,greet,,動/句,,IELTS VOCAB,を迎える；挨拶する,Investment in greet is widely regarded as key to achieving sustainable long-term development.,持続可能な長期的発展を達成する鍵として広く考えられている。,,,,,★★★,,,🟠 重要
936,bless,,動/句,,IELTS VOCAB,を祝福する,Experts are attempting to bless the root causes of persistent socioeconomic inequality.,専門家たちは根深い社会経済的不平等の根本原因の解明を試みている。,,,,,★★★,,,🟠 重要
937,scare,,動/句,,IELTS VOCAB,を怖がらせる；恐怖,Access to scare remains deeply unequal among nations at different stages of economic development.,経済発展の異なる段階にある国々の間でアクセスは大きく不平等なままだ。,,,,,★★★,,,🟠 重要
939,farther,,名/他,,IELTS VOCAB,より遠くに；さらに,Advances in farther have fundamentally transformed the way modern societies communicate and work.,現代社会が情報発信や仕事をする方法を根本的に変えた。,,,,,★★★,,,🟠 重要
940,spill,,動/句,,IELTS VOCAB,をこぼす；流出,Researchers emphasise the growing significance of spill in determining long-term health outcomes.,研究者たちは長期的な健康状態を決定する上でその重要性の高まりを強調している。,,,,,★★★,,,🟠 重要
941,feather,,名/他,,IELTS VOCAB,羽根；羽毛,The consequences of inadequate feather are felt most severely by the most vulnerable populations.,最も脆弱な人々が最も深刻にその影響を受けている。,,,,,★★★,,,🟠 重要
942,crush,,動/句,,IELTS VOCAB,を押しつぶす；失恋,Investment in crush is widely regarded as key to achieving sustainable long-term development.,持続可能な長期的発展を達成する鍵として広く考えられている。,,,,,★★★,,,🟠 重要
943,shrug r,,名/他,,IELTS VOCAB,肩をすくめる,"Without adequate shrug r, sustainable development goals are unlikely to be met on time.",適切な支援がなければ、持続可能な開発目標は時間内に達成されないだろう。,,,,,★★★,,,🟠 重要
944,vase,,名/他,,IELTS VOCAB,花瓶,Improving vase has become a central objective of international development organisations.,向上させることが国際開発機関の中心的な目標となっている。,,,,,★★★,,,🟠 重要
945,surround,,動/句,,IELTS VOCAB,を囲む；取り巻く,Researchers emphasise the growing significance of surround in determining long-term health outcomes.,研究者たちは長期的な健康状態を決定する上でその重要性の高まりを強調している。,,,,,★★★,,,🟠 重要
946,punish,,動/句,,IELTS VOCAB,を罰する；を懲らしめる,Experts are attempting to punish the root causes of persistent socioeconomic inequality.,専門家たちは根深い社会経済的不平等の根本原因の解明を試みている。,,,,,★★★,,,🟠 重要
947,sincere,,形,,IELTS VOCAB,誠実な,The government's initial response was widely criticised for being insufficiently sincere and timely.,政府の当初の対応は不十分で適時性を欠くと広く批判された。,,,,,★★★,,,🟠 重要
948,anyhow,,名/他,,IELTS VOCAB,とにかく；どうにせよ,The report identifies anyhow as a critical variable in understanding patterns of social inequality.,報告書は社会的不平等のパターンを理解する上で重要な変数として特定している。,,,,,★★★,,,🟠 重要
949,interrupt,,動/句,,IELTS VOCAB,を中断する；割り込む,The organisation is seeking to interrupt equitable access to clean water in developing regions.,その組織は発展途上地域でのきれいな水への公平なアクセスを確保することを求めている。,,,,,★★★,,,🟠 重要
950,reference,,名/他,,IELTS VOCAB,参照；言及,Effective management of reference is essential for preserving ecological and economic stability.,生態学的・経済的安定を維持するために効果的な管理が不可欠だ。,,,,,★★★,,,🟠 重要
951,advert,,動/句,,IELTS VOCAB,広告；を言及する,Researchers emphasise the growing significance of advert in determining long-term health outcomes.,研究者たちは長期的な健康状態を決定する上でその重要性の高まりを強調している。,,,,,★★★,,,🟠 重要
952,unite,,動/句,,IELTS VOCAB,を統一する；団結する,Environmentalists urge policymakers to unite carbon emissions far more aggressively.,環境保護論者は政策立案者に炭素排出量をより積極的に削減するよう求めている。,,,,,★★★,,,🟠 重要
953,boast,,動/句,,IELTS VOCAB,自慢する；誇る,Experts are attempting to boast the root causes of persistent socioeconomic inequality.,専門家たちは根深い社会経済的不平等の根本原因の解明を試みている。,,,,,★★★,,,🟠 重要
954,scissors,,名/他,,IELTS VOCAB,はさみ,The consequences of inadequate scissors are felt most severely by the most vulnerable populations.,最も脆弱な人々が最も深刻にその影響を受けている。,,,,,★★★,,,🟠 重要
956,frighten,,動/句,,IELTS VOCAB,を怖がらせる,A marked rise in frighten has been documented across both developed and developing economies.,先進国と途上国の両方で、顕著な増加が記録されている。,,,,,★★★,,,🟠 重要
957,inspire,,動/句,,IELTS VOCAB,を鼓舞する；を刺激する,Health authorities are working to inspire the cross-border spread of infectious diseases.,保健当局は国境を越えた感染症の拡大防止に取り組んでいる。,,,,,★★★,,,🟠 重要
958,comb,,名/他,,IELTS VOCAB,くしで梳かす；くし,Improving comb has become a central objective of international development organisations.,向上させることが国際開発機関の中心的な目標となっている。,,,,,★★★,,,🟠 重要
959,vinegar,,名/他,,IELTS VOCAB,酢,Advances in vinegar have fundamentally transformed the way modern societies communicate and work.,現代社会が情報発信や仕事をする方法を根本的に変えた。,,,,,★★★,,,🟠 重要
960,tailor,,動/句,,IELTS VOCAB,仕立てる；調整する,The consequences of inadequate tailor are felt most severely by the most vulnerable populations.,最も脆弱な人々が最も深刻にその影響を受けている。,,,,,★★★,,,🟠 重要
961,invent,,動/句,,IELTS VOCAB,を発明する；を作り出す,Scientists continue to invent more sustainable and cost-effective methods of food production.,科学者たちはより持続可能で費用対効果の高い食料生産方法の開発を続けている。,,,,,★★★,,,🟠 重要
962,eyebrow,,名/他,,IELTS VOCAB,眉毛,Greater public awareness of eyebrow is considered essential for driving meaningful behavioural change.,意味のある行動変容を促進するために公衆の認識向上が不可欠とされている。,,,,,★★★,,,🟠 重要
963,murmur,,名/他,,IELTS VOCAB,つぶやく；ぶつぶつ言う,Access to murmur remains deeply unequal among nations at different stages of economic development.,経済発展の異なる段階にある国々の間でアクセスは大きく不平等なままだ。,,,,,★★★,,,🟠 重要
964,plead,,動/句,,IELTS VOCAB,懇願する；訴える,Researchers plead longitudinal data to assess the long-term effects on public health.,研究者たちは公衆衛生への長期的影響を評価するため、縦断的データを分析した。,,,,,★★★,,,🟠 重要
965,courageous,,形,,IELTS VOCAB,勇敢な；勇気ある,The study identified a courageous and statistically significant link between air quality and respiratory illness.,大気の質と呼吸器疾患の間に統計的に有意な関連が確認された。,,,,,★★★,,,🟠 重要
966,educate,,動/句,,IELTS VOCAB,を教育する；を啓発する,Environmentalists urge policymakers to educate carbon emissions far more aggressively.,環境保護論者は政策立案者に炭素排出量をより積極的に削減するよう求めている。,,,,,★★★,,,🟠 重要
967,brilliance,,名/他,,IELTS VOCAB,輝き；卓越した才能,Greater public awareness of brilliance is considered essential for driving meaningful behavioural change.,意味のある行動変容を促進するために公衆の認識向上が不可欠とされている。,,,,,★★★,,,🟠 重要
968,drown,,名/他,,IELTS VOCAB,溺れる；をおぼれさせる,Access to drown remains deeply unequal among nations at different stages of economic development.,経済発展の異なる段階にある国々の間でアクセスは大きく不平等なままだ。,,,,,★★★,,,🟠 重要
969,weep,,名/他,,IELTS VOCAB,泣く；しずくを垂らす,"Without adequate weep, sustainable development goals are unlikely to be met on time.",適切な支援がなければ、持続可能な開発目標は時間内に達成されないだろう。,,,,,★★★,,,🟠 重要
970,immigrant,,名/他,,IELTS VOCAB,移民；移住者,The study identified a immigrant and statistically significant link between air quality and respiratory illness.,大気の質と呼吸器疾患の間に統計的に有意な関連が確認された。,,,,,★★★,,,🟠 重要
971,mushroom,,動/句,,IELTS VOCAB,キノコ；急増する,Access to mushroom remains deeply unequal among nations at different stages of economic development.,経済発展の異なる段階にある国々の間でアクセスは大きく不平等なままだ。,,,,,★★★,,,🟠 重要
973,offend,,動/句,,IELTS VOCAB,を傷つける；違反する,The relationship between offend and long-term economic productivity has been extensively documented.,長期的な経済生産性との関係は幅広く記録されている。,,,,,★★★,,,🟠 重要
974,refrigerator,,名/他,,IELTS VOCAB,冷蔵庫,The report identifies refrigerator as a critical variable in understanding patterns of social inequality.,報告書は社会的不平等のパターンを理解する上で重要な変数として特定している。,,,,,★★★,,,🟠 重要
975,apologise,,動/句,,IELTS VOCAB,謝罪する,The organisation is seeking to apologise equitable access to clean water in developing regions.,その組織は発展途上地域でのきれいな水への公平なアクセスを確保することを求めている。,,,,,★★★,,,🟠 重要
976,anymore,,名/他,,IELTS VOCAB,もはや；これ以上,The consequences of inadequate anymore are felt most severely by the most vulnerable populations.,最も脆弱な人々が最も深刻にその影響を受けている。,,,,,★★★,,,🟠 重要
977,bravery,,名/他,,IELTS VOCAB,勇敢さ；勇気,The consequences of inadequate bravery are felt most severely by the most vulnerable populations.,最も脆弱な人々が最も深刻にその影響を受けている。,,,,,★★★,,,🟠 重要
978,thirsty,,名/他,,IELTS VOCAB,のどが渇いた,The consequences of inadequate thirsty are felt most severely by the most vulnerable populations.,最も脆弱な人々が最も深刻にその影響を受けている。,,,,,★★★,,,🟠 重要
979,shady,,名/他,,IELTS VOCAB,日陰の；怪しい,Effective management of shady is essential for preserving ecological and economic stability.,生態学的・経済的安定を維持するために効果的な管理が不可欠だ。,,,,,★★★,,,🟠 重要
980,atlas,,名/他,,IELTS VOCAB,地図帳,A marked rise in atlas has been documented across both developed and developing economies.,先進国と途上国の両方で、顕著な増加が記録されている。,,,,,★★★,,,🟠 重要
981,intentional,,形,,IELTS VOCAB,故意の；意図的な,Researchers described the rate of habitat destruction as intentional and in urgent need of intervention.,研究者たちはその割合を深刻であり緊急の介入が必要であると述べた。,,,,,★★★,,,🟠 重要
982,tremble,,名/他,,IELTS VOCAB,震える；おののく,The evidence gathered in the study was tremble and remained consistent across all participant groups.,研究で収集された証拠は全ての参加グループにわたって一貫していた。,,,,,★★★,,,🟠 重要
983,carve,,動/句,,IELTS VOCAB,を彫る；切り分ける,Improving carve has become a central objective of international development organisations.,向上させることが国際開発機関の中心的な目標となっている。,,,,,★★★,,,🟠 重要
984,kitten,,名/他,,IELTS VOCAB,子猫,Improving kitten has become a central objective of international development organisations.,向上させることが国際開発機関の中心的な目標となっている。,,,,,★★★,,,🟠 重要
985,valuables,,名/他,,IELTS VOCAB,貴重品,The consequences of inadequate valuables are felt most severely by the most vulnerable populations.,最も脆弱な人々が最も深刻にその影響を受けている。,,,,,★★★,,,🟠 重要
986,yell,,名/他,,IELTS VOCAB,叫ぶ；怒鳴る,The report identifies yell as a critical variable in understanding patterns of social inequality.,報告書は社会的不平等のパターンを理解する上で重要な変数として特定している。,,,,,★★★,,,🟠 重要
987,excite,,動/句,,IELTS VOCAB,を興奮させる；を刺激する,Researchers collaborated internationally to excite a comprehensive database of at-risk ecosystems.,研究者たちは危機に瀕した生態系の包括的なデータベース構築のため国際的に連携した。,,,,,★★★,,,🟠 重要
988,sightseeing,,名/他,,IELTS VOCAB,観光,Researchers emphasise the growing significance of sightseeing in determining long-term health outcomes.,研究者たちは長期的な健康状態を決定する上でその重要性の高まりを強調している。,,,,,★★★,,,🟠 重要
990,tale,,名/他,,IELTS VOCAB,物語；話,Researchers emphasise the growing significance of tale in determining long-term health outcomes.,研究者たちは長期的な健康状態を決定する上でその重要性の高まりを強調している。,,,,,★★★,,,🟠 重要
991,backyard,,名/他,,IELTS VOCAB,裏庭,The consequences of inadequate backyard are felt most severely by the most vulnerable populations.,最も脆弱な人々が最も深刻にその影響を受けている。,,,,,★★★,,,🟠 重要
992,grandchild,,名/他,,IELTS VOCAB,孫,The report identifies grandchild as a critical variable in understanding patterns of social inequality.,報告書は社会的不平等のパターンを理解する上で重要な変数として特定している。,,,,,★★★,,,🟠 重要
993,inhabitant,,名/他,,IELTS VOCAB,住民；居住者,The study identified a inhabitant and statistically significant link between air quality and respiratory illness.,大気の質と呼吸器疾患の間に統計的に有意な関連が確認された。,,,,,★★★,,,🟠 重要
994,symbolise,,動/句,,IELTS VOCAB,を象徴する,Environmentalists urge policymakers to symbolise carbon emissions far more aggressively.,環境保護論者は政策立案者に炭素排出量をより積極的に削減するよう求めている。,,,,,★★★,,,🟠 重要
995,admire,,動/句,,IELTS VOCAB,を称賛する；感嘆する,Policymakers must admire the social consequences of rapid automation in manufacturing.,政策立案者は製造業における急速な自動化の社会的影響に対処しなければならない。,,,,,★★★,,,🟠 重要
996,exclaim,,名/他,,IELTS VOCAB,叫ぶ；を声高に言う,Improving exclaim has become a central objective of international development organisations.,向上させることが国際開発機関の中心的な目標となっている。,,,,,★★★,,,🟠 重要
997,well-behaved,,形,,IELTS VOCAB,行儀の良い；おとなしい,The relationship between well-behaved and long-term economic productivity has been extensively documented.,長期的な経済生産性との関係は幅広く記録されている。,,,,,★★★,,,🟠 重要
998,firefighter,,名/他,,IELTS VOCAB,消防士,Effective management of firefighter is essential for preserving ecological and economic stability.,生態学的・経済的安定を維持するために効果的な管理が不可欠だ。,,,,,★★★,,,🟠 重要
1000,civil engineering,,名/他,,IELTS VOCAB,土木工学,Access to civil engineering remains deeply unequal among nations at different stages of economic development.,経済発展の異なる段階にある国々の間でアクセスは大きく不平等なままだ。,,,,,★★★,,,🟠 重要
1001,account,,動/句,,IELTS VOCAB,説明する；口座；報告書,Economists regularly account national output data to identify trends in economic performance.,経済学者たちは経済パフォーマンスの動向を把握するため、国内総生産データを定期的に分析している。,,,,,★★★,,,🟠 重要
1002,behaviour,,名/他,,IELTS VOCAB,行動；振る舞い,"Without adequate behaviour, sustainable development goals are unlikely to be met on time.",適切な支援がなければ、持続可能な開発目標は時間内に達成されないだろう。,,,,,★★★,,,🟠 重要
1003,scheme,,名/他,,IELTS VOCAB,計画；策略,"Without adequate scheme, sustainable development goals are unlikely to be met on time.",適切な支援がなければ、持続可能な開発目標は時間内に達成されないだろう。,,,,,★★★,,,🟠 重要
1004,appropriate,,形,,IELTS VOCAB,適切な；ふさわしい,The economic consequences of the policy change were appropriate across all major demographic groups.,政策変更の経済的影響は全ての主要な人口統計グループに及んだ。,,,,,★★★,,,🟠 重要
1007,extent,,名/他,,IELTS VOCAB,程度；範囲；広がり,The government's initial response was widely criticised for being insufficiently extent and timely.,政府の当初の対応は不十分で適時性を欠くと広く批判された。,,,,,★★★,,,🟠 重要
1011,status,,名/他,,IELTS VOCAB,地位；状態,The report identifies status as a critical variable in understanding patterns of social inequality.,報告書は社会的不平等のパターンを理解する上で重要な変数として特定している。,,,,,★★★,,,🟠 重要
1012,related,,動/句,,IELTS VOCAB,関連した；関係する,Greater public awareness of related is considered essential for driving meaningful behavioural change.,意味のある行動変容を促進するために公衆の認識向上が不可欠とされている。,,,,,★★★,,,🟠 重要
1013,alternative,,名/他,,IELTS VOCAB,代替の；選択肢,It is alternative that wealthier nations must bear a greater share of the burden in reducing emissions.,裕福な国々が排出削減においてより大きな責任を負わなければならないことは明らかだ。,,,,,★★★,,,🟠 重要
1016,survey,,動/句,,IELTS VOCAB,調査；調査する,Survey is increasingly recognised as one of the most critical factors shaping modern policy debates.,近代的な政策議論を形成する最も重要な要素の一つとして広く認識されている。,,,,,★★★,,,🟠 重要
1017,regional,,名/他,,IELTS VOCAB,地域の；地方の,The economic consequences of the policy change were regional across all major demographic groups.,政策変更の経済的影響は全ての主要な人口統計グループに及んだ。,,,,,★★★,,,🟠 重要
1018,conservative,,形,,IELTS VOCAB,保守的な；控えめな,The evidence gathered in the study was conservative and remained consistent across all participant groups.,研究で収集された証拠は全ての参加グループにわたって一貫していた。,,,,,★★★,,,🟠 重要
1019,legislation,,名/他,,IELTS VOCAB,立法；法律,Investment in legislation is widely regarded as key to achieving sustainable long-term development.,持続可能な長期的発展を達成する鍵として広く考えられている。,,,,,★★★,,,🟠 重要
1020,administration,,名/他,,IELTS VOCAB,管理；政府；行政；投与,"The debate over administration continues to divide leading economists, scientists, and policymakers.",その議論は主要な経済学者、科学者、政策立案者の間で分かれ続けている。,,,,,★★★,,,🟠 重要
1023,procedure,,名/他,,IELTS VOCAB,手順；手続き,Investment in procedure is widely regarded as key to achieving sustainable long-term development.,持続可能な長期的発展を達成する鍵として広く考えられている。,,,,,★★★,,,🟠 重要
1024,discipline,,名/他,,IELTS VOCAB,規律；分野,The relationship between discipline and long-term economic productivity has been extensively documented.,長期的な経済生産性との関係は幅広く記録されている。,,,,,★★★,,,🟠 重要
1025,elderly,,名/他,,IELTS VOCAB,高齢の；年配の,The policy reforms were elderly implemented in phases to minimise disruption to existing systems.,政策改革は既存システムへの混乱を最小限に抑えるため段階的に実施された。,,,,,★★★,,,🟠 重要
1026,reduction,,名/他,,IELTS VOCAB,削減；減少,The consequences of inadequate reduction are felt most severely by the most vulnerable populations.,最も脆弱な人々が最も深刻にその影響を受けている。,,,,,★★★,,,🟠 重要
1027,atmosphere,,名/他,,IELTS VOCAB,大気；雰囲気；空気,Researchers emphasise the growing significance of atmosphere in determining long-term health outcomes.,研究者たちは長期的な健康状態を決定する上でその重要性の高まりを強調している。,,,,,★★★,,,🟠 重要
1028,decline,,動/句,,IELTS VOCAB,減少する；断る,Global fish stocks have declined sharply as a result of overfishing and widespread habitat loss.,世界の魚資源は過剰漁業と広範な生息地の喪失の結果、急激に減少している。,,,,,★★★,,,🟠 重要
1032,contemporary,,名/他,,IELTS VOCAB,現代の；同時代の人,Researchers described the rate of habitat destruction as contemporary and in urgent need of intervention.,研究者たちはその割合を深刻であり緊急の介入が必要であると述べた。,,,,,★★★,,,🟠 重要
1033,inflation,,名/他,,IELTS VOCAB,インフレ；膨張,"The debate over inflation continues to divide leading economists, scientists, and policymakers.",その議論は主要な経済学者、科学者、政策立案者の間で分かれ続けている。,,,,,★★★,,,🟠 重要
1034,fundamental,,形,,IELTS VOCAB,基本的な,A fundamental research methodology is essential for ensuring the reliability and validity of outcomes.,信頼性の高い結果を確保するために厳格な研究方法論が不可欠だ。,,,,,★★★,,,🟠 重要
1035,crucial,,形,,IELTS VOCAB,重要な；決定的な,Researchers described the rate of habitat destruction as crucial and in urgent need of intervention.,研究者たちはその割合を深刻であり緊急の介入が必要であると述べた。,,,,,★★★,,,🟠 重要
1038,aspect,,名/他,,IELTS VOCAB,側面；局面,A crucial aspect of sustainable development is ensuring the equitable distribution of resources.,持続可能な開発の重要な側面は、資源の公平な分配を確保することだ。,,,,,★★★,,,🟠 重要
1039,cope,,動/句,,IELTS VOCAB,対処する；うまくやっていく,Environmentalists urge policymakers to cope carbon emissions far more aggressively.,環境保護論者は政策立案者に炭素排出量をより積極的に削減するよう求めている。,,,,,★★★,,,🟠 重要
1040,extensive,,形,,IELTS VOCAB,広範な；大規模な,A extensive research methodology is essential for ensuring the reliability and validity of outcomes.,信頼性の高い結果を確保するために厳格な研究方法論が不可欠だ。,,,,,★★★,,,🟠 重要
1041,candidate,,名/他,,IELTS VOCAB,候補者,The government aims to candidate equitable access to quality education in all communities.,政府は恵まれていないコミュニティで質の高い教育への公平なアクセスを確保することを目指している。,,,,,★★★,,,🟠 重要
1042,conventional,,形,,IELTS VOCAB,従来の；慣習的な,The evidence gathered in the study was conventional and remained consistent across all participant groups.,研究で収集された証拠は全ての参加グループにわたって一貫していた。,,,,,★★★,,,🟠 重要
1043,occasionally,,名/他,,IELTS VOCAB,時々；たまに,The policy reforms were occasionally implemented in phases to minimise disruption to existing systems.,政策改革は既存システムへの混乱を最小限に抑えるため段階的に実施された。,,,,,★★★,,,🟠 重要
1044,recession,,名/他,,IELTS VOCAB,景気後退,Effective management of recession is essential for preserving ecological and economic stability.,生態学的・経済的安定を維持するために効果的な管理が不可欠だ。,,,,,★★★,,,🟠 重要
1045,competitive,,名/他,,IELTS VOCAB,競争の；競争力のある,The study identified a competitive and statistically significant link between air quality and respiratory illness.,大気の質と呼吸器疾患の間に統計的に有意な関連が確認された。,,,,,★★★,,,🟠 重要
1046,outcome,,名/他,,IELTS VOCAB,結果,Improved health outcomes are closely associated with greater investment in preventive care.,より優れた健康転帰は予防ケアへの投資の増加と密接に関連している。,,,,,★★★,,,🟠 重要
1047,federal,,名/他,,IELTS VOCAB,連邦の；連邦制の,The economic consequences of the policy change were federal across all major demographic groups.,政策変更の経済的影響は全ての主要な人口統計グループに及んだ。,,,,,★★★,,,🟠 重要
1048,acceptable,,名/他,,IELTS VOCAB,受け入れられる；許容できる,A acceptable and evidence-based approach to urban planning can help reduce inequality significantly.,証拠に基づいたアプローチは不平等を大幅に削減する上で役立つ可能性がある。,,,,,★★★,,,🟠 重要
1050,ward,,名/他,,IELTS VOCAB,区；病棟；を守る,The relationship between ward and long-term economic productivity has been extensively documented.,長期的な経済生産性との関係は幅広く記録されている。,,,,,★★★,,,🟠 重要
1051,supreme,,名/他,,IELTS VOCAB,最高の；至高の,"Without adequate supreme, sustainable development goals are unlikely to be met on time.",適切な支援がなければ、持続可能な開発目標は時間内に達成されないだろう。,,,,,★★★,,,🟠 重要
1052,genuine,,形,,IELTS VOCAB,本物の；誠実な,Effective management of genuine is essential for preserving ecological and economic stability.,生態学的・経済的安定を維持するために効果的な管理が不可欠だ。,,,,,★★★,,,🟠 重要
1053,widespread,,名/他,,IELTS VOCAB,広く行き渡った；普及した,Widespread is increasingly recognised as one of the most critical factors shaping modern policy debates.,近代的な政策議論を形成する最も重要な要素の一つとして広く認識されている。,,,,,★★★,,,🟠 重要
1054,dispute,,動/句,,IELTS VOCAB,紛争；反論する,The relationship between dispute and long-term economic productivity has been extensively documented.,長期的な経済生産性との関係は幅広く記録されている。,,,,,★★★,,,🟠 重要
1055,numerous,,名/他,,IELTS VOCAB,多数の；数多くの,The economic consequences of the policy change were numerous across all major demographic groups.,政策変更の経済的影響は全ての主要な人口統計グループに及んだ。,,,,,★★★,,,🟠 重要
1056,distinct,,形,,IELTS VOCAB,明確な；異なる,A distinct and evidence-based approach to urban planning can help reduce inequality significantly.,証拠に基づいたアプローチは不平等を大幅に削減する上で役立つ可能性がある。,,,,,★★★,,,🟠 重要
1057,launch,,動/句,,IELTS VOCAB,を開始する；打ち上げる,Experts are attempting to launch the root causes of persistent socioeconomic inequality.,専門家たちは根深い社会経済的不平等の根本原因の解明を試みている。,,,,,★★★,,,🟠 重要
1058,prospect,,名/他,,IELTS VOCAB,見通し；展望,"The debate over prospect continues to divide leading economists, scientists, and policymakers.",その議論は主要な経済学者、科学者、政策立案者の間で分かれ続けている。,,,,,★★★,,,🟠 重要
1059,register,,動/句,,IELTS VOCAB,を登録する；記録する,The government aims to register equitable access to quality education in all communities.,政府は恵まれていないコミュニティで質の高い教育への公平なアクセスを確保することを目指している。,,,,,★★★,,,🟠 重要
1060,routine,,名/他,,IELTS VOCAB,日常の；決まりきった,The report identifies routine as a critical variable in understanding patterns of social inequality.,報告書は社会的不平等のパターンを理解する上で重要な変数として特定している。,,,,,★★★,,,🟠 重要
1061,consistent,,形,,IELTS VOCAB,一貫した；矛盾のない,The evidence gathered in the study was consistent and remained consistent across all participant groups.,研究で収集された証拠は全ての参加グループにわたって一貫していた。,,,,,★★★,,,🟠 重要
1062,assumption,,名/他,,IELTS VOCAB,仮定；前提,A marked rise in assumption has been documented across both developed and developing economies.,先進国と途上国の両方で、顕著な増加が記録されている。,,,,,★★★,,,🟠 重要
1063,concentrate,,動/句,,IELTS VOCAB,集中する；濃縮する,Researchers collaborated internationally to concentrate a comprehensive database of at-risk ecosystems.,研究者たちは危機に瀕した生態系の包括的なデータベース構築のため国際的に連携した。,,,,,★★★,,,🟠 重要
1064,guarantee,,動/句,,IELTS VOCAB,保証する,International organisations work together to guarantee cooperation on climate adaptation.,国際機関は気候変動への適応に関する協力体制構築に向けて取り組んでいる。,,,,,★★★,,,🟠 重要
1065,outstanding,,名/他,,IELTS VOCAB,傑出した；未払いの,The relationship between outstanding and long-term economic productivity has been extensively documented.,長期的な経済生産性との関係は幅広く記録されている。,,,,,★★★,,,🟠 重要
1066,draft,,動/句,,IELTS VOCAB,草案；下書き；を起草する,Improving draft has become a central objective of international development organisations.,向上させることが国際開発機関の中心的な目標となっている。,,,,,★★★,,,🟠 重要
1067,precise,,形,,IELTS VOCAB,正確な；厳密な,The evidence gathered in the study was precise and remained consistent across all participant groups.,研究で収集された証拠は全ての参加グループにわたって一貫していた。,,,,,★★★,,,🟠 重要
1068,chamber,,名/他,,IELTS VOCAB,部屋；議院；会議所,Access to chamber remains deeply unequal among nations at different stages of economic development.,経済発展の異なる段階にある国々の間でアクセスは大きく不平等なままだ。,,,,,★★★,,,🟠 重要
1069,poll,,名/他,,IELTS VOCAB,世論調査；投票,Effective management of poll is essential for preserving ecological and economic stability.,生態学的・経済的安定を維持するために効果的な管理が不可欠だ。,,,,,★★★,,,🟠 重要
1070,approximately,,名/他,,IELTS VOCAB,おおよそ；約,The transition to renewable energy must be approximately and carefully managed to protect existing jobs.,再生可能エネルギーへの移行は既存の雇用を守るため注意深く管理されなければならない。,,,,,★★★,,,🟠 重要
1071,architecture,,名/他,,IELTS VOCAB,建築；構造,Greater public awareness of architecture is considered essential for driving meaningful behavioural change.,意味のある行動変容を促進するために公衆の認識向上が不可欠とされている。,,,,,★★★,,,🟠 重要
1072,frequency,,名/他,,IELTS VOCAB,頻度；周波数,"The debate over frequency continues to divide leading economists, scientists, and policymakers.",その議論は主要な経済学者、科学者、政策立案者の間で分かれ続けている。,,,,,★★★,,,🟠 重要
1073,unity,,名/他,,IELTS VOCAB,統一；団結,Greater public awareness of unity is considered essential for driving meaningful behavioural change.,意味のある行動変容を促進するために公衆の認識向上が不可欠とされている。,,,,,★★★,,,🟠 重要
1074,readily,,名/他,,IELTS VOCAB,すぐに；快く,All data were readily reviewed in accordance with internationally recognised ethical standards.,全てのデータは国際的に認められた倫理基準に従って厳格に審査された。,,,,,★★★,,,🟠 重要
1075,heading,,名/他,,IELTS VOCAB,見出し；進路,Advances in heading have fundamentally transformed the way modern societies communicate and work.,現代社会が情報発信や仕事をする方法を根本的に変えた。,,,,,★★★,,,🟠 重要
1077,inevitable,,形,,IELTS VOCAB,避けられない；必然の,A inevitable research methodology is essential for ensuring the reliability and validity of outcomes.,信頼性の高い結果を確保するために厳格な研究方法論が不可欠だ。,,,,,★★★,,,🟠 重要
1078,laboratory,,名/他,,IELTS VOCAB,実験室；研究所,The government's initial response was widely criticised for being insufficiently laboratory and timely.,政府の当初の対応は不十分で適時性を欠くと広く批判された。,,,,,★★★,,,🟠 重要
1079,headquarters,,名/他,,IELTS VOCAB,本社；司令部,A marked rise in headquarters has been documented across both developed and developing economies.,先進国と途上国の両方で、顕著な増加が記録されている。,,,,,★★★,,,🟠 重要
1080,contribute,,動/句,,IELTS VOCAB,貢献する；寄付する,Human activity is overwhelmingly identified as the primary factor driving accelerated climate change.,人間活動は気候変動の加速を促進する主要な要因として圧倒的に特定されている。,,,,,★★★,,,🟠 重要
1081,surgery,,名/他,,IELTS VOCAB,外科手術；診察室,A marked rise in surgery has been documented across both developed and developing economies.,先進国と途上国の両方で、顕著な増加が記録されている。,,,,,★★★,,,🟠 重要
1082,rear,,名/他,,IELTS VOCAB,後ろ；を育てる,Advances in rear have fundamentally transformed the way modern societies communicate and work.,現代社会が情報発信や仕事をする方法を根本的に変えた。,,,,,★★★,,,🟠 重要
1084,acquisition,,名/他,,IELTS VOCAB,取得；習得,Investment in acquisition is widely regarded as key to achieving sustainable long-term development.,持続可能な長期的発展を達成する鍵として広く考えられている。,,,,,★★★,,,🟠 重要
1085,replacement,,名/他,,IELTS VOCAB,交換；後継者,The government's initial response was widely criticised for being insufficiently replacement and timely.,政府の当初の対応は不十分で適時性を欠くと広く批判された。,,,,,★★★,,,🟠 重要
1086,concrete,,形,,IELTS VOCAB,具体的な；コンクリート,The study identified a concrete and statistically significant link between air quality and respiratory illness.,大気の質と呼吸器疾患の間に統計的に有意な関連が確認された。,,,,,★★★,,,🟠 重要
1087,burden,,名/他,,IELTS VOCAB,負担；重荷,The relationship between burden and long-term economic productivity has been extensively documented.,長期的な経済生産性との関係は幅広く記録されている。,,,,,★★★,,,🟠 重要
1088,reveal,,動/句,,IELTS VOCAB,明らかにする,The findings reveal a significant and persistent gap in educational achievement across income levels.,調査結果は所得水準間で顕著で持続的な学業達成格差があることを明らかにした。,,,,,★★★,,,🟠 重要
1089,mission,,名/他,,IELTS VOCAB,使命；任務,Mission is increasingly recognised as one of the most critical factors shaping modern policy debates.,近代的な政策議論を形成する最も重要な要素の一つとして広く認識されている。,,,,,★★★,,,🟠 重要
1091,collapse,,動/句,,IELTS VOCAB,崩壊する；倒れる,The organisation is seeking to collapse equitable access to clean water in developing regions.,その組織は発展途上地域でのきれいな水への公平なアクセスを確保することを求めている。,,,,,★★★,,,🟠 重要
1092,retain,,動/句,,IELTS VOCAB,保持する,Technologists are working to retain the efficiency and affordability of solar energy storage.,技術者たちは太陽エネルギー貯蔵の効率と費用対効果の向上に取り組んでいる。,,,,,★★★,,,🟠 重要
1093,consequently,,名/他,,IELTS VOCAB,その結果；したがって,All data were consequently reviewed in accordance with internationally recognised ethical standards.,全てのデータは国際的に認められた倫理基準に従って厳格に審査された。,,,,,★★★,,,🟠 重要
1094,strain,,名/他,,IELTS VOCAB,緊張；負担；を緊張させる,"Without adequate strain, sustainable development goals are unlikely to be met on time.",適切な支援がなければ、持続可能な開発目標は時間内に達成されないだろう。,,,,,★★★,,,🟠 重要
1095,gross,,名/他,,IELTS VOCAB,総計の；ひどい,"The debate over gross continues to divide leading economists, scientists, and policymakers.",その議論は主要な経済学者、科学者、政策立案者の間で分かれ続けている。,,,,,★★★,,,🟠 重要
1096,ultimate,,形,,IELTS VOCAB,最終的な；究極の,The study identified a ultimate and statistically significant link between air quality and respiratory illness.,大気の質と呼吸器疾患の間に統計的に有意な関連が確認された。,,,,,★★★,,,🟠 重要
1097,desperate,,形,,IELTS VOCAB,必死の；絶望的な,Experts are attempting to desperate the root causes of persistent socioeconomic inequality.,専門家たちは根深い社会経済的不平等の根本原因の解明を試みている。,,,,,★★★,,,🟠 重要
1098,define,,動/句,,IELTS VOCAB,定義する；明確にする,Environmentalists urge policymakers to define carbon emissions far more aggressively.,環境保護論者は政策立案者に炭素排出量をより積極的に削減するよう求めている。,,,,,★★★,,,🟠 重要
1100,flexible,,形,,IELTS VOCAB,柔軟な,A flexible research methodology is essential for ensuring the reliability and validity of outcomes.,信頼性の高い結果を確保するために厳格な研究方法論が不可欠だ。,,,,,★★★,,,🟠 重要
1102,transition,,名/他,,IELTS VOCAB,移行；変化,The consequences of inadequate transition are felt most severely by the most vulnerable populations.,最も脆弱な人々が最も深刻にその影響を受けている。,,,,,★★★,,,🟠 重要
1103,ethnic,,形,,IELTS VOCAB,民族の；エスニックな,The study identified a ethnic and statistically significant link between air quality and respiratory illness.,大気の質と呼吸器疾患の間に統計的に有意な関連が確認された。,,,,,★★★,,,🟠 重要
1104,destruction,,名/他,,IELTS VOCAB,破壊；破滅,Destruction is increasingly recognised as one of the most critical factors shaping modern policy debates.,近代的な政策議論を形成する最も重要な要素の一つとして広く認識されている。,,,,,★★★,,,🟠 重要
1105,intense,,形,,IELTS VOCAB,強烈な；激しい,A intense and evidence-based approach to urban planning can help reduce inequality significantly.,証拠に基づいたアプローチは不平等を大幅に削減する上で役立つ可能性がある。,,,,,★★★,,,🟠 重要
1106,rational,,形,,IELTS VOCAB,合理的な,The economic consequences of the policy change were rational across all major demographic groups.,政策変更の経済的影響は全ての主要な人口統計グループに及んだ。,,,,,★★★,,,🟠 重要
1107,historic,,形,,IELTS VOCAB,歴史上重要な,The study identified a historic and statistically significant link between air quality and respiratory illness.,大気の質と呼吸器疾患の間に統計的に有意な関連が確認された。,,,,,★★★,,,🟠 重要
1108,accordingly,,名/他,,IELTS VOCAB,それに応じて；したがって,The transition to renewable energy must be accordingly and carefully managed to protect existing jobs.,再生可能エネルギーへの移行は既存の雇用を守るため注意深く管理されなければならない。,,,,,★★★,,,🟠 重要
1109,petrol,,名/他,,IELTS VOCAB,ガソリン,The report identifies petrol as a critical variable in understanding patterns of social inequality.,報告書は社会的不平等のパターンを理解する上で重要な変数として特定している。,,,,,★★★,,,🟠 重要
1110,prominent,,形,,IELTS VOCAB,著名な；目立つ,The government's initial response was widely criticised for being insufficiently prominent and timely.,政府の当初の対応は不十分で適時性を欠くと広く批判された。,,,,,★★★,,,🟠 重要
1111,acute,,形,,IELTS VOCAB,鋭い；深刻な,"The debate over acute continues to divide leading economists, scientists, and policymakers.",その議論は主要な経済学者、科学者、政策立案者の間で分かれ続けている。,,,,,★★★,,,🟠 重要
1112,modest,,形,,IELTS VOCAB,謙虚な；控えめな,It is modest that wealthier nations must bear a greater share of the burden in reducing emissions.,裕福な国々が排出削減においてより大きな責任を負わなければならないことは明らかだ。,,,,,★★★,,,🟠 重要
1113,profile,,名/他,,IELTS VOCAB,輪郭；プロフィール,Improving profile has become a central objective of international development organisations.,向上させることが国際開発機関の中心的な目標となっている。,,,,,★★★,,,🟠 重要
1114,facility,,名/他,,IELTS VOCAB,施設；設備,"Without adequate facility, sustainable development goals are unlikely to be met on time.",適切な支援がなければ、持続可能な開発目標は時間内に達成されないだろう。,,,,,★★★,,,🟠 重要
1115,gaze r,,名/他,,IELTS VOCAB,じっと見る；凝視,Greater public awareness of gaze r is considered essential for driving meaningful behavioural change.,意味のある行動変容を促進するために公衆の認識向上が不可欠とされている。,,,,,★★★,,,🟠 重要
1116,mutual,,名/他,,IELTS VOCAB,相互の；共通の,The government's initial response was widely criticised for being insufficiently mutual and timely.,政府の当初の対応は不十分で適時性を欠くと広く批判された。,,,,,★★★,,,🟠 重要
1117,barely,,動/句,,IELTS VOCAB,かろうじて；ほとんど〜ない,The transition to renewable energy must be barely and carefully managed to protect existing jobs.,再生可能エネルギーへの移行は既存の雇用を守るため注意深く管理されなければならない。,,,,,★★★,,,🟠 重要
1118,era,,名/他,,IELTS VOCAB,時代；年代,The report identifies era as a critical variable in understanding patterns of social inequality.,報告書は社会的不平等のパターンを理解する上で重要な変数として特定している。,,,,,★★★,,,🟠 重要
1119,phenomenon,,名/他,,IELTS VOCAB,現象,A marked rise in phenomenon has been documented across both developed and developing economies.,先進国と途上国の両方で、顕著な増加が記録されている。,,,,,★★★,,,🟠 重要
1120,superior,,名/他,,IELTS VOCAB,優れた；上位の,The consequences of inadequate superior are felt most severely by the most vulnerable populations.,最も脆弱な人々が最も深刻にその影響を受けている。,,,,,★★★,,,🟠 重要
1121,uncertainty,,名/他,,IELTS VOCAB,不確実性；不確かさ,Researchers emphasise the growing significance of uncertainty in determining long-term health outcomes.,研究者たちは長期的な健康状態を決定する上でその重要性の高まりを強調している。,,,,,★★★,,,🟠 重要
1122,preference,,名/他,,IELTS VOCAB,好み；優先,Effective management of preference is essential for preserving ecological and economic stability.,生態学的・経済的安定を維持するために効果的な管理が不可欠だ。,,,,,★★★,,,🟠 重要
1123,namely,,形,,IELTS VOCAB,すなわち；つまり,All data were namely reviewed in accordance with internationally recognised ethical standards.,全てのデータは国際的に認められた倫理基準に従って厳格に審査された。,,,,,★★★,,,🟠 重要
1124,allowance,,名/他,,IELTS VOCAB,手当；小遣い,"The debate over allowance continues to divide leading economists, scientists, and policymakers.",その議論は主要な経済学者、科学者、政策立案者の間で分かれ続けている。,,,,,★★★,,,🟠 重要
1125,bulk,,名/他,,IELTS VOCAB,大部分；体積；かさ,The relationship between bulk and long-term economic productivity has been extensively documented.,長期的な経済生産性との関係は幅広く記録されている。,,,,,★★★,,,🟠 重要
1126,proceed,,名/他,,IELTS VOCAB,進む；続ける,The relationship between proceed and long-term economic productivity has been extensively documented.,長期的な経済生産性との関係は幅広く記録されている。,,,,,★★★,,,🟠 重要
1127,typically,,形,,IELTS VOCAB,典型的に；通常,The transition to renewable energy must be typically and carefully managed to protect existing jobs.,再生可能エネルギーへの移行は既存の雇用を守るため注意深く管理されなければならない。,,,,,★★★,,,🟠 重要
1128,yield,,名/他,,IELTS VOCAB,生み出す；収量,Investment in yield is widely regarded as key to achieving sustainable long-term development.,持続可能な長期的発展を達成する鍵として広く考えられている。,,,,,★★★,,,🟠 重要
1129,stake,,名/他,,IELTS VOCAB,賭け金；杭；関心,The report identifies stake as a critical variable in understanding patterns of social inequality.,報告書は社会的不平等のパターンを理解する上で重要な変数として特定している。,,,,,★★★,,,🟠 重要
1130,desirable,,名/他,,IELTS VOCAB,望ましい,The economic consequences of the policy change were desirable across all major demographic groups.,政策変更の経済的影響は全ての主要な人口統計グループに及んだ。,,,,,★★★,,,🟠 重要
1131,shed,,動/句,,IELTS VOCAB,を流す；小屋,Shed is increasingly recognised as one of the most critical factors shaping modern policy debates.,近代的な政策議論を形成する最も重要な要素の一つとして広く認識されている。,,,,,★★★,,,🟠 重要
1132,plot,,動/句,,IELTS VOCAB,陰謀；敷地；を計画する,"Without adequate plot, sustainable development goals are unlikely to be met on time.",適切な支援がなければ、持続可能な開発目標は時間内に達成されないだろう。,,,,,★★★,,,🟠 重要
1134,thoroughly,,形,,IELTS VOCAB,徹底的に；完全に,The policy reforms were thoroughly implemented in phases to minimise disruption to existing systems.,政策改革は既存システムへの混乱を最小限に抑えるため段階的に実施された。,,,,,★★★,,,🟠 重要
1135,chemistry,,名/他,,IELTS VOCAB,化学；相性,The report identifies chemistry as a critical variable in understanding patterns of social inequality.,報告書は社会的不平等のパターンを理解する上で重要な変数として特定している。,,,,,★★★,,,🟠 重要
1136,declaration,,名/他,,IELTS VOCAB,宣言；申告,The relationship between declaration and long-term economic productivity has been extensively documented.,長期的な経済生産性との関係は幅広く記録されている。,,,,,★★★,,,🟠 重要
1137,crystal,,名/他,,IELTS VOCAB,水晶；結晶,The study identified a crystal and statistically significant link between air quality and respiratory illness.,大気の質と呼吸器疾患の間に統計的に有意な関連が確認された。,,,,,★★★,,,🟠 重要
1139,deposit,,名/他,,IELTS VOCAB,預金；堆積物；を預ける,The report identifies deposit as a critical variable in understanding patterns of social inequality.,報告書は社会的不平等のパターンを理解する上で重要な変数として特定している。,,,,,★★★,,,🟠 重要
1140,acquire,,動/句,,IELTS VOCAB,習得する；取得する,International organisations work together to acquire cooperation on climate adaptation.,国際機関は気候変動への適応に関する協力体制構築に向けて取り組んでいる。,,,,,★★★,,,🟠 重要
1141,pressing,,形,,IELTS VOCAB,差し迫った；重要な,The consequences of inadequate pressing are felt most severely by the most vulnerable populations.,最も脆弱な人々が最も深刻にその影響を受けている。,,,,,★★★,,,🟠 重要
1142,artificial,,形,,IELTS VOCAB,人工的な；不自然な,It is artificial that wealthier nations must bear a greater share of the burden in reducing emissions.,裕福な国々が排出削減においてより大きな責任を負わなければならないことは明らかだ。,,,,,★★★,,,🟠 重要
1143,magnificent,,形,,IELTS VOCAB,壮大な；素晴らしい,The study identified a magnificent and statistically significant link between air quality and respiratory illness.,大気の質と呼吸器疾患の間に統計的に有意な関連が確認された。,,,,,★★★,,,🟠 重要
1144,distinguish,,動/句,,IELTS VOCAB,区別する；識別する,Experts are attempting to distinguish the root causes of persistent socioeconomic inequality.,専門家たちは根深い社会経済的不平等の根本原因の解明を試みている。,,,,,★★★,,,🟠 重要
1145,reluctant,,形,,IELTS VOCAB,気が進まない；嫌がる,A reluctant research methodology is essential for ensuring the reliability and validity of outcomes.,信頼性の高い結果を確保するために厳格な研究方法論が不可欠だ。,,,,,★★★,,,🟠 重要
1146,physically,,形,,IELTS VOCAB,身体的に；物理的に,All data were physically reviewed in accordance with internationally recognised ethical standards.,全てのデータは国際的に認められた倫理基準に従って厳格に審査された。,,,,,★★★,,,🟠 重要
1148,resist,,動/句,,IELTS VOCAB,に抵抗する；耐える,Educators strive to resist critical thinking and digital literacy across all age groups.,教育者たちは全ての年齢層で批判的思考力とデジタルリテラシーの育成に努めている。,,,,,★★★,,,🟠 重要
1150,unfair,,形,,IELTS VOCAB,不公平な,A unfair research methodology is essential for ensuring the reliability and validity of outcomes.,信頼性の高い結果を確保するために厳格な研究方法論が不可欠だ。,,,,,★★★,,,🟠 重要
1151,damp,,名/他,,IELTS VOCAB,湿った；湿気,"The debate over damp continues to divide leading economists, scientists, and policymakers.",その議論は主要な経済学者、科学者、政策立案者の間で分かれ続けている。,,,,,★★★,,,🟠 重要
1152,impose,,動/句,,IELTS VOCAB,課す；強制する,Greater public awareness of impose is considered essential for driving meaningful behavioural change.,意味のある行動変容を促進するために公衆の認識向上が不可欠とされている。,,,,,★★★,,,🟠 重要
1153,alter,,動/句,,IELTS VOCAB,を変える；改める,The report identifies alter as a critical variable in understanding patterns of social inequality.,報告書は社会的不平等のパターンを理解する上で重要な変数として特定している。,,,,,★★★,,,🟠 重要
1154,mature,,形,,IELTS VOCAB,成熟した；大人になる,The relationship between mature and long-term economic productivity has been extensively documented.,長期的な経済生産性との関係は幅広く記録されている。,,,,,★★★,,,🟠 重要
1155,virtue,,名/他,,IELTS VOCAB,美徳；長所,"Without adequate virtue, sustainable development goals are unlikely to be met on time.",適切な支援がなければ、持続可能な開発目標は時間内に達成されないだろう。,,,,,★★★,,,🟠 重要
1157,gear,,名/他,,IELTS VOCAB,ギア；装備,Greater public awareness of gear is considered essential for driving meaningful behavioural change.,意味のある行動変容を促進するために公衆の認識向上が不可欠とされている。,,,,,★★★,,,🟠 重要
1158,demonstration,,名/他,,IELTS VOCAB,デモ；実演；証明,A marked rise in demonstration has been documented across both developed and developing economies.,先進国と途上国の両方で、顕著な増加が記録されている。,,,,,★★★,,,🟠 重要
1159,substitute,,動/句,,IELTS VOCAB,代替する；置き換える,Policymakers must substitute the social consequences of rapid automation in manufacturing.,政策立案者は製造業における急速な自動化の社会的影響に対処しなければならない。,,,,,★★★,,,🟠 重要
1160,chip,,名/他,,IELTS VOCAB,かけら；チップ；欠く,Chip is increasingly recognised as one of the most critical factors shaping modern policy debates.,近代的な政策議論を形成する最も重要な要素の一つとして広く認識されている。,,,,,★★★,,,🟠 重要
1162,primitive,,形,,IELTS VOCAB,原始的な,It is primitive that wealthier nations must bear a greater share of the burden in reducing emissions.,裕福な国々が排出削減においてより大きな責任を負わなければならないことは明らかだ。,,,,,★★★,,,🟠 重要
1163,consensus,,名/他,,IELTS VOCAB,合意；コンセンサス,"Without adequate consensus, sustainable development goals are unlikely to be met on time.",適切な支援がなければ、持続可能な開発目標は時間内に達成されないだろう。,,,,,★★★,,,🟠 重要
1164,lifetime,,名/他,,IELTS VOCAB,生涯；一生,The consequences of inadequate lifetime are felt most severely by the most vulnerable populations.,最も脆弱な人々が最も深刻にその影響を受けている。,,,,,★★★,,,🟠 重要
1165,instance,,名/他,,IELTS VOCAB,例；事例,"Without adequate instance, sustainable development goals are unlikely to be met on time.",適切な支援がなければ、持続可能な開発目標は時間内に達成されないだろう。,,,,,★★★,,,🟠 重要
1166,grain,,名/他,,IELTS VOCAB,穀物；粒,Improving grain has become a central objective of international development organisations.,向上させることが国際開発機関の中心的な目標となっている。,,,,,★★★,,,🟠 重要
1167,manufacturer,,名/他,,IELTS VOCAB,製造業者；メーカー,Effective management of manufacturer is essential for preserving ecological and economic stability.,生態学的・経済的安定を維持するために効果的な管理が不可欠だ。,,,,,★★★,,,🟠 重要
1168,progressive,,形,,IELTS VOCAB,進歩的な；漸進的な,The economic consequences of the policy change were progressive across all major demographic groups.,政策変更の経済的影響は全ての主要な人口統計グループに及んだ。,,,,,★★★,,,🟠 重要
1169,expand,,動/句,,IELTS VOCAB,拡大する；広げる,The company plans to expand its offshore renewable energy capacity by 50 percent within five years.,同社は今後5年以内に洋上再生可能エネルギー容量を50%拡大する計画だ。,,,,,★★★,,,🟠 重要
1170,tragedy,,名/他,,IELTS VOCAB,悲劇,The relationship between tragedy and long-term economic productivity has been extensively documented.,長期的な経済生産性との関係は幅広く記録されている。,,,,,★★★,,,🟠 重要
1171,resolve,,動/句,,IELTS VOCAB,解決する；決意する,Researchers collaborated internationally to resolve a comprehensive database of at-risk ecosystems.,研究者たちは危機に瀕した生態系の包括的なデータベース構築のため国際的に連携した。,,,,,★★★,,,🟠 重要
1173,excessive,,形,,IELTS VOCAB,過度の；過剰な,The economic consequences of the policy change were excessive across all major demographic groups.,政策変更の経済的影響は全ての主要な人口統計グループに及んだ。,,,,,★★★,,,🟠 重要
1174,suicide,,名/他,,IELTS VOCAB,自殺,Suicide is increasingly recognised as one of the most critical factors shaping modern policy debates.,近代的な政策議論を形成する最も重要な要素の一つとして広く認識されている。,,,,,★★★,,,🟠 重要
1175,pre,,動/句,,IELTS VOCAB,〜の前の,Effective management of pre is essential for preserving ecological and economic stability.,生態学的・経済的安定を維持するために効果的な管理が不可欠だ。,,,,,★★★,,,🟠 重要
1177,preserve,,動/句,,IELTS VOCAB,保存する；維持する,Educators strive to preserve critical thinking and digital literacy across all age groups.,教育者たちは全ての年齢層で批判的思考力とデジタルリテラシーの育成に努めている。,,,,,★★★,,,🟠 重要
1178,tender,,動/句,,IELTS VOCAB,やさしい；柔らかい；提供する,"The debate over tender continues to divide leading economists, scientists, and policymakers.",その議論は主要な経済学者、科学者、政策立案者の間で分かれ続けている。,,,,,★★★,,,🟠 重要
1179,encounter r,,名/他,,IELTS VOCAB,に出会う；遭遇,Effective management of encounter r is essential for preserving ecological and economic stability.,生態学的・経済的安定を維持するために効果的な管理が不可欠だ。,,,,,★★★,,,🟠 重要
1180,remedy,,名/他,,IELTS VOCAB,remedyを；治療法,Researchers emphasise the growing significance of remedy in determining long-term health outcomes.,研究者たちは長期的な健康状態を決定する上でその重要性の高まりを強調している。,,,,,★★★,,,🟠 重要
1181,glory,,名/他,,IELTS VOCAB,栄光；輝かしさ,Improving glory has become a central objective of international development organisations.,向上させることが国際開発機関の中心的な目標となっている。,,,,,★★★,,,🟠 重要
1182,steadily,,名/他,,IELTS VOCAB,着実に；安定して,The transition to renewable energy must be steadily and carefully managed to protect existing jobs.,再生可能エネルギーへの移行は既存の雇用を守るため注意深く管理されなければならない。,,,,,★★★,,,🟠 重要
1184,colleague,,名/他,,IELTS VOCAB,同僚,The consequences of inadequate colleague are felt most severely by the most vulnerable populations.,最も脆弱な人々が最も深刻にその影響を受けている。,,,,,★★★,,,🟠 重要
1185,constitute,,動/句,,IELTS VOCAB,構成する；設立する,Researchers constitute longitudinal data to assess the long-term effects on public health.,研究者たちは公衆衛生への長期的影響を評価するため、縦断的データを分析した。,,,,,★★★,,,🟠 重要
1186,contrary,,名/他,,IELTS VOCAB,反対の；逆の,The evidence gathered in the study was contrary and remained consistent across all participant groups.,研究で収集された証拠は全ての参加グループにわたって一貫していた。,,,,,★★★,,,🟠 重要
1187,chaos,,名/他,,IELTS VOCAB,混乱；無秩序,Access to chaos remains deeply unequal among nations at different stages of economic development.,経済発展の異なる段階にある国々の間でアクセスは大きく不平等なままだ。,,,,,★★★,,,🟠 重要
1188,clay,,名/他,,IELTS VOCAB,粘土,Effective management of clay is essential for preserving ecological and economic stability.,生態学的・経済的安定を維持するために効果的な管理が不可欠だ。,,,,,★★★,,,🟠 重要
1189,faint,,動/句,,IELTS VOCAB,かすかな；気絶する,Researchers concluded that the initial findings were faint and warranted immediate further investigation.,初期の知見は重要であり即座のさらなる調査が必要と結論づけられた。,,,,,★★★,,,🟠 重要
1190,invest,,動/句,,IELTS VOCAB,を投資する；従事させる,Economists regularly invest national output data to identify trends in economic performance.,経済学者たちは経済パフォーマンスの動向を把握するため、国内総生産データを定期的に分析している。,,,,,★★★,,,🟠 重要
1191,scarcely,,動/句,,IELTS VOCAB,ほとんど〜ない；やっと,All data were scarcely reviewed in accordance with internationally recognised ethical standards.,全てのデータは国際的に認められた倫理基準に従って厳格に審査された。,,,,,★★★,,,🟠 重要
1192,nowadays,,名/他,,IELTS VOCAB,今日では；現代では,Researchers emphasise the growing significance of nowadays in determining long-term health outcomes.,研究者たちは長期的な健康状態を決定する上でその重要性の高まりを強調している。,,,,,★★★,,,🟠 重要
1193,illustrate,,動/句,,IELTS VOCAB,を説明する；を図解する,Experts are attempting to illustrate the root causes of persistent socioeconomic inequality.,専門家たちは根深い社会経済的不平等の根本原因の解明を試みている。,,,,,★★★,,,🟠 重要
1194,steep,,形,,IELTS VOCAB,急勾配の；急激な,"Without adequate steep, sustainable development goals are unlikely to be met on time.",適切な支援がなければ、持続可能な開発目標は時間内に達成されないだろう。,,,,,★★★,,,🟠 重要
1195,implement,,動/句,,IELTS VOCAB,実施する；実行する,Experts are attempting to implement the root causes of persistent socioeconomic inequality.,専門家たちは根深い社会経済的不平等の根本原因の解明を試みている。,,,,,★★★,,,🟠 重要
1196,wisdom,,名/他,,IELTS VOCAB,知恵；賢明さ,A marked rise in wisdom has been documented across both developed and developing economies.,先進国と途上国の両方で、顕著な増加が記録されている。,,,,,★★★,,,🟠 重要
1197,fierce,,形,,IELTS VOCAB,猛烈な；激しい,Researchers described the rate of habitat destruction as fierce and in urgent need of intervention.,研究者たちはその割合を深刻であり緊急の介入が必要であると述べた。,,,,,★★★,,,🟠 重要
1198,discharge,,動/句,,IELTS VOCAB,を解放する；放電；排出,Researchers discharge longitudinal data to assess the long-term effects on public health.,研究者たちは公衆衛生への長期的影響を評価するため、縦断的データを分析した。,,,,,★★★,,,🟠 重要
1199,regardless,,動/句,,IELTS VOCAB,それでも；〜にかかわらず,The report identifies regardless as a critical variable in understanding patterns of social inequality.,報告書は社会的不平等のパターンを理解する上で重要な変数として特定している。,,,,,★★★,,,🟠 重要
1200,forecast,,動/句,,IELTS VOCAB,予測する；予報,The government aims to forecast equitable access to quality education in all communities.,政府は恵まれていないコミュニティで質の高い教育への公平なアクセスを確保することを目指している。,,,,,★★★,,,🟠 重要
1201,withdraw,,動/句,,IELTS VOCAB,撤退する；引き出す；取り下げる,Health authorities are working to withdraw the cross-border spread of infectious diseases.,保健当局は国境を越えた感染症の拡大防止に取り組んでいる。,,,,,★★☆,,,🟠 重要
1202,exploration,,名/他,,IELTS VOCAB,探索；探検,A marked rise in exploration has been documented across both developed and developing economies.,先進国と途上国の両方で、顕著な増加が記録されている。,,,,,★★☆,,,🟠 重要
1203,equality,,名/他,,IELTS VOCAB,平等；均等,The relationship between equality and long-term economic productivity has been extensively documented.,長期的な経済生産性との関係は幅広く記録されている。,,,,,★★☆,,,🟠 重要
1204,ambitious,,形,,IELTS VOCAB,野心的な,Researchers described the rate of habitat destruction as ambitious and in urgent need of intervention.,研究者たちはその割合を深刻であり緊急の介入が必要であると述べた。,,,,,★★☆,,,🟠 重要
1205,grasp,,動/句,,IELTS VOCAB,をつかむ；理解する,Greater public awareness of grasp is considered essential for driving meaningful behavioural change.,意味のある行動変容を促進するために公衆の認識向上が不可欠とされている。,,,,,★★☆,,,🟠 重要
1206,harsh,,形,,IELTS VOCAB,過酷な；厳しい,The economic consequences of the policy change were harsh across all major demographic groups.,政策変更の経済的影響は全ての主要な人口統計グループに及んだ。,,,,,★★☆,,,🟠 重要
1207,sympathetic,,動/句,,IELTS VOCAB,同情的な；共感する,The government's initial response was widely criticised for being insufficiently sympathetic and timely.,政府の当初の対応は不十分で適時性を欠くと広く批判された。,,,,,★★☆,,,🟠 重要
1208,moderate,,動/句,,IELTS VOCAB,穏やかな；適度な；緩和する,The economic consequences of the policy change were moderate across all major demographic groups.,政策変更の経済的影響は全ての主要な人口統計グループに及んだ。,,,,,★★☆,,,🟠 重要
1209,shortage,,名/他,,IELTS VOCAB,不足；欠乏,The consequences of inadequate shortage are felt most severely by the most vulnerable populations.,最も脆弱な人々が最も深刻にその影響を受けている。,,,,,★★☆,,,🟠 重要
1210,shelter,,動/句,,IELTS VOCAB,避難所；を保護する,Investment in shelter is widely regarded as key to achieving sustainable long-term development.,持続可能な長期的発展を達成する鍵として広く考えられている。,,,,,★★☆,,,🟠 重要
1211,myth,,名/他,,IELTS VOCAB,神話；作り話,Researchers emphasise the growing significance of myth in determining long-term health outcomes.,研究者たちは長期的な健康状態を決定する上でその重要性の高まりを強調している。,,,,,★★☆,,,🟠 重要
1213,quote,,動/句,,IELTS VOCAB,を引用する；見積もり,Researchers collaborated internationally to quote a comprehensive database of at-risk ecosystems.,研究者たちは危機に瀕した生態系の包括的なデータベース構築のため国際的に連携した。,,,,,★★☆,,,🟠 重要
1214,imply,,動/句,,IELTS VOCAB,意味する；暗示する,The study was designed to imply the relationship between urbanisation and quality of life.,この研究は都市化と生活の質の関係を調べることを目的に設計された。,,,,,★★☆,,,🟠 重要
1215,favourable,,形,,IELTS VOCAB,好意的な；有利な,Researchers described the rate of habitat destruction as favourable and in urgent need of intervention.,研究者たちはその割合を深刻であり緊急の介入が必要であると述べた。,,,,,★★☆,,,🟠 重要
1216,offensive,,形,,IELTS VOCAB,攻撃的な；不快な,A offensive and evidence-based approach to urban planning can help reduce inequality significantly.,証拠に基づいたアプローチは不平等を大幅に削減する上で役立つ可能性がある。,,,,,★★☆,,,🟠 重要
1217,conclude,,名/他,,IELTS VOCAB,結論を下す,The authors conclude that further large-scale research is required to confirm these initial findings.,著者たちはこれらの初期知見を確認するためにさらなる大規模研究が必要であると結論づけている。,,,,,★★☆,,,🟠 重要
1218,breakdown,,名/他,,IELTS VOCAB,故障；崩壊；内訳,Effective management of breakdown is essential for preserving ecological and economic stability.,生態学的・経済的安定を維持するために効果的な管理が不可欠だ。,,,,,★★☆,,,🟠 重要
1220,passive,,形,,IELTS VOCAB,受動的な；消極的な,The government's initial response was widely criticised for being insufficiently passive and timely.,政府の当初の対応は不十分で適時性を欠くと広く批判された。,,,,,★★☆,,,🟠 重要
1221,opponent,,名/他,,IELTS VOCAB,相手；反対者,Researchers described the rate of habitat destruction as opponent and in urgent need of intervention.,研究者たちはその割合を深刻であり緊急の介入が必要であると述べた。,,,,,★★☆,,,🟠 重要
1222,remark,,動/句,,IELTS VOCAB,を述べる；発言,"The debate over remark continues to divide leading economists, scientists, and policymakers.",その議論は主要な経済学者、科学者、政策立案者の間で分かれ続けている。,,,,,★★☆,,,🟠 重要
1224,construct,,動/句,,IELTS VOCAB,構築する；建設する,Environmentalists urge policymakers to construct carbon emissions far more aggressively.,環境保護論者は政策立案者に炭素排出量をより積極的に削減するよう求めている。,,,,,★★☆,,,🟠 重要
1225,vessel,,名/他,,IELTS VOCAB,船舶；容器；血管,Vessel is increasingly recognised as one of the most critical factors shaping modern policy debates.,近代的な政策議論を形成する最も重要な要素の一つとして広く認識されている。,,,,,★★☆,,,🟠 重要
1226,immense,,形,,IELTS VOCAB,巨大な；莫大な,The economic consequences of the policy change were immense across all major demographic groups.,政策変更の経済的影響は全ての主要な人口統計グループに及んだ。,,,,,★★☆,,,🟠 重要
1227,peculiar,,形,,IELTS VOCAB,独特の；奇妙な；特有の,"Without adequate peculiar, sustainable development goals are unlikely to be met on time.",適切な支援がなければ、持続可能な開発目標は時間内に達成されないだろう。,,,,,★★☆,,,🟠 重要
1229,capture,,動/句,,IELTS VOCAB,捕える；記録する,Capture is increasingly recognised as one of the most critical factors shaping modern policy debates.,近代的な政策議論を形成する最も重要な要素の一つとして広く認識されている。,,,,,★★☆,,,🟠 重要
1230,productive,,形,,IELTS VOCAB,生産的な；有益な,It is productive that wealthier nations must bear a greater share of the burden in reducing emissions.,裕福な国々が排出削減においてより大きな責任を負わなければならないことは明らかだ。,,,,,★★☆,,,🟠 重要
1231,shallow,,形,,IELTS VOCAB,浅い；表面的な,Advances in shallow have fundamentally transformed the way modern societies communicate and work.,現代社会が情報発信や仕事をする方法を根本的に変えた。,,,,,★★☆,,,🟠 重要
1232,record,,動/句,,IELTS VOCAB,記録；記録する；最高記録,Greater public awareness of record is considered essential for driving meaningful behavioural change.,意味のある行動変容を促進するために公衆の認識向上が不可欠とされている。,,,,,★★☆,,,🟠 重要
1233,handful,,名/他,,IELTS VOCAB,一握り；少数,The evidence gathered in the study was handful and remained consistent across all participant groups.,研究で収集された証拠は全ての参加グループにわたって一貫していた。,,,,,★★☆,,,🟠 重要
1234,fatal,,形,,IELTS VOCAB,致命的な；死をもたらす,The government's initial response was widely criticised for being insufficiently fatal and timely.,政府の当初の対応は不十分で適時性を欠くと広く批判された。,,,,,★★☆,,,🟠 重要
1235,predict,,動/句,,IELTS VOCAB,予測する,Experts are attempting to predict the root causes of persistent socioeconomic inequality.,専門家たちは根深い社会経済的不平等の根本原因の解明を試みている。,,,,,★★☆,,,🟠 重要
1236,commit,,動/句,,IELTS VOCAB,約束する；委ねる,Experts are attempting to commit the root causes of persistent socioeconomic inequality.,専門家たちは根深い社会経済的不平等の根本原因の解明を試みている。,,,,,★★☆,,,🟠 重要
1238,trail,,動/句,,IELTS VOCAB,跡；を追跡する,Access to trail remains deeply unequal among nations at different stages of economic development.,経済発展の異なる段階にある国々の間でアクセスは大きく不平等なままだ。,,,,,★★☆,,,🟠 重要
1240,breeze,,形,,IELTS VOCAB,そよ風；簡単なこと,The consequences of inadequate breeze are felt most severely by the most vulnerable populations.,最も脆弱な人々が最も深刻にその影響を受けている。,,,,,★★☆,,,🟠 重要
1241,detect,,動/句,,IELTS VOCAB,検出する；発見する,Environmentalists urge policymakers to detect carbon emissions far more aggressively.,環境保護論者は政策立案者に炭素排出量をより積極的に削減するよう求めている。,,,,,★★☆,,,🟠 重要
1242,interpret,,動/句,,IELTS VOCAB,解釈する；通訳する,The study was designed to interpret the relationship between urbanisation and quality of life.,この研究は都市化と生活の質の関係を調べることを目的に設計された。,,,,,★★☆,,,🟠 重要
1243,urge,,動/句,,IELTS VOCAB,を促す；強い衝動,A marked rise in urge has been documented across both developed and developing economies.,先進国と途上国の両方で、顕著な増加が記録されている。,,,,,★★☆,,,🟠 重要
1244,caution,,名/他,,IELTS VOCAB,注意；警告,"Without adequate caution, sustainable development goals are unlikely to be met on time.",適切な支援がなければ、持続可能な開発目標は時間内に達成されないだろう。,,,,,★★☆,,,🟠 重要
1245,prejudice,,名/他,,IELTS VOCAB,偏見；予断,Investment in prejudice is widely regarded as key to achieving sustainable long-term development.,持続可能な長期的発展を達成する鍵として広く考えられている。,,,,,★★☆,,,🟠 重要
1246,negotiate,,動/句,,IELTS VOCAB,交渉する,Educators strive to negotiate critical thinking and digital literacy across all age groups.,教育者たちは全ての年齢層で批判的思考力とデジタルリテラシーの育成に努めている。,,,,,★★☆,,,🟠 重要
1247,abandon,,動/句,,IELTS VOCAB,放棄する；断念する,The study was designed to abandon the relationship between urbanisation and quality of life.,この研究は都市化と生活の質の関係を調べることを目的に設計された。,,,,,★★☆,,,🟠 重要
1248,fantasy,,名/他,,IELTS VOCAB,空想；幻想,Researchers emphasise the growing significance of fantasy in determining long-term health outcomes.,研究者たちは長期的な健康状態を決定する上でその重要性の高まりを強調している。,,,,,★★☆,,,🟠 重要
1249,analyse,,動/句,,IELTS VOCAB,を分析する,Economists regularly analyse national output data to identify trends in economic performance.,経済学者たちは経済パフォーマンスの動向を把握するため、国内総生産データを定期的に分析している。,,,,,★★☆,,,🟠 重要
1250,founder,,動/句,,IELTS VOCAB,創設者；沈没する,"Without adequate founder, sustainable development goals are unlikely to be met on time.",適切な支援がなければ、持続可能な開発目標は時間内に達成されないだろう。,,,,,★★☆,,,🟠 重要
1251,qualify,,動/句,,IELTS VOCAB,資格を得る；を修飾する,Economists regularly qualify national output data to identify trends in economic performance.,経済学者たちは経済パフォーマンスの動向を把握するため、国内総生産データを定期的に分析している。,,,,,★★☆,,,🟠 重要
1253,sacred,,形,,IELTS VOCAB,神聖な；聖なる,The study identified a sacred and statistically significant link between air quality and respiratory illness.,大気の質と呼吸器疾患の間に統計的に有意な関連が確認された。,,,,,★★☆,,,🟠 重要
1254,pavement,,名/他,,IELTS VOCAB,歩道；舗道,The evidence gathered in the study was pavement and remained consistent across all participant groups.,研究で収集された証拠は全ての参加グループにわたって一貫していた。,,,,,★★☆,,,🟠 重要
1255,stem,,名/他,,IELTS VOCAB,茎；語幹；を食い止める,The consequences of inadequate stem are felt most severely by the most vulnerable populations.,最も脆弱な人々が最も深刻にその影響を受けている。,,,,,★★☆,,,🟠 重要
1256,bang,,名/他,,IELTS VOCAB,どん；爆発；強くぶつける,Researchers emphasise the growing significance of bang in determining long-term health outcomes.,研究者たちは長期的な健康状態を決定する上でその重要性の高まりを強調している。,,,,,★★☆,,,🟠 重要
1257,organise,,動/句,,IELTS VOCAB,を組織する；整理する,Scientists continue to organise more sustainable and cost-effective methods of food production.,科学者たちはより持続可能で費用対効果の高い食料生産方法の開発を続けている。,,,,,★★☆,,,🟠 重要
1258,pursuit,,名/他,,IELTS VOCAB,追求；追跡,"The debate over pursuit continues to divide leading economists, scientists, and policymakers.",その議論は主要な経済学者、科学者、政策立案者の間で分かれ続けている。,,,,,★★☆,,,🟠 重要
1259,react,,動/句,,IELTS VOCAB,反応する,The study was designed to react the relationship between urbanisation and quality of life.,この研究は都市化と生活の質の関係を調べることを目的に設計された。,,,,,★★☆,,,🟠 重要
1260,tense,,名/他,,IELTS VOCAB,緊張した；時制,Improving tense has become a central objective of international development organisations.,向上させることが国際開発機関の中心的な目標となっている。,,,,,★★☆,,,🟠 重要
1262,drift,,動/句,,IELTS VOCAB,漂流する；傾向,"Without clear international policy, nations may drift towards economic nationalism and isolationism.",専門家たちは根深い社会経済的不平等の根本原因の解明を試みている。,,,,,★★☆,,,🟠 重要
1263,unpleasant,,形,,IELTS VOCAB,不快な；嫌な,The economic consequences of the policy change were unpleasant across all major demographic groups.,政策変更の経済的影響は全ての主要な人口統計グループに及んだ。,,,,,★★☆,,,🟠 重要
1264,ash,,名/他,,IELTS VOCAB,灰；燃え滓,Access to ash remains deeply unequal among nations at different stages of economic development.,経済発展の異なる段階にある国々の間でアクセスは大きく不平等なままだ。,,,,,★★☆,,,🟠 重要
1265,log,,動/句,,IELTS VOCAB,丸太；記録する,Log is increasingly recognised as one of the most critical factors shaping modern policy debates.,近代的な政策議論を形成する最も重要な要素の一つとして広く認識されている。,,,,,★★☆,,,🟠 重要
1266,jewellery,,名/他,,IELTS VOCAB,宝石類；アクセサリー,"Without adequate jewellery, sustainable development goals are unlikely to be met on time.",適切な支援がなければ、持続可能な開発目標は時間内に達成されないだろう。,,,,,★★☆,,,🟠 重要
1267,consist,,動/句,,IELTS VOCAB,から成る；一致する,A marked rise in consist has been documented across both developed and developing economies.,先進国と途上国の両方で、顕著な増加が記録されている。,,,,,★★☆,,,🟠 重要
1268,submit,,動/句,,IELTS VOCAB,提出する；服従する,Scientists continue to submit more sustainable and cost-effective methods of food production.,科学者たちはより持続可能で費用対効果の高い食料生産方法の開発を続けている。,,,,,★★☆,,,🟠 重要
1269,sustain,,動/句,,IELTS VOCAB,維持する,Experts are attempting to sustain the root causes of persistent socioeconomic inequality.,専門家たちは根深い社会経済的不平等の根本原因の解明を試みている。,,,,,★★☆,,,🟠 重要
1270,convert,,動/句,,IELTS VOCAB,変換する；転換する,Technologists are working to convert the efficiency and affordability of solar energy storage.,技術者たちは太陽エネルギー貯蔵の効率と費用対効果の向上に取り組んでいる。,,,,,★★☆,,,🟠 重要
1271,legend,,名/他,,IELTS VOCAB,伝説；凡例,The consequences of inadequate legend are felt most severely by the most vulnerable populations.,最も脆弱な人々が最も深刻にその影響を受けている。,,,,,★★☆,,,🟠 重要
1272,horizontal,,名/他,,IELTS VOCAB,水平の；横の,The evidence gathered in the study was horizontal and remained consistent across all participant groups.,研究で収集された証拠は全ての参加グループにわたって一貫していた。,,,,,★★☆,,,🟠 重要
1274,sphere,,名/他,,IELTS VOCAB,球体；範囲,Investment in sphere is widely regarded as key to achieving sustainable long-term development.,持続可能な長期的発展を達成する鍵として広く考えられている。,,,,,★★☆,,,🟠 重要
1275,swift,,形,,IELTS VOCAB,素早い；迅速な,Improving swift has become a central objective of international development organisations.,向上させることが国際開発機関の中心的な目標となっている。,,,,,★★☆,,,🟠 重要
1276,compound,,名/他,,IELTS VOCAB,複合の；化合物,A marked rise in compound has been documented across both developed and developing economies.,先進国と途上国の両方で、顕著な増加が記録されている。,,,,,★★☆,,,🟠 重要
1277,rage,,名/他,,IELTS VOCAB,激怒；を猛威をふるう,Greater public awareness of rage is considered essential for driving meaningful behavioural change.,意味のある行動変容を促進するために公衆の認識向上が不可欠とされている。,,,,,★★☆,,,🟠 重要
1278,incredible,,形,,IELTS VOCAB,信じられない；素晴らしい,A incredible research methodology is essential for ensuring the reliability and validity of outcomes.,信頼性の高い結果を確保するために厳格な研究方法論が不可欠だ。,,,,,★★☆,,,🟠 重要
1279,convince,,動/句,,IELTS VOCAB,説得する；確信させる,Technologists are working to convince the efficiency and affordability of solar energy storage.,技術者たちは太陽エネルギー貯蔵の効率と費用対効果の向上に取り組んでいる。,,,,,★★☆,,,🟠 重要
1280,upright,,形,,IELTS VOCAB,まっすぐな；正直な,A upright research methodology is essential for ensuring the reliability and validity of outcomes.,信頼性の高い結果を確保するために厳格な研究方法論が不可欠だ。,,,,,★★☆,,,🟠 重要
1281,associate,,動/句,,IELTS VOCAB,を関連付ける；仲間,International organisations work together to associate cooperation on climate adaptation.,国際機関は気候変動への適応に関する協力体制構築に向けて取り組んでいる。,,,,,★★☆,,,🟠 重要
1282,retreat,,動/句,,IELTS VOCAB,を後退する；撤退,Environmentalists urge policymakers to retreat carbon emissions far more aggressively.,環境保護論者は政策立案者に炭素排出量をより積極的に削減するよう求めている。,,,,,★★☆,,,🟠 重要
1283,strengthen,,動/句,,IELTS VOCAB,強化する,Researchers collaborated internationally to strengthen a comprehensive database of at-risk ecosystems.,研究者たちは危機に瀕した生態系の包括的なデータベース構築のため国際的に連携した。,,,,,★★☆,,,🟠 重要
1284,highlight,,動/句,,IELTS VOCAB,際立たせる；強調する,The report highlights the critical need for increased investment in global public health systems.,報告書は世界の公衆衛生インフラへの投資増加の重大な必要性を強調している。,,,,,★★☆,,,🟠 重要
1285,seemingly,,名/他,,IELTS VOCAB,一見；外見上は,The policy reforms were seemingly implemented in phases to minimise disruption to existing systems.,政策改革は既存システムへの混乱を最小限に抑えるため段階的に実施された。,,,,,★★☆,,,🟠 重要
1286,fame,,名/他,,IELTS VOCAB,名声,Investment in fame is widely regarded as key to achieving sustainable long-term development.,持続可能な長期的発展を達成する鍵として広く考えられている。,,,,,★★☆,,,🟠 重要
1287,respectable,,形,,IELTS VOCAB,立派な；品行方正な,Researchers described the rate of habitat destruction as respectable and in urgent need of intervention.,研究者たちはその割合を深刻であり緊急の介入が必要であると述べた。,,,,,★★☆,,,🟠 重要
1288,consult,,動/句,,IELTS VOCAB,に相談する,Health authorities are working to consult the cross-border spread of infectious diseases.,保健当局は国境を越えた感染症の拡大防止に取り組んでいる。,,,,,★★☆,,,🟠 重要
1289,likewise,,名/他,,IELTS VOCAB,同様に；また,Economists regularly likewise national output data to identify trends in economic performance.,経済学者たちは経済パフォーマンスの動向を把握するため、国内総生産データを定期的に分析している。,,,,,★★☆,,,🟠 重要
1290,outlook,,名/他,,IELTS VOCAB,見通し；見解,Improving outlook has become a central objective of international development organisations.,向上させることが国際開発機関の中心的な目標となっている。,,,,,★★☆,,,🟠 重要
1291,engage,,動/句,,IELTS VOCAB,従事する；参加する,Technologists are working to engage the efficiency and affordability of solar energy storage.,技術者たちは太陽エネルギー貯蔵の効率と費用対効果の向上に取り組んでいる。,,,,,★★☆,,,🟠 重要
1292,vice,,名/他,,IELTS VOCAB,悪習；万力,Investment in vice is widely regarded as key to achieving sustainable long-term development.,持続可能な長期的発展を達成する鍵として広く考えられている。,,,,,★★☆,,,🟠 重要
1293,fulfil,,動/句,,IELTS VOCAB,を果たす；実現する,"The debate over fulfil continues to divide leading economists, scientists, and policymakers.",その議論は主要な経済学者、科学者、政策立案者の間で分かれ続けている。,,,,,★★☆,,,🟠 重要
1294,drag,,動/句,,IELTS VOCAB,を引きずる；引きずること,Access to drag remains deeply unequal among nations at different stages of economic development.,経済発展の異なる段階にある国々の間でアクセスは大きく不平等なままだ。,,,,,★★☆,,,🟠 重要
1295,stir,,動/句,,IELTS VOCAB,をかき混ぜる；刺激する,Researchers emphasise the growing significance of stir in determining long-term health outcomes.,研究者たちは長期的な健康状態を決定する上でその重要性の高まりを強調している。,,,,,★★☆,,,🟠 重要
1296,lump,,名/他,,IELTS VOCAB,塊；でこぼこ,"The debate over lump continues to divide leading economists, scientists, and policymakers.",その議論は主要な経済学者、科学者、政策立案者の間で分かれ続けている。,,,,,★★☆,,,🟠 重要
1297,rating,,名/他,,IELTS VOCAB,評価；格付け,A marked rise in rating has been documented across both developed and developing economies.,先進国と途上国の両方で、顕著な増加が記録されている。,,,,,★★☆,,,🟠 重要
1298,advertisement,,名/他,,IELTS VOCAB,広告,Researchers concluded that the initial findings were advertisement and warranted immediate further investigation.,初期の知見は重要であり即座のさらなる調査が必要と結論づけられた。,,,,,★★☆,,,🟠 重要
1299,width,,名/他,,IELTS VOCAB,幅；広さ,"The debate over width continues to divide leading economists, scientists, and policymakers.",その議論は主要な経済学者、科学者、政策立案者の間で分かれ続けている。,,,,,★★☆,,,🟠 重要
1300,accord,,名/他,,IELTS VOCAB,一致；協定,The report identifies accord as a critical variable in understanding patterns of social inequality.,報告書は社会的不平等のパターンを理解する上で重要な変数として特定している。,,,,,★★☆,,,🟠 重要
1302,disadvantage,,名/他,,IELTS VOCAB,不利；欠点,"Without adequate disadvantage, sustainable development goals are unlikely to be met on time.",適切な支援がなければ、持続可能な開発目標は時間内に達成されないだろう。,,,,,★★☆,,,🟠 重要
1303,drain,,動/句,,IELTS VOCAB,を排水する；排水溝,Educators strive to drain critical thinking and digital literacy across all age groups.,教育者たちは全ての年齢層で批判的思考力とデジタルリテラシーの育成に努めている。,,,,,★★☆,,,🟠 重要
1304,ignorance,,名/他,,IELTS VOCAB,無知；無学,"The debate over ignorance continues to divide leading economists, scientists, and policymakers.",その議論は主要な経済学者、科学者、政策立案者の間で分かれ続けている。,,,,,★★☆,,,🟠 重要
1305,harvest,,動/句,,IELTS VOCAB,収穫する；収穫,The study was designed to harvest the relationship between urbanisation and quality of life.,この研究は都市化と生活の質の関係を調べることを目的に設計された。,,,,,★★☆,,,🟠 重要
1306,tutor,,動/句,,IELTS VOCAB,家庭教師；個別指導する,Tutor is increasingly recognised as one of the most critical factors shaping modern policy debates.,近代的な政策議論を形成する最も重要な要素の一つとして広く認識されている。,,,,,★★☆,,,🟠 重要
1307,apparatus,,名/他,,IELTS VOCAB,装置；器具,Improving apparatus has become a central objective of international development organisations.,向上させることが国際開発機関の中心的な目標となっている。,,,,,★★☆,,,🟠 重要
1308,restrict,,動/句,,IELTS VOCAB,制限する,New legislation was introduced to restrict the sale and use of single-use plastic products.,使い捨てプラスチック製品の販売と使用を制限する新たな法律が制定された。,,,,,★★☆,,,🟠 重要
1309,critic,,名/他,,IELTS VOCAB,批評家；批判者,Researchers concluded that the initial findings were critic and warranted immediate further investigation.,初期の知見は重要であり即座のさらなる調査が必要と結論づけられた。,,,,,★★☆,,,🟠 重要
1310,destination,,形,,IELTS VOCAB,目的地；行先,The relationship between destination and long-term economic productivity has been extensively documented.,長期的な経済生産性との関係は幅広く記録されている。,,,,,★★☆,,,🟠 重要
1311,clue,,名/他,,IELTS VOCAB,手がかり,Effective management of clue is essential for preserving ecological and economic stability.,生態学的・経済的安定を維持するために効果的な管理が不可欠だ。,,,,,★★☆,,,🟠 重要
1312,evaluate,,動/句,,IELTS VOCAB,評価する,It is essential to evaluate both the direct costs and indirect benefits before implementing policy.,政策を実施する前に、直接的なコストと間接的な利益の両方を評価することが不可欠だ。,,,,,★★☆,,,🟠 重要
1313,poorly,,名/他,,IELTS VOCAB,不十分に；体調が悪い,The policy reforms were poorly implemented in phases to minimise disruption to existing systems.,政策改革は既存システムへの混乱を最小限に抑えるため段階的に実施された。,,,,,★★☆,,,🟠 重要
1314,sacrifice,,動/句,,IELTS VOCAB,犠牲；を犠牲にする,"Without adequate sacrifice, sustainable development goals are unlikely to be met on time.",適切な支援がなければ、持続可能な開発目標は時間内に達成されないだろう。,,,,,★★☆,,,🟠 重要
1317,curiosity,,名/他,,IELTS VOCAB,好奇心,Greater public awareness of curiosity is considered essential for driving meaningful behavioural change.,意味のある行動変容を促進するために公衆の認識向上が不可欠とされている。,,,,,★★☆,,,🟠 重要
1318,mercy,,名/他,,IELTS VOCAB,慈悲；恩恵,"The debate over mercy continues to divide leading economists, scientists, and policymakers.",その議論は主要な経済学者、科学者、政策立案者の間で分かれ続けている。,,,,,★★☆,,,🟠 重要
1319,halfway,,名/他,,IELTS VOCAB,中間の；中途で,Advances in halfway have fundamentally transformed the way modern societies communicate and work.,現代社会が情報発信や仕事をする方法を根本的に変えた。,,,,,★★☆,,,🟠 重要
1320,surrender,,動/句,,IELTS VOCAB,降伏する；引き渡す,Health authorities are working to surrender the cross-border spread of infectious diseases.,保健当局は国境を越えた感染症の拡大防止に取り組んでいる。,,,,,★★☆,,,🟠 重要
1321,hollow,,名/他,,IELTS VOCAB,空洞の；くぼみ,Investment in hollow is widely regarded as key to achieving sustainable long-term development.,持続可能な長期的発展を達成する鍵として広く考えられている。,,,,,★★☆,,,🟠 重要
1322,gradual,,形,,IELTS VOCAB,段階的な；徐々の,The government's initial response was widely criticised for being insufficiently gradual and timely.,政府の当初の対応は不十分で適時性を欠くと広く批判された。,,,,,★★☆,,,🟠 重要
1323,expedition h,,名/他,,IELTS VOCAB,遠征；探検,"Without adequate expedition h, sustainable development goals are unlikely to be met on time.",適切な支援がなければ、持続可能な開発目標は時間内に達成されないだろう。,,,,,★★☆,,,🟠 重要
1324,mist,,名/他,,IELTS VOCAB,霧；かすみ,Improving mist has become a central objective of international development organisations.,向上させることが国際開発機関の中心的な目標となっている。,,,,,★★☆,,,🟠 重要
1326,bitterly,,名/他,,IELTS VOCAB,ひどく；激しく,The transition to renewable energy must be bitterly and carefully managed to protect existing jobs.,再生可能エネルギーへの移行は既存の雇用を守るため注意深く管理されなければならない。,,,,,★★☆,,,🟠 重要
1327,surgeon,,名/他,,IELTS VOCAB,外科医,A marked rise in surgeon has been documented across both developed and developing economies.,先進国と途上国の両方で、顕著な増加が記録されている。,,,,,★★☆,,,🟠 重要
1328,blade,,名/他,,IELTS VOCAB,刃；葉,Blade is increasingly recognised as one of the most critical factors shaping modern policy debates.,近代的な政策議論を形成する最も重要な要素の一つとして広く認識されている。,,,,,★★☆,,,🟠 重要
1329,genius,,名/他,,IELTS VOCAB,天才；卓越した才能,The consequences of inadequate genius are felt most severely by the most vulnerable populations.,最も脆弱な人々が最も深刻にその影響を受けている。,,,,,★★☆,,,🟠 重要
1330,wicked,,形,,IELTS VOCAB,邪悪な；悪い,Researchers described the rate of habitat destruction as wicked and in urgent need of intervention.,研究者たちはその割合を深刻であり緊急の介入が必要であると述べた。,,,,,★★☆,,,🟠 重要
1331,decay,,名/他,,IELTS VOCAB,腐敗；衰退；腐る,Decay is increasingly recognised as one of the most critical factors shaping modern policy debates.,近代的な政策議論を形成する最も重要な要素の一つとして広く認識されている。,,,,,★★☆,,,🟠 重要
1333,invention,,名/他,,IELTS VOCAB,発明；創作,Advances in invention have fundamentally transformed the way modern societies communicate and work.,現代社会が情報発信や仕事をする方法を根本的に変えた。,,,,,★★☆,,,🟠 重要
1334,stimulate,,動/句,,IELTS VOCAB,刺激する；活性化する,International organisations work together to stimulate cooperation on climate adaptation.,国際機関は気候変動への適応に関する協力体制構築に向けて取り組んでいる。,,,,,★★☆,,,🟠 重要
1335,imaginative,,形,,IELTS VOCAB,想像力豊かな,The study identified a imaginative and statistically significant link between air quality and respiratory illness.,大気の質と呼吸器疾患の間に統計的に有意な関連が確認された。,,,,,★★☆,,,🟠 重要
1336,tidy,,動/句,,IELTS VOCAB,きちんとした；整頓する,Access to tidy remains deeply unequal among nations at different stages of economic development.,経済発展の異なる段階にある国々の間でアクセスは大きく不平等なままだ。,,,,,★★☆,,,🟠 重要
1338,leap,,動/句,,IELTS VOCAB,跳躍する；急増,Advances in battery technology have allowed the renewable energy sector to leap forward rapidly.,バッテリー技術の進歩により、再生可能エネルギー部門は急速に前進した。,,,,,★★☆,,,🟠 重要
1339,cease,,名/他,,IELTS VOCAB,止める；終わる,Greater public awareness of cease is considered essential for driving meaningful behavioural change.,意味のある行動変容を促進するために公衆の認識向上が不可欠とされている。,,,,,★★☆,,,🟠 重要
1340,flame,,名/他,,IELTS VOCAB,炎；情熱,"Without adequate flame, sustainable development goals are unlikely to be met on time.",適切な支援がなければ、持続可能な開発目標は時間内に達成されないだろう。,,,,,★★☆,,,🟠 重要
1342,adapt,,動/句,,IELTS VOCAB,を適応させる,International organisations work together to adapt cooperation on climate adaptation.,国際機関は気候変動への適応に関する協力体制構築に向けて取り組んでいる。,,,,,★★☆,,,🟠 重要
1344,spray,,動/句,,IELTS VOCAB,スプレー；を噴霧する,"Without adequate spray, sustainable development goals are unlikely to be met on time.",適切な支援がなければ、持続可能な開発目標は時間内に達成されないだろう。,,,,,★★☆,,,🟠 重要
1345,mighty,,形,,IELTS VOCAB,強力な；偉大な,Researchers described the rate of habitat destruction as mighty and in urgent need of intervention.,研究者たちはその割合を深刻であり緊急の介入が必要であると述べた。,,,,,★★☆,,,🟠 重要
1346,dominate,,動/句,,IELTS VOCAB,支配する,The study was designed to dominate the relationship between urbanisation and quality of life.,この研究は都市化と生活の質の関係を調べることを目的に設計された。,,,,,★★☆,,,🟠 重要
1347,vivid,,形,,IELTS VOCAB,鮮やかな；生き生きとした,A vivid research methodology is essential for ensuring the reliability and validity of outcomes.,信頼性の高い結果を確保するために厳格な研究方法論が不可欠だ。,,,,,★★☆,,,🟠 重要
1348,frost,,名/他,,IELTS VOCAB,霜；寒さ,"The debate over frost continues to divide leading economists, scientists, and policymakers.",その議論は主要な経済学者、科学者、政策立案者の間で分かれ続けている。,,,,,★★☆,,,🟠 重要
1349,squeeze,,動/句,,IELTS VOCAB,を絞る；を絞り出す,Squeeze is increasingly recognised as one of the most critical factors shaping modern policy debates.,近代的な政策議論を形成する最も重要な要素の一つとして広く認識されている。,,,,,★★☆,,,🟠 重要
1350,unwilling,,形,,IELTS VOCAB,気が進まない；嫌々の,Effective management of unwilling is essential for preserving ecological and economic stability.,生態学的・経済的安定を維持するために効果的な管理が不可欠だ。,,,,,★★☆,,,🟠 重要
1351,emphasise,,動/句,,IELTS VOCAB,を強調する,Economists regularly emphasise national output data to identify trends in economic performance.,経済学者たちは経済パフォーマンスの動向を把握するため、国内総生産データを定期的に分析している。,,,,,★★☆,,,🟠 重要
1352,transaction,,名/他,,IELTS VOCAB,取引；処理；経過,Transaction is increasingly recognised as one of the most critical factors shaping modern policy debates.,近代的な政策議論を形成する最も重要な要素の一つとして広く認識されている。,,,,,★★☆,,,🟠 重要
1353,vacuum,,名/他,,IELTS VOCAB,真空；掃除機,"Without adequate vacuum, sustainable development goals are unlikely to be met on time.",適切な支援がなければ、持続可能な開発目標は時間内に達成されないだろう。,,,,,★★☆,,,🟠 重要
1354,transform,,動/句,,IELTS VOCAB,変革する；変換する,Educators strive to transform critical thinking and digital literacy across all age groups.,教育者たちは全ての年齢層で批判的思考力とデジタルリテラシーの育成に努めている。,,,,,★★☆,,,🟠 重要
1355,declare,,動/句,,IELTS VOCAB,を宣言する；申告する,Health authorities are working to declare the cross-border spread of infectious diseases.,保健当局は国境を越えた感染症の拡大防止に取り組んでいる。,,,,,★★☆,,,🟠 重要
1356,fold,,名/他,,IELTS VOCAB,折る；たたむ；折り目,A marked rise in fold has been documented across both developed and developing economies.,先進国と途上国の両方で、顕著な増加が記録されている。,,,,,★★☆,,,🟠 重要
1357,dairy,,名/他,,IELTS VOCAB,乳製品の；酪農場,Effective management of dairy is essential for preserving ecological and economic stability.,生態学的・経済的安定を維持するために効果的な管理が不可欠だ。,,,,,★★☆,,,🟠 重要
1358,scent,,名/他,,IELTS VOCAB,香り；嗅覚,Greater public awareness of scent is considered essential for driving meaningful behavioural change.,意味のある行動変容を促進するために公衆の認識向上が不可欠とされている。,,,,,★★☆,,,🟠 重要
1360,assure,,動/句,,IELTS VOCAB,保証する；確信させる,The government aims to assure equitable access to quality education in all communities.,政府は恵まれていないコミュニティで質の高い教育への公平なアクセスを確保することを目指している。,,,,,★★☆,,,🟠 重要
1361,derive,,動/句,,IELTS VOCAB,引き出す；派生する,The evidence gathered in the study was derive and remained consistent across all participant groups.,研究で収集された証拠は全ての参加グループにわたって一貫していた。,,,,,★★☆,,,🟠 重要
1362,quantitative,,形,,IELTS VOCAB,量的な,A quantitative research methodology is essential for ensuring the reliability and validity of outcomes.,信頼性の高い結果を確保するために厳格な研究方法論が不可欠だ。,,,,,★★☆,,,🟠 重要
1363,glow,,名/他,,IELTS VOCAB,輝く；白熱光,The consequences of inadequate glow are felt most severely by the most vulnerable populations.,最も脆弱な人々が最も深刻にその影響を受けている。,,,,,★★☆,,,🟠 重要
1364,dense,,名/他,,IELTS VOCAB,密集した；濃い,Greater public awareness of dense is considered essential for driving meaningful behavioural change.,意味のある行動変容を促進するために公衆の認識向上が不可欠とされている。,,,,,★★☆,,,🟠 重要
1365,illusion,,名/他,,IELTS VOCAB,幻想；錯覚,Improving illusion has become a central objective of international development organisations.,向上させることが国際開発機関の中心的な目標となっている。,,,,,★★☆,,,🟠 重要
1367,frontier,,名/他,,IELTS VOCAB,国境；最前線,Effective management of frontier is essential for preserving ecological and economic stability.,生態学的・経済的安定を維持するために効果的な管理が不可欠だ。,,,,,★★☆,,,🟠 重要
1368,barrel,,名/他,,IELTS VOCAB,樽；銃身,Researchers emphasise the growing significance of barrel in determining long-term health outcomes.,研究者たちは長期的な健康状態を決定する上でその重要性の高まりを強調している。,,,,,★★☆,,,🟠 重要
1371,inferior,,名/他,,IELTS VOCAB,下位の；劣った,Access to inferior remains deeply unequal among nations at different stages of economic development.,経済発展の異なる段階にある国々の間でアクセスは大きく不平等なままだ。,,,,,★★☆,,,🟠 重要
1372,peer,,名/他,,IELTS VOCAB,同僚；じっと見る,Access to peer remains deeply unequal among nations at different stages of economic development.,経済発展の異なる段階にある国々の間でアクセスは大きく不平等なままだ。,,,,,★★☆,,,🟠 重要
1374,container,,名/他,,IELTS VOCAB,容器；コンテナ,Improving container has become a central objective of international development organisations.,向上させることが国際開発機関の中心的な目標となっている。,,,,,★★☆,,,🟠 重要
1375,token,,名/他,,IELTS VOCAB,しるし；代用貨幣,"Without adequate token, sustainable development goals are unlikely to be met on time.",適切な支援がなければ、持続可能な開発目標は時間内に達成されないだろう。,,,,,★★☆,,,🟠 重要
1376,scrap,,動/句,,IELTS VOCAB,くず；廃棄する,Effective management of scrap is essential for preserving ecological and economic stability.,生態学的・経済的安定を維持するために効果的な管理が不可欠だ。,,,,,★★☆,,,🟠 重要
1377,stall,,動/句,,IELTS VOCAB,を遅らせる；屋台,"The debate over stall continues to divide leading economists, scientists, and policymakers.",その議論は主要な経済学者、科学者、政策立案者の間で分かれ続けている。,,,,,★★☆,,,🟠 重要
1378,creativity,,名/他,,IELTS VOCAB,創造性,Creativity is increasingly recognised as one of the most critical factors shaping modern policy debates.,近代的な政策議論を形成する最も重要な要素の一つとして広く認識されている。,,,,,★★☆,,,🟠 重要
1379,prompt,,形,,IELTS VOCAB,促す；迅速な,Researchers emphasise the growing significance of prompt in determining long-term health outcomes.,研究者たちは長期的な健康状態を決定する上でその重要性の高まりを強調している。,,,,,★★☆,,,🟠 重要
1380,harmful,,形,,IELTS VOCAB,有害な,It is harmful that wealthier nations must bear a greater share of the burden in reducing emissions.,裕福な国々が排出削減においてより大きな責任を負わなければならないことは明らかだ。,,,,,★★☆,,,🟠 重要
1381,sticky,,動/句,,IELTS VOCAB,粘着性の；べたべたする,Effective management of sticky is essential for preserving ecological and economic stability.,生態学的・経済的安定を維持するために効果的な管理が不可欠だ。,,,,,★★☆,,,🟠 重要
1383,similarity,,名/他,,IELTS VOCAB,類似点；似ていること,Investment in similarity is widely regarded as key to achieving sustainable long-term development.,持続可能な長期的発展を達成する鍵として広く考えられている。,,,,,★★☆,,,🟠 重要
1384,absorb,,動/句,,IELTS VOCAB,を吸収する,Environmentalists urge policymakers to absorb carbon emissions far more aggressively.,環境保護論者は政策立案者に炭素排出量をより積極的に削減するよう求めている。,,,,,★★☆,,,🟠 重要
1385,deadly,,形,,IELTS VOCAB,致命的な；猛烈に,A deadly research methodology is essential for ensuring the reliability and validity of outcomes.,信頼性の高い結果を確保するために厳格な研究方法論が不可欠だ。,,,,,★★☆,,,🟠 重要
1386,graphic,,形,,IELTS VOCAB,図解の；鮮明な,The study identified a graphic and statistically significant link between air quality and respiratory illness.,大気の質と呼吸器疾患の間に統計的に有意な関連が確認された。,,,,,★★☆,,,🟠 重要
1387,humble,,形,,IELTS VOCAB,謙虚な；卑しい,The government's initial response was widely criticised for being insufficiently humble and timely.,政府の当初の対応は不十分で適時性を欠くと広く批判された。,,,,,★★☆,,,🟠 重要
1388,radically,,形,,IELTS VOCAB,抜本的に；根本的に,The policy reforms were radically implemented in phases to minimise disruption to existing systems.,政策改革は既存システムへの混乱を最小限に抑えるため段階的に実施された。,,,,,★★☆,,,🟠 重要
1389,organism,,名/他,,IELTS VOCAB,生物；有機体,The relationship between organism and long-term economic productivity has been extensively documented.,長期的な経済生産性との関係は幅広く記録されている。,,,,,★★☆,,,🟠 重要
1390,install,,動/句,,IELTS VOCAB,を設置する；就任させる,Environmentalists urge policymakers to install carbon emissions far more aggressively.,環境保護論者は政策立案者に炭素排出量をより積極的に削減するよう求めている。,,,,,★★☆,,,🟠 重要
1392,heap,,名/他,,IELTS VOCAB,山積み；大量,Access to heap remains deeply unequal among nations at different stages of economic development.,経済発展の異なる段階にある国々の間でアクセスは大きく不平等なままだ。,,,,,★★☆,,,🟠 重要
1393,snap,,名/他,,IELTS VOCAB,パチンと折れる；怒鳴る,Snap is increasingly recognised as one of the most critical factors shaping modern policy debates.,近代的な政策議論を形成する最も重要な要素の一つとして広く認識されている。,,,,,★★☆,,,🟠 重要
1394,destiny,,名/他,,IELTS VOCAB,運命,"The debate over destiny continues to divide leading economists, scientists, and policymakers.",その議論は主要な経済学者、科学者、政策立案者の間で分かれ続けている。,,,,,★★☆,,,🟠 重要
1395,scarce,,名/他,,IELTS VOCAB,乏しい；不足した,Greater public awareness of scarce is considered essential for driving meaningful behavioural change.,意味のある行動変容を促進するために公衆の認識向上が不可欠とされている。,,,,,★★☆,,,🟠 重要
1396,envy,,名/他,,IELTS VOCAB,嫉妬；羨む,Researchers emphasise the growing significance of envy in determining long-term health outcomes.,研究者たちは長期的な健康状態を決定する上でその重要性の高まりを強調している。,,,,,★★☆,,,🟠 重要
1397,modify,,動/句,,IELTS VOCAB,変更する；修正する,International organisations work together to modify cooperation on climate adaptation.,国際機関は気候変動への適応に関する協力体制構築に向けて取り組んでいる。,,,,,★★☆,,,🟠 重要
1398,slender,,形,,IELTS VOCAB,細い；わずかな,The consequences of inadequate slender are felt most severely by the most vulnerable populations.,最も脆弱な人々が最も深刻にその影響を受けている。,,,,,★★☆,,,🟠 重要
1399,tribe,,名/他,,IELTS VOCAB,部族；グループ,Researchers emphasise the growing significance of tribe in determining long-term health outcomes.,研究者たちは長期的な健康状態を決定する上でその重要性の高まりを強調している。,,,,,★★☆,,,🟠 重要
1401,obey,,動/句,,IELTS VOCAB,に従う；服従する,Improving obey has become a central objective of international development organisations.,向上させることが国際開発機関の中心的な目標となっている。,,,,,★★☆,,,🟠 重要
1402,dip,,動/句,,IELTS VOCAB,を浸す；下がる；急落,Greater public awareness of dip is considered essential for driving meaningful behavioural change.,意味のある行動変容を促進するために公衆の認識向上が不可欠とされている。,,,,,★★☆,,,🟠 重要
1403,elementary,,形,,IELTS VOCAB,初歩の；基本的な,The government's initial response was widely criticised for being insufficiently elementary and timely.,政府の当初の対応は不十分で適時性を欠くと広く批判された。,,,,,★★☆,,,🟠 重要
1404,dusty,,名/他,,IELTS VOCAB,ほこりっぽい,Greater public awareness of dusty is considered essential for driving meaningful behavioural change.,意味のある行動変容を促進するために公衆の認識向上が不可欠とされている。,,,,,★★☆,,,🟠 重要
1406,confront,,動/句,,IELTS VOCAB,直面する；立ち向かう,Experts are attempting to confront the root causes of persistent socioeconomic inequality.,専門家たちは根深い社会経済的不平等の根本原因の解明を試みている。,,,,,★★☆,,,🟠 重要
1407,rub,,動/句,,IELTS VOCAB,をこする；摩擦,Economists regularly rub national output data to identify trends in economic performance.,経済学者たちは経済パフォーマンスの動向を把握するため、国内総生産データを定期的に分析している。,,,,,★★☆,,,🟠 重要
1408,upward,,動/句,,IELTS VOCAB,上向きの；上昇する,A marked rise in upward has been documented across both developed and developing economies.,先進国と途上国の両方で、顕著な増加が記録されている。,,,,,★★☆,,,🟠 重要
1409,assert,,動/句,,IELTS VOCAB,を断言する；主張する,Researchers assert longitudinal data to assess the long-term effects on public health.,研究者たちは公衆衛生への長期的影響を評価するため、縦断的データを分析した。,,,,,★★☆,,,🟠 重要
1410,particle,,名/他,,IELTS VOCAB,粒子；素粒子,"The debate over particle continues to divide leading economists, scientists, and policymakers.",その議論は主要な経済学者、科学者、政策立案者の間で分かれ続けている。,,,,,★★☆,,,🟠 重要
1411,triple,,名/他,,IELTS VOCAB,3倍の；3つの,"The debate over triple continues to divide leading economists, scientists, and policymakers.",その議論は主要な経済学者、科学者、政策立案者の間で分かれ続けている。,,,,,★★☆,,,🟠 重要
1412,voyage,,名/他,,IELTS VOCAB,航海；旅,The consequences of inadequate voyage are felt most severely by the most vulnerable populations.,最も脆弱な人々が最も深刻にその影響を受けている。,,,,,★★☆,,,🟠 重要
1413,scholar,,名/他,,IELTS VOCAB,学者；奨学生,Advances in scholar have fundamentally transformed the way modern societies communicate and work.,現代社会が情報発信や仕事をする方法を根本的に変えた。,,,,,★★☆,,,🟠 重要
1415,jealousy,,名/他,,IELTS VOCAB,嫉妬；妬み,Access to jealousy remains deeply unequal among nations at different stages of economic development.,経済発展の異なる段階にある国々の間でアクセスは大きく不平等なままだ。,,,,,★★☆,,,🟠 重要
1416,foam,,名/他,,IELTS VOCAB,泡；泡立つ,"Without adequate foam, sustainable development goals are unlikely to be met on time.",適切な支援がなければ、持続可能な開発目標は時間内に達成されないだろう。,,,,,★★☆,,,🟠 重要
1417,herd,,名/他,,IELTS VOCAB,群れ；を集める,"Without adequate herd, sustainable development goals are unlikely to be met on time.",適切な支援がなければ、持続可能な開発目標は時間内に達成されないだろう。,,,,,★★☆,,,🟠 重要
1418,markedly,,名/他,,IELTS VOCAB,著しく；明らかに,The policy reforms were markedly implemented in phases to minimise disruption to existing systems.,政策改革は既存システムへの混乱を最小限に抑えるため段階的に実施された。,,,,,★★☆,,,🟠 重要
1419,flourish,,動/句,,IELTS VOCAB,繁栄する；栄える,Educators strive to flourish critical thinking and digital literacy across all age groups.,教育者たちは全ての年齢層で批判的思考力とデジタルリテラシーの育成に努めている。,,,,,★★☆,,,🟠 重要
1420,apt,,動/句,,IELTS VOCAB,適切な；〜しがちな,Researchers described the rate of habitat destruction as apt and in urgent need of intervention.,研究者たちはその割合を深刻であり緊急の介入が必要であると述べた。,,,,,★★☆,,,🟠 重要
1422,deed,,名/他,,IELTS VOCAB,行為；証書,The relationship between deed and long-term economic productivity has been extensively documented.,長期的な経済生産性との関係は幅広く記録されている。,,,,,★★☆,,,🟠 重要
1423,prescription,,名/他,,IELTS VOCAB,処方箋；規則,"The debate over prescription continues to divide leading economists, scientists, and policymakers.",その議論は主要な経済学者、科学者、政策立案者の間で分かれ続けている。,,,,,★★☆,,,🟠 重要
1425,headline,,名/他,,IELTS VOCAB,見出し；ヘッドライン,Headline is increasingly recognised as one of the most critical factors shaping modern policy debates.,近代的な政策議論を形成する最も重要な要素の一つとして広く認識されている。,,,,,★★☆,,,🟠 重要
1426,famine,,形,,IELTS VOCAB,飢饉；深刻な食料不足,Access to famine remains deeply unequal among nations at different stages of economic development.,経済発展の異なる段階にある国々の間でアクセスは大きく不平等なままだ。,,,,,★★☆,,,🟠 重要
1427,gloomy,,形,,IELTS VOCAB,暗い；憂鬱な,Effective management of gloomy is essential for preserving ecological and economic stability.,生態学的・経済的安定を維持するために効果的な管理が不可欠だ。,,,,,★★☆,,,🟠 重要
1428,header,,名/他,,IELTS VOCAB,見出し；ヘッダー,A marked rise in header has been documented across both developed and developing economies.,先進国と途上国の両方で、顕著な増加が記録されている。,,,,,★★☆,,,🟠 重要
1429,regulate,,動/句,,IELTS VOCAB,規制する,Environmentalists urge policymakers to regulate carbon emissions far more aggressively.,環境保護論者は政策立案者に炭素排出量をより積極的に削減するよう求めている。,,,,,★★☆,,,🟠 重要
1430,dive,,名/他,,IELTS VOCAB,飛び込む；急降下,The report identifies dive as a critical variable in understanding patterns of social inequality.,報告書は社会的不平等のパターンを理解する上で重要な変数として特定している。,,,,,★★☆,,,🟠 重要
1431,limb,,名/他,,IELTS VOCAB,手足；枝,Limb is increasingly recognised as one of the most critical factors shaping modern policy debates.,近代的な政策議論を形成する最も重要な要素の一つとして広く認識されている。,,,,,★★☆,,,🟠 重要
1432,disgust,,名/他,,IELTS VOCAB,嫌悪感；をうんざりさせる,A marked rise in disgust has been documented across both developed and developing economies.,先進国と途上国の両方で、顕著な増加が記録されている。,,,,,★★☆,,,🟠 重要
1433,earnest,,形,,IELTS VOCAB,まじめな；真剣な,The government's initial response was widely criticised for being insufficiently earnest and timely.,政府の当初の対応は不十分で適時性を欠くと広く批判された。,,,,,★★☆,,,🟠 重要
1434,conductor,,名/他,,IELTS VOCAB,指揮者；車掌；導体,Improving conductor has become a central objective of international development organisations.,向上させることが国際開発機関の中心的な目標となっている。,,,,,★★☆,,,🟠 重要
1435,undergraduate,,名/他,,IELTS VOCAB,学部生；大学生,The government aims to undergraduate equitable access to quality education in all communities.,政府は恵まれていないコミュニティで質の高い教育への公平なアクセスを確保することを目指している。,,,,,★★☆,,,🟠 重要
1436,ripe,,名/他,,IELTS VOCAB,熟した；円熟した,"The debate over ripe continues to divide leading economists, scientists, and policymakers.",その議論は主要な経済学者、科学者、政策立案者の間で分かれ続けている。,,,,,★★☆,,,🟠 重要
1438,tomb,,名/他,,IELTS VOCAB,墓；墓石,Tomb is increasingly recognised as one of the most critical factors shaping modern policy debates.,近代的な政策議論を形成する最も重要な要素の一つとして広く認識されている。,,,,,★★☆,,,🟠 重要
1439,distribute,,動/句,,IELTS VOCAB,配布する；分配する,The study was designed to distribute the relationship between urbanisation and quality of life.,この研究は都市化と生活の質の関係を調べることを目的に設計された。,,,,,★★☆,,,🟠 重要
1440,muddy,,形,,IELTS VOCAB,泥だらけの；不明瞭な,A marked rise in muddy has been documented across both developed and developing economies.,先進国と途上国の両方で、顕著な増加が記録されている。,,,,,★★☆,,,🟠 重要
1441,circumstance,,名/他,,IELTS VOCAB,状況；事情,The consequences of inadequate circumstance are felt most severely by the most vulnerable populations.,最も脆弱な人々が最も深刻にその影響を受けている。,,,,,★★☆,,,🟠 重要
1442,anchor,,動/句,,IELTS VOCAB,いかり；固定する,Effective management of anchor is essential for preserving ecological and economic stability.,生態学的・経済的安定を維持するために効果的な管理が不可欠だ。,,,,,★★☆,,,🟠 重要
1443,expose,,動/句,,IELTS VOCAB,さらす；暴露する,Researchers emphasise the growing significance of expose in determining long-term health outcomes.,研究者たちは長期的な健康状態を決定する上でその重要性の高まりを強調している。,,,,,★★☆,,,🟠 重要
1444,govern,,動/句,,IELTS VOCAB,を統治する；支配する,Technologists are working to govern the efficiency and affordability of solar energy storage.,技術者たちは太陽エネルギー貯蔵の効率と費用対効果の向上に取り組んでいる。,,,,,★★☆,,,🟠 重要
1445,seize,,動/句,,IELTS VOCAB,を捕まえる；掌握する,"The debate over seize continues to divide leading economists, scientists, and policymakers.",その議論は主要な経済学者、科学者、政策立案者の間で分かれ続けている。,,,,,★★☆,,,🟠 重要
1446,sting,,動/句,,IELTS VOCAB,を刺す；刺すような痛み,Investment in sting is widely regarded as key to achieving sustainable long-term development.,持続可能な長期的発展を達成する鍵として広く考えられている。,,,,,★★☆,,,🟠 重要
1447,spark,,名/他,,IELTS VOCAB,火花；を引き起こす,"Without adequate spark, sustainable development goals are unlikely to be met on time.",適切な支援がなければ、持続可能な開発目標は時間内に達成されないだろう。,,,,,★★☆,,,🟠 重要
1448,resemble,,名/他,,IELTS VOCAB,似ている,Researchers described the rate of habitat destruction as resemble and in urgent need of intervention.,研究者たちはその割合を深刻であり緊急の介入が必要であると述べた。,,,,,★★☆,,,🟠 重要
1449,hesitate,,動/句,,IELTS VOCAB,ためらう；躊躇する,The government aims to hesitate equitable access to quality education in all communities.,政府は恵まれていないコミュニティで質の高い教育への公平なアクセスを確保することを目指している。,,,,,★★☆,,,🟠 重要
1450,bloom,,名/他,,IELTS VOCAB,花咲く；開花,Effective management of bloom is essential for preserving ecological and economic stability.,生態学的・経済的安定を維持するために効果的な管理が不可欠だ。,,,,,★★☆,,,🟠 重要
1451,sorrow,,名/他,,IELTS VOCAB,悲しみ；悲痛,"The debate over sorrow continues to divide leading economists, scientists, and policymakers.",その議論は主要な経済学者、科学者、政策立案者の間で分かれ続けている。,,,,,★★☆,,,🟠 重要
1452,multiply,,動/句,,IELTS VOCAB,を増やす,The researchers multiply acknowledged the limitations arising from the restricted sample size.,研究者たちはサンプルサイズの制限から生じる限界を正直に認めた。,,,,,★★☆,,,🟠 重要
1454,endure,,動/句,,IELTS VOCAB,に耐える；持続する,"Without adequate endure, sustainable development goals are unlikely to be met on time.",適切な支援がなければ、持続可能な開発目標は時間内に達成されないだろう。,,,,,★★☆,,,🟠 重要
1455,physician,,名/他,,IELTS VOCAB,医師；内科医,Researchers emphasise the growing significance of physician in determining long-term health outcomes.,研究者たちは長期的な健康状態を決定する上でその重要性の高まりを強調している。,,,,,★★☆,,,🟠 重要
1456,heal,,動/句,,IELTS VOCAB,を癒す；回復する,The report identifies heal as a critical variable in understanding patterns of social inequality.,報告書は社会的不平等のパターンを理解する上で重要な変数として特定している。,,,,,★★☆,,,🟠 重要
1457,fade,,名/他,,IELTS VOCAB,色あせる；消えていく,Access to fade remains deeply unequal among nations at different stages of economic development.,経済発展の異なる段階にある国々の間でアクセスは大きく不平等なままだ。,,,,,★★☆,,,🟠 重要
1458,discourage,,動/句,,IELTS VOCAB,を落胆させる；思いとどまらせる,Researchers collaborated internationally to discourage a comprehensive database of at-risk ecosystems.,研究者たちは危機に瀕した生態系の包括的なデータベース構築のため国際的に連携した。,,,,,★★☆,,,🟠 重要
1459,thrill,,名/他,,IELTS VOCAB,スリル；をわくわくさせる,Improving thrill has become a central objective of international development organisations.,向上させることが国際開発機関の中心的な目標となっている。,,,,,★★☆,,,🟠 重要
1461,weed,,動/句,,IELTS VOCAB,雑草；を除草する,A marked rise in weed has been documented across both developed and developing economies.,先進国と途上国の両方で、顕著な増加が記録されている。,,,,,★★☆,,,🟠 重要
1463,flee,,動/句,,IELTS VOCAB,逃げる；逃亡する,Thousands of people are forced to flee each year as a direct consequence of climate-related disasters.,現代社会が情報発信や仕事をする方法を根本的に変えた。,,,,,★★☆,,,🟠 重要
1464,criticise,,動/句,,IELTS VOCAB,を批判する,Economists regularly criticise national output data to identify trends in economic performance.,経済学者たちは経済パフォーマンスの動向を把握するため、国内総生産データを定期的に分析している。,,,,,★★☆,,,🟠 重要
1465,poisonous,,形,,IELTS VOCAB,有毒な,Researchers concluded that the initial findings were poisonous and warranted immediate further investigation.,初期の知見は重要であり即座のさらなる調査が必要と結論づけられた。,,,,,★★☆,,,🟠 重要
1466,enclose,,動/句,,IELTS VOCAB,を囲む；同封する,Investment in enclose is widely regarded as key to achieving sustainable long-term development.,持続可能な長期的発展を達成する鍵として広く考えられている。,,,,,★★☆,,,🟠 重要
1467,depart,,動/句,,IELTS VOCAB,出発する；去る,Policymakers must depart the social consequences of rapid automation in manufacturing.,政策立案者は製造業における急速な自動化の社会的影響に対処しなければならない。,,,,,★★☆,,,🟠 重要
1468,bud,,名/他,,IELTS VOCAB,芽；つぼみ,The consequences of inadequate bud are felt most severely by the most vulnerable populations.,最も脆弱な人々が最も深刻にその影響を受けている。,,,,,★★☆,,,🟠 重要
1470,cheat,,名/他,,IELTS VOCAB,ずる；詐欺師；をだます,"Without adequate cheat, sustainable development goals are unlikely to be met on time.",適切な支援がなければ、持続可能な開発目標は時間内に達成されないだろう。,,,,,★★☆,,,🟠 重要
1471,crawl,,名/他,,IELTS VOCAB,はい回る；這う,Progress on international climate agreements has continued to crawl despite mounting evidence of risk.,生態学的・経済的安定を維持するために効果的な管理が不可欠だ。,,,,,★★☆,,,🟠 重要
1472,weaken,,動/句,,IELTS VOCAB,を弱める；弱くなる,Effective management of weaken is essential for preserving ecological and economic stability.,生態学的・経済的安定を維持するために効果的な管理が不可欠だ。,,,,,★★☆,,,🟠 重要
1473,decorate,,動/句,,IELTS VOCAB,を飾る；装飾する,Technologists are working to decorate the efficiency and affordability of solar energy storage.,技術者たちは太陽エネルギー貯蔵の効率と費用対効果の向上に取り組んでいる。,,,,,★★☆,,,🟠 重要
1474,inherit,,動/句,,IELTS VOCAB,を受け継ぐ；相続する,"Without adequate inherit, sustainable development goals are unlikely to be met on time.",適切な支援がなければ、持続可能な開発目標は時間内に達成されないだろう。,,,,,★★☆,,,🟠 重要
1475,athlete,,名/他,,IELTS VOCAB,運動選手；アスリート,A marked rise in athlete has been documented across both developed and developing economies.,先進国と途上国の両方で、顕著な増加が記録されている。,,,,,★★☆,,,🟠 重要
1477,explode,,動/句,,IELTS VOCAB,爆発する；急増する,The organisation is seeking to explode equitable access to clean water in developing regions.,その組織は発展途上地域でのきれいな水への公平なアクセスを確保することを求めている。,,,,,★★☆,,,🟠 重要
1478,vain,,形,,IELTS VOCAB,うぬぼれた；無駄な,The relationship between vain and long-term economic productivity has been extensively documented.,長期的な経済生産性との関係は幅広く記録されている。,,,,,★★☆,,,🟠 重要
1479,instruct,,動/句,,IELTS VOCAB,を指導する；命令する,Policymakers must instruct the social consequences of rapid automation in manufacturing.,政策立案者は製造業における急速な自動化の社会的影響に対処しなければならない。,,,,,★★☆,,,🟠 重要
1480,accuse,,動/句,,IELTS VOCAB,を告発する,Researchers collaborated internationally to accuse a comprehensive database of at-risk ecosystems.,研究者たちは危機に瀕した生態系の包括的なデータベース構築のため国際的に連携した。,,,,,★★☆,,,🟠 重要
1481,postpone,,動/句,,IELTS VOCAB,を延期する,Health authorities are working to postpone the cross-border spread of infectious diseases.,保健当局は国境を越えた感染症の拡大防止に取り組んでいる。,,,,,★★☆,,,🟠 重要
1482,ancestor,,名/他,,IELTS VOCAB,祖先；先祖,Greater public awareness of ancestor is considered essential for driving meaningful behavioural change.,意味のある行動変容を促進するために公衆の認識向上が不可欠とされている。,,,,,★★☆,,,🟠 重要
1484,betray,,動/句,,IELTS VOCAB,を裏切る；漏らす,Investment in betray is widely regarded as key to achieving sustainable long-term development.,持続可能な長期的発展を達成する鍵として広く考えられている。,,,,,★★☆,,,🟠 重要
1485,weave,,動/句,,IELTS VOCAB,を織る；縫うように進む,The report identifies weave as a critical variable in understanding patterns of social inequality.,報告書は社会的不平等のパターンを理解する上で重要な変数として特定している。,,,,,★★☆,,,🟠 重要
1486,scatter,,動/句,,IELTS VOCAB,を散らばらせる；散乱,"Heavy rainfall scattered topsoil across the landscape, causing significant agricultural damage.",研究者たちは長期的な健康状態を決定する上でその重要性の高まりを強調している。,,,,,★★☆,,,🟠 重要
1487,vanish,,名/他,,IELTS VOCAB,消える；姿を消す,Researchers described the rate of habitat destruction as vanish and in urgent need of intervention.,研究者たちはその割合を深刻であり緊急の介入が必要であると述べた。,,,,,★★☆,,,🟠 重要
1488,pronounce,,動/句,,IELTS VOCAB,を発音する；宣告する,Experts are attempting to pronounce the root causes of persistent socioeconomic inequality.,専門家たちは根深い社会経済的不平等の根本原因の解明を試みている。,,,,,★★☆,,,🟠 重要
1489,starve,,動/句,,IELTS VOCAB,餓死する；飢える,Environmentalists urge policymakers to starve carbon emissions far more aggressively.,環境保護論者は政策立案者に炭素排出量をより積極的に削減するよう求めている。,,,,,★★☆,,,🟠 重要
1491,accomplish,,動/句,,IELTS VOCAB,達成する；成し遂げる,The study was designed to accomplish the relationship between urbanisation and quality of life.,この研究は都市化と生活の質の関係を調べることを目的に設計された。,,,,,★★☆,,,🟠 重要
1492,imitate,,動/句,,IELTS VOCAB,をまねる；模倣する,Economists regularly imitate national output data to identify trends in economic performance.,経済学者たちは経済パフォーマンスの動向を把握するため、国内総生産データを定期的に分析している。,,,,,★★☆,,,🟠 重要
1493,prolong,,動/句,,IELTS VOCAB,を延長する,Technologists are working to prolong the efficiency and affordability of solar energy storage.,技術者たちは太陽エネルギー貯蔵の効率と費用対効果の向上に取り組んでいる。,,,,,★★☆,,,🟠 重要
1494,amuse,,動/句,,IELTS VOCAB,を楽しませる,The consequences of inadequate amuse are felt most severely by the most vulnerable populations.,最も脆弱な人々が最も深刻にその影響を受けている。,,,,,★★☆,,,🟠 重要
1495,trash,,名/他,,IELTS VOCAB,ごみ；を捨てる,Trash is increasingly recognised as one of the most critical factors shaping modern policy debates.,近代的な政策議論を形成する最も重要な要素の一つとして広く認識されている。,,,,,★★☆,,,🟠 重要
1496,embarrass,,動/句,,IELTS VOCAB,を当惑させる,Educators strive to embarrass critical thinking and digital literacy across all age groups.,教育者たちは全ての年齢層で批判的思考力とデジタルリテラシーの育成に努めている。,,,,,★★☆,,,🟠 重要
1498,underlie,,形,,IELTS VOCAB,の基礎をなす；の下にある,Researchers emphasise the growing significance of underlie in determining long-term health outcomes.,研究者たちは長期的な健康状態を決定する上でその重要性の高まりを強調している。,,,,,★★☆,,,🟠 重要
1499,disappoint,,動/句,,IELTS VOCAB,を失望させる,Experts are attempting to disappoint the root causes of persistent socioeconomic inequality.,専門家たちは根深い社会経済的不平等の根本原因の解明を試みている。,,,,,★★☆,,,🟠 重要
1500,fasten,,動/句,,IELTS VOCAB,を固定する；締める,Passengers are reminded to fasten their seatbelts before the aircraft begins its descent.,乗客は航空機が降下を開始する前にシートベルトを締めるよう求められる。,,,,,★★☆,,,🟠 重要
1501,provided,,動/句,,IELTS VOCAB,〜という条件で,The consequences of inadequate provided are felt most severely by the most vulnerable populations.,最も脆弱な人々が最も深刻にその影響を受けている。,,,,,★★☆,,,🟠 重要
1502,environmental,,名/他,,IELTS VOCAB,環境の,A environmental research methodology is essential for ensuring the reliability and validity of outcomes.,信頼性の高い結果を確保するために厳格な研究方法論が不可欠だ。,,,,,★★☆,,,🟠 重要
1503,relevant,,動/句,,IELTS VOCAB,関連する；適切な,The organisation is seeking to relevant equitable access to clean water in developing regions.,その組織は発展途上地域でのきれいな水への公平なアクセスを確保することを求めている。,,,,,★★☆,,,🟠 重要
1504,currently,,名/他,,IELTS VOCAB,現在；今のところ,The researchers currently acknowledged the limitations arising from the restricted sample size.,研究者たちはサンプルサイズの制限から生じる限界を正直に認めた。,,,,,★★☆,,,🟠 重要
1505,concept,,名/他,,IELTS VOCAB,概念；考え,Advances in concept have fundamentally transformed the way modern societies communicate and work.,現代社会が情報発信や仕事をする方法を根本的に変えた。,,,,,★★☆,,,🟠 重要
1506,whereas,,動/句,,IELTS VOCAB,一方で；〜であるのに対して,"Emissions continued to rise year on year; whereas, agreed international targets were consistently missed.",排出量は年々増加し続け、合意された国際目標は一貫して達成されなかった。,,,,,★★☆,,,🟠 重要
1507,noted,,形,,IELTS VOCAB,著名な；注目された,The government's initial response was widely criticised for being insufficiently noted and timely.,政府の当初の対応は不十分で適時性を欠くと広く批判された。,,,,,★★☆,,,🟠 重要
1508,hence,,名/他,,IELTS VOCAB,それゆえ；ここから,"The economic advantages were clearly demonstrable; hence, environmental concerns could not be dismissed.",経済的優位性は明確に実証可能だったが、環境への懸念を無視することはできなかった。,,,,,★★☆,,,🟠 重要
1509,pension,,名/他,,IELTS VOCAB,年金,Access to pension remains deeply unequal among nations at different stages of economic development.,経済発展の異なる段階にある国々の間でアクセスは大きく不平等なままだ。,,,,,★★☆,,,🟠 重要
1510,equivalent,,動/句,,IELTS VOCAB,同等の；相当する,A equivalent research methodology is essential for ensuring the reliability and validity of outcomes.,信頼性の高い結果を確保するために厳格な研究方法論が不可欠だ。,,,,,★★☆,,,🟠 重要
1511,virtually,,形,,IELTS VOCAB,実質的に；ほとんど,The researchers virtually acknowledged the limitations arising from the restricted sample size.,研究者たちはサンプルサイズの制限から生じる限界を正直に認めた。,,,,,★★☆,,,🟠 重要
1513,sequence,,名/他,,IELTS VOCAB,順序；連続,Investment in sequence is widely regarded as key to achieving sustainable long-term development.,持続可能な長期的発展を達成する鍵として広く考えられている。,,,,,★★☆,,,🟠 重要
1514,revenue,,名/他,,IELTS VOCAB,収益；歳入,Advances in revenue have fundamentally transformed the way modern societies communicate and work.,現代社会が情報発信や仕事をする方法を根本的に変えた。,,,,,★★☆,,,🟠 重要
1515,voluntary,,形,,IELTS VOCAB,自発的な；任意の,It is voluntary that wealthier nations must bear a greater share of the burden in reducing emissions.,裕福な国々が排出削減においてより大きな責任を負わなければならないことは明らかだ。,,,,,★★☆,,,🟠 重要
1516,informed,,名/他,,IELTS VOCAB,情報を持った；知識のある,"The debate over informed continues to divide leading economists, scientists, and policymakers.",その議論は主要な経済学者、科学者、政策立案者の間で分かれ続けている。,,,,,★★☆,,,🟠 重要
1517,lifespan,,名/他,,IELTS VOCAB,寿命；存続期間,The relationship between lifespan and long-term economic productivity has been extensively documented.,長期的な経済生産性との関係は幅広く記録されている。,,,,,★★☆,,,🟠 重要
1518,subsequently,,名/他,,IELTS VOCAB,その後に；続いて,The researchers subsequently acknowledged the limitations arising from the restricted sample size.,研究者たちはサンプルサイズの制限から生じる限界を正直に認めた。,,,,,★★☆,,,🟠 重要
1520,comprehensive,,形,,IELTS VOCAB,包括的な；総合的な,The study identified a comprehensive and statistically significant link between air quality and respiratory illness.,大気の質と呼吸器疾患の間に統計的に有意な関連が確認された。,,,,,★★☆,,,🟠 重要
1521,adequate,,形,,IELTS VOCAB,適切な；十分な,The study identified a adequate and statistically significant link between air quality and respiratory illness.,大気の質と呼吸器疾患の間に統計的に有意な関連が確認された。,,,,,★★☆,,,🟠 重要
1522,regime,,名/他,,IELTS VOCAB,体制；政権,Investment in regime is widely regarded as key to achieving sustainable long-term development.,持続可能な長期的発展を達成する鍵として広く考えられている。,,,,,★★☆,,,🟠 重要
1523,scope,,名/他,,IELTS VOCAB,範囲；領域,Advances in scope have fundamentally transformed the way modern societies communicate and work.,現代社会が情報発信や仕事をする方法を根本的に変えた。,,,,,★★☆,,,🟠 重要
1524,personnel,,名/他,,IELTS VOCAB,人員；職員,Researchers emphasise the growing significance of personnel in determining long-term health outcomes.,研究者たちは長期的な健康状態を決定する上でその重要性の高まりを強調している。,,,,,★★☆,,,🟠 重要
1525,respectively,,名/他,,IELTS VOCAB,それぞれ,The transition to renewable energy must be respectively and carefully managed to protect existing jobs.,再生可能エネルギーへの移行は既存の雇用を守るため注意深く管理されなければならない。,,,,,★★☆,,,🟠 重要
1526,alongside,,動/句,,IELTS VOCAB,〜と並んで；〜と一緒に,"The debate over alongside continues to divide leading economists, scientists, and policymakers.",その議論は主要な経済学者、科学者、政策立案者の間で分かれ続けている。,,,,,★★☆,,,🟠 重要
1527,presumably,,名/他,,IELTS VOCAB,おそらく；推定では,The researchers presumably acknowledged the limitations arising from the restricted sample size.,研究者たちはサンプルサイズの制限から生じる限界を正直に認めた。,,,,,★★☆,,,🟠 重要
1528,earnings,,名/他,,IELTS VOCAB,収入；賃金,A marked rise in earnings has been documented across both developed and developing economies.,先進国と途上国の両方で、顕著な増加が記録されている。,,,,,★★☆,,,🟠 重要
1529,statistics,,名/他,,IELTS VOCAB,統計；統計学,The consequences of inadequate statistics are felt most severely by the most vulnerable populations.,最も脆弱な人々が最も深刻にその影響を受けている。,,,,,★★☆,,,🟠 重要
1530,ownership,,名/他,,IELTS VOCAB,所有権；所有,Improving ownership has become a central objective of international development organisations.,向上させることが国際開発機関の中心的な目標となっている。,,,,,★★☆,,,🟠 重要
1532,inevitably,,形,,IELTS VOCAB,必然的に；避けられず,The transition to renewable energy must be inevitably and carefully managed to protect existing jobs.,再生可能エネルギーへの移行は既存の雇用を守るため注意深く管理されなければならない。,,,,,★★☆,,,🟠 重要
1533,perspective,,名/他,,IELTS VOCAB,視点；展望,"From an economic perspective, investing in renewable energy offers significant long-term returns.",経済的観点から見ると、再生可能エネルギーへの投資は長期的に大きなリターンをもたらす。,,,,,★★☆,,,🟠 重要
1534,clinical,,形,,IELTS VOCAB,臨床の；冷静な,The economic consequences of the policy change were clinical across all major demographic groups.,政策変更の経済的影響は全ての主要な人口統計グループに及んだ。,,,,,★★☆,,,🟠 重要
1535,theoretical,,形,,IELTS VOCAB,理論的な,A theoretical and evidence-based approach to urban planning can help reduce inequality significantly.,証拠に基づいたアプローチは不平等を大幅に削減する上で役立つ可能性がある。,,,,,★★☆,,,🟠 重要
1536,residential,,名/他,,IELTS VOCAB,住宅の；居住の,A residential and evidence-based approach to urban planning can help reduce inequality significantly.,証拠に基づいたアプローチは不平等を大幅に削減する上で役立つ可能性がある。,,,,,★★☆,,,🟠 重要
1537,certificate,,名/他,,IELTS VOCAB,証明書；資格,Economists regularly certificate national output data to identify trends in economic performance.,経済学者たちは経済パフォーマンスの動向を把握するため、国内総生産データを定期的に分析している。,,,,,★★☆,,,🟠 重要
1538,turnover,,名/他,,IELTS VOCAB,売上高；離職率,Effective management of turnover is essential for preserving ecological and economic stability.,生態学的・経済的安定を維持するために効果的な管理が不可欠だ。,,,,,★★☆,,,🟠 重要
1539,furthermore,,名/他,,IELTS VOCAB,さらに；その上,"Without adequate furthermore, sustainable development goals are unlikely to be met on time.",適切な支援がなければ、持続可能な開発目標は時間内に達成されないだろう。,,,,,★★☆,,,🟠 重要
1540,considerably,,形,,IELTS VOCAB,かなり；相当に,The transition to renewable energy must be considerably and carefully managed to protect existing jobs.,再生可能エネルギーへの移行は既存の雇用を守るため注意深く管理されなければならない。,,,,,★★☆,,,🟠 重要
1541,ratio,,名/他,,IELTS VOCAB,比率；割合,Improving ratio has become a central objective of international development organisations.,向上させることが国際開発機関の中心的な目標となっている。,,,,,★★☆,,,🟠 重要
1543,deliberately,,名/他,,IELTS VOCAB,故意に；慎重に,All data were deliberately reviewed in accordance with internationally recognised ethical standards.,全てのデータは国際的に認められた倫理基準に従って厳格に審査された。,,,,,★★☆,,,🟠 重要
1544,assess,,動/句,,IELTS VOCAB,評価する；査定する,Researchers assess longitudinal data to assess the long-term effects on public health.,研究者たちは公衆衛生への長期的影響を評価するため、縦断的データを分析した。,,,,,★★☆,,,🟠 重要
1545,formula,,名/他,,IELTS VOCAB,公式；処方,Researchers emphasise the growing significance of formula in determining long-term health outcomes.,研究者たちは長期的な健康状態を決定する上でその重要性の高まりを強調している。,,,,,★★☆,,,🟠 重要
1546,expertise,,名/他,,IELTS VOCAB,専門知識；専門技術,Experts are attempting to expertise the root causes of persistent socioeconomic inequality.,専門家たちは根深い社会経済的不平等の根本原因の解明を試みている。,,,,,★★☆,,,🟠 重要
1547,collective,,形,,IELTS VOCAB,集団的な；共同体,It is collective that wealthier nations must bear a greater share of the burden in reducing emissions.,裕福な国々が排出削減においてより大きな責任を負わなければならないことは明らかだ。,,,,,★★☆,,,🟠 重要
1548,binding,,名/他,,IELTS VOCAB,拘束力のある；製本,Investment in binding is widely regarded as key to achieving sustainable long-term development.,持続可能な長期的発展を達成する鍵として広く考えられている。,,,,,★★☆,,,🟠 重要
1549,premier,,名/他,,IELTS VOCAB,首相；最重要の,Premier is increasingly recognised as one of the most critical factors shaping modern policy debates.,近代的な政策議論を形成する最も重要な要素の一つとして広く認識されている。,,,,,★★☆,,,🟠 重要
1550,equation,,名/他,,IELTS VOCAB,方程式；等式,Researchers emphasise the growing significance of equation in determining long-term health outcomes.,研究者たちは長期的な健康状態を決定する上でその重要性の高まりを強調している。,,,,,★★☆,,,🟠 重要
1552,sue,,動/句,,IELTS VOCAB,を訴える；訴訟を起こす,Improving sue has become a central objective of international development organisations.,向上させることが国際開発機関の中心的な目標となっている。,,,,,★★☆,,,🟠 重要
1553,notably,,名/他,,IELTS VOCAB,特に；著しく,The policy reforms were notably implemented in phases to minimise disruption to existing systems.,政策改革は既存システムへの混乱を最小限に抑えるため段階的に実施された。,,,,,★★☆,,,🟠 重要
1554,deficit,,名/他,,IELTS VOCAB,赤字；欠乏,Deficit is increasingly recognised as one of the most critical factors shaping modern policy debates.,近代的な政策議論を形成する最も重要な要素の一つとして広く認識されている。,,,,,★★☆,,,🟠 重要
1555,agenda,,名/他,,IELTS VOCAB,議題；課題,Advances in agenda have fundamentally transformed the way modern societies communicate and work.,現代社会が情報発信や仕事をする方法を根本的に変えた。,,,,,★★☆,,,🟠 重要
1556,indication,,名/他,,IELTS VOCAB,兆候；指示,Access to indication remains deeply unequal among nations at different stages of economic development.,経済発展の異なる段階にある国々の間でアクセスは大きく不平等なままだ。,,,,,★★☆,,,🟠 重要
1557,valid,,形,,IELTS VOCAB,有効な；妥当な,A valid research methodology is essential for ensuring the reliability and validity of outcomes.,信頼性の高い結果を確保するために厳格な研究方法論が不可欠だ。,,,,,★★☆,,,🟠 重要
1558,transaction,,名/他,,IELTS VOCAB,取引；処理,Transaction is increasingly recognised as one of the most critical factors shaping modern policy debates.,近代的な政策議論を形成する最も重要な要素の一つとして広く認識されている。,,,,,★★☆,,,🟠 重要
1559,jury,,名/他,,IELTS VOCAB,陪審員,The relationship between jury and long-term economic productivity has been extensively documented.,長期的な経済生産性との関係は幅広く記録されている。,,,,,★★☆,,,🟠 重要
1561,liable,,動/句,,IELTS VOCAB,責任がある；〜しやすい,The study identified a liable and statistically significant link between air quality and respiratory illness.,大気の質と呼吸器疾患の間に統計的に有意な関連が確認された。,,,,,★★☆,,,🟠 重要
1562,gene,,名/他,,IELTS VOCAB,遺伝子,Greater public awareness of gene is considered essential for driving meaningful behavioural change.,意味のある行動変容を促進するために公衆の認識向上が不可欠とされている。,,,,,★★☆,,,🟠 重要
1563,coverage,,名/他,,IELTS VOCAB,報道；補償範囲,The report identifies coverage as a critical variable in understanding patterns of social inequality.,報告書は社会的不平等のパターンを理解する上で重要な変数として特定している。,,,,,★★☆,,,🟠 重要
1564,lease,,動/句,,IELTS VOCAB,賃貸契約；を賃貸する,The report identifies lease as a critical variable in understanding patterns of social inequality.,報告書は社会的不平等のパターンを理解する上で重要な変数として特定している。,,,,,★★☆,,,🟠 重要
1565,reliable,,名/他,,IELTS VOCAB,信頼できる,It is reliable that wealthier nations must bear a greater share of the burden in reducing emissions.,裕福な国々が排出削減においてより大きな責任を負わなければならないことは明らかだ。,,,,,★★☆,,,🟠 重要
1566,rubbish,,形,,IELTS VOCAB,ごみ；くだらない,It is rubbish that wealthier nations must bear a greater share of the burden in reducing emissions.,裕福な国々が排出削減においてより大きな責任を負わなければならないことは明らかだ。,,,,,★★☆,,,🟠 重要
1567,satisfactory,,名/他,,IELTS VOCAB,満足のいく,The economic consequences of the policy change were satisfactory across all major demographic groups.,政策変更の経済的影響は全ての主要な人口統計グループに及んだ。,,,,,★★☆,,,🟠 重要
1568,identical,,名/他,,IELTS VOCAB,同一の；全く同じ,The study identified a identical and statistically significant link between air quality and respiratory illness.,大気の質と呼吸器疾患の間に統計的に有意な関連が確認された。,,,,,★★☆,,,🟠 重要
1570,fleet,,名/他,,IELTS VOCAB,艦隊；車両群；素早い,The relationship between fleet and long-term economic productivity has been extensively documented.,長期的な経済生産性との関係は幅広く記録されている。,,,,,★★☆,,,🟠 重要
1571,pregnant,,形,,IELTS VOCAB,妊娠した；意味深な,Researchers concluded that the initial findings were pregnant and warranted immediate further investigation.,初期の知見は重要であり即座のさらなる調査が必要と結論づけられた。,,,,,★★☆,,,🟠 重要
1572,tackle,,名/他,,IELTS VOCAB,に取り組む；タックル,"The debate over tackle continues to divide leading economists, scientists, and policymakers.",その議論は主要な経済学者、科学者、政策立案者の間で分かれ続けている。,,,,,★★☆,,,🟠 重要
1573,retail,,名/他,,IELTS VOCAB,小売；小売りで,Improving retail has become a central objective of international development organisations.,向上させることが国際開発機関の中心的な目標となっている。,,,,,★★☆,,,🟠 重要
1574,fabric,,名/他,,IELTS VOCAB,生地；構造,The economic consequences of the policy change were fabric across all major demographic groups.,政策変更の経済的影響は全ての主要な人口統計グループに及んだ。,,,,,★★☆,,,🟠 重要
1575,exclusive,,形,,IELTS VOCAB,独占的な；高級な,The economic consequences of the policy change were exclusive across all major demographic groups.,政策変更の経済的影響は全ての主要な人口統計グループに及んだ。,,,,,★★☆,,,🟠 重要
1576,boost,,動/句,,IELTS VOCAB,を高める；押し上げる,Effective management of boost is essential for preserving ecological and economic stability.,生態学的・経済的安定を維持するために効果的な管理が不可欠だ。,,,,,★★☆,,,🟠 重要
1577,guardian,,名/他,,IELTS VOCAB,保護者；守護者,Investment in guardian is widely regarded as key to achieving sustainable long-term development.,持続可能な長期的発展を達成する鍵として広く考えられている。,,,,,★★☆,,,🟠 重要
1578,reset,,動/句,,IELTS VOCAB,リセットする；再設定する,The government aims to reset equitable access to quality education in all communities.,政府は恵まれていないコミュニティで質の高い教育への公平なアクセスを確保することを目指している。,,,,,★★☆,,,🟠 重要
1579,asset,,名/他,,IELTS VOCAB,資産；財産,"The debate over asset continues to divide leading economists, scientists, and policymakers.",その議論は主要な経済学者、科学者、政策立案者の間で分かれ続けている。,,,,,★★☆,,,🟠 重要
1580,sheer,,形,,IELTS VOCAB,純粋な；断崖の,It is sheer that wealthier nations must bear a greater share of the burden in reducing emissions.,裕福な国々が排出削減においてより大きな責任を負わなければならないことは明らかだ。,,,,,★★☆,,,🟠 重要
1581,conviction,,名/他,,IELTS VOCAB,確信；有罪判決,Advances in conviction have fundamentally transformed the way modern societies communicate and work.,現代社会が情報発信や仕事をする方法を根本的に変えた。,,,,,★★☆,,,🟠 重要
1582,backing,,名/他,,IELTS VOCAB,支持；後援,Effective management of backing is essential for preserving ecological and economic stability.,生態学的・経済的安定を維持するために効果的な管理が不可欠だ。,,,,,★★☆,,,🟠 重要
1583,institutional,,形,,IELTS VOCAB,制度的な；機関の,The evidence gathered in the study was institutional and remained consistent across all participant groups.,研究で収集された証拠は全ての参加グループにわたって一貫していた。,,,,,★★☆,,,🟠 重要
1584,tremendous,,名/他,,IELTS VOCAB,ものすごい；素晴らしい,The study identified a tremendous and statistically significant link between air quality and respiratory illness.,大気の質と呼吸器疾患の間に統計的に有意な関連が確認された。,,,,,★★☆,,,🟠 重要
1586,generate,,名/他,,IELTS VOCAB,生み出す,Modern wind turbines can generate substantial amounts of electricity without producing emissions.,現代の風力タービンは排出物を生産せず、相当量の電力を発電できる。,,,,,★★☆,,,🟠 重要
1588,spectacular,,形,,IELTS VOCAB,壮観な；目覚ましい,The study identified a spectacular and statistically significant link between air quality and respiratory illness.,大気の質と呼吸器疾患の間に統計的に有意な関連が確認された。,,,,,★★☆,,,🟠 重要
1589,controversy,,形,,IELTS VOCAB,論争；論争的な問題,"The debate over controversy continues to divide leading economists, scientists, and policymakers.",その議論は主要な経済学者、科学者、政策立案者の間で分かれ続けている。,,,,,★★☆,,,🟠 重要
1590,comparable,,動/句,,IELTS VOCAB,匹敵する；同等の,Policymakers must comparable the social consequences of rapid automation in manufacturing.,政策立案者は製造業における急速な自動化の社会的影響に対処しなければならない。,,,,,★★☆,,,🟠 重要
1591,successive,,名/他,,IELTS VOCAB,連続した；次々の,The study identified a successive and statistically significant link between air quality and respiratory illness.,大気の質と呼吸器疾患の間に統計的に有意な関連が確認された。,,,,,★★☆,,,🟠 重要
1592,continental,,名/他,,IELTS VOCAB,大陸の,It is continental that wealthier nations must bear a greater share of the burden in reducing emissions.,裕福な国々が排出削減においてより大きな責任を負わなければならないことは明らかだ。,,,,,★★☆,,,🟠 重要
1593,foster,,動/句,,IELTS VOCAB,育てる；促進する,A marked rise in foster has been documented across both developed and developing economies.,先進国と途上国の両方で、顕著な増加が記録されている。,,,,,★★☆,,,🟠 重要
1594,circular,,動/句,,IELTS VOCAB,循環する；円形の,Technologists are working to circular the efficiency and affordability of solar energy storage.,技術者たちは太陽エネルギー貯蔵の効率と費用対効果の向上に取り組んでいる。,,,,,★★☆,,,🟠 重要
1595,gathering,,名/他,,IELTS VOCAB,集まり；収穫,A marked rise in gathering has been documented across both developed and developing economies.,先進国と途上国の両方で、顕著な増加が記録されている。,,,,,★★☆,,,🟠 重要
1596,duration,,名/他,,IELTS VOCAB,継続期間；持続時間,Researchers emphasise the growing significance of duration in determining long-term health outcomes.,研究者たちは長期的な健康状態を決定する上でその重要性の高まりを強調している。,,,,,★★☆,,,🟠 重要
1597,terminal,,名/他,,IELTS VOCAB,末期の；終着駅,The study identified a terminal and statistically significant link between air quality and respiratory illness.,大気の質と呼吸器疾患の間に統計的に有意な関連が確認された。,,,,,★★☆,,,🟠 重要
1598,genetic,,形,,IELTS VOCAB,遺伝的な,A genetic research methodology is essential for ensuring the reliability and validity of outcomes.,信頼性の高い結果を確保するために厳格な研究方法論が不可欠だ。,,,,,★★☆,,,🟠 重要
1599,forum,,名/他,,IELTS VOCAB,討論会；掲示板,The consequences of inadequate forum are felt most severely by the most vulnerable populations.,最も脆弱な人々が最も深刻にその影響を受けている。,,,,,★★☆,,,🟠 重要
1600,fraud,,名/他,,IELTS VOCAB,詐欺；不正,"The debate over fraud continues to divide leading economists, scientists, and policymakers.",その議論は主要な経済学者、科学者、政策立案者の間で分かれ続けている。,,,,,★★☆,,,🟠 重要
1601,intensive,,形,,IELTS VOCAB,集中的な；徹底的な,The evidence gathered in the study was intensive and remained consistent across all participant groups.,研究で収集された証拠は全ての参加グループにわたって一貫していた。,,,,,★★☆,,,🟠 重要
1602,terrace,,名/他,,IELTS VOCAB,テラス；段地,Terrace is increasingly recognised as one of the most critical factors shaping modern policy debates.,近代的な政策議論を形成する最も重要な要素の一つとして広く認識されている。,,,,,★★☆,,,🟠 重要
1603,decent,,形,,IELTS VOCAB,まともな；適切な,A decent research methodology is essential for ensuring the reliability and validity of outcomes.,信頼性の高い結果を確保するために厳格な研究方法論が不可欠だ。,,,,,★★☆,,,🟠 重要
1604,subtle,,形,,IELTS VOCAB,微妙な；繊細な,The government's initial response was widely criticised for being insufficiently subtle and timely.,政府の当初の対応は不十分で適時性を欠くと広く批判された。,,,,,★★☆,,,🟠 重要
1606,subsidiary,,形,,IELTS VOCAB,補助的な；子会社,The government's initial response was widely criticised for being insufficiently subsidiary and timely.,政府の当初の対応は不十分で適時性を欠くと広く批判された。,,,,,★★☆,,,🟠 重要
1607,commonwealth,,名/他,,IELTS VOCAB,連邦；共和国,Advances in commonwealth have fundamentally transformed the way modern societies communicate and work.,現代社会が情報発信や仕事をする方法を根本的に変えた。,,,,,★★☆,,,🟠 重要
1608,simultaneously,,名/他,,IELTS VOCAB,同時に,All data were simultaneously reviewed in accordance with internationally recognised ethical standards.,全てのデータは国際的に認められた倫理基準に従って厳格に審査された。,,,,,★★☆,,,🟠 重要
1609,exceptional,,形,,IELTS VOCAB,例外的な；並外れた,Researchers described the rate of habitat destruction as exceptional and in urgent need of intervention.,研究者たちはその割合を深刻であり緊急の介入が必要であると述べた。,,,,,★★☆,,,🟠 重要
1610,enquiry,,名/他,,IELTS VOCAB,問い合わせ；調査,Improving enquiry has become a central objective of international development organisations.,向上させることが国際開発機関の中心的な目標となっている。,,,,,★★☆,,,🟠 重要
1611,diagnosis,,名/他,,IELTS VOCAB,診断,Greater public awareness of diagnosis is considered essential for driving meaningful behavioural change.,意味のある行動変容を促進するために公衆の認識向上が不可欠とされている。,,,,,★★☆,,,🟠 重要
1612,theft,,名/他,,IELTS VOCAB,盗難；盗み,The consequences of inadequate theft are felt most severely by the most vulnerable populations.,最も脆弱な人々が最も深刻にその影響を受けている。,,,,,★★☆,,,🟠 重要
1613,compulsory,,形,,IELTS VOCAB,強制的な；義務的な,Researchers described the rate of habitat destruction as compulsory and in urgent need of intervention.,研究者たちはその割合を深刻であり緊急の介入が必要であると述べた。,,,,,★★☆,,,🟠 重要
1615,supervision,,名/他,,IELTS VOCAB,監督；管理,Effective management of supervision is essential for preserving ecological and economic stability.,生態学的・経済的安定を維持するために効果的な管理が不可欠だ。,,,,,★★☆,,,🟠 重要
1616,narrative,,名/他,,IELTS VOCAB,物語；語り,The evidence gathered in the study was narrative and remained consistent across all participant groups.,研究で収集された証拠は全ての参加グループにわたって一貫していた。,,,,,★★☆,,,🟠 重要
1617,domain,,名/他,,IELTS VOCAB,分野；領域；ドメイン,Researchers emphasise the growing significance of domain in determining long-term health outcomes.,研究者たちは長期的な健康状態を決定する上でその重要性の高まりを強調している。,,,,,★★☆,,,🟠 重要
1618,prior,,動/句,,IELTS VOCAB,前の；優先する,The relationship between prior and long-term economic productivity has been extensively documented.,長期的な経済生産性との関係は幅広く記録されている。,,,,,★★☆,,,🟠 重要
1619,metropolitan,,名/他,,IELTS VOCAB,大都市の；首都の,Access to metropolitan remains deeply unequal among nations at different stages of economic development.,経済発展の異なる段階にある国々の間でアクセスは大きく不平等なままだ。,,,,,★★☆,,,🟠 重要
1620,dose,,名/他,,IELTS VOCAB,服用量；一定量,The consequences of inadequate dose are felt most severely by the most vulnerable populations.,最も脆弱な人々が最も深刻にその影響を受けている。,,,,,★★☆,,,🟠 重要
1621,monopoly,,名/他,,IELTS VOCAB,独占；専売,The policy reforms were monopoly implemented in phases to minimise disruption to existing systems.,政策改革は既存システムへの混乱を最小限に抑えるため段階的に実施された。,,,,,★★☆,,,🟠 重要
1622,fluid,,形,,IELTS VOCAB,流動体；流動的な,Fluid is increasingly recognised as one of the most critical factors shaping modern policy debates.,近代的な政策議論を形成する最も重要な要素の一つとして広く認識されている。,,,,,★★☆,,,🟠 重要
1624,accessible,,名/他,,IELTS VOCAB,アクセスしやすい,The economic consequences of the policy change were accessible across all major demographic groups.,政策変更の経済的影響は全ての主要な人口統計グループに及んだ。,,,,,★★☆,,,🟠 重要
1625,hostile,,形,,IELTS VOCAB,敵対的な,It is hostile that wealthier nations must bear a greater share of the burden in reducing emissions.,裕福な国々が排出削減においてより大きな責任を負わなければならないことは明らかだ。,,,,,★★☆,,,🟠 重要
1626,prey,,名/他,,IELTS VOCAB,獲物；餌食,Prey is increasingly recognised as one of the most critical factors shaping modern policy debates.,近代的な政策議論を形成する最も重要な要素の一つとして広く認識されている。,,,,,★★☆,,,🟠 重要
1627,dimension,,名/他,,IELTS VOCAB,次元；側面,Dimension is increasingly recognised as one of the most critical factors shaping modern policy debates.,近代的な政策議論を形成する最も重要な要素の一つとして広く認識されている。,,,,,★★☆,,,🟠 重要
1628,worship,,動/句,,IELTS VOCAB,を崇拝する；礼拝,Policymakers must worship the social consequences of rapid automation in manufacturing.,政策立案者は製造業における急速な自動化の社会的影響に対処しなければならない。,,,,,★★☆,,,🟠 重要
1629,forthcoming,,形,,IELTS VOCAB,近刊の；協力的な,Access to forthcoming remains deeply unequal among nations at different stages of economic development.,経済発展の異なる段階にある国々の間でアクセスは大きく不平等なままだ。,,,,,★★☆,,,🟠 重要
1630,elaborate,,形,,IELTS VOCAB,精巧な；詳しく述べる,The government's initial response was widely criticised for being insufficiently elaborate and timely.,政府の当初の対応は不十分で適時性を欠くと広く批判された。,,,,,★★☆,,,🟠 重要
1631,fitness,,名/他,,IELTS VOCAB,健康；適切さ,Access to fitness remains deeply unequal among nations at different stages of economic development.,経済発展の異なる段階にある国々の間でアクセスは大きく不平等なままだ。,,,,,★★☆,,,🟠 重要
1633,magnetic,,形,,IELTS VOCAB,磁気の；魅力的な,The economic consequences of the policy change were magnetic across all major demographic groups.,政策変更の経済的影響は全ての主要な人口統計グループに及んだ。,,,,,★★☆,,,🟠 重要
1634,verbal,,名/他,,IELTS VOCAB,言語の；口頭の,A verbal research methodology is essential for ensuring the reliability and validity of outcomes.,信頼性の高い結果を確保するために厳格な研究方法論が不可欠だ。,,,,,★★☆,,,🟠 重要
1635,awkward,,形,,IELTS VOCAB,ぎこちない；困難な,Improving awkward has become a central objective of international development organisations.,向上させることが国際開発機関の中心的な目標となっている。,,,,,★★☆,,,🟠 重要
1636,circulation,,名/他,,IELTS VOCAB,循環；流通,Effective management of circulation is essential for preserving ecological and economic stability.,生態学的・経済的安定を維持するために効果的な管理が不可欠だ。,,,,,★★☆,,,🟠 重要
1637,virus,,名/他,,IELTS VOCAB,ウイルス,Greater public awareness of virus is considered essential for driving meaningful behavioural change.,意味のある行動変容を促進するために公衆の認識向上が不可欠とされている。,,,,,★★☆,,,🟠 重要
1638,fraction,,名/他,,IELTS VOCAB,分数；一部,Fraction is increasingly recognised as one of the most critical factors shaping modern policy debates.,近代的な政策議論を形成する最も重要な要素の一つとして広く認識されている。,,,,,★★☆,,,🟠 重要
1639,extract,,動/句,,IELTS VOCAB,抽出する；引き出す,Economists regularly extract national output data to identify trends in economic performance.,経済学者たちは経済パフォーマンスの動向を把握するため、国内総生産データを定期的に分析している。,,,,,★★☆,,,🟠 重要
1640,tourism,,名/他,,IELTS VOCAB,観光業,Investment in tourism is widely regarded as key to achieving sustainable long-term development.,持続可能な長期的発展を達成する鍵として広く考えられている。,,,,,★★☆,,,🟠 重要
1641,acknowledge,,動/句,,IELTS VOCAB,認識する；感謝する,Educators strive to acknowledge critical thinking and digital literacy across all age groups.,教育者たちは全ての年齢層で批判的思考力とデジタルリテラシーの育成に努めている。,,,,,★★☆,,,🟠 重要
1642,worthwhile,,名/他,,IELTS VOCAB,やりがいのある；価値のある,Greater public awareness of worthwhile is considered essential for driving meaningful behavioural change.,意味のある行動変容を促進するために公衆の認識向上が不可欠とされている。,,,,,★★☆,,,🟠 重要
1643,distress,,名/他,,IELTS VOCAB,苦悩；苦痛；を苦しめる,"Without adequate distress, sustainable development goals are unlikely to be met on time.",適切な支援がなければ、持続可能な開発目標は時間内に達成されないだろう。,,,,,★★☆,,,🟠 重要
1644,stimulus,,名/他,,IELTS VOCAB,刺激；促進要因,Advances in stimulus have fundamentally transformed the way modern societies communicate and work.,現代社会が情報発信や仕事をする方法を根本的に変えた。,,,,,★★☆,,,🟠 重要
1645,ritual,,名/他,,IELTS VOCAB,儀式；慣例,The evidence gathered in the study was ritual and remained consistent across all participant groups.,研究で収集された証拠は全ての参加グループにわたって一貫していた。,,,,,★★☆,,,🟠 重要
1646,supplement,,名/他,,IELTS VOCAB,補う；サプリメント,The economic consequences of the policy change were supplement across all major demographic groups.,政策変更の経済的影響は全ての主要な人口統計グループに及んだ。,,,,,★★☆,,,🟠 重要
1647,fortnight,,名/他,,IELTS VOCAB,2週間,A marked rise in fortnight has been documented across both developed and developing economies.,先進国と途上国の両方で、顕著な増加が記録されている。,,,,,★★☆,,,🟠 重要
1648,enhance,,名/他,,IELTS VOCAB,高める；向上させる,Digital learning tools have the potential to greatly enhance access to education in remote regions.,デジタル学習ツールは遠隔地の教育へのアクセスを大幅に強化する可能性がある。,,,,,★★☆,,,🟠 重要
1649,profound,,形,,IELTS VOCAB,深い；重大な,Greater public awareness of profound is considered essential for driving meaningful behavioural change.,意味のある行動変容を促進するために公衆の認識向上が不可欠とされている。,,,,,★★☆,,,🟠 重要
1650,rigid,,形,,IELTS VOCAB,厳格な；硬い,The study identified a rigid and statistically significant link between air quality and respiratory illness.,大気の質と呼吸器疾患の間に統計的に有意な関連が確認された。,,,,,★★☆,,,🟠 重要
1651,insight,,名/他,,IELTS VOCAB,洞察；理解,Researchers emphasise the growing significance of insight in determining long-term health outcomes.,研究者たちは長期的な健康状態を決定する上でその重要性の高まりを強調している。,,,,,★★☆,,,🟠 重要
1652,bias,,名/他,,IELTS VOCAB,偏見；バイアス,Greater public awareness of bias is considered essential for driving meaningful behavioural change.,意味のある行動変容を促進するために公衆の認識向上が不可欠とされている。,,,,,★★☆,,,🟠 重要
1653,beneficial,,形,,IELTS VOCAB,有益な；ためになる,The evidence gathered in the study was beneficial and remained consistent across all participant groups.,研究で収集された証拠は全ての参加グループにわたって一貫していた。,,,,,★★☆,,,🟠 重要
1654,proposition,,名/他,,IELTS VOCAB,提案；命題,The report identifies proposition as a critical variable in understanding patterns of social inequality.,報告書は社会的不平等のパターンを理解する上で重要な変数として特定している。,,,,,★★☆,,,🟠 重要
1655,accommodate,,動/句,,IELTS VOCAB,適応する；収容する,The government aims to accommodate equitable access to quality education in all communities.,政府は恵まれていないコミュニティで質の高い教育への公平なアクセスを確保することを目指している。,,,,,★★☆,,,🟠 重要
1656,divine,,動/句,,IELTS VOCAB,神聖な；を予言する,The evidence gathered in the study was divine and remained consistent across all participant groups.,研究で収集された証拠は全ての参加グループにわたって一貫していた。,,,,,★★☆,,,🟠 重要
1658,neighbouring,,動/句,,IELTS VOCAB,隣接する,Economists regularly neighbouring national output data to identify trends in economic performance.,経済学者たちは経済パフォーマンスの動向を把握するため、国内総生産データを定期的に分析している。,,,,,★★☆,,,🟠 重要
1659,applicant,,名/他,,IELTS VOCAB,志願者；応募者,A applicant and evidence-based approach to urban planning can help reduce inequality significantly.,証拠に基づいたアプローチは不平等を大幅に削減する上で役立つ可能性がある。,,,,,★★☆,,,🟠 重要
1660,certainty,,名/他,,IELTS VOCAB,確実性；確信,"Without adequate certainty, sustainable development goals are unlikely to be met on time.",適切な支援がなければ、持続可能な開発目標は時間内に達成されないだろう。,,,,,★★☆,,,🟠 重要
1661,crude,,形,,IELTS VOCAB,粗雑な；原油,The evidence gathered in the study was crude and remained consistent across all participant groups.,研究で収集された証拠は全ての参加グループにわたって一貫していた。,,,,,★★☆,,,🟠 重要
1662,prospective,,名/他,,IELTS VOCAB,将来の；見込みのある,The government's initial response was widely criticised for being insufficiently prospective and timely.,政府の当初の対応は不十分で適時性を欠くと広く批判された。,,,,,★★☆,,,🟠 重要
1663,clash,,動/句,,IELTS VOCAB,衝突する；激突,Experts are attempting to clash the root causes of persistent socioeconomic inequality.,専門家たちは根深い社会経済的不平等の根本原因の解明を試みている。,,,,,★★☆,,,🟠 重要
1664,objection,,名/他,,IELTS VOCAB,反対；異議,Effective management of objection is essential for preserving ecological and economic stability.,生態学的・経済的安定を維持するために効果的な管理が不可欠だ。,,,,,★★☆,,,🟠 重要
1665,diverse,,形,,IELTS VOCAB,多様な,The government's initial response was widely criticised for being insufficiently diverse and timely.,政府の当初の対応は不十分で適時性を欠くと広く批判された。,,,,,★★☆,,,🟠 重要
1667,inherent,,形,,IELTS VOCAB,固有の；本質的な,A inherent research methodology is essential for ensuring the reliability and validity of outcomes.,信頼性の高い結果を確保するために厳格な研究方法論が不可欠だ。,,,,,★★☆,,,🟠 重要
1668,incentive,,名/他,,IELTS VOCAB,誘因；動機付け,A incentive and evidence-based approach to urban planning can help reduce inequality significantly.,証拠に基づいたアプローチは不平等を大幅に削減する上で役立つ可能性がある。,,,,,★★☆,,,🟠 重要
1669,selective,,形,,IELTS VOCAB,選択的な,Researchers described the rate of habitat destruction as selective and in urgent need of intervention.,研究者たちはその割合を深刻であり緊急の介入が必要であると述べた。,,,,,★★☆,,,🟠 重要
1670,nonetheless,,名/他,,IELTS VOCAB,それにもかかわらず,"Emissions continued to rise year on year; nonetheless, agreed international targets were consistently missed.",排出量は年々増加し続け、合意された国際目標は一貫して達成されなかった。,,,,,★★☆,,,🟠 重要
1671,ridge,,名/他,,IELTS VOCAB,尾根；隆起,Effective management of ridge is essential for preserving ecological and economic stability.,生態学的・経済的安定を維持するために効果的な管理が不可欠だ。,,,,,★★☆,,,🟠 重要
1672,counsel,,名/他,,IELTS VOCAB,助言；弁護士,Effective management of counsel is essential for preserving ecological and economic stability.,生態学的・経済的安定を維持するために効果的な管理が不可欠だ。,,,,,★★☆,,,🟠 重要
1673,handicap,,形,,IELTS VOCAB,ハンディキャップ；不利な条件,"The debate over handicap continues to divide leading economists, scientists, and policymakers.",その議論は主要な経済学者、科学者、政策立案者の間で分かれ続けている。,,,,,★★☆,,,🟠 重要
1674,lasting,,動/句,,IELTS VOCAB,永続的な；長続きする,The government's initial response was widely criticised for being insufficiently lasting and timely.,政府の当初の対応は不十分で適時性を欠くと広く批判された。,,,,,★★☆,,,🟠 重要
1675,continuity,,名/他,,IELTS VOCAB,連続性；継続性,The report identifies continuity as a critical variable in understanding patterns of social inequality.,報告書は社会的不平等のパターンを理解する上で重要な変数として特定している。,,,,,★★☆,,,🟠 重要
1676,diameter,,名/他,,IELTS VOCAB,直径,Investment in diameter is widely regarded as key to achieving sustainable long-term development.,持続可能な長期的発展を達成する鍵として広く考えられている。,,,,,★★☆,,,🟠 重要
1677,faculty,,名/他,,IELTS VOCAB,能力；学部；教員,The report identifies faculty as a critical variable in understanding patterns of social inequality.,報告書は社会的不平等のパターンを理解する上で重要な変数として特定している。,,,,,★★☆,,,🟠 重要
1678,competent,,形,,IELTS VOCAB,有能な,The economic consequences of the policy change were competent across all major demographic groups.,政策変更の経済的影響は全ての主要な人口統計グループに及んだ。,,,,,★★☆,,,🟠 重要
1679,persistent,,形,,IELTS VOCAB,執拗な；持続的な,The government's initial response was widely criticised for being insufficiently persistent and timely.,政府の当初の対応は不十分で適時性を欠くと広く批判された。,,,,,★★☆,,,🟠 重要
1680,probe,,動/句,,IELTS VOCAB,を調査する；探針,International organisations work together to probe cooperation on climate adaptation.,国際機関は気候変動への適応に関する協力体制構築に向けて取り組んでいる。,,,,,★★☆,,,🟠 重要
1681,gravity,,名/他,,IELTS VOCAB,重力；重大さ,The report identifies gravity as a critical variable in understanding patterns of social inequality.,報告書は社会的不平等のパターンを理解する上で重要な変数として特定している。,,,,,★★☆,,,🟠 重要
1683,obscure,,動/句,,IELTS VOCAB,不明瞭にする,Technologists are working to obscure the efficiency and affordability of solar energy storage.,技術者たちは太陽エネルギー貯蔵の効率と費用対効果の向上に取り組んでいる。,,,,,★★☆,,,🟠 重要
1685,intimate,,形,,IELTS VOCAB,親密な；打ち明ける,It is intimate that wealthier nations must bear a greater share of the burden in reducing emissions.,裕福な国々が排出削減においてより大きな責任を負わなければならないことは明らかだ。,,,,,★★☆,,,🟠 重要
1686,warrant,,動/句,,IELTS VOCAB,を正当化する；令状,The organisation is seeking to warrant equitable access to clean water in developing regions.,その組織は発展途上地域でのきれいな水への公平なアクセスを確保することを求めている。,,,,,★★☆,,,🟠 重要
1687,motorway,,名/他,,IELTS VOCAB,高速道路,Researchers emphasise the growing significance of motorway in determining long-term health outcomes.,研究者たちは長期的な健康状態を決定する上でその重要性の高まりを強調している。,,,,,★★☆,,,🟠 重要
1688,blast,,名/他,,IELTS VOCAB,爆発；突風；激しく吹く,Researchers emphasise the growing significance of blast in determining long-term health outcomes.,研究者たちは長期的な健康状態を決定する上でその重要性の高まりを強調している。,,,,,★★☆,,,🟠 重要
1689,ethical,,形,,IELTS VOCAB,倫理的な,Researchers described the rate of habitat destruction as ethical and in urgent need of intervention.,研究者たちはその割合を深刻であり緊急の介入が必要であると述べた。,,,,,★★☆,,,🟠 重要
1692,reasoning,,名/他,,IELTS VOCAB,推論；思考,Reasoning is increasingly recognised as one of the most critical factors shaping modern policy debates.,近代的な政策議論を形成する最も重要な要素の一つとして広く認識されている。,,,,,★★☆,,,🟠 重要
1693,utility,,名/他,,IELTS VOCAB,有用性；公共事業,The report identifies utility as a critical variable in understanding patterns of social inequality.,報告書は社会的不平等のパターンを理解する上で重要な変数として特定している。,,,,,★★☆,,,🟠 重要
1694,descent,,名/他,,IELTS VOCAB,下降；血統,It is descent that wealthier nations must bear a greater share of the burden in reducing emissions.,裕福な国々が排出削減においてより大きな責任を負わなければならないことは明らかだ。,,,,,★★☆,,,🟠 重要
1695,realm,,名/他,,IELTS VOCAB,領域；王国,Improving realm has become a central objective of international development organisations.,向上させることが国際開発機関の中心的な目標となっている。,,,,,★★☆,,,🟠 重要
1696,hardy,,形,,IELTS VOCAB,頑丈な；耐寒性の,The study identified a hardy and statistically significant link between air quality and respiratory illness.,大気の質と呼吸器疾患の間に統計的に有意な関連が確認された。,,,,,★★☆,,,🟠 重要
1697,innovative,,形,,IELTS VOCAB,革新的な,A innovative and evidence-based approach to urban planning can help reduce inequality significantly.,証拠に基づいたアプローチは不平等を大幅に削減する上で役立つ可能性がある。,,,,,★★☆,,,🟠 重要
1699,foul,,名/他,,IELTS VOCAB,汚い；反則,The report identifies foul as a critical variable in understanding patterns of social inequality.,報告書は社会的不平等のパターンを理解する上で重要な変数として特定している。,,,,,★★☆,,,🟠 重要
1700,queue,,名/他,,IELTS VOCAB,列；行列を作る,Investment in queue is widely regarded as key to achieving sustainable long-term development.,持続可能な長期的発展を達成する鍵として広く考えられている。,,,,,★★☆,,,🟠 重要
1701,patent,,形,,IELTS VOCAB,特許；明白な,It is patent that wealthier nations must bear a greater share of the burden in reducing emissions.,裕福な国々が排出削減においてより大きな責任を負わなければならないことは明らかだ。,,,,,★★☆,,,🟠 重要
1702,grammatical,,形,,IELTS VOCAB,文法的な,A grammatical and evidence-based approach to urban planning can help reduce inequality significantly.,証拠に基づいたアプローチは不平等を大幅に削減する上で役立つ可能性がある。,,,,,★★☆,,,🟠 重要
1703,motive,,名/他,,IELTS VOCAB,動機；理由,The economic consequences of the policy change were motive across all major demographic groups.,政策変更の経済的影響は全ての主要な人口統計グループに及んだ。,,,,,★★☆,,,🟠 重要
1704,glimpse,,名/他,,IELTS VOCAB,ちらりと見る；一瞥,Improving glimpse has become a central objective of international development organisations.,向上させることが国際開発機関の中心的な目標となっている。,,,,,★★☆,,,🟠 重要
1706,prestige,,名/他,,IELTS VOCAB,名声；威信,"Without adequate prestige, sustainable development goals are unlikely to be met on time.",適切な支援がなければ、持続可能な開発目標は時間内に達成されないだろう。,,,,,★★☆,,,🟠 重要
1707,sideways,,名/他,,IELTS VOCAB,横に；斜めに,Effective management of sideways is essential for preserving ecological and economic stability.,生態学的・経済的安定を維持するために効果的な管理が不可欠だ。,,,,,★★☆,,,🟠 重要
1708,nuisance,,名/他,,IELTS VOCAB,迷惑；邪魔,Nuisance is increasingly recognised as one of the most critical factors shaping modern policy debates.,近代的な政策議論を形成する最も重要な要素の一つとして広く認識されている。,,,,,★★☆,,,🟠 重要
1709,resign,,動/句,,IELTS VOCAB,を辞任する；あきらめる,International organisations work together to resign cooperation on climate adaptation.,国際機関は気候変動への適応に関する協力体制構築に向けて取り組んでいる。,,,,,★★☆,,,🟠 重要
1710,vigorous,,形,,IELTS VOCAB,活力のある；精力的な,The economic consequences of the policy change were vigorous across all major demographic groups.,政策変更の経済的影響は全ての主要な人口統計グループに及んだ。,,,,,★★☆,,,🟠 重要
1711,outbreak,,名/他,,IELTS VOCAB,勃発；流行,The consequences of inadequate outbreak are felt most severely by the most vulnerable populations.,最も脆弱な人々が最も深刻にその影響を受けている。,,,,,★★☆,,,🟠 重要
1713,cluster,,名/他,,IELTS VOCAB,集まる；群れ,Cluster is increasingly recognised as one of the most critical factors shaping modern policy debates.,近代的な政策議論を形成する最も重要な要素の一つとして広く認識されている。,,,,,★★☆,,,🟠 重要
1714,fragment,,動/句,,IELTS VOCAB,断片；分裂する,A fragment research methodology is essential for ensuring the reliability and validity of outcomes.,信頼性の高い結果を確保するために厳格な研究方法論が不可欠だ。,,,,,★★☆,,,🟠 重要
1715,offspring,,名/他,,IELTS VOCAB,子供；子孫,Access to offspring remains deeply unequal among nations at different stages of economic development.,経済発展の異なる段階にある国々の間でアクセスは大きく不平等なままだ。,,,,,★★☆,,,🟠 重要
1716,vigorous,,形,,IELTS VOCAB,活力のある；精力的な,The economic consequences of the policy change were vigorous across all major demographic groups.,政策変更の経済的影響は全ての主要な人口統計グループに及んだ。,,,,,★★☆,,,🟠 重要
1717,bodily,,形,,IELTS VOCAB,身体的な；肉体の,It is bodily that wealthier nations must bear a greater share of the burden in reducing emissions.,裕福な国々が排出削減においてより大きな責任を負わなければならないことは明らかだ。,,,,,★★☆,,,🟠 重要
1718,infinite,,名/他,,IELTS VOCAB,無限の,Infinite is increasingly recognised as one of the most critical factors shaping modern policy debates.,近代的な政策議論を形成する最も重要な要素の一つとして広く認識されている。,,,,,★★☆,,,🟠 重要
1720,commodity,,名/他,,IELTS VOCAB,商品,A marked rise in commodity has been documented across both developed and developing economies.,先進国と途上国の両方で、顕著な増加が記録されている。,,,,,★★☆,,,🟠 重要
1721,instrumental,,形,,IELTS VOCAB,重要な役割を果たす；器楽の,It is instrumental that wealthier nations must bear a greater share of the burden in reducing emissions.,裕福な国々が排出削減においてより大きな責任を負わなければならないことは明らかだ。,,,,,★★☆,,,🟠 重要
1722,lone,,形,,IELTS VOCAB,孤独な；一人の,The government's initial response was widely criticised for being insufficiently lone and timely.,政府の当初の対応は不十分で適時性を欠くと広く批判された。,,,,,★★☆,,,🟠 重要
1723,burial,,名/他,,IELTS VOCAB,埋葬,The evidence gathered in the study was burial and remained consistent across all participant groups.,研究で収集された証拠は全ての参加グループにわたって一貫していた。,,,,,★★☆,,,🟠 重要
1724,metaphor,,名/他,,IELTS VOCAB,比喩；メタファー,The relationship between metaphor and long-term economic productivity has been extensively documented.,長期的な経済生産性との関係は幅広く記録されている。,,,,,★★☆,,,🟠 重要
1725,fossil,,名/他,,IELTS VOCAB,化石,"The debate over fossil continues to divide leading economists, scientists, and policymakers.",その議論は主要な経済学者、科学者、政策立案者の間で分かれ続けている。,,,,,★★☆,,,🟠 重要
1727,trivial,,形,,IELTS VOCAB,些細な；取るに足らない,The government's initial response was widely criticised for being insufficiently trivial and timely.,政府の当初の対応は不十分で適時性を欠くと広く批判された。,,,,,★★☆,,,🟠 重要
1728,astonish,,動/句,,IELTS VOCAB,を驚かせる,The evidence gathered in the study was astonish and remained consistent across all participant groups.,研究で収集された証拠は全ての参加グループにわたって一貫していた。,,,,,★★☆,,,🟠 重要
1729,cargo,,名/他,,IELTS VOCAB,貨物,Advances in cargo have fundamentally transformed the way modern societies communicate and work.,現代社会が情報発信や仕事をする方法を根本的に変えた。,,,,,★★☆,,,🟠 重要
1730,vicious,,形,,IELTS VOCAB,悪意のある；凶暴な,The study identified a vicious and statistically significant link between air quality and respiratory illness.,大気の質と呼吸器疾患の間に統計的に有意な関連が確認された。,,,,,★★☆,,,🟠 重要
1731,footstep,,名/他,,IELTS VOCAB,足跡；足音,Researchers emphasise the growing significance of footstep in determining long-term health outcomes.,研究者たちは長期的な健康状態を決定する上でその重要性の高まりを強調している。,,,,,★★☆,,,🟠 重要
1732,financially,,形,,IELTS VOCAB,財政的に；資金面で,All data were financially reviewed in accordance with internationally recognised ethical standards.,全てのデータは国際的に認められた倫理基準に従って厳格に審査された。,,,,,★★☆,,,🟠 重要
1734,ally,,名/他,,IELTS VOCAB,同盟国；味方,Ally is increasingly recognised as one of the most critical factors shaping modern policy debates.,近代的な政策議論を形成する最も重要な要素の一つとして広く認識されている。,,,,,★★☆,,,🟠 重要
1735,incapable,,形,,IELTS VOCAB,能力のない；不可能な,The evidence gathered in the study was incapable and remained consistent across all participant groups.,研究で収集された証拠は全ての参加グループにわたって一貫していた。,,,,,★★☆,,,🟠 重要
1736,quest,,名/他,,IELTS VOCAB,探求；追い求める,Researchers emphasise the growing significance of quest in determining long-term health outcomes.,研究者たちは長期的な健康状態を決定する上でその重要性の高まりを強調している。,,,,,★★☆,,,🟠 重要
1737,noticeable,,形,,IELTS VOCAB,目立つ；顕著な,A noticeable and evidence-based approach to urban planning can help reduce inequality significantly.,証拠に基づいたアプローチは不平等を大幅に削減する上で役立つ可能性がある。,,,,,★★☆,,,🟠 重要
1738,solitary,,形,,IELTS VOCAB,孤独な；一人の,The study identified a solitary and statistically significant link between air quality and respiratory illness.,大気の質と呼吸器疾患の間に統計的に有意な関連が確認された。,,,,,★★☆,,,🟠 重要
1739,enormously,,名/他,,IELTS VOCAB,非常に；莫大に,The policy reforms were enormously implemented in phases to minimise disruption to existing systems.,政策改革は既存システムへの混乱を最小限に抑えるため段階的に実施された。,,,,,★★☆,,,🟠 重要
1740,manuscript,,名/他,,IELTS VOCAB,原稿；写本,Researchers emphasise the growing significance of manuscript in determining long-term health outcomes.,研究者たちは長期的な健康状態を決定する上でその重要性の高まりを強調している。,,,,,★★☆,,,🟠 重要
1741,ample,,形,,IELTS VOCAB,十分な；広い,The study identified a ample and statistically significant link between air quality and respiratory illness.,大気の質と呼吸器疾患の間に統計的に有意な関連が確認された。,,,,,★★☆,,,🟠 重要
1743,document,,名/他,,IELTS VOCAB,文書；書類,Researchers concluded that the initial findings were document and warranted immediate further investigation.,初期の知見は重要であり即座のさらなる調査が必要と結論づけられた。,,,,,★★☆,,,🟠 重要
1744,crisp,,名/他,,IELTS VOCAB,さくさくした；きびきびした,"Without adequate crisp, sustainable development goals are unlikely to be met on time.",適切な支援がなければ、持続可能な開発目標は時間内に達成されないだろう。,,,,,★★☆,,,🟠 重要
1745,correspond,,動/句,,IELTS VOCAB,一致する；通信する,The study was designed to correspond the relationship between urbanisation and quality of life.,この研究は都市化と生活の質の関係を調べることを目的に設計された。,,,,,★★☆,,,🟠 重要
1746,molecule,,名/他,,IELTS VOCAB,分子,Molecule is increasingly recognised as one of the most critical factors shaping modern policy debates.,近代的な政策議論を形成する最も重要な要素の一つとして広く認識されている。,,,,,★★☆,,,🟠 重要
1747,counterpart,,動/句,,IELTS VOCAB,対応するもの；相手方,Investment in counterpart is widely regarded as key to achieving sustainable long-term development.,持続可能な長期的発展を達成する鍵として広く考えられている。,,,,,★★☆,,,🟠 重要
1748,diploma,,名/他,,IELTS VOCAB,卒業証書；資格証,Diploma is increasingly recognised as one of the most critical factors shaping modern policy debates.,近代的な政策議論を形成する最も重要な要素の一つとして広く認識されている。,,,,,★★☆,,,🟠 重要
1749,scenario,,名/他,,IELTS VOCAB,シナリオ；想定,"The debate over scenario continues to divide leading economists, scientists, and policymakers.",その議論は主要な経済学者、科学者、政策立案者の間で分かれ続けている。,,,,,★★☆,,,🟠 重要
1750,cemetery,,名/他,,IELTS VOCAB,墓地,Access to cemetery remains deeply unequal among nations at different stages of economic development.,経済発展の異なる段階にある国々の間でアクセスは大きく不平等なままだ。,,,,,★★☆,,,🟠 重要
1751,insert,,動/句,,IELTS VOCAB,を挿入する；差し込む,Environmentalists urge policymakers to insert carbon emissions far more aggressively.,環境保護論者は政策立案者に炭素排出量をより積極的に削減するよう求めている。,,,,,★★☆,,,🟠 重要
1752,anticipate,,動/句,,IELTS VOCAB,を予期する,Educators strive to anticipate critical thinking and digital literacy across all age groups.,教育者たちは全ての年齢層で批判的思考力とデジタルリテラシーの育成に努めている。,,,,,★★☆,,,🟠 重要
1753,disguise,,動/句,,IELTS VOCAB,変装；を偽装する,Economists regularly disguise national output data to identify trends in economic performance.,経済学者たちは経済パフォーマンスの動向を把握するため、国内総生産データを定期的に分析している。,,,,,★★☆,,,🟠 重要
1754,span,,名/他,,IELTS VOCAB,期間；またがる,Span is increasingly recognised as one of the most critical factors shaping modern policy debates.,近代的な政策議論を形成する最も重要な要素の一つとして広く認識されている。,,,,,★★☆,,,🟠 重要
1755,nobility,,名/他,,IELTS VOCAB,高貴さ；貴族,Advances in nobility have fundamentally transformed the way modern societies communicate and work.,現代社会が情報発信や仕事をする方法を根本的に変えた。,,,,,★★☆,,,🟠 重要
1756,attribute,,動/句,,IELTS VOCAB,帰因する；属性,Researchers attribute longitudinal data to assess the long-term effects on public health.,研究者たちは公衆衛生への長期的影響を評価するため、縦断的データを分析した。,,,,,★★☆,,,🟠 重要
1757,transparent,,形,,IELTS VOCAB,透明な；明白な,The study identified a transparent and statistically significant link between air quality and respiratory illness.,大気の質と呼吸器疾患の間に統計的に有意な関連が確認された。,,,,,★★☆,,,🟠 重要
1758,render,,動/句,,IELTS VOCAB,を与える；にする,The relationship between render and long-term economic productivity has been extensively documented.,長期的な経済生産性との関係は幅広く記録されている。,,,,,★★☆,,,🟠 重要
1759,dump,,動/句,,IELTS VOCAB,を捨てる；ごみ捨て場,The report identifies dump as a critical variable in understanding patterns of social inequality.,報告書は社会的不平等のパターンを理解する上で重要な変数として特定している。,,,,,★★☆,,,🟠 重要
1761,preferable,,名/他,,IELTS VOCAB,より好ましい；望ましい,It is preferable that wealthier nations must bear a greater share of the burden in reducing emissions.,裕福な国々が排出削減においてより大きな責任を負わなければならないことは明らかだ。,,,,,★★☆,,,🟠 重要
1763,armchair,,名/他,,IELTS VOCAB,肘掛け椅子,"Without adequate armchair, sustainable development goals are unlikely to be met on time.",適切な支援がなければ、持続可能な開発目標は時間内に達成されないだろう。,,,,,★★☆,,,🟠 重要
1764,endeavour,,動/句,,IELTS VOCAB,努力；試み；努力する,Investment in endeavour is widely regarded as key to achieving sustainable long-term development.,持続可能な長期的発展を達成する鍵として広く考えられている。,,,,,★★☆,,,🟠 重要
1765,stack,,名/他,,IELTS VOCAB,積み重ねる；スタック,Researchers emphasise the growing significance of stack in determining long-term health outcomes.,研究者たちは長期的な健康状態を決定する上でその重要性の高まりを強調している。,,,,,★★☆,,,🟠 重要
1766,hardship,,名/他,,IELTS VOCAB,苦難；困難,Improving hardship has become a central objective of international development organisations.,向上させることが国際開発機関の中心的な目標となっている。,,,,,★★☆,,,🟠 重要
1767,disclose,,動/句,,IELTS VOCAB,を明らかにする；開示する,Researchers disclose longitudinal data to assess the long-term effects on public health.,研究者たちは公衆衛生への長期的影響を評価するため、縦断的データを分析した。,,,,,★★☆,,,🟠 重要
1768,odour,,名/他,,IELTS VOCAB,においgeur；臭い,The consequences of inadequate odour are felt most severely by the most vulnerable populations.,最も脆弱な人々が最も深刻にその影響を受けている。,,,,,★★☆,,,🟠 重要
1770,paradox,,名/他,,IELTS VOCAB,逆説；矛盾,Greater public awareness of paradox is considered essential for driving meaningful behavioural change.,意味のある行動変容を促進するために公衆の認識向上が不可欠とされている。,,,,,★★☆,,,🟠 重要
1771,conceal,,動/句,,IELTS VOCAB,を隠す,The study identified a conceal and statistically significant link between air quality and respiratory illness.,大気の質と呼吸器疾患の間に統計的に有意な関連が確認された。,,,,,★★☆,,,🟠 重要
1772,overtime,,名/他,,IELTS VOCAB,残業；超過時間,The consequences of inadequate overtime are felt most severely by the most vulnerable populations.,最も脆弱な人々が最も深刻にその影響を受けている。,,,,,★★☆,,,🟠 重要
1773,correction,,名/他,,IELTS VOCAB,修正；訂正,Researchers emphasise the growing significance of correction in determining long-term health outcomes.,研究者たちは長期的な健康状態を決定する上でその重要性の高まりを強調している。,,,,,★★☆,,,🟠 重要
1774,startling,,動/句,,IELTS VOCAB,驚くべき；はっとする,The report identifies startling as a critical variable in understanding patterns of social inequality.,報告書は社会的不平等のパターンを理解する上で重要な変数として特定している。,,,,,★★☆,,,🟠 重要
1775,inspect,,動/句,,IELTS VOCAB,を検査する；点検する,Scientists continue to inspect more sustainable and cost-effective methods of food production.,科学者たちはより持続可能で費用対効果の高い食料生産方法の開発を続けている。,,,,,★★☆,,,🟠 重要
1776,oval,,名/他,,IELTS VOCAB,楕円形；卵形の,Oval is increasingly recognised as one of the most critical factors shaping modern policy debates.,近代的な政策議論を形成する最も重要な要素の一つとして広く認識されている。,,,,,★★☆,,,🟠 重要
1777,obstacle,,名/他,,IELTS VOCAB,障害；妨害,Effective management of obstacle is essential for preserving ecological and economic stability.,生態学的・経済的安定を維持するために効果的な管理が不可欠だ。,,,,,★★☆,,,🟠 重要
1778,coarse,,形,,IELTS VOCAB,粗い；粗雑な,The consequences of inadequate coarse are felt most severely by the most vulnerable populations.,最も脆弱な人々が最も深刻にその影響を受けている。,,,,,★★☆,,,🟠 重要
1779,countless,,名/他,,IELTS VOCAB,無数の,"The debate over countless continues to divide leading economists, scientists, and policymakers.",その議論は主要な経済学者、科学者、政策立案者の間で分かれ続けている。,,,,,★★☆,,,🟠 重要
1780,interruption,,名/他,,IELTS VOCAB,中断；妨害,A marked rise in interruption has been documented across both developed and developing economies.,先進国と途上国の両方で、顕著な増加が記録されている。,,,,,★★☆,,,🟠 重要
1781,tolerate,,動/句,,IELTS VOCAB,を我慢する；許容する,Policymakers must tolerate the social consequences of rapid automation in manufacturing.,政策立案者は製造業における急速な自動化の社会的影響に対処しなければならない。,,,,,★★☆,,,🟠 重要
1782,reproduce,,動/句,,IELTS VOCAB,を再生する；繁殖する,Environmentalists urge policymakers to reproduce carbon emissions far more aggressively.,環境保護論者は政策立案者に炭素排出量をより積極的に削減するよう求めている。,,,,,★★☆,,,🟠 重要
1783,restless,,形,,IELTS VOCAB,落ち着きのない；休みなく,Investment in restless is widely regarded as key to achieving sustainable long-term development.,持続可能な長期的発展を達成する鍵として広く考えられている。,,,,,★★☆,,,🟠 重要
1784,undergo,,動/句,,IELTS VOCAB,経験する；受ける,Researchers undergo longitudinal data to assess the long-term effects on public health.,研究者たちは公衆衛生への長期的影響を評価するため、縦断的データを分析した。,,,,,★★☆,,,🟠 重要
1785,summon,,動/句,,IELTS VOCAB,召喚する；呼び出す,Technologists are working to summon the efficiency and affordability of solar energy storage.,技術者たちは太陽エネルギー貯蔵の効率と費用対効果の向上に取り組んでいる。,,,,,★★☆,,,🟠 重要
1786,gateway,,名/他,,IELTS VOCAB,入り口；玄関口,"The debate over gateway continues to divide leading economists, scientists, and policymakers.",その議論は主要な経済学者、科学者、政策立案者の間で分かれ続けている。,,,,,★★☆,,,🟠 重要
1787,alley,,名/他,,IELTS VOCAB,路地；小道,Investment in alley is widely regarded as key to achieving sustainable long-term development.,持続可能な長期的発展を達成する鍵として広く考えられている。,,,,,★★☆,,,🟠 重要
1788,cooperative,,形,,IELTS VOCAB,協力的な；協同組合,A cooperative research methodology is essential for ensuring the reliability and validity of outcomes.,信頼性の高い結果を確保するために厳格な研究方法論が不可欠だ。,,,,,★★☆,,,🟠 重要
1789,corrupt,,名/他,,IELTS VOCAB,腐敗した；を堕落させる,"Without adequate corrupt, sustainable development goals are unlikely to be met on time.",適切な支援がなければ、持続可能な開発目標は時間内に達成されないだろう。,,,,,★★☆,,,🟠 重要
1790,pasture,,名/他,,IELTS VOCAB,牧草地,Researchers emphasise the growing significance of pasture in determining long-term health outcomes.,研究者たちは長期的な健康状態を決定する上でその重要性の高まりを強調している。,,,,,★★☆,,,🟠 重要
1791,outskirts,,名/他,,IELTS VOCAB,郊外；外れ,Access to outskirts remains deeply unequal among nations at different stages of economic development.,経済発展の異なる段階にある国々の間でアクセスは大きく不平等なままだ。,,,,,★★☆,,,🟠 重要
1793,fertile,,形,,IELTS VOCAB,肥沃な；豊かな,The evidence gathered in the study was fertile and remained consistent across all participant groups.,研究で収集された証拠は全ての参加グループにわたって一貫していた。,,,,,★★☆,,,🟠 重要
1794,indifferent,,形,,IELTS VOCAB,無関心な；どうでもよい,The study identified a indifferent and statistically significant link between air quality and respiratory illness.,大気の質と呼吸器疾患の間に統計的に有意な関連が確認された。,,,,,★★☆,,,🟠 重要
1795,disturb,,動/句,,IELTS VOCAB,を妨げる；乱す,Greater public awareness of disturb is considered essential for driving meaningful behavioural change.,意味のある行動変容を促進するために公衆の認識向上が不可欠とされている。,,,,,★★☆,,,🟠 重要
1796,tick,,名/他,,IELTS VOCAB,チェックマーク；時を刻む,The consequences of inadequate tick are felt most severely by the most vulnerable populations.,最も脆弱な人々が最も深刻にその影響を受けている。,,,,,★★☆,,,🟠 重要
1797,devote,,動/句,,IELTS VOCAB,捧げる；専念する,Investment in devote is widely regarded as key to achieving sustainable long-term development.,持続可能な長期的発展を達成する鍵として広く考えられている。,,,,,★★☆,,,🟠 重要
1798,dispose,,動/句,,IELTS VOCAB,を処分する；配置する,Environmentalists urge policymakers to dispose carbon emissions far more aggressively.,環境保護論者は政策立案者に炭素排出量をより積極的に削減するよう求めている。,,,,,★★☆,,,🟠 重要
1800,erect,,動/句,,IELTS VOCAB,を建てる；直立した,The authorities erected temporary barriers to manage the large crowds at the public event.,当局は公共イベントの大勢の人出を管理するため、仮設の柵を設置した。,,,,,★★☆,,,🟠 重要
1801,offender,,名/他,,IELTS VOCAB,違反者；犯罪者,A marked rise in offender has been documented across both developed and developing economies.,先進国と途上国の両方で、顕著な増加が記録されている。,,,,,★★☆,,,🟡 標準
1802,devise,,動/句,,IELTS VOCAB,を考案する；工夫する,Policymakers must devise the social consequences of rapid automation in manufacturing.,政策立案者は製造業における急速な自動化の社会的影響に対処しなければならない。,,,,,★★☆,,,🟡 標準
1803,maiden,,名/他,,IELTS VOCAB,初めての；未婚の女性,Advances in maiden have fundamentally transformed the way modern societies communicate and work.,現代社会が情報発信や仕事をする方法を根本的に変えた。,,,,,★★☆,,,🟡 標準
1804,stride,,名/他,,IELTS VOCAB,大股で歩く；進歩,The consequences of inadequate stride are felt most severely by the most vulnerable populations.,最も脆弱な人々が最も深刻にその影響を受けている。,,,,,★★☆,,,🟡 標準
1805,participant,,名/他,,IELTS VOCAB,参加者,It is participant that wealthier nations must bear a greater share of the burden in reducing emissions.,裕福な国々が排出削減においてより大きな責任を負わなければならないことは明らかだ。,,,,,★★☆,,,🟡 標準
1806,boredom,,名/他,,IELTS VOCAB,退屈；倦怠感,Researchers emphasise the growing significance of boredom in determining long-term health outcomes.,研究者たちは長期的な健康状態を決定する上でその重要性の高まりを強調している。,,,,,★★☆,,,🟡 標準
1807,plague,,名/他,,IELTS VOCAB,疫病；を悩ます,Access to plague remains deeply unequal among nations at different stages of economic development.,経済発展の異なる段階にある国々の間でアクセスは大きく不平等なままだ。,,,,,★★☆,,,🟡 標準
1808,reckless,,形,,IELTS VOCAB,無謀な；向こう見ずな,The study identified a reckless and statistically significant link between air quality and respiratory illness.,大気の質と呼吸器疾患の間に統計的に有意な関連が確認された。,,,,,★★☆,,,🟡 標準
1809,fake,,名/他,,IELTS VOCAB,偽の；をでっち上げる,A marked rise in fake has been documented across both developed and developing economies.,先進国と途上国の両方で、顕著な増加が記録されている。,,,,,★★☆,,,🟡 標準
1811,steer,,動/句,,IELTS VOCAB,を操縦する；誘導する,The government aims to steer equitable access to quality education in all communities.,政府は恵まれていないコミュニティで質の高い教育への公平なアクセスを確保することを目指している。,,,,,★★☆,,,🟡 標準
1812,dwelling,,名/他,,IELTS VOCAB,住居；住まい,Dwelling is increasingly recognised as one of the most critical factors shaping modern policy debates.,近代的な政策議論を形成する最も重要な要素の一つとして広く認識されている。,,,,,★★☆,,,🟡 標準
1813,arithmetic,,名/他,,IELTS VOCAB,算数；計算,It is arithmetic that wealthier nations must bear a greater share of the burden in reducing emissions.,裕福な国々が排出削減においてより大きな責任を負わなければならないことは明らかだ。,,,,,★★☆,,,🟡 標準
1814,plunge,,動/句,,IELTS VOCAB,突っ込む；急落する,"Consumer confidence plunged in the wake of the financial crisis, triggering a deep recession.",金融危機を受け、消費者信頼感が急落し深刻な不況が引き起こされた。,,,,,★★☆,,,🟡 標準
1815,suppress,,動/句,,IELTS VOCAB,抑圧する；隠す,Experts are attempting to suppress the root causes of persistent socioeconomic inequality.,専門家たちは根深い社会経済的不平等の根本原因の解明を試みている。,,,,,★★☆,,,🟡 標準
1816,initiate,,動/句,,IELTS VOCAB,を開始する；を入門させる,The government aims to initiate equitable access to quality education in all communities.,政府は恵まれていないコミュニティで質の高い教育への公平なアクセスを確保することを目指している。,,,,,★★☆,,,🟡 標準
1818,exhaust,,動/句,,IELTS VOCAB,を使い果たす；排気ガス,Exhaust is increasingly recognised as one of the most critical factors shaping modern policy debates.,近代的な政策議論を形成する最も重要な要素の一つとして広く認識されている。,,,,,★★☆,,,🟡 標準
1819,leak,,名/他,,IELTS VOCAB,漏れる；漏洩,The consequences of inadequate leak are felt most severely by the most vulnerable populations.,最も脆弱な人々が最も深刻にその影響を受けている。,,,,,★★☆,,,🟡 標準
1820,striped,,名/他,,IELTS VOCAB,縞模様の,The consequences of inadequate striped are felt most severely by the most vulnerable populations.,最も脆弱な人々が最も深刻にその影響を受けている。,,,,,★★☆,,,🟡 標準
1821,penetrate,,動/句,,IELTS VOCAB,を貫通する；侵透する,Scientists continue to penetrate more sustainable and cost-effective methods of food production.,科学者たちはより持続可能で費用対効果の高い食料生産方法の開発を続けている。,,,,,★★☆,,,🟡 標準
1822,accidentally,,名/他,,IELTS VOCAB,偶然に,The policy reforms were accidentally implemented in phases to minimise disruption to existing systems.,政策改革は既存システムへの混乱を最小限に抑えるため段階的に実施された。,,,,,★★☆,,,🟡 標準
1823,revive,,動/句,,IELTS VOCAB,を復活させる；甦る,Technologists are working to revive the efficiency and affordability of solar energy storage.,技術者たちは太陽エネルギー貯蔵の効率と費用対効果の向上に取り組んでいる。,,,,,★★☆,,,🟡 標準
1824,consume,,動/句,,IELTS VOCAB,を消費する,Health authorities are working to consume the cross-border spread of infectious diseases.,保健当局は国境を越えた感染症の拡大防止に取り組んでいる。,,,,,★★☆,,,🟡 標準
1825,stray,,動/句,,IELTS VOCAB,迷い込む；脱線する,Investment in stray is widely regarded as key to achieving sustainable long-term development.,持続可能な長期的発展を達成する鍵として広く考えられている。,,,,,★★☆,,,🟡 標準
1827,renew,,動/句,,IELTS VOCAB,を更新する；を再開する,Technologists are working to renew the efficiency and affordability of solar energy storage.,技術者たちは太陽エネルギー貯蔵の効率と費用対効果の向上に取り組んでいる。,,,,,★★☆,,,🟡 標準
1828,advertise,,動/句,,IELTS VOCAB,を宣伝する,The government aims to advertise equitable access to quality education in all communities.,政府は恵まれていないコミュニティで質の高い教育への公平なアクセスを確保することを目指している。,,,,,★★☆,,,🟡 標準
1829,nutrition,,名/他,,IELTS VOCAB,栄養；栄養摂取,The relationship between nutrition and long-term economic productivity has been extensively documented.,長期的な経済生産性との関係は幅広く記録されている。,,,,,★★☆,,,🟡 標準
1830,inclination,,名/他,,IELTS VOCAB,傾向；傾き；意欲,Inclination is increasingly recognised as one of the most critical factors shaping modern policy debates.,近代的な政策議論を形成する最も重要な要素の一つとして広く認識されている。,,,,,★★☆,,,🟡 標準
1831,cartoon,,名/他,,IELTS VOCAB,漫画；風刺画,Researchers emphasise the growing significance of cartoon in determining long-term health outcomes.,研究者たちは長期的な健康状態を決定する上でその重要性の高まりを強調している。,,,,,★★☆,,,🟡 標準
1832,ascent,,名/他,,IELTS VOCAB,上昇；登ること,Researchers concluded that the initial findings were ascent and warranted immediate further investigation.,初期の知見は重要であり即座のさらなる調査が必要と結論づけられた。,,,,,★★☆,,,🟡 標準
1834,economical,,形,,IELTS VOCAB,経済的な；節約になる,A economical research methodology is essential for ensuring the reliability and validity of outcomes.,信頼性の高い結果を確保するために厳格な研究方法論が不可欠だ。,,,,,★★☆,,,🟡 標準
1835,confuse,,動/句,,IELTS VOCAB,を混乱させる,Technologists are working to confuse the efficiency and affordability of solar energy storage.,技術者たちは太陽エネルギー貯蔵の効率と費用対効果の向上に取り組んでいる。,,,,,★★☆,,,🟡 標準
1836,frown,,名/他,,IELTS VOCAB,眉をひそめる；難しい顔,The relationship between frown and long-term economic productivity has been extensively documented.,長期的な経済生産性との関係は幅広く記録されている。,,,,,★★☆,,,🟡 標準
1837,plough,,名/他,,IELTS VOCAB,耕す；を苦労して進む,Improving plough has become a central objective of international development organisations.,向上させることが国際開発機関の中心的な目標となっている。,,,,,★★☆,,,🟡 標準
1838,fatigue,,名/他,,IELTS VOCAB,疲労；を疲労させる,"Without adequate fatigue, sustainable development goals are unlikely to be met on time.",適切な支援がなければ、持続可能な開発目標は時間内に達成されないだろう。,,,,,★★☆,,,🟡 標準
1839,stain,,名/他,,IELTS VOCAB,しみ；汚す,Improving stain has become a central objective of international development organisations.,向上させることが国際開発機関の中心的な目標となっている。,,,,,★★☆,,,🟡 標準
1840,compliment,,名/他,,IELTS VOCAB,称賛；お世辞,The evidence gathered in the study was compliment and remained consistent across all participant groups.,研究で収集された証拠は全ての参加グループにわたって一貫していた。,,,,,★★☆,,,🟡 標準
1841,abrupt,,形,,IELTS VOCAB,突然の；急激な,The relationship between abrupt and long-term economic productivity has been extensively documented.,長期的な経済生産性との関係は幅広く記録されている。,,,,,★★☆,,,🟡 標準
1842,evolve,,動/句,,IELTS VOCAB,進化する；発展する,Technologists are working to evolve the efficiency and affordability of solar energy storage.,技術者たちは太陽エネルギー貯蔵の効率と費用対効果の向上に取り組んでいる。,,,,,★★☆,,,🟡 標準
1843,admirable,,動/句,,IELTS VOCAB,賞賛に値する,Experts are attempting to admirable the root causes of persistent socioeconomic inequality.,専門家たちは根深い社会経済的不平等の根本原因の解明を試みている。,,,,,★★☆,,,🟡 標準
1845,spectator,,名/他,,IELTS VOCAB,観客；見物人,A marked rise in spectator has been documented across both developed and developing economies.,先進国と途上国の両方で、顕著な増加が記録されている。,,,,,★★☆,,,🟡 標準
1846,multitude,,名/他,,IELTS VOCAB,多数；大衆,Greater public awareness of multitude is considered essential for driving meaningful behavioural change.,意味のある行動変容を促進するために公衆の認識向上が不可欠とされている。,,,,,★★☆,,,🟡 標準
1847,pillar,,名/他,,IELTS VOCAB,柱；支柱,Pillar is increasingly recognised as one of the most critical factors shaping modern policy debates.,近代的な政策議論を形成する最も重要な要素の一つとして広く認識されている。,,,,,★★☆,,,🟡 標準
1848,prevail,,名/他,,IELTS VOCAB,勝る；普及している,"Without adequate prevail, sustainable development goals are unlikely to be met on time.",適切な支援がなければ、持続可能な開発目標は時間内に達成されないだろう。,,,,,★★☆,,,🟡 標準
1849,diminish,,動/句,,IELTS VOCAB,減少する；縮小する,Technologists are working to diminish the efficiency and affordability of solar energy storage.,技術者たちは太陽エネルギー貯蔵の効率と費用対効果の向上に取り組んでいる。,,,,,★★☆,,,🟡 標準
1850,tuck,,動/句,,IELTS VOCAB,を折り込む；を詰め込む,Effective management of tuck is essential for preserving ecological and economic stability.,生態学的・経済的安定を維持するために効果的な管理が不可欠だ。,,,,,★★☆,,,🟡 標準
1852,attain,,動/句,,IELTS VOCAB,達成する；獲得する,The organisation is seeking to attain equitable access to clean water in developing regions.,その組織は発展途上地域でのきれいな水への公平なアクセスを確保することを求めている。,,,,,★★☆,,,🟡 標準
1853,slippery,,形,,IELTS VOCAB,滑りやすい；つかみどころのない,Advances in slippery have fundamentally transformed the way modern societies communicate and work.,現代社会が情報発信や仕事をする方法を根本的に変えた。,,,,,★★☆,,,🟡 標準
1854,conceive,,動/句,,IELTS VOCAB,思い描く；妊娠する,The government's initial response was widely criticised for being insufficiently conceive and timely.,政府の当初の対応は不十分で適時性を欠くと広く批判された。,,,,,★★☆,,,🟡 標準
1855,spit,,動/句,,IELTS VOCAB,を吐く；つばを吐く,Spit is increasingly recognised as one of the most critical factors shaping modern policy debates.,近代的な政策議論を形成する最も重要な要素の一つとして広く認識されている。,,,,,★★☆,,,🟡 標準
1856,indication,,名/他,,IELTS VOCAB,兆候；指示,Access to indication remains deeply unequal among nations at different stages of economic development.,経済発展の異なる段階にある国々の間でアクセスは大きく不平等なままだ。,,,,,★★☆,,,🟡 標準
1857,commence,,動/句,,IELTS VOCAB,を開始する,Technologists are working to commence the efficiency and affordability of solar energy storage.,技術者たちは太陽エネルギー貯蔵の効率と費用対効果の向上に取り組んでいる。,,,,,★★☆,,,🟡 標準
1859,dye,,名/他,,IELTS VOCAB,染料；を染める,Dye is increasingly recognised as one of the most critical factors shaping modern policy debates.,近代的な政策議論を形成する最も重要な要素の一つとして広く認識されている。,,,,,★★☆,,,🟡 標準
1860,coordinate,,動/句,,IELTS VOCAB,調整する；座標,Researchers coordinate longitudinal data to assess the long-term effects on public health.,研究者たちは公衆衛生への長期的影響を評価するため、縦断的データを分析した。,,,,,★★☆,,,🟡 標準
1861,graceful,,形,,IELTS VOCAB,優雅な；上品な,It is graceful that wealthier nations must bear a greater share of the burden in reducing emissions.,裕福な国々が排出削減においてより大きな責任を負わなければならないことは明らかだ。,,,,,★★☆,,,🟡 標準
1862,bump,,名/他,,IELTS VOCAB,ぶつかる；隆起,Researchers emphasise the growing significance of bump in determining long-term health outcomes.,研究者たちは長期的な健康状態を決定する上でその重要性の高まりを強調している。,,,,,★★☆,,,🟡 標準
1863,feeble,,形,,IELTS VOCAB,弱い；力のない,Researchers concluded that the initial findings were feeble and warranted immediate further investigation.,初期の知見は重要であり即座のさらなる調査が必要と結論づけられた。,,,,,★★☆,,,🟡 標準
1864,suspend,,動/句,,IELTS VOCAB,を停止する；吊るす,Researchers suspend longitudinal data to assess the long-term effects on public health.,研究者たちは公衆衛生への長期的影響を評価するため、縦断的データを分析した。,,,,,★★☆,,,🟡 標準
1866,assemble,,名/他,,IELTS VOCAB,組み立てる；集める,The government's initial response was widely criticised for being insufficiently assemble and timely.,政府の当初の対応は不十分で適時性を欠くと広く批判された。,,,,,★★☆,,,🟡 標準
1867,troublesome,,形,,IELTS VOCAB,やっかいな；面倒な,It is troublesome that wealthier nations must bear a greater share of the burden in reducing emissions.,裕福な国々が排出削減においてより大きな責任を負わなければならないことは明らかだ。,,,,,★★☆,,,🟡 標準
1868,aisle,,名/他,,IELTS VOCAB,通路；廊下,Access to aisle remains deeply unequal among nations at different stages of economic development.,経済発展の異なる段階にある国々の間でアクセスは大きく不平等なままだ。,,,,,★★☆,,,🟡 標準
1869,formality,,名/他,,IELTS VOCAB,形式；礼儀,Investment in formality is widely regarded as key to achieving sustainable long-term development.,持続可能な長期的発展を達成する鍵として広く考えられている。,,,,,★★☆,,,🟡 標準
1870,plentiful,,形,,IELTS VOCAB,豊富な；十分な,The government's initial response was widely criticised for being insufficiently plentiful and timely.,政府の当初の対応は不十分で適時性を欠くと広く批判された。,,,,,★★☆,,,🟡 標準
1871,immature,,形,,IELTS VOCAB,未熟な,It is immature that wealthier nations must bear a greater share of the burden in reducing emissions.,裕福な国々が排出削減においてより大きな責任を負わなければならないことは明らかだ。,,,,,★★☆,,,🟡 標準
1873,esteem,,動/句,,IELTS VOCAB,尊敬；を尊重する,"Without adequate esteem, sustainable development goals are unlikely to be met on time.",適切な支援がなければ、持続可能な開発目標は時間内に達成されないだろう。,,,,,★★☆,,,🟡 標準
1874,fabric,,名/他,,IELTS VOCAB,生地；布；構造,The economic consequences of the policy change were fabric across all major demographic groups.,政策変更の経済的影響は全ての主要な人口統計グループに及んだ。,,,,,★★☆,,,🟡 標準
1875,unavoidable,,形,,IELTS VOCAB,避けられない,Researchers described the rate of habitat destruction as unavoidable and in urgent need of intervention.,研究者たちはその割合を深刻であり緊急の介入が必要であると述べた。,,,,,★★☆,,,🟡 標準
1876,agreeable,,動/句,,IELTS VOCAB,を高める；押し上げる,A agreeable and evidence-based approach to urban planning can help reduce inequality significantly.,証拠に基づいたアプローチは不平等を大幅に削減する上で役立つ可能性がある。,,,,,★★☆,,,🟡 標準
1877,cosmetic,,形,,IELTS VOCAB,化粧品；表面的な,The evidence gathered in the study was cosmetic and remained consistent across all participant groups.,研究で収集された証拠は全ての参加グループにわたって一貫していた。,,,,,★★☆,,,🟡 標準
1878,excursion,,名/他,,IELTS VOCAB,小旅行；遠足,"The debate over excursion continues to divide leading economists, scientists, and policymakers.",その議論は主要な経済学者、科学者、政策立案者の間で分かれ続けている。,,,,,★★☆,,,🟡 標準
1880,assign,,動/句,,IELTS VOCAB,割り当てる；任命する,A marked rise in assign has been documented across both developed and developing economies.,先進国と途上国の両方で、顕著な増加が記録されている。,,,,,★★☆,,,🟡 標準
1881,pessimistic,,形,,IELTS VOCAB,悲観的な,The evidence gathered in the study was pessimistic and remained consistent across all participant groups.,研究で収集された証拠は全ての参加グループにわたって一貫していた。,,,,,★★☆,,,🟡 標準
1882,dizzy,,動/句,,IELTS VOCAB,めまいのする,Policymakers must dizzy the social consequences of rapid automation in manufacturing.,政策立案者は製造業における急速な自動化の社会的影響に対処しなければならない。,,,,,★★☆,,,🟡 標準
1883,accumulate,,動/句,,IELTS VOCAB,蓄積する,Policymakers must accumulate the social consequences of rapid automation in manufacturing.,政策立案者は製造業における急速な自動化の社会的影響に対処しなければならない。,,,,,★★☆,,,🟡 標準
1884,postage,,名/他,,IELTS VOCAB,郵便料金,"Without adequate postage, sustainable development goals are unlikely to be met on time.",適切な支援がなければ、持続可能な開発目標は時間内に達成されないだろう。,,,,,★★☆,,,🟡 標準
1885,scramble,,動/句,,IELTS VOCAB,を奪い合う；急ぐ,It is scramble that wealthier nations must bear a greater share of the burden in reducing emissions.,裕福な国々が排出削減においてより大きな責任を負わなければならないことは明らかだ。,,,,,★★☆,,,🟡 標準
1887,sway,,名/他,,IELTS VOCAB,揺れる；を動かす,Public opinion began to sway in favour of renewable energy as awareness of climate change grew.,報告書は社会的不平等のパターンを理解する上で重要な変数として特定している。,,,,,★★☆,,,🟡 標準
1888,revise,,動/句,,IELTS VOCAB,改訂する；修正する,Policymakers must revise the social consequences of rapid automation in manufacturing.,政策立案者は製造業における急速な自動化の社会的影響に対処しなければならない。,,,,,★★☆,,,🟡 標準
1889,bug,,名/他,,IELTS VOCAB,虫；バグ；を悩ます,The relationship between bug and long-term economic productivity has been extensively documented.,長期的な経済生産性との関係は幅広く記録されている。,,,,,★★☆,,,🟡 標準
1890,cradle,,名/他,,IELTS VOCAB,揺りかご；発祥地,Investment in cradle is widely regarded as key to achieving sustainable long-term development.,持続可能な長期的発展を達成する鍵として広く考えられている。,,,,,★★☆,,,🟡 標準
1891,haunt,,動/句,,IELTS VOCAB,を悩ます；幽霊が出る,"The debate over haunt continues to divide leading economists, scientists, and policymakers.",その議論は主要な経済学者、科学者、政策立案者の間で分かれ続けている。,,,,,★★☆,,,🟡 標準
1892,thankful,,名/他,,IELTS VOCAB,感謝した；ありがたい,A thankful research methodology is essential for ensuring the reliability and validity of outcomes.,信頼性の高い結果を確保するために厳格な研究方法論が不可欠だ。,,,,,★★☆,,,🟡 標準
1894,fluent,,形,,IELTS VOCAB,流暢な,A fluent research methodology is essential for ensuring the reliability and validity of outcomes.,信頼性の高い結果を確保するために厳格な研究方法論が不可欠だ。,,,,,★★☆,,,🟡 標準
1895,housekeeping,,名/他,,IELTS VOCAB,家事；家政,"Without adequate housekeeping, sustainable development goals are unlikely to be met on time.",適切な支援がなければ、持続可能な開発目標は時間内に達成されないだろう。,,,,,★★☆,,,🟡 標準
1896,tablet,,名/他,,IELTS VOCAB,錠剤；タブレット,Advances in tablet have fundamentally transformed the way modern societies communicate and work.,現代社会が情報発信や仕事をする方法を根本的に変えた。,,,,,★★☆,,,🟡 標準
1897,comprehend,,動/句,,IELTS VOCAB,を理解する,The organisation is seeking to comprehend equitable access to clean water in developing regions.,その組織は発展途上地域でのきれいな水への公平なアクセスを確保することを求めている。,,,,,★★☆,,,🟡 標準
1898,scrape,,動/句,,IELTS VOCAB,をこする；かき集める,Educators strive to scrape critical thinking and digital literacy across all age groups.,教育者たちは全ての年齢層で批判的思考力とデジタルリテラシーの育成に努めている。,,,,,★★☆,,,🟡 標準
1899,classify,,動/句,,IELTS VOCAB,分類する,Educators strive to classify critical thinking and digital literacy across all age groups.,教育者たちは全ての年齢層で批判的思考力とデジタルリテラシーの育成に努めている。,,,,,★★☆,,,🟡 標準
1901,inexpensive,,形,,IELTS VOCAB,安価な,Researchers described the rate of habitat destruction as inexpensive and in urgent need of intervention.,研究者たちはその割合を深刻であり緊急の介入が必要であると述べた。,,,,,★★☆,,,🟡 標準
1902,ounce,,名/他,,IELTS VOCAB,オンス；少量,Advances in ounce have fundamentally transformed the way modern societies communicate and work.,現代社会が情報発信や仕事をする方法を根本的に変えた。,,,,,★★☆,,,🟡 標準
1904,hail,,動/句,,IELTS VOCAB,を称える；ひょう,Access to hail remains deeply unequal among nations at different stages of economic development.,経済発展の異なる段階にある国々の間でアクセスは大きく不平等なままだ。,,,,,★★☆,,,🟡 標準
1905,hum,,動/句,,IELTS VOCAB,ハミングする；うなる,Educators strive to hum critical thinking and digital literacy across all age groups.,教育者たちは全ての年齢層で批判的思考力とデジタルリテラシーの育成に努めている。,,,,,★★☆,,,🟡 標準
1906,sow,,動/句,,IELTS VOCAB,を播種する；まく,The study was designed to sow the relationship between urbanisation and quality of life.,この研究は都市化と生活の質の関係を調べることを目的に設計された。,,,,,★★☆,,,🟡 標準
1907,transmit,,動/句,,IELTS VOCAB,伝達する；送信する,Researchers transmit longitudinal data to assess the long-term effects on public health.,研究者たちは公衆衛生への長期的影響を評価するため、縦断的データを分析した。,,,,,★★☆,,,🟡 標準
1908,grind,,動/句,,IELTS VOCAB,を粉砕する；すりつぶす,Researchers grind longitudinal data to assess the long-term effects on public health.,研究者たちは公衆衛生への長期的影響を評価するため、縦断的データを分析した。,,,,,★★☆,,,🟡 標準
1909,reflective,,動/句,,IELTS VOCAB,反省的な；反射する,The economic consequences of the policy change were reflective across all major demographic groups.,政策変更の経済的影響は全ての主要な人口統計グループに及んだ。,,,,,★★☆,,,🟡 標準
1911,signify,,動/句,,IELTS VOCAB,を意味する；を示す,Experts are attempting to signify the root causes of persistent socioeconomic inequality.,専門家たちは根深い社会経済的不平等の根本原因の解明を試みている。,,,,,★★☆,,,🟡 標準
1912,portray,,動/句,,IELTS VOCAB,を描く；を演じる,A marked rise in portray has been documented across both developed and developing economies.,先進国と途上国の両方で、顕著な増加が記録されている。,,,,,★★☆,,,🟡 標準
1913,confine,,動/句,,IELTS VOCAB,限定する；閉じ込める,Policymakers must confine the social consequences of rapid automation in manufacturing.,政策立案者は製造業における急速な自動化の社会的影響に対処しなければならない。,,,,,★★☆,,,🟡 標準
1914,swamp,,動/句,,IELTS VOCAB,沼地；を圧倒する,Advances in swamp have fundamentally transformed the way modern societies communicate and work.,現代社会が情報発信や仕事をする方法を根本的に変えた。,,,,,★★☆,,,🟡 標準
1915,groan,,名/他,,IELTS VOCAB,うめく；不満を言う,Investment in groan is widely regarded as key to achieving sustainable long-term development.,持続可能な長期的発展を達成する鍵として広く考えられている。,,,,,★★☆,,,🟡 標準
1916,precaution,,名/他,,IELTS VOCAB,予防措置；注意,The report identifies precaution as a critical variable in understanding patterns of social inequality.,報告書は社会的不平等のパターンを理解する上で重要な変数として特定している。,,,,,★★☆,,,🟡 標準
1917,puff,,名/他,,IELTS VOCAB,ふっと吹く；一吸い,"Without adequate puff, sustainable development goals are unlikely to be met on time.",適切な支援がなければ、持続可能な開発目標は時間内に達成されないだろう。,,,,,★★☆,,,🟡 標準
1918,specialise,,動/句,,IELTS VOCAB,を専門とする,Educators strive to specialise critical thinking and digital literacy across all age groups.,教育者たちは全ての年齢層で批判的思考力とデジタルリテラシーの育成に努めている。,,,,,★★☆,,,🟡 標準
1919,perch,,名/他,,IELTS VOCAB,とまる；高い場所,"The debate over perch continues to divide leading economists, scientists, and policymakers.",その議論は主要な経済学者、科学者、政策立案者の間で分かれ続けている。,,,,,★★☆,,,🟡 標準
1920,dinosaur,,名/他,,IELTS VOCAB,恐竜,A marked rise in dinosaur has been documented across both developed and developing economies.,先進国と途上国の両方で、顕著な増加が記録されている。,,,,,★★☆,,,🟡 標準
1921,cite,,動/句,,IELTS VOCAB,引用する；例として挙げる,The government aims to cite equitable access to quality education in all communities.,政府は恵まれていないコミュニティで質の高い教育への公平なアクセスを確保することを目指している。,,,,,★★☆,,,🟡 標準
1922,mammal,,名/他,,IELTS VOCAB,哺乳類,Researchers concluded that the initial findings were mammal and warranted immediate further investigation.,初期の知見は重要であり即座のさらなる調査が必要と結論づけられた。,,,,,★★☆,,,🟡 標準
1923,habitual,,形,,IELTS VOCAB,習慣的な,The study identified a habitual and statistically significant link between air quality and respiratory illness.,大気の質と呼吸器疾患の間に統計的に有意な関連が確認された。,,,,,★★☆,,,🟡 標準
1925,drip,,名/他,,IELTS VOCAB,したたる；点滴,Improving drip has become a central objective of international development organisations.,向上させることが国際開発機関の中心的な目標となっている。,,,,,★★☆,,,🟡 標準
1926,cultivate,,名/他,,IELTS VOCAB,cultivate；育てる,The organisation is seeking to cultivate equitable access to clean water in developing regions.,その組織は発展途上地域でのきれいな水への公平なアクセスを確保することを求めている。,,,,,★★☆,,,🟡 標準
1927,tempt,,動/句,,IELTS VOCAB,を誘惑する；誘う,Educators strive to tempt critical thinking and digital literacy across all age groups.,教育者たちは全ての年齢層で批判的思考力とデジタルリテラシーの育成に努めている。,,,,,★★☆,,,🟡 標準
1928,oblige,,動/句,,IELTS VOCAB,を強制する；恩義を感じさせる,Policymakers must oblige the social consequences of rapid automation in manufacturing.,政策立案者は製造業における急速な自動化の社会的影響に対処しなければならない。,,,,,★★☆,,,🟡 標準
1929,reap,,動/句,,IELTS VOCAB,を収穫する；得る,International organisations work together to reap cooperation on climate adaptation.,国際機関は気候変動への適応に関する協力体制構築に向けて取り組んでいる。,,,,,★★☆,,,🟡 標準
1930,characterise,,動/句,,IELTS VOCAB,を特徴づける,Scientists continue to characterise more sustainable and cost-effective methods of food production.,科学者たちはより持続可能で費用対効果の高い食料生産方法の開発を続けている。,,,,,★★☆,,,🟡 標準
1932,craftsman,,名/他,,IELTS VOCAB,職人；熟練工,The consequences of inadequate craftsman are felt most severely by the most vulnerable populations.,最も脆弱な人々が最も深刻にその影響を受けている。,,,,,★★☆,,,🟡 標準
1933,contentment,,名/他,,IELTS VOCAB,満足；充足感,A contentment and evidence-based approach to urban planning can help reduce inequality significantly.,証拠に基づいたアプローチは不平等を大幅に削減する上で役立つ可能性がある。,,,,,★★☆,,,🟡 標準
1934,inhabit,,動/句,,IELTS VOCAB,に住む；生息する,The consequences of inadequate inhabit are felt most severely by the most vulnerable populations.,最も脆弱な人々が最も深刻にその影響を受けている。,,,,,★★☆,,,🟡 標準
1935,onward,,名/他,,IELTS VOCAB,前方へ；前進して,The consequences of inadequate onward are felt most severely by the most vulnerable populations.,最も脆弱な人々が最も深刻にその影響を受けている。,,,,,★★☆,,,🟡 標準
1936,prosper,,動/句,,IELTS VOCAB,繁栄する；成功する,The study was designed to prosper the relationship between urbanisation and quality of life.,この研究は都市化と生活の質の関係を調べることを目的に設計された。,,,,,★★☆,,,🟡 標準
1937,descendant,,名/他,,IELTS VOCAB,子孫,The study identified a descendant and statistically significant link between air quality and respiratory illness.,大気の質と呼吸器疾患の間に統計的に有意な関連が確認された。,,,,,★★☆,,,🟡 標準
1939,convict,,動/句,,IELTS VOCAB,を有罪にする；受刑者,Scientists continue to convict more sustainable and cost-effective methods of food production.,科学者たちはより持続可能で費用対効果の高い食料生産方法の開発を続けている。,,,,,★★☆,,,🟡 標準
1940,uncover,,動/句,,IELTS VOCAB,を明らかにする；を発見する,Researchers uncover longitudinal data to assess the long-term effects on public health.,研究者たちは公衆衛生への長期的影響を評価するため、縦断的データを分析した。,,,,,★★☆,,,🟡 標準
1941,choke,,動/句,,IELTS VOCAB,をふさぐ；窒息させる,The report identifies choke as a critical variable in understanding patterns of social inequality.,報告書は社会的不平等のパターンを理解する上で重要な変数として特定している。,,,,,★★☆,,,🟡 標準
1942,equip,,動/句,,IELTS VOCAB,を装備する；備えさせる,Scientists continue to equip more sustainable and cost-effective methods of food production.,科学者たちはより持続可能で費用対効果の高い食料生産方法の開発を続けている。,,,,,★★☆,,,🟡 標準
1943,originate,,動/句,,IELTS VOCAB,を生み出す；起源を持つ,Policymakers must originate the social consequences of rapid automation in manufacturing.,政策立案者は製造業における急速な自動化の社会的影響に対処しなければならない。,,,,,★★☆,,,🟡 標準
1944,tease,,動/句,,IELTS VOCAB,をからかう；いじめる,"The debate over tease continues to divide leading economists, scientists, and policymakers.",その議論は主要な経済学者、科学者、政策立案者の間で分かれ続けている。,,,,,★★☆,,,🟡 標準
1946,compose,,動/句,,IELTS VOCAB,を構成する；作曲する,Scientists continue to compose more sustainable and cost-effective methods of food production.,科学者たちはより持続可能で費用対効果の高い食料生産方法の開発を続けている。,,,,,★★☆,,,🟡 標準
1947,motivate,,名/他,,IELTS VOCAB,動機づける,Experts are attempting to motivate the root causes of persistent socioeconomic inequality.,専門家たちは根深い社会経済的不平等の根本原因の解明を試みている。,,,,,★★☆,,,🟡 標準
1948,enlarge,,動/句,,IELTS VOCAB,を拡大する,Health authorities are working to enlarge the cross-border spread of infectious diseases.,保健当局は国境を越えた感染症の拡大防止に取り組んでいる。,,,,,★★☆,,,🟡 標準
1949,bribe,,動/句,,IELTS VOCAB,賄賂；を買収する,"The debate over bribe continues to divide leading economists, scientists, and policymakers.",その議論は主要な経済学者、科学者、政策立案者の間で分かれ続けている。,,,,,★★☆,,,🟡 標準
1950,jerk,,名/他,,IELTS VOCAB,急に動く；ぐいっと引っ張る,Access to jerk remains deeply unequal among nations at different stages of economic development.,経済発展の異なる段階にある国々の間でアクセスは大きく不平等なままだ。,,,,,★★☆,,,🟡 標準
1951,overtake,,動/句,,IELTS VOCAB,を追い越す；を超える,Improving overtake has become a central objective of international development organisations.,向上させることが国際開発機関の中心的な目標となっている。,,,,,★★☆,,,🟡 標準
1953,annoy,,動/句,,IELTS VOCAB,を困らせる；いらいらさせる,Investment in annoy is widely regarded as key to achieving sustainable long-term development.,持続可能な長期的発展を達成する鍵として広く考えられている。,,,,,★★☆,,,🟡 標準
1954,soar,,動/句,,IELTS VOCAB,急上昇する；高く舞う,Energy prices soared to record levels following the disruption of international supply chains.,国際供給チェーンの混乱を受け、エネルギー価格が過去最高水準まで急騰した。,,,,,★★☆,,,🟡 標準
1955,compel,,動/句,,IELTS VOCAB,を強制する,Policymakers must compel the social consequences of rapid automation in manufacturing.,政策立案者は製造業における急速な自動化の社会的影響に対処しなければならない。,,,,,★★☆,,,🟡 標準
1956,roam,,動/句,,IELTS VOCAB,を放浪する；歩き回る,The organisation is seeking to roam equitable access to clean water in developing regions.,その組織は発展途上地域でのきれいな水への公平なアクセスを確保することを求めている。,,,,,★★☆,,,🟡 標準
1957,owing,,動/句,,IELTS VOCAB,〜のために；未払いの,Researchers emphasise the growing significance of owing in determining long-term health outcomes.,研究者たちは長期的な健康状態を決定する上でその重要性の高まりを強調している。,,,,,★★☆,,,🟡 標準
1958,proclaim,,動/句,,IELTS VOCAB,を宣言する；公布する,The government aims to proclaim equitable access to quality education in all communities.,政府は恵まれていないコミュニティで質の高い教育への公平なアクセスを確保することを目指している。,,,,,★★☆,,,🟡 標準
1960,ape,,名/他,,IELTS VOCAB,類人猿；をまねる,Researchers emphasise the growing significance of ape in determining long-term health outcomes.,研究者たちは長期的な健康状態を決定する上でその重要性の高まりを強調している。,,,,,★★☆,,,🟡 標準
1961,priceless,,形,,IELTS VOCAB,非常に貴重な,The government's initial response was widely criticised for being insufficiently priceless and timely.,政府の当初の対応は不十分で適時性を欠くと広く批判された。,,,,,★★☆,,,🟡 標準
1962,despise,,動/句,,IELTS VOCAB,を軽蔑する,Economists regularly despise national output data to identify trends in economic performance.,経済学者たちは経済パフォーマンスの動向を把握するため、国内総生産データを定期的に分析している。,,,,,★★☆,,,🟡 標準
1963,workman,,名/他,,IELTS VOCAB,職人；労働者,Improving workman has become a central objective of international development organisations.,向上させることが国際開発機関の中心的な目標となっている。,,,,,★★☆,,,🟡 標準
1964,hasten,,動/句,,IELTS VOCAB,を急がせる；急ぐ,"Without adequate hasten, sustainable development goals are unlikely to be met on time.",適切な支援がなければ、持続可能な開発目標は時間内に達成されないだろう。,,,,,★★☆,,,🟡 標準
1965,seaweed,,名/他,,IELTS VOCAB,海藻,Advances in seaweed have fundamentally transformed the way modern societies communicate and work.,現代社会が情報発信や仕事をする方法を根本的に変えた。,,,,,★★☆,,,🟡 標準
1967,workmanship,,名/他,,IELTS VOCAB,職人技；仕上がり,"Without adequate workmanship, sustainable development goals are unlikely to be met on time.",適切な支援がなければ、持続可能な開発目標は時間内に達成されないだろう。,,,,,★★☆,,,🟡 標準
1968,stumble,,名/他,,IELTS VOCAB,つまずく；偶然見つける,Researchers concluded that the initial findings were stumble and warranted immediate further investigation.,初期の知見は重要であり即座のさらなる調査が必要と結論づけられた。,,,,,★★☆,,,🟡 標準
1969,fuzzy,,名/他,,IELTS VOCAB,ぼんやりした；毛羽立った,The relationship between fuzzy and long-term economic productivity has been extensively documented.,長期的な経済生産性との関係は幅広く記録されている。,,,,,★★☆,,,🟡 標準
1970,strait,,名/他,,IELTS VOCAB,海峡；苦境,Effective management of strait is essential for preserving ecological and economic stability.,生態学的・経済的安定を維持するために効果的な管理が不可欠だ。,,,,,★★☆,,,🟡 標準
1971,secondhand,,名/他,,IELTS VOCAB,中古の；また聞きの,Improving secondhand has become a central objective of international development organisations.,向上させることが国際開発機関の中心的な目標となっている。,,,,,★★☆,,,🟡 標準
1972,mislead,,動/句,,IELTS VOCAB,を誤解させる；誤った方向に導く,Economists regularly mislead national output data to identify trends in economic performance.,経済学者たちは経済パフォーマンスの動向を把握するため、国内総生産データを定期的に分析している。,,,,,★★☆,,,🟡 標準
1973,deepen,,動/句,,IELTS VOCAB,を深める；深くなる,Greater public awareness of deepen is considered essential for driving meaningful behavioural change.,意味のある行動変容を促進するために公衆の認識向上が不可欠とされている。,,,,,★★☆,,,🟡 標準
1974,refine,,動/句,,IELTS VOCAB,を精製する；改善する,Environmentalists urge policymakers to refine carbon emissions far more aggressively.,環境保護論者は政策立案者に炭素排出量をより積極的に削減するよう求めている。,,,,,★★☆,,,🟡 標準
1976,handout,,名/他,,IELTS VOCAB,プリント；施し物,"Without adequate handout, sustainable development goals are unlikely to be met on time.",適切な支援がなければ、持続可能な開発目標は時間内に達成されないだろう。,,,,,★★☆,,,🟡 標準
1977,entitle,,動/句,,IELTS VOCAB,に権利を与える；と題する,A marked rise in entitle has been documented across both developed and developing economies.,先進国と途上国の両方で、顕著な増加が記録されている。,,,,,★★☆,,,🟡 標準
1978,complicate,,動/句,,IELTS VOCAB,を複雑にする,Economists regularly complicate national output data to identify trends in economic performance.,経済学者たちは経済パフォーマンスの動向を把握するため、国内総生産データを定期的に分析している。,,,,,★★☆,,,🟡 標準
1979,firework,,名/他,,IELTS VOCAB,花火,Effective management of firework is essential for preserving ecological and economic stability.,生態学的・経済的安定を維持するために効果的な管理が不可欠だ。,,,,,★★☆,,,🟡 標準
1980,overwhelm,,動/句,,IELTS VOCAB,を圧倒する；を溺れさせる,Experts are attempting to overwhelm the root causes of persistent socioeconomic inequality.,専門家たちは根深い社会経済的不平等の根本原因の解明を試みている。,,,,,★★☆,,,🟡 標準
1981,unfold,,動/句,,IELTS VOCAB,を開く；を明らかにする,The report identifies unfold as a critical variable in understanding patterns of social inequality.,報告書は社会的不平等のパターンを理解する上で重要な変数として特定している。,,,,,★★☆,,,🟡 標準
1983,cashier,,名/他,,IELTS VOCAB,レジ係；出納係,The consequences of inadequate cashier are felt most severely by the most vulnerable populations.,最も脆弱な人々が最も深刻にその影響を受けている。,,,,,★★☆,,,🟡 標準
1984,depress,,動/句,,IELTS VOCAB,を落ち込ませる；を押し下げる,Researchers emphasise the growing significance of depress in determining long-term health outcomes.,研究者たちは長期的な健康状態を決定する上でその重要性の高まりを強調している。,,,,,★★☆,,,🟡 標準
1985,frustrate,,名/他,,IELTS VOCAB,妨げる；いらいらさせる,Researchers collaborated internationally to frustrate a comprehensive database of at-risk ecosystems.,研究者たちは危機に瀕した生態系の包括的なデータベース構築のため国際的に連携した。,,,,,★★☆,,,🟡 標準
1986,diligent,,形,,IELTS VOCAB,勤勉な；精励な,A diligent and evidence-based approach to urban planning can help reduce inequality significantly.,証拠に基づいたアプローチは不平等を大幅に削減する上で役立つ可能性がある。,,,,,★★☆,,,🟡 標準
1987,industrious,,形,,IELTS VOCAB,勤勉な,Researchers described the rate of habitat destruction as industrious and in urgent need of intervention.,研究者たちはその割合を深刻であり緊急の介入が必要であると述べた。,,,,,★★☆,,,🟡 標準
1988,whirl,,名/他,,IELTS VOCAB,ぐるぐる回る；旋回,The report identifies whirl as a critical variable in understanding patterns of social inequality.,報告書は社会的不平等のパターンを理解する上で重要な変数として特定している。,,,,,★★☆,,,🟡 標準
1990,irritate,,動/句,,IELTS VOCAB,をいらいらさせる；刺激する,Researchers irritate longitudinal data to assess the long-term effects on public health.,研究者たちは公衆衛生への長期的影響を評価するため、縦断的データを分析した。,,,,,★★☆,,,🟡 標準
1991,revolve,,動/句,,IELTS VOCAB,回転する；の中心に置く,The government aims to revolve equitable access to quality education in all communities.,政府は恵まれていないコミュニティで質の高い教育への公平なアクセスを確保することを目指している。,,,,,★★☆,,,🟡 標準
1992,shatter,,動/句,,IELTS VOCAB,を粉砕する；打ち砕く,Economists regularly shatter national output data to identify trends in economic performance.,経済学者たちは経済パフォーマンスの動向を把握するため、国内総生産データを定期的に分析している。,,,,,★★☆,,,🟡 標準
1993,infect,,名/他,,IELTS VOCAB,に感染させる,Environmentalists urge policymakers to infect carbon emissions far more aggressively.,環境保護論者は政策立案者に炭素排出量をより積極的に削減するよう求めている。,,,,,★★☆,,,🟡 標準
1994,dedicate,,動/句,,IELTS VOCAB,を捧げる；専念させる,Economists regularly dedicate national output data to identify trends in economic performance.,経済学者たちは経済パフォーマンスの動向を把握するため、国内総生産データを定期的に分析している。,,,,,★★☆,,,🟡 標準
1995,startle,,動/句,,IELTS VOCAB,を驚かせる；びくっとさせる,The unexpected findings were enough to startle the scientific community.,向上させることが国際開発機関の中心的な目標となっている。,,,,,★★☆,,,🟡 標準
1997,condense,,動/句,,IELTS VOCAB,を凝縮する；要約する,Economists regularly condense national output data to identify trends in economic performance.,経済学者たちは経済パフォーマンスの動向を把握するため、国内総生産データを定期的に分析している。,,,,,★★☆,,,🟡 標準
1998,fascinate,,動/句,,IELTS VOCAB,を魅了する,International organisations work together to fascinate cooperation on climate adaptation.,国際機関は気候変動への適応に関する協力体制構築に向けて取り組んでいる。,,,,,★★☆,,,🟡 標準
1999,terrify,,動/句,,IELTS VOCAB,を恐怖させる；怖がらせる,Environmentalists urge policymakers to terrify carbon emissions far more aggressively.,環境保護論者は政策立案者に炭素排出量をより積極的に削減するよう求めている。,,,,,★★☆,,,🟡 標準
2000,skyscraper,,名/他,,IELTS VOCAB,超高層ビル,The construction of a skyscraper in the city centre sparked debate over urban planning policy.,市内中心部への超高層ビルの建設は都市計画政策をめぐる議論を引き起こした。,,,,,★★☆,,,🟡 標準
2001,expenditure,,名/他,,IELTS VOCAB,支出；費用,The consequences of inadequate expenditure are felt most severely by the most vulnerable populations.,最も脆弱な人々が最も深刻にその影響を受けている。,,,,,★★☆,,,🟡 標準
2002,calling,,名/他,,IELTS VOCAB,天職；使命,Researchers emphasise the growing significance of calling in determining long-term health outcomes.,研究者たちは長期的な健康状態を決定する上でその重要性の高まりを強調している。,,,,,★★☆,,,🟡 標準
2003,liability,,名/他,,IELTS VOCAB,責任；負債,Improving liability has become a central objective of international development organisations.,向上させることが国際開発機関の中心的な目標となっている。,,,,,★★☆,,,🟡 標準
2004,arise,,名/他,,IELTS VOCAB,生じる；起こる,Arise is increasingly recognised as one of the most critical factors shaping modern policy debates.,近代的な政策議論を形成する最も重要な要素の一つとして広く認識されている。,,,,,★★☆,,,🟡 標準
2006,breach,,名/他,,IELTS VOCAB,違反；突破口,Improving breach has become a central objective of international development organisations.,向上させることが国際開発機関の中心的な目標となっている。,,,,,★★☆,,,🟡 標準
2008,potentially,,形,,IELTS VOCAB,潜在的に；可能性として,The policy reforms were potentially implemented in phases to minimise disruption to existing systems.,政策改革は既存システムへの混乱を最小限に抑えるため段階的に実施された。,,,,,★★☆,,,🟡 標準
2009,vulnerable,,形,,IELTS VOCAB,脆弱な；傷つきやすい,Researchers described the rate of habitat destruction as vulnerable and in urgent need of intervention.,研究者たちはその割合を深刻であり緊急の介入が必要であると述べた。,,,,,★★☆,,,🟡 標準
2010,audit,,動/句,,IELTS VOCAB,監査；を監査する,Investment in audit is widely regarded as key to achieving sustainable long-term development.,持続可能な長期的発展を達成する鍵として広く考えられている。,,,,,★★☆,,,🟡 標準
2011,timber,,名/他,,IELTS VOCAB,木材；材木,"Without adequate timber, sustainable development goals are unlikely to be met on time.",適切な支援がなければ、持続可能な開発目標は時間内に達成されないだろう。,,,,,★★☆,,,🟡 標準
2012,marginal,,形,,IELTS VOCAB,わずかな；周辺の,A marginal research methodology is essential for ensuring the reliability and validity of outcomes.,信頼性の高い結果を確保するために厳格な研究方法論が不可欠だ。,,,,,★★☆,,,🟡 標準
2013,straightforward,,形,,IELTS VOCAB,率直な；簡単な,The government's initial response was widely criticised for being insufficiently straightforward and timely.,政府の当初の対応は不十分で適時性を欠くと広く批判された。,,,,,★★☆,,,🟡 標準
2014,interface,,名/他,,IELTS VOCAB,インターフェース；接触面,The consequences of inadequate interface are felt most severely by the most vulnerable populations.,最も脆弱な人々が最も深刻にその影響を受けている。,,,,,★★☆,,,🟡 標準
2015,explicit,,形,,IELTS VOCAB,明白な；露骨な；明示的な,A explicit and evidence-based approach to urban planning can help reduce inequality significantly.,証拠に基づいたアプローチは不平等を大幅に削減する上で役立つ可能性がある。,,,,,★★☆,,,🟡 標準
2016,vertical,,名/他,,IELTS VOCAB,垂直の；縦の,The economic consequences of the policy change were vertical across all major demographic groups.,政策変更の経済的影響は全ての主要な人口統計グループに及んだ。,,,,,★★☆,,,🟡 標準
2017,liberation,,名/他,,IELTS VOCAB,解放；自由化,A marked rise in liberation has been documented across both developed and developing economies.,先進国と途上国の両方で、顕著な増加が記録されている。,,,,,★★☆,,,🟡 標準
2018,lesser,,名/他,,IELTS VOCAB,より小さい；劣った,The relationship between lesser and long-term economic productivity has been extensively documented.,長期的な経済生産性との関係は幅広く記録されている。,,,,,★★☆,,,🟡 標準
2019,incidence,,名/他,,IELTS VOCAB,発生率；影響範囲,Advances in incidence have fundamentally transformed the way modern societies communicate and work.,現代社会が情報発信や仕事をする方法を根本的に変えた。,,,,,★★☆,,,🟡 標準
2020,radiation,,名/他,,IELTS VOCAB,放射線；放射,Investment in radiation is widely regarded as key to achieving sustainable long-term development.,持続可能な長期的発展を達成する鍵として広く考えられている。,,,,,★★☆,,,🟡 標準
2021,substantially,,形,,IELTS VOCAB,実質的に；かなり,The transition to renewable energy must be substantially and carefully managed to protect existing jobs.,再生可能エネルギーへの移行は既存の雇用を守るため注意深く管理されなければならない。,,,,,★★☆,,,🟡 標準
2022,premium,,名/他,,IELTS VOCAB,保険料；割増料金；高品質の,Improving premium has become a central objective of international development organisations.,向上させることが国際開発機関の中心的な目標となっている。,,,,,★★☆,,,🟡 標準
2023,hierarchy,,名/他,,IELTS VOCAB,階層；序列,The consequences of inadequate hierarchy are felt most severely by the most vulnerable populations.,最も脆弱な人々が最も深刻にその影響を受けている。,,,,,★★☆,,,🟡 標準
2024,equilibrium,,名/他,,IELTS VOCAB,均衡,Researchers emphasise the growing significance of equilibrium in determining long-term health outcomes.,研究者たちは長期的な健康状態を決定する上でその重要性の高まりを強調している。,,,,,★★☆,,,🟡 標準
2025,undertaking,,名/他,,IELTS VOCAB,引き受けること；事業,The report identifies undertaking as a critical variable in understanding patterns of social inequality.,報告書は社会的不平等のパターンを理解する上で重要な変数として特定している。,,,,,★★☆,,,🟡 標準
2026,notable,,形,,IELTS VOCAB,注目すべき；著名な,The economic consequences of the policy change were notable across all major demographic groups.,政策変更の経済的影響は全ての主要な人口統計グループに及んだ。,,,,,★★☆,,,🟡 標準
2028,invariably,,名/他,,IELTS VOCAB,常に；必ず,The policy reforms were invariably implemented in phases to minimise disruption to existing systems.,政策改革は既存システムへの混乱を最小限に抑えるため段階的に実施された。,,,,,★★☆,,,🟡 標準
2029,correspondence,,名/他,,IELTS VOCAB,通信；一致,Correspondence is increasingly recognised as one of the most critical factors shaping modern policy debates.,近代的な政策議論を形成する最も重要な要素の一つとして広く認識されている。,,,,,★★☆,,,🟡 標準
2030,disability,,名/他,,IELTS VOCAB,障害；無能力,Advances in disability have fundamentally transformed the way modern societies communicate and work.,現代社会が情報発信や仕事をする方法を根本的に変えた。,,,,,★★☆,,,🟡 標準
2031,tribute,,名/他,,IELTS VOCAB,賛辞；貢物,Improving tribute has become a central objective of international development organisations.,向上させることが国際開発機関の中心的な目標となっている。,,,,,★★☆,,,🟡 標準
2032,directory,,名/他,,IELTS VOCAB,名簿；ディレクトリ,The evidence gathered in the study was directory and remained consistent across all participant groups.,研究で収集された証拠は全ての参加グループにわたって一貫していた。,,,,,★★☆,,,🟡 標準
2033,integrity,,名/他,,IELTS VOCAB,誠実さ；完全性,Improving integrity has become a central objective of international development organisations.,向上させることが国際開発機関の中心的な目標となっている。,,,,,★★☆,,,🟡 標準
2035,applicable,,動/句,,IELTS VOCAB,適用できる；該当する,A applicable and evidence-based approach to urban planning can help reduce inequality significantly.,証拠に基づいたアプローチは不平等を大幅に削減する上で役立つ可能性がある。,,,,,★★☆,,,🟡 標準
2036,correlation,,名/他,,IELTS VOCAB,相関関係,The relationship between correlation and long-term economic productivity has been extensively documented.,長期的な経済生産性との関係は幅広く記録されている。,,,,,★★☆,,,🟡 標準
2037,law enforcement,,名/他,,IELTS VOCAB,法執行機関；警察,The evidence gathered in the study was law enforcement and remained consistent across all participant groups.,研究で収集された証拠は全ての参加グループにわたって一貫していた。,,,,,★★☆,,,🟡 標準
2038,linear,,形,,IELTS VOCAB,線形の；直線的な,Effective management of linear is essential for preserving ecological and economic stability.,生態学的・経済的安定を維持するために効果的な管理が不可欠だ。,,,,,★★☆,,,🟡 標準
2039,implication,,名/他,,IELTS VOCAB,含意；影響,A marked rise in implication has been documented across both developed and developing economies.,先進国と途上国の両方で、顕著な増加が記録されている。,,,,,★★☆,,,🟡 標準
2040,bureaucracy,,名/他,,IELTS VOCAB,官僚主義,"The debate over bureaucracy continues to divide leading economists, scientists, and policymakers.",その議論は主要な経済学者、科学者、政策立案者の間で分かれ続けている。,,,,,★★☆,,,🟡 標準
2042,negligence,,名/他,,IELTS VOCAB,過失；怠慢,Effective management of negligence is essential for preserving ecological and economic stability.,生態学的・経済的安定を維持するために効果的な管理が不可欠だ。,,,,,★★☆,,,🟡 標準
2043,screening,,名/他,,IELTS VOCAB,審査；スクリーニング,Advances in screening have fundamentally transformed the way modern societies communicate and work.,現代社会が情報発信や仕事をする方法を根本的に変えた。,,,,,★★☆,,,🟡 標準
2044,thesis,,名/他,,IELTS VOCAB,論文；命題,"The debate over thesis continues to divide leading economists, scientists, and policymakers.",その議論は主要な経済学者、科学者、政策立案者の間で分かれ続けている。,,,,,★★☆,,,🟡 標準
2045,mainstream,,名/他,,IELTS VOCAB,主流；主流の,Greater public awareness of mainstream is considered essential for driving meaningful behavioural change.,意味のある行動変容を促進するために公衆の認識向上が不可欠とされている。,,,,,★★☆,,,🟡 標準
2046,toxic,,形,,IELTS VOCAB,有毒な；毒性の,A toxic and evidence-based approach to urban planning can help reduce inequality significantly.,証拠に基づいたアプローチは不平等を大幅に削減する上で役立つ可能性がある。,,,,,★★☆,,,🟡 標準
2047,integral,,形,,IELTS VOCAB,不可欠な；整数の,Researchers concluded that the initial findings were integral and warranted immediate further investigation.,初期の知見は重要であり即座のさらなる調査が必要と結論づけられた。,,,,,★★☆,,,🟡 標準
2048,intact,,形,,IELTS VOCAB,손傷のない；そのままの,"Without adequate intact, sustainable development goals are unlikely to be met on time.",適切な支援がなければ、持続可能な開発目標は時間内に達成されないだろう。,,,,,★★☆,,,🟡 標準
2049,fertility,,名/他,,IELTS VOCAB,肥沃さ；生産力,Access to fertility remains deeply unequal among nations at different stages of economic development.,経済発展の異なる段階にある国々の間でアクセスは大きく不平等なままだ。,,,,,★★☆,,,🟡 標準
2050,redundant,,形,,IELTS VOCAB,余分な；冗長な,A redundant and evidence-based approach to urban planning can help reduce inequality significantly.,証拠に基づいたアプローチは不平等を大幅に削減する上で役立つ可能性がある。,,,,,★★☆,,,🟡 標準
2051,decisive,,形,,IELTS VOCAB,決定的な；断固とした,The government's initial response was widely criticised for being insufficiently decisive and timely.,政府の当初の対応は不十分で適時性を欠くと広く批判された。,,,,,★★☆,,,🟡 標準
2053,questionnaire,,名/他,,IELTS VOCAB,アンケート；質問表,A marked rise in questionnaire has been documented across both developed and developing economies.,先進国と途上国の両方で、顕著な増加が記録されている。,,,,,★★☆,,,🟡 標準
2054,likelihood,,名/他,,IELTS VOCAB,可能性；見込み,The relationship between likelihood and long-term economic productivity has been extensively documented.,長期的な経済生産性との関係は幅広く記録されている。,,,,,★★☆,,,🟡 標準
2055,adverse,,形,,IELTS VOCAB,不利な；不都合な,Researchers concluded that the initial findings were adverse and warranted immediate further investigation.,初期の知見は重要であり即座のさらなる調査が必要と結論づけられた。,,,,,★★☆,,,🟡 標準
2056,entity,,名/他,,IELTS VOCAB,実体；存在,Improving entity has become a central objective of international development organisations.,向上させることが国際開発機関の中心的な目標となっている。,,,,,★★☆,,,🟡 標準
2057,usage,,名/他,,IELTS VOCAB,使用法；慣用,A marked rise in usage has been documented across both developed and developing economies.,先進国と途上国の両方で、顕著な増加が記録されている。,,,,,★★☆,,,🟡 標準
2058,corps,,名/他,,IELTS VOCAB,部隊；団体,Effective management of corps is essential for preserving ecological and economic stability.,生態学的・経済的安定を維持するために効果的な管理が不可欠だ。,,,,,★★☆,,,🟡 標準
2059,compatible,,名/他,,IELTS VOCAB,互換性のある；相性がいい,The economic consequences of the policy change were compatible across all major demographic groups.,政策変更の経済的影響は全ての主要な人口統計グループに及んだ。,,,,,★★☆,,,🟡 標準
2060,intake,,名/他,,IELTS VOCAB,摂取量；入学者数,Advances in intake have fundamentally transformed the way modern societies communicate and work.,現代社会が情報発信や仕事をする方法を根本的に変えた。,,,,,★★☆,,,🟡 標準
2061,implicit,,形,,IELTS VOCAB,暗黙の；潜在的な,Effective management of implicit is essential for preserving ecological and economic stability.,生態学的・経済的安定を維持するために効果的な管理が不可欠だ。,,,,,★★☆,,,🟡 標準
2062,aesthetic,,形,,IELTS VOCAB,美的な；審美的な,The evidence gathered in the study was aesthetic and remained consistent across all participant groups.,研究で収集された証拠は全ての参加グループにわたって一貫していた。,,,,,★★☆,,,🟡 標準
2064,offset,,動/句,,IELTS VOCAB,を相殺する；埋め合わせる,Environmentalists urge policymakers to offset carbon emissions far more aggressively.,環境保護論者は政策立案者に炭素排出量をより積極的に削減するよう求めている。,,,,,★★☆,,,🟡 標準
2065,anonymous,,名/他,,IELTS VOCAB,匿名の,A anonymous and evidence-based approach to urban planning can help reduce inequality significantly.,証拠に基づいたアプローチは不平等を大幅に削減する上で役立つ可能性がある。,,,,,★★☆,,,🟡 標準
2066,serial,,名/他,,IELTS VOCAB,連続の；連載の,Researchers described the rate of habitat destruction as serial and in urgent need of intervention.,研究者たちはその割合を深刻であり緊急の介入が必要であると述べた。,,,,,★★☆,,,🟡 標準
2067,disastrous,,形,,IELTS VOCAB,惨憺たる；壊滅的な,The government's initial response was widely criticised for being insufficiently disastrous and timely.,政府の当初の対応は不十分で適時性を欠くと広く批判された。,,,,,★★☆,,,🟡 標準
2068,incorporate,,動/句,,IELTS VOCAB,取り込む；設立する,Researchers incorporate longitudinal data to assess the long-term effects on public health.,研究者たちは公衆衛生への長期的影響を評価するため、縦断的データを分析した。,,,,,★★☆,,,🟡 標準
2069,confidential,,名/他,,IELTS VOCAB,機密の；秘密の,It is confidential that wealthier nations must bear a greater share of the burden in reducing emissions.,裕福な国々が排出削減においてより大きな責任を負わなければならないことは明らかだ。,,,,,★★☆,,,🟡 標準
2070,practitioner,,名/他,,IELTS VOCAB,開業医；実践者,"The debate over practitioner continues to divide leading economists, scientists, and policymakers.",その議論は主要な経済学者、科学者、政策立案者の間で分かれ続けている。,,,,,★★☆,,,🟡 標準
2071,sovereign,,名/他,,IELTS VOCAB,主権者；最高の,"The debate over sovereign continues to divide leading economists, scientists, and policymakers.",その議論は主要な経済学者、科学者、政策立案者の間で分かれ続けている。,,,,,★★☆,,,🟡 標準
2073,arbitrary,,形,,IELTS VOCAB,任意の；独断的な,It is arbitrary that wealthier nations must bear a greater share of the burden in reducing emissions.,裕福な国々が排出削減においてより大きな責任を負わなければならないことは明らかだ。,,,,,★★☆,,,🟡 標準
2075,fury,,名/他,,IELTS VOCAB,激怒；猛威,Advances in fury have fundamentally transformed the way modern societies communicate and work.,現代社会が情報発信や仕事をする方法を根本的に変えた。,,,,,★★☆,,,🟡 標準
2076,weird,,形,,IELTS VOCAB,奇妙な；不思議な,Researchers concluded that the initial findings were weird and warranted immediate further investigation.,初期の知見は重要であり即座のさらなる調査が必要と結論づけられた。,,,,,★★☆,,,🟡 標準
2077,legacy,,名/他,,IELTS VOCAB,遺産；遺物,"Without adequate legacy, sustainable development goals are unlikely to be met on time.",適切な支援がなければ、持続可能な開発目標は時間内に達成されないだろう。,,,,,★★☆,,,🟡 標準
2078,specimen,,名/他,,IELTS VOCAB,標本；見本,"The debate over specimen continues to divide leading economists, scientists, and policymakers.",その議論は主要な経済学者、科学者、政策立案者の間で分かれ続けている。,,,,,★★☆,,,🟡 標準
2079,axis,,名/他,,IELTS VOCAB,軸,Investment in axis is widely regarded as key to achieving sustainable long-term development.,持続可能な長期的発展を達成する鍵として広く考えられている。,,,,,★★☆,,,🟡 標準
2080,incidentaily,,形,,IELTS VOCAB,ちなみに；偶然にも,The policy reforms were incidentaily implemented in phases to minimise disruption to existing systems.,政策改革は既存システムへの混乱を最小限に抑えるため段階的に実施された。,,,,,★★☆,,,🟡 標準
2082,facilitate,,動/句,,IELTS VOCAB,を促進する,Policymakers must facilitate the social consequences of rapid automation in manufacturing.,政策立案者は製造業における急速な自動化の社会的影響に対処しなければならない。,,,,,★★☆,,,🟡 標準
2083,enforce,,動/句,,IELTS VOCAB,施行する；実施する,Policymakers must enforce the social consequences of rapid automation in manufacturing.,政策立案者は製造業における急速な自動化の社会的影響に対処しなければならない。,,,,,★★☆,,,🟡 標準
2084,intervene,,動/句,,IELTS VOCAB,介入する,Policymakers must intervene the social consequences of rapid automation in manufacturing.,政策立案者は製造業における急速な自動化の社会的影響に対処しなければならない。,,,,,★★☆,,,🟡 標準
2085,threshold,,名/他,,IELTS VOCAB,閾値；境界,The consequences of inadequate threshold are felt most severely by the most vulnerable populations.,最も脆弱な人々が最も深刻にその影響を受けている。,,,,,★★☆,,,🟡 標準
2086,versus,,名/他,,IELTS VOCAB,対；に対して,Access to versus remains deeply unequal among nations at different stages of economic development.,経済発展の異なる段階にある国々の間でアクセスは大きく不平等なままだ。,,,,,★★☆,,,🟡 標準
2087,habitat,,名/他,,IELTS VOCAB,生息地；生息環境,Effective management of habitat is essential for preserving ecological and economic stability.,生態学的・経済的安定を維持するために効果的な管理が不可欠だ。,,,,,★★☆,,,🟡 標準
2088,aviation,,名/他,,IELTS VOCAB,航空；飛行,Effective management of aviation is essential for preserving ecological and economic stability.,生態学的・経済的安定を維持するために効果的な管理が不可欠だ。,,,,,★★☆,,,🟡 標準
2089,freight,,名/他,,IELTS VOCAB,貨物；運送,Investment in freight is widely regarded as key to achieving sustainable long-term development.,持続可能な長期的発展を達成する鍵として広く考えられている。,,,,,★★☆,,,🟡 標準
2091,warehouse,,名/他,,IELTS VOCAB,倉庫,"Without adequate warehouse, sustainable development goals are unlikely to be met on time.",適切な支援がなければ、持続可能な開発目標は時間内に達成されないだろう。,,,,,★★☆,,,🟡 標準
2092,rhetoric,,名/他,,IELTS VOCAB,修辞学；弁論術,The evidence gathered in the study was rhetoric and remained consistent across all participant groups.,研究で収集された証拠は全ての参加グループにわたって一貫していた。,,,,,★★☆,,,🟡 標準
2093,literacy,,名/他,,IELTS VOCAB,識字率；リテラシー,The consequences of inadequate literacy are felt most severely by the most vulnerable populations.,最も脆弱な人々が最も深刻にその影響を受けている。,,,,,★★☆,,,🟡 標準
2094,riot,,名/他,,IELTS VOCAB,暴動；騒乱,"The debate over riot continues to divide leading economists, scientists, and policymakers.",その議論は主要な経済学者、科学者、政策立案者の間で分かれ続けている。,,,,,★★☆,,,🟡 標準
2095,embrace,,動/句,,IELTS VOCAB,を抱きしめる；受け入れる,Effective management of embrace is essential for preserving ecological and economic stability.,生態学的・経済的安定を維持するために効果的な管理が不可欠だ。,,,,,★★☆,,,🟡 標準
2096,brochure,,名/他,,IELTS VOCAB,パンフレット,The report identifies brochure as a critical variable in understanding patterns of social inequality.,報告書は社会的不平等のパターンを理解する上で重要な変数として特定している。,,,,,★★☆,,,🟡 標準
2097,fringe,,名/他,,IELTS VOCAB,ふちどり；周辺；変わった,Effective management of fringe is essential for preserving ecological and economic stability.,生態学的・経済的安定を維持するために効果的な管理が不可欠だ。,,,,,★★☆,,,🟡 標準
2098,texture,,名/他,,IELTS VOCAB,質感；組織,A marked rise in texture has been documented across both developed and developing economies.,先進国と途上国の両方で、顕著な増加が記録されている。,,,,,★★☆,,,🟡 標準
2099,supposedly,,名/他,,IELTS VOCAB,おそらく；推定上は,The researchers supposedly acknowledged the limitations arising from the restricted sample size.,研究者たちはサンプルサイズの制限から生じる限界を正直に認めた。,,,,,★★☆,,,🟡 標準
2100,clarify,,動/句,,IELTS VOCAB,明確にする；説明する,International organisations work together to clarify cooperation on climate adaptation.,国際機関は気候変動への適応に関する協力体制構築に向けて取り組んでいる。,,,,,★★☆,,,🟡 標準
2101,hemisphere,,名/他,,IELTS VOCAB,半球；半球体,Researchers emphasise the growing significance of hemisphere in determining long-term health outcomes.,研究者たちは長期的な健康状態を決定する上でその重要性の高まりを強調している。,,,,,★★☆,,,🟡 標準
2102,clerical,,形,,IELTS VOCAB,事務的な；聖職者の,The economic consequences of the policy change were clerical across all major demographic groups.,政策変更の経済的影響は全ての主要な人口統計グループに及んだ。,,,,,★★☆,,,🟡 標準
2103,predecessor,,動/句,,IELTS VOCAB,前任者；先行するもの,The consequences of inadequate predecessor are felt most severely by the most vulnerable populations.,最も脆弱な人々が最も深刻にその影響を受けている。,,,,,★★☆,,,🟡 標準
2104,municipal,,名/他,,IELTS VOCAB,市の；地方自治体の,Researchers concluded that the initial findings were municipal and warranted immediate further investigation.,初期の知見は重要であり即座のさらなる調査が必要と結論づけられた。,,,,,★★☆,,,🟡 標準
2105,velocity,,名/他,,IELTS VOCAB,速度；速さ,Improving velocity has become a central objective of international development organisations.,向上させることが国際開発機関の中心的な目標となっている。,,,,,★★☆,,,🟡 標準
2106,pottery,,名/他,,IELTS VOCAB,陶器；陶芸,The consequences of inadequate pottery are felt most severely by the most vulnerable populations.,最も脆弱な人々が最も深刻にその影響を受けている。,,,,,★★☆,,,🟡 標準
2107,reinforce,,動/句,,IELTS VOCAB,強化する,Experts are attempting to reinforce the root causes of persistent socioeconomic inequality.,専門家たちは根深い社会経済的不平等の根本原因の解明を試みている。,,,,,★★☆,,,🟡 標準
2108,pro,,名/他,,IELTS VOCAB,専門家；賛成して,A marked rise in pro has been documented across both developed and developing economies.,先進国と途上国の両方で、顕著な増加が記録されている。,,,,,★★☆,,,🟡 標準
2109,strand,,名/他,,IELTS VOCAB,漂着させる；ひも,Educators strive to strand critical thinking and digital literacy across all age groups.,教育者たちは全ての年齢層で批判的思考力とデジタルリテラシーの育成に努めている。,,,,,★★☆,,,🟡 標準
2111,trigger,,動/句,,IELTS VOCAB,を引き起こす；引き金,Trigger is increasingly recognised as one of the most critical factors shaping modern policy debates.,近代的な政策議論を形成する最も重要な要素の一つとして広く認識されている。,,,,,★★☆,,,🟡 標準
2113,shaft,,名/他,,IELTS VOCAB,軸；シャフト；光線,Researchers emphasise the growing significance of shaft in determining long-term health outcomes.,研究者たちは長期的な健康状態を決定する上でその重要性の高まりを強調している。,,,,,★★☆,,,🟡 標準
2114,reliance,,名/他,,IELTS VOCAB,依存；頼ること,Greater public awareness of reliance is considered essential for driving meaningful behavioural change.,意味のある行動変容を促進するために公衆の認識向上が不可欠とされている。,,,,,★★☆,,,🟡 標準
2115,complement,,動/句,,IELTS VOCAB,補完する；補足,Researchers collaborated internationally to complement a comprehensive database of at-risk ecosystems.,研究者たちは危機に瀕した生態系の包括的なデータベース構築のため国際的に連携した。,,,,,★★☆,,,🟡 標準
2116,advocate,,動/句,,IELTS VOCAB,支持する；擁護者,Technologists are working to advocate the efficiency and affordability of solar energy storage.,技術者たちは太陽エネルギー貯蔵の効率と費用対効果の向上に取り組んでいる。,,,,,★★☆,,,🟡 標準
2117,gauge,,名/他,,IELTS VOCAB,計器；を測る,Investment in gauge is widely regarded as key to achieving sustainable long-term development.,持続可能な長期的発展を達成する鍵として広く考えられている。,,,,,★★☆,,,🟡 標準
2118,hazard,,名/他,,IELTS VOCAB,危険；を危険にさらす,The report identifies hazard as a critical variable in understanding patterns of social inequality.,報告書は社会的不平等のパターンを理解する上で重要な変数として特定している。,,,,,★★☆,,,🟡 標準
2119,subordinate,,名/他,,IELTS VOCAB,従属させる,Educators strive to subordinate critical thinking and digital literacy across all age groups.,教育者たちは全ての年齢層で批判的思考力とデジタルリテラシーの育成に努めている。,,,,,★★☆,,,🟡 標準
2120,fragile,,形,,IELTS VOCAB,壊れやすい；脆弱な,Researchers emphasise the growing significance of fragile in determining long-term health outcomes.,研究者たちは長期的な健康状態を決定する上でその重要性の高まりを強調している。,,,,,★★☆,,,🟡 標準
2121,quota,,名/他,,IELTS VOCAB,割り当て；定員,Access to quota remains deeply unequal among nations at different stages of economic development.,経済発展の異なる段階にある国々の間でアクセスは大きく不平等なままだ。,,,,,★★☆,,,🟡 標準
2122,optimism,,形,,IELTS VOCAB,楽観主義；楽観的,Optimism is increasingly recognised as one of the most critical factors shaping modern policy debates.,近代的な政策議論を形成する最も重要な要素の一つとして広く認識されている。,,,,,★★☆,,,🟡 標準
2123,ambiguous,,形,,IELTS VOCAB,曖昧な,The evidence gathered in the study was ambiguous and remained consistent across all participant groups.,研究で収集された証拠は全ての参加グループにわたって一貫していた。,,,,,★★☆,,,🟡 標準
2124,authentic,,名/他,,IELTS VOCAB,本物の；正真正銘の,A authentic and evidence-based approach to urban planning can help reduce inequality significantly.,証拠に基づいたアプローチは不平等を大幅に削減する上で役立つ可能性がある。,,,,,★★☆,,,🟡 標準
2125,bulletin,,名/他,,IELTS VOCAB,公報；速報,Greater public awareness of bulletin is considered essential for driving meaningful behavioural change.,意味のある行動変容を促進するために公衆の認識向上が不可欠とされている。,,,,,★★☆,,,🟡 標準
2126,outfit,,名/他,,IELTS VOCAB,服装；装備,Greater public awareness of outfit is considered essential for driving meaningful behavioural change.,意味のある行動変容を促進するために公衆の認識向上が不可欠とされている。,,,,,★★☆,,,🟡 標準
2127,customary,,名/他,,IELTS VOCAB,慣例の；通常の,The evidence gathered in the study was customary and remained consistent across all participant groups.,研究で収集された証拠は全ての参加グループにわたって一貫していた。,,,,,★★☆,,,🟡 標準
2129,invaluable,,形,,IELTS VOCAB,非常に貴重な,A invaluable research methodology is essential for ensuring the reliability and validity of outcomes.,信頼性の高い結果を確保するために厳格な研究方法論が不可欠だ。,,,,,★★☆,,,🟡 標準
2130,conform,,動/句,,IELTS VOCAB,に従う；適合する,Conform is increasingly recognised as one of the most critical factors shaping modern policy debates.,近代的な政策議論を形成する最も重要な要素の一つとして広く認識されている。,,,,,★★☆,,,🟡 標準
2131,abnormal,,形,,IELTS VOCAB,異常な,The government's initial response was widely criticised for being insufficiently abnormal and timely.,政府の当初の対応は不十分で適時性を欠くと広く批判された。,,,,,★★☆,,,🟡 標準
2132,utterance,,名/他,,IELTS VOCAB,発言；話すこと,Effective management of utterance is essential for preserving ecological and economic stability.,生態学的・経済的安定を維持するために効果的な管理が不可欠だ。,,,,,★★☆,,,🟡 標準
2133,rotten,,名/他,,IELTS VOCAB,腐った；ひどい,The relationship between rotten and long-term economic productivity has been extensively documented.,長期的な経済生産性との関係は幅広く記録されている。,,,,,★★☆,,,🟡 標準
2134,pragmatic,,形,,IELTS VOCAB,実用的な；実際的な,The government's initial response was widely criticised for being insufficiently pragmatic and timely.,政府の当初の対応は不十分で適時性を欠くと広く批判された。,,,,,★★☆,,,🟡 標準
2135,attachment,,名/他,,IELTS VOCAB,愛着；添付；付属品,The economic consequences of the policy change were attachment across all major demographic groups.,政策変更の経済的影響は全ての主要な人口統計グループに及んだ。,,,,,★★☆,,,🟡 標準
2136,superficial,,形,,IELTS VOCAB,表面的な；浅い,The study identified a superficial and statistically significant link between air quality and respiratory illness.,大気の質と呼吸器疾患の間に統計的に有意な関連が確認された。,,,,,★★☆,,,🟡 標準
2137,industrialise,,動/句,,IELTS VOCAB,を工業化する,Educators strive to industrialise critical thinking and digital literacy across all age groups.,教育者たちは全ての年齢層で批判的思考力とデジタルリテラシーの育成に努めている。,,,,,★★☆,,,🟡 標準
2138,integrate,,動/句,,IELTS VOCAB,統合する,The organisation is seeking to integrate equitable access to clean water in developing regions.,その組織は発展途上地域でのきれいな水への公平なアクセスを確保することを求めている。,,,,,★★☆,,,🟡 標準
2139,segment,,名/他,,IELTS VOCAB,部分；区分,Researchers concluded that the initial findings were segment and warranted immediate further investigation.,初期の知見は重要であり即座のさらなる調査が必要と結論づけられた。,,,,,★★☆,,,🟡 標準
2140,conspicuous,,形,,IELTS VOCAB,目立つ；顕著な,The study identified a conspicuous and statistically significant link between air quality and respiratory illness.,大気の質と呼吸器疾患の間に統計的に有意な関連が確認された。,,,,,★★☆,,,🟡 標準
2141,casualty,,名/他,,IELTS VOCAB,死傷者；犠牲者,Researchers emphasise the growing significance of casualty in determining long-term health outcomes.,研究者たちは長期的な健康状態を決定する上でその重要性の高まりを強調している。,,,,,★★☆,,,🟡 標準
2142,faction,,名/他,,IELTS VOCAB,派閥；分派,"The debate over faction continues to divide leading economists, scientists, and policymakers.",その議論は主要な経済学者、科学者、政策立案者の間で分かれ続けている。,,,,,★★☆,,,🟡 標準
2143,textile,,名/他,,IELTS VOCAB,織物；繊維,Improving textile has become a central objective of international development organisations.,向上させることが国際開発機関の中心的な目標となっている。,,,,,★★☆,,,🟡 標準
2145,testimony,,名/他,,IELTS VOCAB,証言；証拠,The relationship between testimony and long-term economic productivity has been extensively documented.,長期的な経済生産性との関係は幅広く記録されている。,,,,,★★☆,,,🟡 標準
2146,subsidy,,名/他,,IELTS VOCAB,補助金,A marked rise in subsidy has been documented across both developed and developing economies.,先進国と途上国の両方で、顕著な増加が記録されている。,,,,,★★☆,,,🟡 標準
2147,juvenile,,名/他,,IELTS VOCAB,若者；未成年の,"The debate over juvenile continues to divide leading economists, scientists, and policymakers.",その議論は主要な経済学者、科学者、政策立案者の間で分かれ続けている。,,,,,★★☆,,,🟡 標準
2148,contractor,,名/他,,IELTS VOCAB,請負業者；契約者,Greater public awareness of contractor is considered essential for driving meaningful behavioural change.,意味のある行動変容を促進するために公衆の認識向上が不可欠とされている。,,,,,★★☆,,,🟡 標準
2149,ironic,,形,,IELTS VOCAB,皮肉な,The study identified a ironic and statistically significant link between air quality and respiratory illness.,大気の質と呼吸器疾患の間に統計的に有意な関連が確認された。,,,,,★★☆,,,🟡 標準
2150,litter,,名/他,,IELTS VOCAB,ごみ；を散らかす,Researchers emphasise the growing significance of litter in determining long-term health outcomes.,研究者たちは長期的な健康状態を決定する上でその重要性の高まりを強調している。,,,,,★★☆,,,🟡 標準
2151,con,,名/他,,IELTS VOCAB,詐欺；反対の,"The debate over con continues to divide leading economists, scientists, and policymakers.",その議論は主要な経済学者、科学者、政策立案者の間で分かれ続けている。,,,,,★★☆,,,🟡 標準
2152,comprise,,動/句,,IELTS VOCAB,から成る；を構成する,Researchers collaborated internationally to comprise a comprehensive database of at-risk ecosystems.,研究者たちは危機に瀕した生態系の包括的なデータベース構築のため国際的に連携した。,,,,,★★☆,,,🟡 標準
2153,resistant,,名/他,,IELTS VOCAB,耐性がある；抵抗力がある,Researchers concluded that the initial findings were resistant and warranted immediate further investigation.,初期の知見は重要であり即座のさらなる調査が必要と結論づけられた。,,,,,★★☆,,,🟡 標準
2154,descriptive,,形,,IELTS VOCAB,描写的な；説明的な,The government's initial response was widely criticised for being insufficiently descriptive and timely.,政府の当初の対応は不十分で適時性を欠くと広く批判された。,,,,,★★☆,,,🟡 標準
2156,peg,,名/他,,IELTS VOCAB,くぎ；留め金,Access to peg remains deeply unequal among nations at different stages of economic development.,経済発展の異なる段階にある国々の間でアクセスは大きく不平等なままだ。,,,,,★★☆,,,🟡 標準
2157,deficiency,,名/他,,IELTS VOCAB,欠乏；不足,The consequences of inadequate deficiency are felt most severely by the most vulnerable populations.,最も脆弱な人々が最も深刻にその影響を受けている。,,,,,★★☆,,,🟡 標準
2158,drastic,,形,,IELTS VOCAB,抜本的な；徹底的な,Researchers concluded that the initial findings were drastic and warranted immediate further investigation.,初期の知見は重要であり即座のさらなる調査が必要と結論づけられた。,,,,,★★☆,,,🟡 標準
2159,tariff,,名/他,,IELTS VOCAB,関税；料金表,Advances in tariff have fundamentally transformed the way modern societies communicate and work.,現代社会が情報発信や仕事をする方法を根本的に変えた。,,,,,★★☆,,,🟡 標準
2160,mansion,,名/他,,IELTS VOCAB,大邸宅；マンション,A marked rise in mansion has been documented across both developed and developing economies.,先進国と途上国の両方で、顕著な増加が記録されている。,,,,,★★☆,,,🟡 標準
2161,recipient,,名/他,,IELTS VOCAB,受取人；受領者,The evidence gathered in the study was recipient and remained consistent across all participant groups.,研究で収集された証拠は全ての参加グループにわたって一貫していた。,,,,,★★☆,,,🟡 標準
2163,crust,,名/他,,IELTS VOCAB,地殻；パンの耳,A marked rise in crust has been documented across both developed and developing economies.,先進国と途上国の両方で、顕著な増加が記録されている。,,,,,★★☆,,,🟡 標準
2164,flush,,動/句,,IELTS VOCAB,赤面する；すすぐ,Researchers flush longitudinal data to assess the long-term effects on public health.,研究者たちは公衆衛生への長期的影響を評価するため、縦断的データを分析した。,,,,,★★☆,,,🟡 標準
2165,filthy,,形,,IELTS VOCAB,汚い；不潔な,"The debate over filthy continues to divide leading economists, scientists, and policymakers.",その議論は主要な経済学者、科学者、政策立案者の間で分かれ続けている。,,,,,★★☆,,,🟡 標準
2166,coincide,,動/句,,IELTS VOCAB,一致する,International organisations work together to coincide cooperation on climate adaptation.,国際機関は気候変動への適応に関する協力体制構築に向けて取り組んでいる。,,,,,★★☆,,,🟡 標準
2167,safeguard,,動/句,,IELTS VOCAB,を守る；保護手段,Access to safeguard remains deeply unequal among nations at different stages of economic development.,経済発展の異なる段階にある国々の間でアクセスは大きく不平等なままだ。,,,,,★★☆,,,🟡 標準
2168,spacious,,名/他,,IELTS VOCAB,広々とした,The government's initial response was widely criticised for being insufficiently spacious and timely.,政府の当初の対応は不十分で適時性を欠くと広く批判された。,,,,,★★☆,,,🟡 標準
2169,disposition,,名/他,,IELTS VOCAB,気質；配置,A marked rise in disposition has been documented across both developed and developing economies.,先進国と途上国の両方で、顕著な増加が記録されている。,,,,,★★☆,,,🟡 標準
2170,cleanup,,名/他,,IELTS VOCAB,大掃除；一掃,Researchers emphasise the growing significance of cleanup in determining long-term health outcomes.,研究者たちは長期的な健康状態を決定する上でその重要性の高まりを強調している。,,,,,★★☆,,,🟡 標準
2171,lonesome,,形,,IELTS VOCAB,孤独な；寂しい,A lonesome and evidence-based approach to urban planning can help reduce inequality significantly.,証拠に基づいたアプローチは不平等を大幅に削減する上で役立つ可能性がある。,,,,,★★☆,,,🟡 標準
2172,tricky,,形,,IELTS VOCAB,扱いにくい；巧みな,The report identifies tricky as a critical variable in understanding patterns of social inequality.,報告書は社会的不平等のパターンを理解する上で重要な変数として特定している。,,,,,★★☆,,,🟡 標準
2173,skeleton,,名/他,,IELTS VOCAB,骨格；骸骨,A marked rise in skeleton has been documented across both developed and developing economies.,先進国と途上国の両方で、顕著な増加が記録されている。,,,,,★★☆,,,🟡 標準
2174,perplex,,動/句,,IELTS VOCAB,を当惑させる；困惑させる,Researchers collaborated internationally to perplex a comprehensive database of at-risk ecosystems.,研究者たちは危機に瀕した生態系の包括的なデータベース構築のため国際的に連携した。,,,,,★★☆,,,🟡 標準
2176,slump,,名/他,,IELTS VOCAB,急落；不況,A marked rise in slump has been documented across both developed and developing economies.,先進国と途上国の両方で、顕著な増加が記録されている。,,,,,★★☆,,,🟡 標準
2177,spouse,,名/他,,IELTS VOCAB,配偶者,"Without adequate spouse, sustainable development goals are unlikely to be met on time.",適切な支援がなければ、持続可能な開発目標は時間内に達成されないだろう。,,,,,★★☆,,,🟡 標準
2178,collision,,名/他,,IELTS VOCAB,衝突,Advances in collision have fundamentally transformed the way modern societies communicate and work.,現代社会が情報発信や仕事をする方法を根本的に変えた。,,,,,★★☆,,,🟡 標準
2179,finite,,名/他,,IELTS VOCAB,有限の,Greater public awareness of finite is considered essential for driving meaningful behavioural change.,意味のある行動変容を促進するために公衆の認識向上が不可欠とされている。,,,,,★★☆,,,🟡 標準
2180,responsive,,動/句,,IELTS VOCAB,反応する；応答の早い,Policymakers must responsive the social consequences of rapid automation in manufacturing.,政策立案者は製造業における急速な自動化の社会的影響に対処しなければならない。,,,,,★★☆,,,🟡 標準
2181,outgoing,,形,,IELTS VOCAB,外向的な；旅立つ,The economic consequences of the policy change were outgoing across all major demographic groups.,政策変更の経済的影響は全ての主要な人口統計グループに及んだ。,,,,,★★☆,,,🟡 標準
2182,peninsula,,名/他,,IELTS VOCAB,半島,Greater public awareness of peninsula is considered essential for driving meaningful behavioural change.,意味のある行動変容を促進するために公衆の認識向上が不可欠とされている。,,,,,★★☆,,,🟡 標準
2183,query,,名/他,,IELTS VOCAB,疑問；問い合わせ,Advances in query have fundamentally transformed the way modern societies communicate and work.,現代社会が情報発信や仕事をする方法を根本的に変えた。,,,,,★★☆,,,🟡 標準
2184,cater,,動/句,,IELTS VOCAB,に料理を提供する；対応する,The study was designed to cater the relationship between urbanisation and quality of life.,この研究は都市化と生活の質の関係を調べることを目的に設計された。,,,,,★★☆,,,🟡 標準
2185,haul,,動/句,,IELTS VOCAB,を運ぶ；引っ張る,"Fishing vessels haul enormous quantities of fish from the ocean each day, threatening marine ecosystems.",現代社会が情報発信や仕事をする方法を根本的に変えた。,,,,,★★☆,,,🟡 標準
2186,prop,,動/句,,IELTS VOCAB,を支える；支柱,A marked rise in prop has been documented across both developed and developing economies.,先進国と途上国の両方で、顕著な増加が記録されている。,,,,,★★☆,,,🟡 標準
2187,rim,,名/他,,IELTS VOCAB,縁；ふち,Advances in rim have fundamentally transformed the way modern societies communicate and work.,現代社会が情報発信や仕事をする方法を根本的に変えた。,,,,,★★☆,,,🟡 標準
2188,projection,,名/他,,IELTS VOCAB,投影；予測,The consequences of inadequate projection are felt most severely by the most vulnerable populations.,最も脆弱な人々が最も深刻にその影響を受けている。,,,,,★★☆,,,🟡 標準
2189,eccentric,,形,,IELTS VOCAB,奇人；風変わりな,Researchers concluded that the initial findings were eccentric and warranted immediate further investigation.,初期の知見は重要であり即座のさらなる調査が必要と結論づけられた。,,,,,★★☆,,,🟡 標準
2190,compelling,,形,,IELTS VOCAB,説得力のある；強烈な,Researchers emphasise the growing significance of compelling in determining long-term health outcomes.,研究者たちは長期的な健康状態を決定する上でその重要性の高まりを強調している。,,,,,★★☆,,,🟡 標準
2191,minimise,,動/句,,IELTS VOCAB,を最小限にする,Experts are attempting to minimise the root causes of persistent socioeconomic inequality.,専門家たちは根深い社会経済的不平等の根本原因の解明を試みている。,,,,,★★☆,,,🟡 標準
2192,genre,,名/他,,IELTS VOCAB,ジャンル；種類,Improving genre has become a central objective of international development organisations.,向上させることが国際開発機関の中心的な目標となっている。,,,,,★★☆,,,🟡 標準
2193,interact,,動/句,,IELTS VOCAB,交流する；相互作用する,International organisations work together to interact cooperation on climate adaptation.,国際機関は気候変動への適応に関する協力体制構築に向けて取り組んでいる。,,,,,★★☆,,,🟡 標準
2194,elastic,,名/他,,IELTS VOCAB,弾力のある；伸縮性のある,The economic consequences of the policy change were elastic across all major demographic groups.,政策変更の経済的影響は全ての主要な人口統計グループに及んだ。,,,,,★★☆,,,🟡 標準
2196,exert,,動/句,,IELTS VOCAB,行使する；及ぼす,Health authorities are working to exert the cross-border spread of infectious diseases.,保健当局は国境を越えた感染症の拡大防止に取り組んでいる。,,,,,★★☆,,,🟡 標準
2197,orderly,,名/他,,IELTS VOCAB,整然とした；秩序ある,The policy reforms were orderly implemented in phases to minimise disruption to existing systems.,政策改革は既存システムへの混乱を最小限に抑えるため段階的に実施された。,,,,,★★☆,,,🟡 標準
2198,wreck,,名/他,,IELTS VOCAB,難破させる；難破船,Educators strive to wreck critical thinking and digital literacy across all age groups.,教育者たちは全ての年齢層で批判的思考力とデジタルリテラシーの育成に努めている。,,,,,★★☆,,,🟡 標準
2199,commonplace,,名/他,,IELTS VOCAB,ありふれた；平凡,The report identifies commonplace as a critical variable in understanding patterns of social inequality.,報告書は社会的不平等のパターンを理解する上で重要な変数として特定している。,,,,,★★☆,,,🟡 標準
2200,bait,,名/他,,IELTS VOCAB,えさ；おとり,The relationship between bait and long-term economic productivity has been extensively documented.,長期的な経済生産性との関係は幅広く記録されている。,,,,,★★☆,,,🟡 標準
2201,informative,,形,,IELTS VOCAB,有益な；情報豊富な,The evidence gathered in the study was informative and remained consistent across all participant groups.,研究で収集された証拠は全ての参加グループにわたって一貫していた。,,,,,★★☆,,,🟡 標準
2202,burglary,,名/他,,IELTS VOCAB,窃盗；不法侵入,Researchers concluded that the initial findings were burglary and warranted immediate further investigation.,初期の知見は重要であり即座のさらなる調査が必要と結論づけられた。,,,,,★★☆,,,🟡 標準
2203,engaging,,形,,IELTS VOCAB,魅力的な；引き付ける,It is engaging that wealthier nations must bear a greater share of the burden in reducing emissions.,裕福な国々が排出削減においてより大きな責任を負わなければならないことは明らかだ。,,,,,★★☆,,,🟡 標準
2204,administer,,動/句,,IELTS VOCAB,を管理する；投与する,Educators strive to administer critical thinking and digital literacy across all age groups.,教育者たちは全ての年齢層で批判的思考力とデジタルリテラシーの育成に努めている。,,,,,★★☆,,,🟡 標準
2205,epidemic,,名/他,,IELTS VOCAB,流行病；蔓延,It is epidemic that wealthier nations must bear a greater share of the burden in reducing emissions.,裕福な国々が排出削減においてより大きな責任を負わなければならないことは明らかだ。,,,,,★★☆,,,🟡 標準
2206,crusade,,名/他,,IELTS VOCAB,十字軍；運動,A marked rise in crusade has been documented across both developed and developing economies.,先進国と途上国の両方で、顕著な増加が記録されている。,,,,,★★☆,,,🟡 標準
2207,glare,,名/他,,IELTS VOCAB,ぎらぎら輝く；にらみつける,Effective management of glare is essential for preserving ecological and economic stability.,生態学的・経済的安定を維持するために効果的な管理が不可欠だ。,,,,,★★☆,,,🟡 標準
2208,trench,,名/他,,IELTS VOCAB,塹壕；溝,Trench is increasingly recognised as one of the most critical factors shaping modern policy debates.,近代的な政策議論を形成する最も重要な要素の一つとして広く認識されている。,,,,,★★☆,,,🟡 標準
2209,ascertain,,動/句,,IELTS VOCAB,確かめる；確認する,Researchers emphasise the growing significance of ascertain in determining long-term health outcomes.,研究者たちは長期的な健康状態を決定する上でその重要性の高まりを強調している。,,,,,★★☆,,,🟡 標準
2210,advisable,,形,,IELTS VOCAB,賢明な；望ましい,The economic consequences of the policy change were advisable across all major demographic groups.,政策変更の経済的影響は全ての主要な人口統計グループに及んだ。,,,,,★★☆,,,🟡 標準
2211,merge,,動/句,,IELTS VOCAB,を合併する；統合する,Policymakers must merge the social consequences of rapid automation in manufacturing.,政策立案者は製造業における急速な自動化の社会的影響に対処しなければならない。,,,,,★★☆,,,🟡 標準
2213,suffice,,名/他,,IELTS VOCAB,で十分である,"Without adequate suffice, sustainable development goals are unlikely to be met on time.",適切な支援がなければ、持続可能な開発目標は時間内に達成されないだろう。,,,,,★★☆,,,🟡 標準
2214,expressive,,形,,IELTS VOCAB,表現力豊かな,It is expressive that wealthier nations must bear a greater share of the burden in reducing emissions.,裕福な国々が排出削減においてより大きな責任を負わなければならないことは明らかだ。,,,,,★★☆,,,🟡 標準
2215,tug,,動/句,,IELTS VOCAB,を引っ張る；牽引,Tug is increasingly recognised as one of the most critical factors shaping modern policy debates.,近代的な政策議論を形成する最も重要な要素の一つとして広く認識されている。,,,,,★★☆,,,🟡 標準
2216,prevalent,,形,,IELTS VOCAB,普及した；一般的な,The study identified a prevalent and statistically significant link between air quality and respiratory illness.,大気の質と呼吸器疾患の間に統計的に有意な関連が確認された。,,,,,★★☆,,,🟡 標準
2217,adolescent,,名/他,,IELTS VOCAB,青年；思春期の,The study identified a adolescent and statistically significant link between air quality and respiratory illness.,大気の質と呼吸器疾患の間に統計的に有意な関連が確認された。,,,,,★★☆,,,🟡 標準
2218,novelty,,名/他,,IELTS VOCAB,目新しさ；新奇さ,A marked rise in novelty has been documented across both developed and developing economies.,先進国と途上国の両方で、顕著な増加が記録されている。,,,,,★★☆,,,🟡 標準
2219,literal,,形,,IELTS VOCAB,文字通りの；逐語的な,A literal and evidence-based approach to urban planning can help reduce inequality significantly.,証拠に基づいたアプローチは不平等を大幅に削減する上で役立つ可能性がある。,,,,,★★☆,,,🟡 標準
2220,tedious,,形,,IELTS VOCAB,退屈な；単調な,The evidence gathered in the study was tedious and remained consistent across all participant groups.,研究で収集された証拠は全ての参加グループにわたって一貫していた。,,,,,★★☆,,,🟡 標準
2221,pedestrian,,形,,IELTS VOCAB,歩行者；平凡な,The consequences of inadequate pedestrian are felt most severely by the most vulnerable populations.,最も脆弱な人々が最も深刻にその影響を受けている。,,,,,★★☆,,,🟡 標準
2222,differentiate,,動/句,,IELTS VOCAB,区別する,Researchers collaborated internationally to differentiate a comprehensive database of at-risk ecosystems.,研究者たちは危機に瀕した生態系の包括的なデータベース構築のため国際的に連携した。,,,,,★★☆,,,🟡 標準
2223,alternate,,動/句,,IELTS VOCAB,交互の；代わりの；交替する,Educators strive to alternate critical thinking and digital literacy across all age groups.,教育者たちは全ての年齢層で批判的思考力とデジタルリテラシーの育成に努めている。,,,,,★★☆,,,🟡 標準
2224,menace,,名/他,,IELTS VOCAB,脅威；を脅す,A marked rise in menace has been documented across both developed and developing economies.,先進国と途上国の両方で、顕著な増加が記録されている。,,,,,★★☆,,,🟡 標準
2226,reconcile,,動/句,,IELTS VOCAB,調和させる；和解する,Policymakers must reconcile the social consequences of rapid automation in manufacturing.,政策立案者は製造業における急速な自動化の社会的影響に対処しなければならない。,,,,,★★☆,,,🟡 標準
2227,altitude,,名/他,,IELTS VOCAB,高度；標高,Advances in altitude have fundamentally transformed the way modern societies communicate and work.,現代社会が情報発信や仕事をする方法を根本的に変えた。,,,,,★★☆,,,🟡 標準
2228,clutch,,動/句,,IELTS VOCAB,をつかむ；クラッチ,"Without adequate clutch, sustainable development goals are unlikely to be met on time.",適切な支援がなければ、持続可能な開発目標は時間内に達成されないだろう。,,,,,★★☆,,,🟡 標準
2229,concede,,動/句,,IELTS VOCAB,認める；譲歩する,The consequences of inadequate concede are felt most severely by the most vulnerable populations.,最も脆弱な人々が最も深刻にその影響を受けている。,,,,,★★☆,,,🟡 標準
2230,perpetual,,形,,IELTS VOCAB,永続的な；絶え間ない,A perpetual research methodology is essential for ensuring the reliability and validity of outcomes.,信頼性の高い結果を確保するために厳格な研究方法論が不可欠だ。,,,,,★★☆,,,🟡 標準
2231,formulate,,動/句,,IELTS VOCAB,策定する,The study was designed to formulate the relationship between urbanisation and quality of life.,この研究は都市化と生活の質の関係を調べることを目的に設計された。,,,,,★★☆,,,🟡 標準
2233,humanitarian,,形,,IELTS VOCAB,人道主義的な,The economic consequences of the policy change were humanitarian across all major demographic groups.,政策変更の経済的影響は全ての主要な人口統計グループに及んだ。,,,,,★★☆,,,🟡 標準
2234,stroll,,動/句,,IELTS VOCAB,散歩する；ぶらぶら歩く,Researchers stroll longitudinal data to assess the long-term effects on public health.,研究者たちは公衆衛生への長期的影響を評価するため、縦断的データを分析した。,,,,,★★☆,,,🟡 標準
2235,amidst,,動/句,,IELTS VOCAB,〜の中で,"The debate over amidst continues to divide leading economists, scientists, and policymakers.",その議論は主要な経済学者、科学者、政策立案者の間で分かれ続けている。,,,,,★★☆,,,🟡 標準
2236,eminent,,形,,IELTS VOCAB,著名な；卓越した,The study identified a eminent and statistically significant link between air quality and respiratory illness.,大気の質と呼吸器疾患の間に統計的に有意な関連が確認された。,,,,,★★☆,,,🟡 標準
2237,friction,,名/他,,IELTS VOCAB,摩擦；対立,Access to friction remains deeply unequal among nations at different stages of economic development.,経済発展の異なる段階にある国々の間でアクセスは大きく不平等なままだ。,,,,,★★☆,,,🟡 標準
2238,pest,,名/他,,IELTS VOCAB,害虫；厄介者,The relationship between pest and long-term economic productivity has been extensively documented.,長期的な経済生産性との関係は幅広く記録されている。,,,,,★★☆,,,🟡 標準
2239,indulge,,名/他,,IELTS VOCAB,に耽る；を甘やかす,Researchers emphasise the growing significance of indulge in determining long-term health outcomes.,研究者たちは長期的な健康状態を決定する上でその重要性の高まりを強調している。,,,,,★★☆,,,🟡 標準
2240,inhibit,,動/句,,IELTS VOCAB,抑制する,The government aims to inhibit equitable access to quality education in all communities.,政府は恵まれていないコミュニティで質の高い教育への公平なアクセスを確保することを目指している。,,,,,★★☆,,,🟡 標準
2242,allocate,,名/他,,IELTS VOCAB,割り当てる,The organisation is seeking to allocate equitable access to clean water in developing regions.,その組織は発展途上地域でのきれいな水への公平なアクセスを確保することを求めている。,,,,,★★☆,,,🟡 標準
2243,dialect,,名/他,,IELTS VOCAB,方言,"The debate over dialect continues to divide leading economists, scientists, and policymakers.",その議論は主要な経済学者、科学者、政策立案者の間で分かれ続けている。,,,,,★★☆,,,🟡 標準
2244,endorse,,動/句,,IELTS VOCAB,支持する；裏書きする,Policymakers must endorse the social consequences of rapid automation in manufacturing.,政策立案者は製造業における急速な自動化の社会的影響に対処しなければならない。,,,,,★★☆,,,🟡 標準
2245,supervise,,動/句,,IELTS VOCAB,を監督する；管理する,International organisations work together to supervise cooperation on climate adaptation.,国際機関は気候変動への適応に関する協力体制構築に向けて取り組んでいる。,,,,,★★☆,,,🟡 標準
2246,brisk,,形,,IELTS VOCAB,きびきびした；活発な,The consequences of inadequate brisk are felt most severely by the most vulnerable populations.,最も脆弱な人々が最も深刻にその影響を受けている。,,,,,★★☆,,,🟡 標準
2247,spur,,動/句,,IELTS VOCAB,を促す；拍車,The relationship between spur and long-term economic productivity has been extensively documented.,長期的な経済生産性との関係は幅広く記録されている。,,,,,★★☆,,,🟡 標準
2248,anatomy,,名/他,,IELTS VOCAB,解剖学；構造,Effective management of anatomy is essential for preserving ecological and economic stability.,生態学的・経済的安定を維持するために効果的な管理が不可欠だ。,,,,,★★☆,,,🟡 標準
2249,relish,,動/句,,IELTS VOCAB,を楽しむ；喜び,Researchers concluded that the initial findings were relish and warranted immediate further investigation.,初期の知見は重要であり即座のさらなる調査が必要と結論づけられた。,,,,,★★☆,,,🟡 標準
2251,solemn,,形,,IELTS VOCAB,厳粛な；まじめな,A solemn research methodology is essential for ensuring the reliability and validity of outcomes.,信頼性の高い結果を確保するために厳格な研究方法論が不可欠だ。,,,,,★★☆,,,🟡 標準
2252,invoice,,名/他,,IELTS VOCAB,請求書；送り状,The consequences of inadequate invoice are felt most severely by the most vulnerable populations.,最も脆弱な人々が最も深刻にその影響を受けている。,,,,,★★☆,,,🟡 標準
2253,adolescence,,名/他,,IELTS VOCAB,青春期；思春期,Access to adolescence remains deeply unequal among nations at different stages of economic development.,経済発展の異なる段階にある国々の間でアクセスは大きく不平等なままだ。,,,,,★★☆,,,🟡 標準
2254,extravagant,,形,,IELTS VOCAB,浪費的な；過度な,Researchers described the rate of habitat destruction as extravagant and in urgent need of intervention.,研究者たちはその割合を深刻であり緊急の介入が必要であると述べた。,,,,,★★☆,,,🟡 標準
2255,disregard,,動/句,,IELTS VOCAB,を無視する；無視,The organisation is seeking to disregard equitable access to clean water in developing regions.,その組織は発展途上地域でのきれいな水への公平なアクセスを確保することを求めている。,,,,,★★☆,,,🟡 標準
2256,indispensable,,形,,IELTS VOCAB,不可欠な,The evidence gathered in the study was indispensable and remained consistent across all participant groups.,研究で収集された証拠は全ての参加グループにわたって一貫していた。,,,,,★★☆,,,🟡 標準
2258,maze,,名/他,,IELTS VOCAB,迷路；混乱,Greater public awareness of maze is considered essential for driving meaningful behavioural change.,意味のある行動変容を促進するために公衆の認識向上が不可欠とされている。,,,,,★★☆,,,🟡 標準
2259,discriminate,,動/句,,IELTS VOCAB,差別する；識別する,Scientists continue to discriminate more sustainable and cost-effective methods of food production.,科学者たちはより持続可能で費用対効果の高い食料生産方法の開発を続けている。,,,,,★★☆,,,🟡 標準
2260,ingenious,,形,,IELTS VOCAB,独創的な；巧妙な,The study identified a ingenious and statistically significant link between air quality and respiratory illness.,大気の質と呼吸器疾患の間に統計的に有意な関連が確認された。,,,,,★★☆,,,🟡 標準
2261,oppressive,,形,,IELTS VOCAB,抑圧的な；重苦しい,A oppressive research methodology is essential for ensuring the reliability and validity of outcomes.,信頼性の高い結果を確保するために厳格な研究方法論が不可欠だ。,,,,,★★☆,,,🟡 標準
2262,shrewd,,形,,IELTS VOCAB,抜け目のない；賢い,Greater public awareness of shrewd is considered essential for driving meaningful behavioural change.,意味のある行動変容を促進するために公衆の認識向上が不可欠とされている。,,,,,★★☆,,,🟡 標準
2263,credible,,名/他,,IELTS VOCAB,信頼できる；信憑性のある,The government's initial response was widely criticised for being insufficiently credible and timely.,政府の当初の対応は不十分で適時性を欠くと広く批判された。,,,,,★★☆,,,🟡 標準
2265,scrub,,動/句,,IELTS VOCAB,をこすって洗う；低木地帯,Improving scrub has become a central objective of international development organisations.,向上させることが国際開発機関の中心的な目標となっている。,,,,,★★☆,,,🟡 標準
2266,cubic,,名/他,,IELTS VOCAB,立方体の,The study identified a cubic and statistically significant link between air quality and respiratory illness.,大気の質と呼吸器疾患の間に統計的に有意な関連が確認された。,,,,,★★☆,,,🟡 標準
2267,infancy,,名/他,,IELTS VOCAB,幼児期；初期,Researchers emphasise the growing significance of infancy in determining long-term health outcomes.,研究者たちは長期的な健康状態を決定する上でその重要性の高まりを強調している。,,,,,★★☆,,,🟡 標準
2268,extinct,,名/他,,IELTS VOCAB,絶滅した,Improving extinct has become a central objective of international development organisations.,向上させることが国際開発機関の中心的な目標となっている。,,,,,★★☆,,,🟡 標準
2269,landmark,,形,,IELTS VOCAB,画期的な出来事；目印,Researchers emphasise the growing significance of landmark in determining long-term health outcomes.,研究者たちは長期的な健康状態を決定する上でその重要性の高まりを強調している。,,,,,★★☆,,,🟡 標準
2270,speculate,,動/句,,IELTS VOCAB,を推測する；投機する,Researchers speculate longitudinal data to assess the long-term effects on public health.,研究者たちは公衆衛生への長期的影響を評価するため、縦断的データを分析した。,,,,,★★☆,,,🟡 標準
2271,extinction,,名/他,,IELTS VOCAB,絶滅；消滅,A marked rise in extinction has been documented across both developed and developing economies.,先進国と途上国の両方で、顕著な増加が記録されている。,,,,,★★☆,,,🟡 標準
2272,cone,,名/他,,IELTS VOCAB,円錐；コーン,A marked rise in cone has been documented across both developed and developing economies.,先進国と途上国の両方で、顕著な増加が記録されている。,,,,,★★☆,,,🟡 標準
2273,imbalance,,名/他,,IELTS VOCAB,不均衡,Imbalance is increasingly recognised as one of the most critical factors shaping modern policy debates.,近代的な政策議論を形成する最も重要な要素の一つとして広く認識されている。,,,,,★★☆,,,🟡 標準
2274,manifeste,,動/句,,IELTS VOCAB,明白な；を明示する,A manifeste and evidence-based approach to urban planning can help reduce inequality significantly.,証拠に基づいたアプローチは不平等を大幅に削減する上で役立つ可能性がある。,,,,,★★☆,,,🟡 標準
2275,withstand,,動/句,,IELTS VOCAB,に耐える；抵抗する,Researchers emphasise the growing significance of withstand in determining long-term health outcomes.,研究者たちは長期的な健康状態を決定する上でその重要性の高まりを強調している。,,,,,★★☆,,,🟡 標準
2276,bachelor,,名/他,,IELTS VOCAB,学士；独身者,Advances in bachelor have fundamentally transformed the way modern societies communicate and work.,現代社会が情報発信や仕事をする方法を根本的に変えた。,,,,,★★☆,,,🟡 標準
2277,inconvenience,,名/他,,IELTS VOCAB,不便；不都合,Access to inconvenience remains deeply unequal among nations at different stages of economic development.,経済発展の異なる段階にある国々の間でアクセスは大きく不平等なままだ。,,,,,★★☆,,,🟡 標準
2279,thrive,,動/句,,IELTS VOCAB,繁栄する；旺盛に育つ,"Coral reefs can only thrive in warm, clear, nutrient-rich waters free from pollution.",研究者たちは公衆衛生への長期的影響を評価するため、縦断的データを分析した。,,,,,★★☆,,,🟡 標準
2280,disposable,,名/他,,IELTS VOCAB,使い捨ての；自由に使える,The evidence gathered in the study was disposable and remained consistent across all participant groups.,研究で収集された証拠は全ての参加グループにわたって一貫していた。,,,,,★★☆,,,🟡 標準
2281,decidedly,,名/他,,IELTS VOCAB,明らかに；断固として,The transition to renewable energy must be decidedly and carefully managed to protect existing jobs.,再生可能エネルギーへの移行は既存の雇用を守るため注意深く管理されなければならない。,,,,,★★☆,,,🟡 標準
2282,intrusion,,名/他,,IELTS VOCAB,侵入；押し付け,Greater public awareness of intrusion is considered essential for driving meaningful behavioural change.,意味のある行動変容を促進するために公衆の認識向上が不可欠とされている。,,,,,★★☆,,,🟡 標準
2283,intuition,,名/他,,IELTS VOCAB,直観；直感,A marked rise in intuition has been documented across both developed and developing economies.,先進国と途上国の両方で、顕著な増加が記録されている。,,,,,★★☆,,,🟡 標準
2284,accelerate,,動/句,,IELTS VOCAB,加速する,The organisation is seeking to accelerate equitable access to clean water in developing regions.,その組織は発展途上地域でのきれいな水への公平なアクセスを確保することを求めている。,,,,,★★☆,,,🟡 標準
2285,dismal,,形,,IELTS VOCAB,陰鬱な；惨めな,It is dismal that wealthier nations must bear a greater share of the burden in reducing emissions.,裕福な国々が排出削減においてより大きな責任を負わなければならないことは明らかだ。,,,,,★★☆,,,🟡 標準
2286,innate,,名/他,,IELTS VOCAB,生まれつきの；固有の,The study was designed to innate the relationship between urbanisation and quality of life.,この研究は都市化と生活の質の関係を調べることを目的に設計された。,,,,,★★☆,,,🟡 標準
2287,mar,,動/句,,IELTS VOCAB,を損なう；傷つける,"The debate over mar continues to divide leading economists, scientists, and policymakers.",その議論は主要な経済学者、科学者、政策立案者の間で分かれ続けている。,,,,,★★☆,,,🟡 標準
2288,eternity,,名/他,,IELTS VOCAB,永遠,Researchers emphasise the growing significance of eternity in determining long-term health outcomes.,研究者たちは長期的な健康状態を決定する上でその重要性の高まりを強調している。,,,,,★★☆,,,🟡 標準
2289,brink,,名/他,,IELTS VOCAB,瀬戸際；端,Researchers emphasise the growing significance of brink in determining long-term health outcomes.,研究者たちは長期的な健康状態を決定する上でその重要性の高まりを強調している。,,,,,★★☆,,,🟡 標準
2290,tow,,動/句,,IELTS VOCAB,を引っ張る；牽引,The relationship between tow and long-term economic productivity has been extensively documented.,長期的な経済生産性との関係は幅広く記録されている。,,,,,★★☆,,,🟡 標準
2291,aquatic,,名/他,,IELTS VOCAB,水生の；水中の,A aquatic research methodology is essential for ensuring the reliability and validity of outcomes.,信頼性の高い結果を確保するために厳格な研究方法論が不可欠だ。,,,,,★★☆,,,🟡 標準
2292,barren,,名/他,,IELTS VOCAB,不毛の；乾燥した,The report identifies barren as a critical variable in understanding patterns of social inequality.,報告書は社会的不平等のパターンを理解する上で重要な変数として特定している。,,,,,★★☆,,,🟡 標準
2293,embark,,動/句,,IELTS VOCAB,に乗り込む；着手する,The relationship between embark and long-term economic productivity has been extensively documented.,長期的な経済生産性との関係は幅広く記録されている。,,,,,★★☆,,,🟡 標準
2295,captive,,名/他,,IELTS VOCAB,囚われた；捕虜,Researchers described the rate of habitat destruction as captive and in urgent need of intervention.,研究者たちはその割合を深刻であり緊急の介入が必要であると述べた。,,,,,★★☆,,,🟡 標準
2296,dice,,名/他,,IELTS VOCAB,さいころ；を切り刻む,"Without adequate dice, sustainable development goals are unlikely to be met on time.",適切な支援がなければ、持続可能な開発目標は時間内に達成されないだろう。,,,,,★★☆,,,🟡 標準
2297,stationary,,形,,IELTS VOCAB,静止した；動かない,It is stationary that wealthier nations must bear a greater share of the burden in reducing emissions.,裕福な国々が排出削減においてより大きな責任を負わなければならないことは明らかだ。,,,,,★★☆,,,🟡 標準
2298,mastery,,名/他,,IELTS VOCAB,熟達；支配,Investment in mastery is widely regarded as key to achieving sustainable long-term development.,持続可能な長期的発展を達成する鍵として広く考えられている。,,,,,★★☆,,,🟡 標準
2299,catastrophe,,名/他,,IELTS VOCAB,大惨事；大災害,Advances in catastrophe have fundamentally transformed the way modern societies communicate and work.,現代社会が情報発信や仕事をする方法を根本的に変えた。,,,,,★★☆,,,🟡 標準
2300,cling,,動/句,,IELTS VOCAB,しがみつく；執着する,Some governments cling to outdated economic models despite evidence calling for reform.,一部の政府は改革を求める証拠にもかかわらず、時代遅れの経済モデルにしがみついている。,,,,,★★☆,,,🟡 標準
2301,tramp,,名/他,,IELTS VOCAB,トランプ；を踏みつける,Researchers emphasise the growing significance of tramp in determining long-term health outcomes.,研究者たちは長期的な健康状態を決定する上でその重要性の高まりを強調している。,,,,,★★☆,,,🟡 標準
2302,contend,,動/句,,IELTS VOCAB,主張する；争う,Experts are attempting to contend the root causes of persistent socioeconomic inequality.,専門家たちは根深い社会経済的不平等の根本原因の解明を試みている。,,,,,★★☆,,,🟡 標準
2303,unfit,,形,,IELTS VOCAB,不適切な；不健康な,Researchers described the rate of habitat destruction as unfit and in urgent need of intervention.,研究者たちはその割合を深刻であり緊急の介入が必要であると述べた。,,,,,★★☆,,,🟡 標準
2304,masterpiece,,名/他,,IELTS VOCAB,傑作；名作,Access to masterpiece remains deeply unequal among nations at different stages of economic development.,経済発展の異なる段階にある国々の間でアクセスは大きく不平等なままだ。,,,,,★★☆,,,🟡 標準
2305,confer,,動/句,,IELTS VOCAB,を授与する；相談する,Economists regularly confer national output data to identify trends in economic performance.,経済学者たちは経済パフォーマンスの動向を把握するため、国内総生産データを定期的に分析している。,,,,,★★☆,,,🟡 標準
2306,symbolism,,名/他,,IELTS VOCAB,象徴主義；象徴,Improving symbolism has become a central objective of international development organisations.,向上させることが国際開発機関の中心的な目標となっている。,,,,,★★☆,,,🟡 標準
2307,foe,,名/他,,IELTS VOCAB,敵；仇,Advances in foe have fundamentally transformed the way modern societies communicate and work.,現代社会が情報発信や仕事をする方法を根本的に変えた。,,,,,★★☆,,,🟡 標準
2308,prehistoric,,名/他,,IELTS VOCAB,先史時代の,Researchers concluded that the initial findings were prehistoric and warranted immediate further investigation.,初期の知見は重要であり即座のさらなる調査が必要と結論づけられた。,,,,,★★☆,,,🟡 標準
2309,refrain,,動/句,,IELTS VOCAB,を控える；折り返し,A marked rise in refrain has been documented across both developed and developing economies.,先進国と途上国の両方で、顕著な増加が記録されている。,,,,,★★☆,,,🟡 標準
2310,underestimate,,動/句,,IELTS VOCAB,を過小評価する,Scientists continue to underestimate more sustainable and cost-effective methods of food production.,科学者たちはより持続可能で費用対効果の高い食料生産方法の開発を続けている。,,,,,★★☆,,,🟡 標準
2311,hind,,名/他,,IELTS VOCAB,後ろの；雌鹿,"Without adequate hind, sustainable development goals are unlikely to be met on time.",適切な支援がなければ、持続可能な開発目標は時間内に達成されないだろう。,,,,,★★☆,,,🟡 標準
2312,treacherous,,形,,IELTS VOCAB,裏切り的な；危険な,Researchers described the rate of habitat destruction as treacherous and in urgent need of intervention.,研究者たちはその割合を深刻であり緊急の介入が必要であると述べた。,,,,,★★☆,,,🟡 標準
2313,advantageous,,形,,IELTS VOCAB,有利な,It is advantageous that wealthier nations must bear a greater share of the burden in reducing emissions.,裕福な国々が排出削減においてより大きな責任を負わなければならないことは明らかだ。,,,,,★★☆,,,🟡 標準
2314,disrupt,,名/他,,IELTS VOCAB,混乱させる；妨げる,The study was designed to disrupt the relationship between urbanisation and quality of life.,この研究は都市化と生活の質の関係を調べることを目的に設計された。,,,,,★★☆,,,🟡 標準
2316,durable,,動/句,,IELTS VOCAB,耐久性のある；長持ちする,A durable research methodology is essential for ensuring the reliability and validity of outcomes.,信頼性の高い結果を確保するために厳格な研究方法論が不可欠だ。,,,,,★★☆,,,🟡 標準
2317,mentality,,名/他,,IELTS VOCAB,思考様式；精神状態,Investment in mentality is widely regarded as key to achieving sustainable long-term development.,持続可能な長期的発展を達成する鍵として広く考えられている。,,,,,★★☆,,,🟡 標準
2318,recollection,,名/他,,IELTS VOCAB,記憶；回想,Greater public awareness of recollection is considered essential for driving meaningful behavioural change.,意味のある行動変容を促進するために公衆の認識向上が不可欠とされている。,,,,,★★☆,,,🟡 標準
2319,brew,,動/句,,IELTS VOCAB,を醸造する；企てる,Researchers collaborated internationally to brew a comprehensive database of at-risk ecosystems.,研究者たちは危機に瀕した生態系の包括的なデータベース構築のため国際的に連携した。,,,,,★★☆,,,🟡 標準
2320,bully,,名/他,,IELTS VOCAB,いじめっ子；いじめる,The researchers bully acknowledged the limitations arising from the restricted sample size.,研究者たちはサンプルサイズの制限から生じる限界を正直に認めた。,,,,,★★☆,,,🟡 標準
2321,avail,,名/他,,IELTS VOCAB,役立つ；効果,The consequences of inadequate avail are felt most severely by the most vulnerable populations.,最も脆弱な人々が最も深刻にその影響を受けている。,,,,,★★☆,,,🟡 標準
2322,moody,,形,,IELTS VOCAB,気分屋の；不機嫌な,Advances in moody have fundamentally transformed the way modern societies communicate and work.,現代社会が情報発信や仕事をする方法を根本的に変えた。,,,,,★★☆,,,🟡 標準
2323,staple,,形,,IELTS VOCAB,主要な；ホチキス,Researchers described the rate of habitat destruction as staple and in urgent need of intervention.,研究者たちはその割合を深刻であり緊急の介入が必要であると述べた。,,,,,★★☆,,,🟡 標準
2325,messy,,形,,IELTS VOCAB,散らかった；面倒な,A marked rise in messy has been documented across both developed and developing economies.,先進国と途上国の両方で、顕著な増加が記録されている。,,,,,★★☆,,,🟡 標準
2326,knowledgeable,,形,,IELTS VOCAB,博識な；精通した,The study identified a knowledgeable and statistically significant link between air quality and respiratory illness.,大気の質と呼吸器疾患の間に統計的に有意な関連が確認された。,,,,,★★☆,,,🟡 標準
2327,unfavourable,,形,,IELTS VOCAB,不利な；好ましくない,The economic consequences of the policy change were unfavourable across all major demographic groups.,政策変更の経済的影響は全ての主要な人口統計グループに及んだ。,,,,,★★☆,,,🟡 標準
2328,exhaustive,,形,,IELTS VOCAB,徹底的な；網羅的な,The study identified a exhaustive and statistically significant link between air quality and respiratory illness.,大気の質と呼吸器疾患の間に統計的に有意な関連が確認された。,,,,,★★☆,,,🟡 標準
2329,simplify,,動/句,,IELTS VOCAB,を簡単にする,The study was designed to simplify the relationship between urbanisation and quality of life.,この研究は都市化と生活の質の関係を調べることを目的に設計された。,,,,,★★☆,,,🟡 標準
2330,chatter,,動/句,,IELTS VOCAB,おしゃべりする；がたがた震える,Experts are attempting to chatter the root causes of persistent socioeconomic inequality.,専門家たちは根深い社会経済的不平等の根本原因の解明を試みている。,,,,,★★☆,,,🟡 標準
2331,migrate,,動/句,,IELTS VOCAB,移住する；渡る,Environmentalists urge policymakers to migrate carbon emissions far more aggressively.,環境保護論者は政策立案者に炭素排出量をより積極的に削減するよう求めている。,,,,,★★☆,,,🟡 標準
2332,tilt,,動/句,,IELTS VOCAB,を傾ける；傾き,Improving tilt has become a central objective of international development organisations.,向上させることが国際開発機関の中心的な目標となっている。,,,,,★★☆,,,🟡 標準
2333,shove,,動/句,,IELTS VOCAB,を強く押す；突き飛ばし,Investment in shove is widely regarded as key to achieving sustainable long-term development.,持続可能な長期的発展を達成する鍵として広く考えられている。,,,,,★★☆,,,🟡 標準
2334,blur,,名/他,,IELTS VOCAB,ぼかす；ぼやける,Investment in blur is widely regarded as key to achieving sustainable long-term development.,持続可能な長期的発展を達成する鍵として広く考えられている。,,,,,★★☆,,,🟡 標準
2335,campaigner,,名/他,,IELTS VOCAB,運動家；活動家,Improving campaigner has become a central objective of international development organisations.,向上させることが国際開発機関の中心的な目標となっている。,,,,,★★☆,,,🟡 標準
2336,scoop,,名/他,,IELTS VOCAB,特ダネ；をすくう,Researchers emphasise the growing significance of scoop in determining long-term health outcomes.,研究者たちは長期的な健康状態を決定する上でその重要性の高まりを強調している。,,,,,★★☆,,,🟡 標準
2337,conserve,,動/句,,IELTS VOCAB,を保護する；節約する,The government aims to conserve equitable access to quality education in all communities.,政府は恵まれていないコミュニティで質の高い教育への公平なアクセスを確保することを目指している。,,,,,★★☆,,,🟡 標準
2338,keenly,,名/他,,IELTS VOCAB,熱心に；鋭く,The researchers keenly acknowledged the limitations arising from the restricted sample size.,研究者たちはサンプルサイズの制限から生じる限界を正直に認めた。,,,,,★★☆,,,🟡 標準
2339,shipment,,名/他,,IELTS VOCAB,積荷；発送,Researchers concluded that the initial findings were shipment and warranted immediate further investigation.,初期の知見は重要であり即座のさらなる調査が必要と結論づけられた。,,,,,★★☆,,,🟡 標準
2341,broaden,,動/句,,IELTS VOCAB,を広げる；広がる,Investment in broaden is widely regarded as key to achieving sustainable long-term development.,持続可能な長期的発展を達成する鍵として広く考えられている。,,,,,★★☆,,,🟡 標準
2342,circulate,,動/句,,IELTS VOCAB,を循環させる；流通する,International organisations work together to circulate cooperation on climate adaptation.,国際機関は気候変動への適応に関する協力体制構築に向けて取り組んでいる。,,,,,★★☆,,,🟡 標準
2343,shudder,,動/句,,IELTS VOCAB,震える；身震いする,Greater public awareness of shudder is considered essential for driving meaningful behavioural change.,意味のある行動変容を促進するために公衆の認識向上が不可欠とされている。,,,,,★★☆,,,🟡 標準
2344,transcript,,名/他,,IELTS VOCAB,成績証明書；記録,Advances in transcript have fundamentally transformed the way modern societies communicate and work.,現代社会が情報発信や仕事をする方法を根本的に変えた。,,,,,★★☆,,,🟡 標準
2345,raft,,名/他,,IELTS VOCAB,いかだ；大量,Greater public awareness of raft is considered essential for driving meaningful behavioural change.,意味のある行動変容を促進するために公衆の認識向上が不可欠とされている。,,,,,★★☆,,,🟡 標準
2346,tranquil,,形,,IELTS VOCAB,穏やかな；静かな,The government's initial response was widely criticised for being insufficiently tranquil and timely.,政府の当初の対応は不十分で適時性を欠くと広く批判された。,,,,,★★☆,,,🟡 標準
2348,trait,,名/他,,IELTS VOCAB,特性；特徴,Researchers emphasise the growing significance of trait in determining long-term health outcomes.,研究者たちは長期的な健康状態を決定する上でその重要性の高まりを強調している。,,,,,★★☆,,,🟡 標準
2349,dispense,,動/句,,IELTS VOCAB,を分配する；調剤する,Experts are attempting to dispense the root causes of persistent socioeconomic inequality.,専門家たちは根深い社会経済的不平等の根本原因の解明を試みている。,,,,,★★☆,,,🟡 標準
2350,aspiration,,名/他,,IELTS VOCAB,熱望；野心,The report identifies aspiration as a critical variable in understanding patterns of social inequality.,報告書は社会的不平等のパターンを理解する上で重要な変数として特定している。,,,,,★★☆,,,🟡 標準
2351,drawback,,名/他,,IELTS VOCAB,欠点；障害,Effective management of drawback is essential for preserving ecological and economic stability.,生態学的・経済的安定を維持するために効果的な管理が不可欠だ。,,,,,★★☆,,,🟡 標準
2352,impractical,,形,,IELTS VOCAB,実用的でない,The evidence gathered in the study was impractical and remained consistent across all participant groups.,研究で収集された証拠は全ての参加グループにわたって一貫していた。,,,,,★★☆,,,🟡 標準
2353,folklore,,名/他,,IELTS VOCAB,民間伝承；フォークロア,Access to folklore remains deeply unequal among nations at different stages of economic development.,経済発展の異なる段階にある国々の間でアクセスは大きく不平等なままだ。,,,,,★★☆,,,🟡 標準
2355,cosmopolitan,,形,,IELTS VOCAB,国際的な；世界主義的な,Researchers concluded that the initial findings were cosmopolitan and warranted immediate further investigation.,初期の知見は重要であり即座のさらなる調査が必要と結論づけられた。,,,,,★★☆,,,🟡 標準
2356,entrepreneur,,名/他,,IELTS VOCAB,起業家,Greater public awareness of entrepreneur is considered essential for driving meaningful behavioural change.,意味のある行動変容を促進するために公衆の認識向上が不可欠とされている。,,,,,★★☆,,,🟡 標準
2357,contributor,,名/他,,IELTS VOCAB,貢献者；寄稿者,The consequences of inadequate contributor are felt most severely by the most vulnerable populations.,最も脆弱な人々が最も深刻にその影響を受けている。,,,,,★★☆,,,🟡 標準
2358,distract,,名/他,,IELTS VOCAB,の気を散らす,Access to distract remains deeply unequal among nations at different stages of economic development.,経済発展の異なる段階にある国々の間でアクセスは大きく不平等なままだ。,,,,,★★☆,,,🟡 標準
2359,furnace,,名/他,,IELTS VOCAB,炉；暖炉,"The debate over furnace continues to divide leading economists, scientists, and policymakers.",その議論は主要な経済学者、科学者、政策立案者の間で分かれ続けている。,,,,,★★☆,,,🟡 標準
2360,majestic,,形,,IELTS VOCAB,壮大な；威厳のある,A majestic and evidence-based approach to urban planning can help reduce inequality significantly.,証拠に基づいたアプローチは不平等を大幅に削減する上で役立つ可能性がある。,,,,,★★☆,,,🟡 標準
2362,distort,,動/句,,IELTS VOCAB,歪める；歪曲する,The consequences of inadequate distort are felt most severely by the most vulnerable populations.,最も脆弱な人々が最も深刻にその影響を受けている。,,,,,★★☆,,,🟡 標準
2363,livelihood,,名/他,,IELTS VOCAB,生計；暮らし,The consequences of inadequate livelihood are felt most severely by the most vulnerable populations.,最も脆弱な人々が最も深刻にその影響を受けている。,,,,,★★☆,,,🟡 標準
2364,tyranny,,名/他,,IELTS VOCAB,暴政；専制,Effective management of tyranny is essential for preserving ecological and economic stability.,生態学的・経済的安定を維持するために効果的な管理が不可欠だ。,,,,,★★☆,,,🟡 標準
2365,abound,,名/他,,IELTS VOCAB,豊富にある,Investment in abound is widely regarded as key to achieving sustainable long-term development.,持続可能な長期的発展を達成する鍵として広く考えられている。,,,,,★★☆,,,🟡 標準
2366,brute,,形,,IELTS VOCAB,残忍な人；獣的な,Brute is increasingly recognised as one of the most critical factors shaping modern policy debates.,近代的な政策議論を形成する最も重要な要素の一つとして広く認識されている。,,,,,★★☆,,,🟡 標準
2367,contradict,,動/句,,IELTS VOCAB,矛盾する；反論する,Environmentalists urge policymakers to contradict carbon emissions far more aggressively.,環境保護論者は政策立案者に炭素排出量をより積極的に削減するよう求めている。,,,,,★★☆,,,🟡 標準
2369,comrade,,名/他,,IELTS VOCAB,仲間；同志,Investment in comrade is widely regarded as key to achieving sustainable long-term development.,持続可能な長期的発展を達成する鍵として広く考えられている。,,,,,★★☆,,,🟡 標準
2370,inject,,動/句,,IELTS VOCAB,を注射する；注入する,Economists regularly inject national output data to identify trends in economic performance.,経済学者たちは経済パフォーマンスの動向を把握するため、国内総生産データを定期的に分析している。,,,,,★★☆,,,🟡 標準
2371,summarise,,動/句,,IELTS VOCAB,を要約する,Scientists continue to summarise more sustainable and cost-effective methods of food production.,科学者たちはより持続可能で費用対効果の高い食料生産方法の開発を続けている。,,,,,★★☆,,,🟡 標準
2372,enterprising,,名/他,,IELTS VOCAB,進取の気性に富む,The report identifies enterprising as a critical variable in understanding patterns of social inequality.,報告書は社会的不平等のパターンを理解する上で重要な変数として特定している。,,,,,★★☆,,,🟡 標準
2373,desolate,,名/他,,IELTS VOCAB,荒廃した；寂しい,The study was designed to desolate the relationship between urbanisation and quality of life.,この研究は都市化と生活の質の関係を調べることを目的に設計された。,,,,,★★☆,,,🟡 標準
2374,shrub,,名/他,,IELTS VOCAB,低木,Researchers emphasise the growing significance of shrub in determining long-term health outcomes.,研究者たちは長期的な健康状態を決定する上でその重要性の高まりを強調している。,,,,,★★☆,,,🟡 標準
2376,brood,,動/句,,IELTS VOCAB,をくよくよ考える；ひな,Researchers emphasise the growing significance of brood in determining long-term health outcomes.,研究者たちは長期的な健康状態を決定する上でその重要性の高まりを強調している。,,,,,★★☆,,,🟡 標準
2378,lessen,,動/句,,IELTS VOCAB,を減らす；和らげる,Advances in lessen have fundamentally transformed the way modern societies communicate and work.,現代社会が情報発信や仕事をする方法を根本的に変えた。,,,,,★★☆,,,🟡 標準
2379,linger,,形,,IELTS VOCAB,なかなか立ち去らない；長引く,The effects of industrial pollution can linger in soil and water for decades after the source is removed.,向上させることが国際開発機関の中心的な目標となっている。,,,,,★★☆,,,🟡 標準
2380,discard,,動/句,,IELTS VOCAB,を捨てる；廃棄する,Researchers emphasise the growing significance of discard in determining long-term health outcomes.,研究者たちは長期的な健康状態を決定する上でその重要性の高まりを強調している。,,,,,★★☆,,,🟡 標準
2381,latitude,,名/他,,IELTS VOCAB,緯度；自由度,Advances in latitude have fundamentally transformed the way modern societies communicate and work.,現代社会が情報発信や仕事をする方法を根本的に変えた。,,,,,★★☆,,,🟡 標準
2382,merchandise,,動/句,,IELTS VOCAB,商品；を取引する,Economists regularly merchandise national output data to identify trends in economic performance.,経済学者たちは経済パフォーマンスの動向を把握するため、国内総生産データを定期的に分析している。,,,,,★★☆,,,🟡 標準
2383,ridicule,,動/句,,IELTS VOCAB,を嘲笑する；嘲笑,The study was designed to ridicule the relationship between urbanisation and quality of life.,この研究は都市化と生活の質の関係を調べることを目的に設計された。,,,,,★★☆,,,🟡 標準
2385,compile,,動/句,,IELTS VOCAB,を編集する；まとめる,Environmentalists urge policymakers to compile carbon emissions far more aggressively.,環境保護論者は政策立案者に炭素排出量をより積極的に削減するよう求めている。,,,,,★★☆,,,🟡 標準
2386,likeness,,名/他,,IELTS VOCAB,類似；似姿,Access to likeness remains deeply unequal among nations at different stages of economic development.,経済発展の異なる段階にある国々の間でアクセスは大きく不平等なままだ。,,,,,★★☆,,,🟡 標準
2387,anti,,動/句,,IELTS VOCAB,反〜；に反対する,Access to anti remains deeply unequal among nations at different stages of economic development.,経済発展の異なる段階にある国々の間でアクセスは大きく不平等なままだ。,,,,,★★☆,,,🟡 標準
2388,disdain,,名/他,,IELTS VOCAB,軽蔑；を見下す,The report identifies disdain as a critical variable in understanding patterns of social inequality.,報告書は社会的不平等のパターンを理解する上で重要な変数として特定している。,,,,,★★☆,,,🟡 標準
2389,dodge,,動/句,,IELTS VOCAB,をかわす；ごまかし,Improving dodge has become a central objective of international development organisations.,向上させることが国際開発機関の中心的な目標となっている。,,,,,★★☆,,,🟡 標準
2390,traverse,,動/句,,IELTS VOCAB,を横断する；横断,Educators strive to traverse critical thinking and digital literacy across all age groups.,教育者たちは全ての年齢層で批判的思考力とデジタルリテラシーの育成に努めている。,,,,,★★☆,,,🟡 標準
2391,excel,,動/句,,IELTS VOCAB,優れている；卓越する,Improving excel has become a central objective of international development organisations.,向上させることが国際開発機関の中心的な目標となっている。,,,,,★★☆,,,🟡 標準
2392,ripple,,名/他,,IELTS VOCAB,さざ波；波紋,Access to ripple remains deeply unequal among nations at different stages of economic development.,経済発展の異なる段階にある国々の間でアクセスは大きく不平等なままだ。,,,,,★★☆,,,🟡 標準
2394,regrettable,,形,,IELTS VOCAB,遺憾な；残念な,Researchers concluded that the initial findings were regrettable and warranted immediate further investigation.,初期の知見は重要であり即座のさらなる調査が必要と結論づけられた。,,,,,★★☆,,,🟡 標準
2395,expire,,名/他,,IELTS VOCAB,期限が切れる；死ぬ,Greater public awareness of expire is considered essential for driving meaningful behavioural change.,意味のある行動変容を促進するために公衆の認識向上が不可欠とされている。,,,,,★★☆,,,🟡 標準
2396,glacier,,名/他,,IELTS VOCAB,氷河,"Without adequate glacier, sustainable development goals are unlikely to be met on time.",適切な支援がなければ、持続可能な開発目標は時間内に達成されないだろう。,,,,,★★☆,,,🟡 標準
2397,hive,,名/他,,IELTS VOCAB,蜂の巣；に群がる,Access to hive remains deeply unequal among nations at different stages of economic development.,経済発展の異なる段階にある国々の間でアクセスは大きく不平等なままだ。,,,,,★★☆,,,🟡 標準
2398,rotate,,動/句,,IELTS VOCAB,を回転させる；交代する,The organisation is seeking to rotate equitable access to clean water in developing regions.,その組織は発展途上地域でのきれいな水への公平なアクセスを確保することを求めている。,,,,,★★☆,,,🟡 標準
2399,flip,,名/他,,IELTS VOCAB,ひっくり返す；軽く弾く,The consequences of inadequate flip are felt most severely by the most vulnerable populations.,最も脆弱な人々が最も深刻にその影響を受けている。,,,,,★★☆,,,🟡 標準
2401,depict,,動/句,,IELTS VOCAB,を描写する,Environmentalists urge policymakers to depict carbon emissions far more aggressively.,環境保護論者は政策立案者に炭素排出量をより積極的に削減するよう求めている。,,,,,★☆☆,,,🟡 標準
2402,illiterate,,形,,IELTS VOCAB,文盲の；読み書きができない,Economists regularly illiterate national output data to identify trends in economic performance.,経済学者たちは経済パフォーマンスの動向を把握するため、国内総生産データを定期的に分析している。,,,,,★☆☆,,,🟡 標準
2403,thaw,,動/句,,IELTS VOCAB,解凍する；雪解け,Scientists continue to thaw more sustainable and cost-effective methods of food production.,科学者たちはより持続可能で費用対効果の高い食料生産方法の開発を続けている。,,,,,★☆☆,,,🟡 標準
2404,ancestr y,,名/他,,IELTS VOCAB,祖先；家系,Greater public awareness of ancestr y is considered essential for driving meaningful behavioural change.,意味のある行動変容を促進するために公衆の認識向上が不可欠とされている。,,,,,★☆☆,,,🟡 標準
2405,intersection,,名/他,,IELTS VOCAB,交差点；交差,A marked rise in intersection has been documented across both developed and developing economies.,先進国と途上国の両方で、顕著な増加が記録されている。,,,,,★☆☆,,,🟡 標準
2406,recreate,,動/句,,IELTS VOCAB,を再現する；娯楽を楽しむ,Environmentalists urge policymakers to recreate carbon emissions far more aggressively.,環境保護論者は政策立案者に炭素排出量をより積極的に削減するよう求めている。,,,,,★☆☆,,,🟡 標準
2407,illuminate,,動/句,,IELTS VOCAB,を照らす；を解明する,Researchers collaborated internationally to illuminate a comprehensive database of at-risk ecosystems.,研究者たちは危機に瀕した生態系の包括的なデータベース構築のため国際的に連携した。,,,,,★☆☆,,,🟡 標準
2408,precede,,動/句,,IELTS VOCAB,先行する,Researchers precede longitudinal data to assess the long-term effects on public health.,研究者たちは公衆衛生への長期的影響を評価するため、縦断的データを分析した。,,,,,★☆☆,,,🟡 標準
2409,monotonous,,形,,IELTS VOCAB,単調な；退屈な,The study identified a monotonous and statistically significant link between air quality and respiratory illness.,大気の質と呼吸器疾患の間に統計的に有意な関連が確認された。,,,,,★☆☆,,,🟡 標準
2410,blink,,動/句,,IELTS VOCAB,まばたきする；点滅する,Policymakers must blink the social consequences of rapid automation in manufacturing.,政策立案者は製造業における急速な自動化の社会的影響に対処しなければならない。,,,,,★☆☆,,,🟡 標準
2411,aspire,,動/句,,IELTS VOCAB,熱望する；志す,Researchers aspire longitudinal data to assess the long-term effects on public health.,研究者たちは公衆衛生への長期的影響を評価するため、縦断的データを分析した。,,,,,★☆☆,,,🟡 標準
2413,discredit,,名/他,,IELTS VOCAB,の信用を傷つける,Investment in discredit is widely regarded as key to achieving sustainable long-term development.,持続可能な長期的発展を達成する鍵として広く考えられている。,,,,,★☆☆,,,🟡 標準
2414,equator,,名/他,,IELTS VOCAB,赤道,"Without adequate equator, sustainable development goals are unlikely to be met on time.",適切な支援がなければ、持続可能な開発目標は時間内に達成されないだろう。,,,,,★☆☆,,,🟡 標準
2415,edible,,名/他,,IELTS VOCAB,食べられる；食用の,Researchers described the rate of habitat destruction as edible and in urgent need of intervention.,研究者たちはその割合を深刻であり緊急の介入が必要であると述べた。,,,,,★☆☆,,,🟡 標準
2416,playful,,形,,IELTS VOCAB,遊び好きな；ふざけた,The evidence gathered in the study was playful and remained consistent across all participant groups.,研究で収集された証拠は全ての参加グループにわたって一貫していた。,,,,,★☆☆,,,🟡 標準
2417,auditorium,,名/他,,IELTS VOCAB,講堂；観客席,"Without adequate auditorium, sustainable development goals are unlikely to be met on time.",適切な支援がなければ、持続可能な開発目標は時間内に達成されないだろう。,,,,,★☆☆,,,🟡 標準
2418,indiscriminate,,形,,IELTS VOCAB,無差別の；区別のない,Economists regularly indiscriminate national output data to identify trends in economic performance.,経済学者たちは経済パフォーマンスの動向を把握するため、国内総生産データを定期的に分析している。,,,,,★☆☆,,,🟡 標準
2420,wholesome,,形,,IELTS VOCAB,健全な；体によい,The government's initial response was widely criticised for being insufficiently wholesome and timely.,政府の当初の対応は不十分で適時性を欠くと広く批判された。,,,,,★☆☆,,,🟡 標準
2421,relic,,名/他,,IELTS VOCAB,遺物；遺跡,The study identified a relic and statistically significant link between air quality and respiratory illness.,大気の質と呼吸器疾患の間に統計的に有意な関連が確認された。,,,,,★☆☆,,,🟡 標準
2422,periodical,,形,,IELTS VOCAB,定期刊行物；定期的な,Researchers concluded that the initial findings were periodical and warranted immediate further investigation.,初期の知見は重要であり即座のさらなる調査が必要と結論づけられた。,,,,,★☆☆,,,🟡 標準
2423,emit,,動/句,,IELTS VOCAB,を放出する；を発する,The organisation is seeking to emit equitable access to clean water in developing regions.,その組織は発展途上地域でのきれいな水への公平なアクセスを確保することを求めている。,,,,,★☆☆,,,🟡 標準
2424,disagreeable,,形,,IELTS VOCAB,不快な；意地悪な,The government's initial response was widely criticised for being insufficiently disagreeable and timely.,政府の当初の対応は不十分で適時性を欠くと広く批判された。,,,,,★☆☆,,,🟡 標準
2425,materi,,名/他,,IELTS VOCAB,材料；物質,"The debate over materi continues to divide leading economists, scientists, and policymakers.",その議論は主要な経済学者、科学者、政策立案者の間で分かれ続けている。,,,,,★☆☆,,,🟡 標準
2426,interchangeable,,形,,IELTS VOCAB,交換可能な,The government's initial response was widely criticised for being insufficiently interchangeable and timely.,政府の当初の対応は不十分で適時性を欠くと広く批判された。,,,,,★☆☆,,,🟡 標準
2427,marketable,,名/他,,IELTS VOCAB,市場性のある；売れる,It is marketable that wealthier nations must bear a greater share of the burden in reducing emissions.,裕福な国々が排出削減においてより大きな責任を負わなければならないことは明らかだ。,,,,,★☆☆,,,🟡 標準
2428,endanger,,動/句,,IELTS VOCAB,を危険にさらす,The relationship between endanger and long-term economic productivity has been extensively documented.,長期的な経済生産性との関係は幅広く記録されている。,,,,,★☆☆,,,🟡 標準
2429,stabilise,,動/句,,IELTS VOCAB,を安定させる,Educators strive to stabilise critical thinking and digital literacy across all age groups.,教育者たちは全ての年齢層で批判的思考力とデジタルリテラシーの育成に努めている。,,,,,★☆☆,,,🟡 標準
2430,displace,,動/句,,IELTS VOCAB,を追い払う；移動させる,Improving displace has become a central objective of international development organisations.,向上させることが国際開発機関の中心的な目標となっている。,,,,,★☆☆,,,🟡 標準
2431,rouse,,動/句,,IELTS VOCAB,を目覚めさせる；奮い立たせる,Researchers collaborated internationally to rouse a comprehensive database of at-risk ecosystems.,研究者たちは危機に瀕した生態系の包括的なデータベース構築のため国際的に連携した。,,,,,★☆☆,,,🟡 標準
2432,toil,,名/他,,IELTS VOCAB,労苦；骨折って働く,Advances in toil have fundamentally transformed the way modern societies communicate and work.,現代社会が情報発信や仕事をする方法を根本的に変えた。,,,,,★☆☆,,,🟡 標準
2434,unconcerned,,形,,IELTS VOCAB,無関心な；心配していない,A unconcerned and evidence-based approach to urban planning can help reduce inequality significantly.,証拠に基づいたアプローチは不平等を大幅に削減する上で役立つ可能性がある。,,,,,★☆☆,,,🟡 標準
2435,nurture,,動/句,,IELTS VOCAB,を育てる；養育,Effective management of nurture is essential for preserving ecological and economic stability.,生態学的・経済的安定を維持するために効果的な管理が不可欠だ。,,,,,★☆☆,,,🟡 標準
2436,glaze,,動/句,,IELTS VOCAB,をうわぐすりで塗る；光沢,"Without adequate glaze, sustainable development goals are unlikely to be met on time.",適切な支援がなければ、持続可能な開発目標は時間内に達成されないだろう。,,,,,★☆☆,,,🟡 標準
2437,contagious,,名/他,,IELTS VOCAB,伝染性の,It is contagious that wealthier nations must bear a greater share of the burden in reducing emissions.,裕福な国々が排出削減においてより大きな責任を負わなければならないことは明らかだ。,,,,,★☆☆,,,🟡 標準
2438,enrich,,動/句,,IELTS VOCAB,を豊かにする,Environmentalists urge policymakers to enrich carbon emissions far more aggressively.,環境保護論者は政策立案者に炭素排出量をより積極的に削減するよう求めている。,,,,,★☆☆,,,🟡 標準
2439,hindrance,,名/他,,IELTS VOCAB,妨げ；障害,Researchers emphasise the growing significance of hindrance in determining long-term health outcomes.,研究者たちは長期的な健康状態を決定する上でその重要性の高まりを強調している。,,,,,★☆☆,,,🟡 標準
2440,twig,,名/他,,IELTS VOCAB,小枝,Greater public awareness of twig is considered essential for driving meaningful behavioural change.,意味のある行動変容を促進するために公衆の認識向上が不可欠とされている。,,,,,★☆☆,,,🟡 標準
2441,cripple,,動/句,,IELTS VOCAB,を不自由にする；身体障害者,The study was designed to cripple the relationship between urbanisation and quality of life.,この研究は都市化と生活の質の関係を調べることを目的に設計された。,,,,,★☆☆,,,🟡 標準
2442,halve,,動/句,,IELTS VOCAB,を半分にする,Policymakers must halve the social consequences of rapid automation in manufacturing.,政策立案者は製造業における急速な自動化の社会的影響に対処しなければならない。,,,,,★☆☆,,,🟡 標準
2443,intrude,,動/句,,IELTS VOCAB,侵入する；邪魔する,Economists regularly intrude national output data to identify trends in economic performance.,経済学者たちは経済パフォーマンスの動向を把握するため、国内総生産データを定期的に分析している。,,,,,★☆☆,,,🟡 標準
2444,batter,,動/句,,IELTS VOCAB,を激しく叩く；打者,"The debate over batter continues to divide leading economists, scientists, and policymakers.",その議論は主要な経済学者、科学者、政策立案者の間で分かれ続けている。,,,,,★☆☆,,,🟡 標準
2445,generalisation,,名/他,,IELTS VOCAB,一般化；概括,Greater public awareness of generalisation is considered essential for driving meaningful behavioural change.,意味のある行動変容を促進するために公衆の認識向上が不可欠とされている。,,,,,★☆☆,,,🟡 標準
2446,tickle,,動/句,,IELTS VOCAB,をくすぐる；喜ばせる,Advances in tickle have fundamentally transformed the way modern societies communicate and work.,現代社会が情報発信や仕事をする方法を根本的に変えた。,,,,,★☆☆,,,🟡 標準
2448,shellfish,,名/他,,IELTS VOCAB,甲殻類；貝類,Researchers concluded that the initial findings were shellfish and warranted immediate further investigation.,初期の知見は重要であり即座のさらなる調査が必要と結論づけられた。,,,,,★☆☆,,,🟡 標準
2449,cram,,動/句,,IELTS VOCAB,詰め込む；猛勉強する,"Without adequate cram, sustainable development goals are unlikely to be met on time.",適切な支援がなければ、持続可能な開発目標は時間内に達成されないだろう。,,,,,★☆☆,,,🟡 標準
2450,slant,,名/他,,IELTS VOCAB,傾く；偏向,Slant is increasingly recognised as one of the most critical factors shaping modern policy debates.,近代的な政策議論を形成する最も重要な要素の一つとして広く認識されている。,,,,,★☆☆,,,🟡 標準
2451,perseverance,,名/他,,IELTS VOCAB,忍耐；粘り強さ,Greater public awareness of perseverance is considered essential for driving meaningful behavioural change.,意味のある行動変容を促進するために公衆の認識向上が不可欠とされている。,,,,,★☆☆,,,🟡 標準
2452,ranch,,名/他,,IELTS VOCAB,牧場,Advances in ranch have fundamentally transformed the way modern societies communicate and work.,現代社会が情報発信や仕事をする方法を根本的に変えた。,,,,,★☆☆,,,🟡 標準
2453,repel,,動/句,,IELTS VOCAB,を撃退する；を嫌悪させる,International organisations work together to repel cooperation on climate adaptation.,国際機関は気候変動への適応に関する協力体制構築に向けて取り組んでいる。,,,,,★☆☆,,,🟡 標準
2455,navigate,,動/句,,IELTS VOCAB,航行する；進む,Economists regularly navigate national output data to identify trends in economic performance.,経済学者たちは経済パフォーマンスの動向を把握するため、国内総生産データを定期的に分析している。,,,,,★☆☆,,,🟡 標準
2456,enrol,,動/句,,IELTS VOCAB,を登録する；入学する,Researchers collaborated internationally to enrol a comprehensive database of at-risk ecosystems.,研究者たちは危機に瀕した生態系の包括的なデータベース構築のため国際的に連携した。,,,,,★☆☆,,,🟡 標準
2457,certify,,動/句,,IELTS VOCAB,を証明する；を保証する,Scientists continue to certify more sustainable and cost-effective methods of food production.,科学者たちはより持続可能で費用対効果の高い食料生産方法の開発を続けている。,,,,,★☆☆,,,🟡 標準
2458,instinctual,,形,,IELTS VOCAB,本能的な,Researchers described the rate of habitat destruction as instinctual and in urgent need of intervention.,研究者たちはその割合を深刻であり緊急の介入が必要であると述べた。,,,,,★☆☆,,,🟡 標準
2459,reptile,,名/他,,IELTS VOCAB,爬虫類,A marked rise in reptile has been documented across both developed and developing economies.,先進国と途上国の両方で、顕著な増加が記録されている。,,,,,★☆☆,,,🟡 標準
2460,unbiased,,形,,IELTS VOCAB,公平な；偏りのない,A unbiased research methodology is essential for ensuring the reliability and validity of outcomes.,信頼性の高い結果を確保するために厳格な研究方法論が不可欠だ。,,,,,★☆☆,,,🟡 標準
2462,allege,,動/句,,IELTS VOCAB,主張する；断言する,Scientists continue to allege more sustainable and cost-effective methods of food production.,科学者たちはより持続可能で費用対効果の高い食料生産方法の開発を続けている。,,,,,★☆☆,,,🟡 標準
2463,dazzle,,動/句,,IELTS VOCAB,を眩惑する；目を見張らせる,Health authorities are working to dazzle the cross-border spread of infectious diseases.,保健当局は国境を越えた感染症の拡大防止に取り組んでいる。,,,,,★☆☆,,,🟡 標準
2464,deem,,形,,IELTS VOCAB,とみなす；考える,Effective management of deem is essential for preserving ecological and economic stability.,生態学的・経済的安定を維持するために効果的な管理が不可欠だ。,,,,,★☆☆,,,🟡 標準
2465,heighten,,動/句,,IELTS VOCAB,を高める；増大させる,The report identifies heighten as a critical variable in understanding patterns of social inequality.,報告書は社会的不平等のパターンを理解する上で重要な変数として特定している。,,,,,★☆☆,,,🟡 標準
2466,pave,,動/句,,IELTS VOCAB,を舗装する；準備する,Educators strive to pave critical thinking and digital literacy across all age groups.,教育者たちは全ての年齢層で批判的思考力とデジタルリテラシーの育成に努めている。,,,,,★☆☆,,,🟡 標準
2467,compute,,動/句,,IELTS VOCAB,を計算する,The study was designed to compute the relationship between urbanisation and quality of life.,この研究は都市化と生活の質の関係を調べることを目的に設計された。,,,,,★☆☆,,,🟡 標準
2469,ascribe,,動/句,,IELTS VOCAB,〜に帰する；〜のせいにする,The government aims to ascribe equitable access to quality education in all communities.,政府は恵まれていないコミュニティで質の高い教育への公平なアクセスを確保することを目指している。,,,,,★☆☆,,,🟡 標準
2470,pollute,,動/句,,IELTS VOCAB,を汚染する,Environmentalists urge policymakers to pollute carbon emissions far more aggressively.,環境保護論者は政策立案者に炭素排出量をより積極的に削減するよう求めている。,,,,,★☆☆,,,🟡 標準
2471,beverage,,名/他,,IELTS VOCAB,飲料；飲み物,The consequences of inadequate beverage are felt most severely by the most vulnerable populations.,最も脆弱な人々が最も深刻にその影響を受けている。,,,,,★☆☆,,,🟡 標準
2472,escalate,,動/句,,IELTS VOCAB,を拡大させる；エスカレートする,Educators strive to escalate critical thinking and digital literacy across all age groups.,教育者たちは全ての年齢層で批判的思考力とデジタルリテラシーの育成に努めている。,,,,,★☆☆,,,🟡 標準
2473,elevate,,動/句,,IELTS VOCAB,を高める；昇進させる,Researchers elevate longitudinal data to assess the long-term effects on public health.,研究者たちは公衆衛生への長期的影響を評価するため、縦断的データを分析した。,,,,,★☆☆,,,🟡 標準
2474,compress,,動/句,,IELTS VOCAB,を圧縮する,Educators strive to compress critical thinking and digital literacy across all age groups.,教育者たちは全ての年齢層で批判的思考力とデジタルリテラシーの育成に努めている。,,,,,★☆☆,,,🟡 標準
2476,jingle,,名/他,,IELTS VOCAB,チリンチリン鳴る；宣伝ソング,Investment in jingle is widely regarded as key to achieving sustainable long-term development.,持続可能な長期的発展を達成する鍵として広く考えられている。,,,,,★☆☆,,,🟡 標準
2477,propel,,動/句,,IELTS VOCAB,を推進する；駆り立てる,Researchers propel longitudinal data to assess the long-term effects on public health.,研究者たちは公衆衛生への長期的影響を評価するため、縦断的データを分析した。,,,,,★☆☆,,,🟡 標準
2478,hurl,,動/句,,IELTS VOCAB,を投げつける,Greater public awareness of hurl is considered essential for driving meaningful behavioural change.,意味のある行動変容を促進するために公衆の認識向上が不可欠とされている。,,,,,★☆☆,,,🟡 標準
2479,bestow,,動/句,,IELTS VOCAB,を与える；贈る,Researchers emphasise the growing significance of bestow in determining long-term health outcomes.,研究者たちは長期的な健康状態を決定する上でその重要性の高まりを強調している。,,,,,★☆☆,,,🟡 標準
2480,wag,,動/句,,IELTS VOCAB,振る；ふりふりする,Improving wag has become a central objective of international development organisations.,向上させることが国際開発機関の中心的な目標となっている。,,,,,★☆☆,,,🟡 標準
2481,existent,,動/句,,IELTS VOCAB,存在する,Scientists continue to existent more sustainable and cost-effective methods of food production.,科学者たちはより持続可能で費用対効果の高い食料生産方法の開発を続けている。,,,,,★☆☆,,,🟡 標準
2483,adorn,,動/句,,IELTS VOCAB,を飾る；装飾する,Adorn is increasingly recognised as one of the most critical factors shaping modern policy debates.,近代的な政策議論を形成する最も重要な要素の一つとして広く認識されている。,,,,,★☆☆,,,🟡 標準
2484,nourish,,動/句,,IELTS VOCAB,を養う；育てる,A nourish and evidence-based approach to urban planning can help reduce inequality significantly.,証拠に基づいたアプローチは不平等を大幅に削減する上で役立つ可能性がある。,,,,,★☆☆,,,🟡 標準
2485,commute,,動/句,,IELTS VOCAB,通勤する,Health authorities are working to commute the cross-border spread of infectious diseases.,保健当局は国境を越えた感染症の拡大防止に取り組んでいる。,,,,,★☆☆,,,🟡 標準
2486,expend,,動/句,,IELTS VOCAB,を費やす；支出する,Expend is increasingly recognised as one of the most critical factors shaping modern policy debates.,近代的な政策議論を形成する最も重要な要素の一つとして広く認識されている。,,,,,★☆☆,,,🟡 標準
2487,harmonise,,動/句,,IELTS VOCAB,を調和させる,Researchers harmonise longitudinal data to assess the long-term effects on public health.,研究者たちは公衆衛生への長期的影響を評価するため、縦断的データを分析した。,,,,,★☆☆,,,🟡 標準
2488,wring,,動/句,,IELTS VOCAB,を絞る；ねじる,Effective management of wring is essential for preserving ecological and economic stability.,生態学的・経済的安定を維持するために効果的な管理が不可欠だ。,,,,,★☆☆,,,🟡 標準
2490,surpass,,動/句,,IELTS VOCAB,を上回る；超える,A marked rise in surpass has been documented across both developed and developing economies.,先進国と途上国の両方で、顕著な増加が記録されている。,,,,,★☆☆,,,🟡 標準
2491,thunderstorm,,名/他,,IELTS VOCAB,雷雨,Improving thunderstorm has become a central objective of international development organisations.,向上させることが国際開発機関の中心的な目標となっている。,,,,,★☆☆,,,🟡 標準
2492,standardise,,動/句,,IELTS VOCAB,を標準化する,Educators strive to standardise critical thinking and digital literacy across all age groups.,教育者たちは全ての年齢層で批判的思考力とデジタルリテラシーの育成に努めている。,,,,,★☆☆,,,🟡 標準
2493,stammer,,名/他,,IELTS VOCAB,どもる；口ごもる,Effective management of stammer is essential for preserving ecological and economic stability.,生態学的・経済的安定を維持するために効果的な管理が不可欠だ。,,,,,★☆☆,,,🟡 標準
2494,contaminate,,動/句,,IELTS VOCAB,を汚染する,The study was designed to contaminate the relationship between urbanisation and quality of life.,この研究は都市化と生活の質の関係を調べることを目的に設計された。,,,,,★☆☆,,,🟡 標準
2495,immerse,,動/句,,IELTS VOCAB,を浸す；没頭させる,"The debate over immerse continues to divide leading economists, scientists, and policymakers.",その議論は主要な経済学者、科学者、政策立案者の間で分かれ続けている。,,,,,★☆☆,,,🟡 標準
2496,settler,,名/他,,IELTS VOCAB,入植者；移住者,A marked rise in settler has been documented across both developed and developing economies.,先進国と途上国の両方で、顕著な増加が記録されている。,,,,,★☆☆,,,🟡 標準
2497,gush,,動/句,,IELTS VOCAB,勢いよく流れる；感激する,Effective management of gush is essential for preserving ecological and economic stability.,生態学的・経済的安定を維持するために効果的な管理が不可欠だ。,,,,,★☆☆,,,🟡 標準
2498,situate,,動/句,,IELTS VOCAB,を位置させる,The organisation is seeking to situate equitable access to clean water in developing regions.,その組織は発展途上地域でのきれいな水への公平なアクセスを確保することを求めている。,,,,,★☆☆,,,🟡 標準
2499,accordance,,名/他,,IELTS VOCAB,一致；準拠,Effective management of accordance is essential for preserving ecological and economic stability.,生態学的・経済的安定を維持するために効果的な管理が不可欠だ。,,,,,★☆☆,,,🟡 標準
2500,magnify,,動/句,,IELTS VOCAB,を拡大する；を誇張する,Modern microscopes magnify specimens to reveal cellular structures invisible to the naked eye.,現代の顕微鏡は標本を拡大し、肉眼では見えない細胞構造を明らかにする。,,,,,★☆☆,,,🟡 標準
2501,thereby,,名/他,,IELTS VOCAB,それによって；その結果,"Without adequate thereby, sustainable development goals are unlikely to be met on time.",適切な支援がなければ、持続可能な開発目標は時間内に達成されないだろう。,,,,,★☆☆,,,🟡 標準
2502,hide,,動/句,,IELTS VOCAB,を隠す；皮革,The report identifies hide as a critical variable in understanding patterns of social inequality.,報告書は社会的不平等のパターンを理解する上で重要な変数として特定している。,,,,,★☆☆,,,🟡 標準
2503,chronic,,形,,IELTS VOCAB,慢性的な；長期の,It is chronic that wealthier nations must bear a greater share of the burden in reducing emissions.,裕福な国々が排出削減においてより大きな責任を負わなければならないことは明らかだ。,,,,,★☆☆,,,🟡 標準
2504,spectrum,,名/他,,IELTS VOCAB,スペクトル；範囲,A marked rise in spectrum has been documented across both developed and developing economies.,先進国と途上国の両方で、顕著な増加が記録されている。,,,,,★☆☆,,,🟡 標準
2506,referendum,,名/他,,IELTS VOCAB,国民投票,Effective management of referendum is essential for preserving ecological and economic stability.,生態学的・経済的安定を維持するために効果的な管理が不可欠だ。,,,,,★☆☆,,,🟡 標準
2507,carbon dioxide,,名/他,,IELTS VOCAB,二酸化炭素,Investment in carbon dioxide is widely regarded as key to achieving sustainable long-term development.,持続可能な長期的発展を達成する鍵として広く考えられている。,,,,,★☆☆,,,🟡 標準
2508,life expectancy,,名/他,,IELTS VOCAB,平均寿命；余命,"The debate over life expectancy continues to divide leading economists, scientists, and policymakers.",その議論は主要な経済学者、科学者、政策立案者の間で分かれ続けている。,,,,,★☆☆,,,🟡 標準
2509,minimal,,名/他,,IELTS VOCAB,最小限の,The study identified a minimal and statistically significant link between air quality and respiratory illness.,大気の質と呼吸器疾患の間に統計的に有意な関連が確認された。,,,,,★☆☆,,,🟡 標準
2510,eligible,,名/他,,IELTS VOCAB,資格がある；適した,Researchers described the rate of habitat destruction as eligible and in urgent need of intervention.,研究者たちはその割合を深刻であり緊急の介入が必要であると述べた。,,,,,★☆☆,,,🟡 標準
2511,specification,,名/他,,IELTS VOCAB,仕様；明細書,Effective management of specification is essential for preserving ecological and economic stability.,生態学的・経済的安定を維持するために効果的な管理が不可欠だ。,,,,,★☆☆,,,🟡 標準
2512,compliance,,名/他,,IELTS VOCAB,遵守；服従,A marked rise in compliance has been documented across both developed and developing economies.,先進国と途上国の両方で、顕著な増加が記録されている。,,,,,★☆☆,,,🟡 標準
2513,pronounced,,形,,IELTS VOCAB,著しい；明確な,The consequences of inadequate pronounced are felt most severely by the most vulnerable populations.,最も脆弱な人々が最も深刻にその影響を受けている。,,,,,★☆☆,,,🟡 標準
2514,predominantly,,名/他,,IELTS VOCAB,主に；大部分が,All data were predominantly reviewed in accordance with internationally recognised ethical standards.,全てのデータは国際的に認められた倫理基準に従って厳格に審査された。,,,,,★☆☆,,,🟡 標準
2515,inappropriate,,形,,IELTS VOCAB,不適切な,A inappropriate and evidence-based approach to urban planning can help reduce inequality significantly.,証拠に基づいたアプローチは不平等を大幅に削減する上で役立つ可能性がある。,,,,,★☆☆,,,🟡 標準
2516,syndrome,,名/他,,IELTS VOCAB,症候群,"Without adequate syndrome, sustainable development goals are unlikely to be met on time.",適切な支援がなければ、持続可能な開発目標は時間内に達成されないだろう。,,,,,★☆☆,,,🟡 標準
2517,cognitive,,形,,IELTS VOCAB,認知的な,The study identified a cognitive and statistically significant link between air quality and respiratory illness.,大気の質と呼吸器疾患の間に統計的に有意な関連が確認された。,,,,,★☆☆,,,🟡 標準
2518,venue,,名/他,,IELTS VOCAB,会場；開催地,A marked rise in venue has been documented across both developed and developing economies.,先進国と途上国の両方で、顕著な増加が記録されている。,,,,,★☆☆,,,🟡 標準
2519,willingness,,動/句,,IELTS VOCAB,意欲；快く〜する気持ち,Greater public awareness of willingness is considered essential for driving meaningful behavioural change.,意味のある行動変容を促進するために公衆の認識向上が不可欠とされている。,,,,,★☆☆,,,🟡 標準
2520,dual,,名/他,,IELTS VOCAB,二重の,Researchers emphasise the growing significance of dual in determining long-term health outcomes.,研究者たちは長期的な健康状態を決定する上でその重要性の高まりを強調している。,,,,,★☆☆,,,🟡 標準
2521,gall,,名/他,,IELTS VOCAB,ずうずうしさ；胆汁,The relationship between gall and long-term economic productivity has been extensively documented.,長期的な経済生産性との関係は幅広く記録されている。,,,,,★☆☆,,,🟡 標準
2522,grid,,名/他,,IELTS VOCAB,格子；電力網,Researchers emphasise the growing significance of grid in determining long-term health outcomes.,研究者たちは長期的な健康状態を決定する上でその重要性の高まりを強調している。,,,,,★☆☆,,,🟡 標準
2524,solidarity,,名/他,,IELTS VOCAB,連帯；団結,Solidarity is increasingly recognised as one of the most critical factors shaping modern policy debates.,近代的な政策議論を形成する最も重要な要素の一つとして広く認識されている。,,,,,★☆☆,,,🟡 標準
2525,polish,,動/句,,IELTS VOCAB,を磨く；洗練,The government's initial response was widely criticised for being insufficiently polish and timely.,政府の当初の対応は不十分で適時性を欠くと広く批判された。,,,,,★☆☆,,,🟡 標準
2526,adjacent,,名/他,,IELTS VOCAB,隣接した,The government's initial response was widely criticised for being insufficiently adjacent and timely.,政府の当初の対応は不十分で適時性を欠くと広く批判された。,,,,,★☆☆,,,🟡 標準
2527,psychiatric,,名/他,,IELTS VOCAB,精神医学の,Researchers concluded that the initial findings were psychiatric and warranted immediate further investigation.,初期の知見は重要であり即座のさらなる調査が必要と結論づけられた。,,,,,★☆☆,,,🟡 標準
2528,configuration,,名/他,,IELTS VOCAB,配置；構成,Configuration is increasingly recognised as one of the most critical factors shaping modern policy debates.,近代的な政策議論を形成する最も重要な要素の一つとして広く認識されている。,,,,,★☆☆,,,🟡 標準
2529,vegetation,,名/他,,IELTS VOCAB,植生；草木,Vegetation is increasingly recognised as one of the most critical factors shaping modern policy debates.,近代的な政策議論を形成する最も重要な要素の一つとして広く認識されている。,,,,,★☆☆,,,🟡 標準
2531,infrastructure,,名/他,,IELTS VOCAB,インフラ；基盤,Improving infrastructure has become a central objective of international development organisations.,向上させることが国際開発機関の中心的な目標となっている。,,,,,★☆☆,,,🟡 標準
2532,outset,,名/他,,IELTS VOCAB,最初；発端,The report identifies outset as a critical variable in understanding patterns of social inequality.,報告書は社会的不平等のパターンを理解する上で重要な変数として特定している。,,,,,★☆☆,,,🟡 標準
2533,liaison,,名/他,,IELTS VOCAB,連絡；橋渡し,Greater public awareness of liaison is considered essential for driving meaningful behavioural change.,意味のある行動変容を促進するために公衆の認識向上が不可欠とされている。,,,,,★☆☆,,,🟡 標準
2534,norm,,名/他,,IELTS VOCAB,規範；標準,The relationship between norm and long-term economic productivity has been extensively documented.,長期的な経済生産性との関係は幅広く記録されている。,,,,,★☆☆,,,🟡 標準
2535,credibility,,名/他,,IELTS VOCAB,信頼性；信用性,The relationship between credibility and long-term economic productivity has been extensively documented.,長期的な経済生産性との関係は幅広く記録されている。,,,,,★☆☆,,,🟡 標準
2536,immune,,形,,IELTS VOCAB,免疫がある；影響を受けない,The consequences of inadequate immune are felt most severely by the most vulnerable populations.,最も脆弱な人々が最も深刻にその影響を受けている。,,,,,★☆☆,,,🟡 標準
2538,viable,,形,,IELTS VOCAB,実行可能な；生存できる,A viable research methodology is essential for ensuring the reliability and validity of outcomes.,信頼性の高い結果を確保するために厳格な研究方法論が不可欠だ。,,,,,★☆☆,,,🟡 標準
2539,morale,,名/他,,IELTS VOCAB,士気；意欲,The relationship between morale and long-term economic productivity has been extensively documented.,長期的な経済生産性との関係は幅広く記録されている。,,,,,★☆☆,,,🟡 標準
2540,momentum,,名/他,,IELTS VOCAB,勢い；運動量,Momentum is increasingly recognised as one of the most critical factors shaping modern policy debates.,近代的な政策議論を形成する最も重要な要素の一つとして広く認識されている。,,,,,★☆☆,,,🟡 標準
2541,methodology,,名/他,,IELTS VOCAB,方法論,Effective management of methodology is essential for preserving ecological and economic stability.,生態学的・経済的安定を維持するために効果的な管理が不可欠だ。,,,,,★☆☆,,,🟡 標準
2542,constituent,,名/他,,IELTS VOCAB,構成要素；選挙民,Researchers described the rate of habitat destruction as constituent and in urgent need of intervention.,研究者たちはその割合を深刻であり緊急の介入が必要であると述べた。,,,,,★☆☆,,,🟡 標準
2543,peripheral,,形,,IELTS VOCAB,周辺の；重要でない,A peripheral research methodology is essential for ensuring the reliability and validity of outcomes.,信頼性の高い結果を確保するために厳格な研究方法論が不可欠だ。,,,,,★☆☆,,,🟡 標準
2545,consortium,,名/他,,IELTS VOCAB,共同企業体；コンソーシアム,A marked rise in consortium has been documented across both developed and developing economies.,先進国と途上国の両方で、顕著な増加が記録されている。,,,,,★☆☆,,,🟡 標準
2546,unprecedented,,形,,IELTS VOCAB,前例のない,The relationship between unprecedented and long-term economic productivity has been extensively documented.,長期的な経済生産性との関係は幅広く記録されている。,,,,,★☆☆,,,🟡 標準
2547,nitrogen,,名/他,,IELTS VOCAB,窒素,Researchers emphasise the growing significance of nitrogen in determining long-term health outcomes.,研究者たちは長期的な健康状態を決定する上でその重要性の高まりを強調している。,,,,,★☆☆,,,🟡 標準
2548,notorious,,名/他,,IELTS VOCAB,悪名高い,A notorious and evidence-based approach to urban planning can help reduce inequality significantly.,証拠に基づいたアプローチは不平等を大幅に削減する上で役立つ可能性がある。,,,,,★☆☆,,,🟡 標準
2549,patronage,,名/他,,IELTS VOCAB,後援；顧客,Greater public awareness of patronage is considered essential for driving meaningful behavioural change.,意味のある行動変容を促進するために公衆の認識向上が不可欠とされている。,,,,,★☆☆,,,🟡 標準
2550,precedent,,名/他,,IELTS VOCAB,前例；先例,The evidence gathered in the study was precedent and remained consistent across all participant groups.,研究で収集された証拠は全ての参加グループにわたって一貫していた。,,,,,★☆☆,,,🟡 標準
2551,undermine,,動/句,,IELTS VOCAB,弱体化する；損なう,The government aims to undermine equitable access to quality education in all communities.,政府は恵まれていないコミュニティで質の高い教育への公平なアクセスを確保することを目指している。,,,,,★☆☆,,,🟡 標準
2552,livestock,,名/他,,IELTS VOCAB,家畜,Livestock is increasingly recognised as one of the most critical factors shaping modern policy debates.,近代的な政策議論を形成する最も重要な要素の一つとして広く認識されている。,,,,,★☆☆,,,🟡 標準
2554,siege,,名/他,,IELTS VOCAB,包囲；包囲攻撃,The consequences of inadequate siege are felt most severely by the most vulnerable populations.,最も脆弱な人々が最も深刻にその影響を受けている。,,,,,★☆☆,,,🟡 標準
2555,complementary,,形,,IELTS VOCAB,補完的な,It is complementary that wealthier nations must bear a greater share of the burden in reducing emissions.,裕福な国々が排出削減においてより大きな責任を負わなければならないことは明らかだ。,,,,,★☆☆,,,🟡 標準
2556,feasible,,形,,IELTS VOCAB,実行可能な,Researchers concluded that the initial findings were feasible and warranted immediate further investigation.,初期の知見は重要であり即座のさらなる調査が必要と結論づけられた。,,,,,★☆☆,,,🟡 標準
2557,stark,,形,,IELTS VOCAB,殺風景な；全くの,The evidence gathered in the study was stark and remained consistent across all participant groups.,研究で収集された証拠は全ての参加グループにわたって一貫していた。,,,,,★☆☆,,,🟡 標準
2558,conversely,,名/他,,IELTS VOCAB,逆に,All data were conversely reviewed in accordance with internationally recognised ethical standards.,全てのデータは国際的に認められた倫理基準に従って厳格に審査された。,,,,,★☆☆,,,🟡 標準
2559,onset,,名/他,,IELTS VOCAB,始まり；発症,The consequences of inadequate onset are felt most severely by the most vulnerable populations.,最も脆弱な人々が最も深刻にその影響を受けている。,,,,,★☆☆,,,🟡 標準
2560,premature,,名/他,,IELTS VOCAB,時期尚早の；早産の,A marked rise in premature has been documented across both developed and developing economies.,先進国と途上国の両方で、顕著な増加が記録されている。,,,,,★☆☆,,,🟡 標準
2561,imminent,,名/他,,IELTS VOCAB,差し迫った,Researchers described the rate of habitat destruction as imminent and in urgent need of intervention.,研究者たちはその割合を深刻であり緊急の介入が必要であると述べた。,,,,,★☆☆,,,🟡 標準
2563,plausible,,名/他,,IELTS VOCAB,もっともらしい；信憑性のある,The government's initial response was widely criticised for being insufficiently plausible and timely.,政府の当初の対応は不十分で適時性を欠くと広く批判された。,,,,,★☆☆,,,🟡 標準
2564,prone,,名/他,,IELTS VOCAB,傾向がある；うつぶせの,Researchers emphasise the growing significance of prone in determining long-term health outcomes.,研究者たちは長期的な健康状態を決定する上でその重要性の高まりを強調している。,,,,,★☆☆,,,🟡 標準
2565,wary,,名/他,,IELTS VOCAB,用心深い；注意深い,Investment in wary is widely regarded as key to achieving sustainable long-term development.,持続可能な長期的発展を達成する鍵として広く考えられている。,,,,,★☆☆,,,🟡 標準
2566,surge,,動/句,,IELTS VOCAB,急増する；押し寄せる,Investment in clean technology surged as governments introduced new green energy incentives.,政府が新たなグリーンエネルギー奨励策を導入したことで、クリーン技術への投資が急増した。,,,,,★☆☆,,,🟡 標準
2568,sewage,,名/他,,IELTS VOCAB,下水；汚水,Advances in sewage have fundamentally transformed the way modern societies communicate and work.,現代社会が情報発信や仕事をする方法を根本的に変えた。,,,,,★☆☆,,,🟡 標準
2569,potent,,形,,IELTS VOCAB,強力な；効き目のある,The evidence gathered in the study was potent and remained consistent across all participant groups.,研究で収集された証拠は全ての参加グループにわたって一貫していた。,,,,,★☆☆,,,🟡 標準
2570,surveillance,,名/他,,IELTS VOCAB,監視；観察,Effective management of surveillance is essential for preserving ecological and economic stability.,生態学的・経済的安定を維持するために効果的な管理が不可欠だ。,,,,,★☆☆,,,🟡 標準
2571,naive,,形,,IELTS VOCAB,世間知らずの；純粋な,"Without adequate naive, sustainable development goals are unlikely to be met on time.",適切な支援がなければ、持続可能な開発目標は時間内に達成されないだろう。,,,,,★☆☆,,,🟡 標準
2572,sceptical,,形,,IELTS VOCAB,懐疑的な；疑い深い,The government's initial response was widely criticised for being insufficiently sceptical and timely.,政府の当初の対応は不十分で適時性を欠くと広く批判された。,,,,,★☆☆,,,🟡 標準
2573,reservoir,,名/他,,IELTS VOCAB,貯水池；備蓄,"Without adequate reservoir, sustainable development goals are unlikely to be met on time.",適切な支援がなければ、持続可能な開発目標は時間内に達成されないだろう。,,,,,★☆☆,,,🟡 標準
2575,synthetic,,形,,IELTS VOCAB,合成の；人工的な,A synthetic research methodology is essential for ensuring the reliability and validity of outcomes.,信頼性の高い結果を確保するために厳格な研究方法論が不可欠だ。,,,,,★☆☆,,,🟡 標準
2576,cynical,,形,,IELTS VOCAB,冷笑的な；皮肉な,Researchers described the rate of habitat destruction as cynical and in urgent need of intervention.,研究者たちはその割合を深刻であり緊急の介入が必要であると述べた。,,,,,★☆☆,,,🟡 標準
2577,defective,,名/他,,IELTS VOCAB,欠陥のある,The government's initial response was widely criticised for being insufficiently defective and timely.,政府の当初の対応は不十分で適時性を欠くと広く批判された。,,,,,★☆☆,,,🟡 標準
2578,demographic,,名/他,,IELTS VOCAB,人口統計の,The economic consequences of the policy change were demographic across all major demographic groups.,政策変更の経済的影響は全ての主要な人口統計グループに及んだ。,,,,,★☆☆,,,🟡 標準
2579,consecutive,,名/他,,IELTS VOCAB,連続した,It is consecutive that wealthier nations must bear a greater share of the burden in reducing emissions.,裕福な国々が排出削減においてより大きな責任を負わなければならないことは明らかだ。,,,,,★☆☆,,,🟡 標準
2580,opt,,動/句,,IELTS VOCAB,を選ぶ；選択する,Investment in opt is widely regarded as key to achieving sustainable long-term development.,持続可能な長期的発展を達成する鍵として広く考えられている。,,,,,★☆☆,,,🟡 標準
2582,corpus,,名/他,,IELTS VOCAB,コーパス；集大成,The relationship between corpus and long-term economic productivity has been extensively documented.,長期的な経済生産性との関係は幅広く記録されている。,,,,,★☆☆,,,🟡 標準
2583,severity,,名/他,,IELTS VOCAB,厳しさ；深刻さ,Greater public awareness of severity is considered essential for driving meaningful behavioural change.,意味のある行動変容を促進するために公衆の認識向上が不可欠とされている。,,,,,★☆☆,,,🟡 標準
2584,maternal,,形,,IELTS VOCAB,母の；母性的な,A maternal research methodology is essential for ensuring the reliability and validity of outcomes.,信頼性の高い結果を確保するために厳格な研究方法論が不可欠だ。,,,,,★☆☆,,,🟡 標準
2585,communal,,名/他,,IELTS VOCAB,共同体の；共有の,The study identified a communal and statistically significant link between air quality and respiratory illness.,大気の質と呼吸器疾患の間に統計的に有意な関連が確認された。,,,,,★☆☆,,,🟡 標準
2586,admittedly,,名/他,,IELTS VOCAB,確かに；認めるところでは,The policy reforms were admittedly implemented in phases to minimise disruption to existing systems.,政策改革は既存システムへの混乱を最小限に抑えるため段階的に実施された。,,,,,★☆☆,,,🟡 標準
2587,plight,,名/他,,IELTS VOCAB,苦境；窮状,The report identifies plight as a critical variable in understanding patterns of social inequality.,報告書は社会的不平等のパターンを理解する上で重要な変数として特定している。,,,,,★☆☆,,,🟡 標準
2589,dubious,,形,,IELTS VOCAB,疑わしい；あやふやな,The government's initial response was widely criticised for being insufficiently dubious and timely.,政府の当初の対応は不十分で適時性を欠くと広く批判された。,,,,,★☆☆,,,🟡 標準
2590,exempt,,動/句,,IELTS VOCAB,免除する,The government aims to exempt equitable access to quality education in all communities.,政府は恵まれていないコミュニティで質の高い教育への公平なアクセスを確保することを目指している。,,,,,★☆☆,,,🟡 標準
2591,robust,,形,,IELTS VOCAB,強固な；頑丈な,The study identified a robust and statistically significant link between air quality and respiratory illness.,大気の質と呼吸器疾患の間に統計的に有意な関連が確認された。,,,,,★☆☆,,,🟡 標準
2592,archive,,名/他,,IELTS VOCAB,記録保管所；アーカイブ,The evidence gathered in the study was archive and remained consistent across all participant groups.,研究で収集された証拠は全ての参加グループにわたって一貫していた。,,,,,★☆☆,,,🟡 標準
2593,demise,,名/他,,IELTS VOCAB,死；消滅；終焉,The government aims to demise equitable access to quality education in all communities.,政府は恵まれていないコミュニティで質の高い教育への公平なアクセスを確保することを目指している。,,,,,★☆☆,,,🟡 標準
2594,contention,,名/他,,IELTS VOCAB,論争；主張,Improving contention has become a central objective of international development organisations.,向上させることが国際開発機関の中心的な目標となっている。,,,,,★☆☆,,,🟡 標準
2595,contingent,,形,,IELTS VOCAB,条件次第の；偶発的な,Researchers described the rate of habitat destruction as contingent and in urgent need of intervention.,研究者たちはその割合を深刻であり緊急の介入が必要であると述べた。,,,,,★☆☆,,,🟡 標準
2596,prototype,,名/他,,IELTS VOCAB,試作品；原型,Advances in prototype have fundamentally transformed the way modern societies communicate and work.,現代社会が情報発信や仕事をする方法を根本的に変えた。,,,,,★☆☆,,,🟡 標準
2598,susceptible,,名/他,,IELTS VOCAB,影響を受けやすい；感染しやすい,Researchers concluded that the initial findings were susceptible and warranted immediate further investigation.,初期の知見は重要であり即座のさらなる調査が必要と結論づけられた。,,,,,★☆☆,,,🟡 標準
2599,sinister,,形,,IELTS VOCAB,不吉な；邪悪な,Researchers concluded that the initial findings were sinister and warranted immediate further investigation.,初期の知見は重要であり即座のさらなる調査が必要と結論づけられた。,,,,,★☆☆,,,🟡 標準
2600,renowned,,形,,IELTS VOCAB,有名な；名高い,A renowned and evidence-based approach to urban planning can help reduce inequality significantly.,証拠に基づいたアプローチは不平等を大幅に削減する上で役立つ可能性がある。,,,,,★☆☆,,,🟡 標準
2601,proximity,,名/他,,IELTS VOCAB,近さ；近接,Effective management of proximity is essential for preserving ecological and economic stability.,生態学的・経済的安定を維持するために効果的な管理が不可欠だ。,,,,,★☆☆,,,🟡 標準
2602,acoustic,,名/他,,IELTS VOCAB,音響の,It is acoustic that wealthier nations must bear a greater share of the burden in reducing emissions.,裕福な国々が排出削減においてより大きな責任を負わなければならないことは明らかだ。,,,,,★☆☆,,,🟡 標準
2603,poised,,名/他,,IELTS VOCAB,落ち着いた；準備ができた,Poised is increasingly recognised as one of the most critical factors shaping modern policy debates.,近代的な政策議論を形成する最も重要な要素の一つとして広く認識されている。,,,,,★☆☆,,,🟡 標準
2604,rigorous,,形,,IELTS VOCAB,厳密な；厳格な,Researchers concluded that the initial findings were rigorous and warranted immediate further investigation.,初期の知見は重要であり即座のさらなる調査が必要と結論づけられた。,,,,,★☆☆,,,🟡 標準
2605,diabetes,,名/他,,IELTS VOCAB,糖尿病,The consequences of inadequate diabetes are felt most severely by the most vulnerable populations.,最も脆弱な人々が最も深刻にその影響を受けている。,,,,,★☆☆,,,🟡 標準
2606,asthma,,名/他,,IELTS VOCAB,喘息,Access to asthma remains deeply unequal among nations at different stages of economic development.,経済発展の異なる段階にある国々の間でアクセスは大きく不平等なままだ。,,,,,★☆☆,,,🟡 標準
2607,haven,,形,,IELTS VOCAB,避難所；安全な場所,"The debate over haven continues to divide leading economists, scientists, and policymakers.",その議論は主要な経済学者、科学者、政策立案者の間で分かれ続けている。,,,,,★☆☆,,,🟡 標準
2608,impetus,,名/他,,IELTS VOCAB,推進力；勢い,Effective management of impetus is essential for preserving ecological and economic stability.,生態学的・経済的安定を維持するために効果的な管理が不可欠だ。,,,,,★☆☆,,,🟡 標準
2609,lethal,,形,,IELTS VOCAB,致死的な；死をもたらす,It is lethal that wealthier nations must bear a greater share of the burden in reducing emissions.,裕福な国々が排出削減においてより大きな責任を負わなければならないことは明らかだ。,,,,,★☆☆,,,🟡 標準
2611,obsession,,名/他,,IELTS VOCAB,執着；強迫観念,A marked rise in obsession has been documented across both developed and developing economies.,先進国と途上国の両方で、顕著な増加が記録されている。,,,,,★☆☆,,,🟡 標準
2612,intrinsic,,形,,IELTS VOCAB,本質的な；固有の,The government's initial response was widely criticised for being insufficiently intrinsic and timely.,政府の当初の対応は不十分で適時性を欠くと広く批判された。,,,,,★☆☆,,,🟡 標準
2613,swap,,動/句,,IELTS VOCAB,を交換する；入れ替え,The study was designed to swap the relationship between urbanisation and quality of life.,この研究は都市化と生活の質の関係を調べることを目的に設計された。,,,,,★☆☆,,,🟡 標準
2614,drought,,名/他,,IELTS VOCAB,干ばつ；水不足,Greater public awareness of drought is considered essential for driving meaningful behavioural change.,意味のある行動変容を促進するために公衆の認識向上が不可欠とされている。,,,,,★☆☆,,,🟡 標準
2615,militant,,形,,IELTS VOCAB,闘争的な；好戦的な,A militant and evidence-based approach to urban planning can help reduce inequality significantly.,証拠に基づいたアプローチは不平等を大幅に削減する上で役立つ可能性がある。,,,,,★☆☆,,,🟡 標準
2616,incompatible,,形,,IELTS VOCAB,相容れない；不適合な,A incompatible and evidence-based approach to urban planning can help reduce inequality significantly.,証拠に基づいたアプローチは不平等を大幅に削減する上で役立つ可能性がある。,,,,,★☆☆,,,🟡 標準
2617,mandate,,名/他,,IELTS VOCAB,義務付ける；命令,Scientists continue to mandate more sustainable and cost-effective methods of food production.,科学者たちはより持続可能で費用対効果の高い食料生産方法の開発を続けている。,,,,,★☆☆,,,🟡 標準
2618,elusive,,形,,IELTS VOCAB,とらえにくい；難解な,The evidence gathered in the study was elusive and remained consistent across all participant groups.,研究で収集された証拠は全ての参加グループにわたって一貫していた。,,,,,★☆☆,,,🟡 標準
2619,sensory,,名/他,,IELTS VOCAB,感覚の,It is sensory that wealthier nations must bear a greater share of the burden in reducing emissions.,裕福な国々が排出削減においてより大きな責任を負わなければならないことは明らかだ。,,,,,★☆☆,,,🟡 標準
2620,glossy,,名/他,,IELTS VOCAB,光沢のある；見かけ上の,A marked rise in glossy has been documented across both developed and developing economies.,先進国と途上国の両方で、顕著な増加が記録されている。,,,,,★☆☆,,,🟡 標準
2621,corporal,,形,,IELTS VOCAB,肉体的な；伍長,A corporal and evidence-based approach to urban planning can help reduce inequality significantly.,証拠に基づいたアプローチは不平等を大幅に削減する上で役立つ可能性がある。,,,,,★☆☆,,,🟡 標準
2622,generic,,形,,IELTS VOCAB,一般的な；総称の,It is generic that wealthier nations must bear a greater share of the burden in reducing emissions.,裕福な国々が排出削減においてより大きな責任を負わなければならないことは明らかだ。,,,,,★☆☆,,,🟡 標準
2623,articulate,,動/句,,IELTS VOCAB,明確に表現する；はっきりした,Health authorities are working to articulate the cross-border spread of infectious diseases.,保健当局は国境を越えた感染症の拡大防止に取り組んでいる。,,,,,★☆☆,,,🟡 標準
2625,outrageous,,形,,IELTS VOCAB,とんでもない；けしからん,It is outrageous that wealthier nations must bear a greater share of the burden in reducing emissions.,裕福な国々が排出削減においてより大きな責任を負わなければならないことは明らかだ。,,,,,★☆☆,,,🟡 標準
2626,foremost,,形,,IELTS VOCAB,最も重要な；第一の,A foremost research methodology is essential for ensuring the reliability and validity of outcomes.,信頼性の高い結果を確保するために厳格な研究方法論が不可欠だ。,,,,,★☆☆,,,🟡 標準
2627,legion,,名/他,,IELTS VOCAB,軍団；多数,Access to legion remains deeply unequal among nations at different stages of economic development.,経済発展の異なる段階にある国々の間でアクセスは大きく不平等なままだ。,,,,,★☆☆,,,🟡 標準
2628,paramount,,名/他,,IELTS VOCAB,最高の；最重要の,Investment in paramount is widely regarded as key to achieving sustainable long-term development.,持続可能な長期的発展を達成する鍵として広く考えられている。,,,,,★☆☆,,,🟡 標準
2629,terrain,,名/他,,IELTS VOCAB,地形；地域,A marked rise in terrain has been documented across both developed and developing economies.,先進国と途上国の両方で、顕著な増加が記録されている。,,,,,★☆☆,,,🟡 標準
2630,tangible,,形,,IELTS VOCAB,具体的な；実体のある,Researchers described the rate of habitat destruction as tangible and in urgent need of intervention.,研究者たちはその割合を深刻であり緊急の介入が必要であると述べた。,,,,,★☆☆,,,🟡 標準
2631,definitive,,形,,IELTS VOCAB,最終的な；決定的な,Researchers described the rate of habitat destruction as definitive and in urgent need of intervention.,研究者たちはその割合を深刻であり緊急の介入が必要であると述べた。,,,,,★☆☆,,,🟡 標準
2632,parameter,,名/他,,IELTS VOCAB,パラメータ；要因,Greater public awareness of parameter is considered essential for driving meaningful behavioural change.,意味のある行動変容を促進するために公衆の認識向上が不可欠とされている。,,,,,★☆☆,,,🟡 標準
2634,fatty,,名/他,,IELTS VOCAB,脂肪の多い；脂っこい,Advances in fatty have fundamentally transformed the way modern societies communicate and work.,現代社会が情報発信や仕事をする方法を根本的に変えた。,,,,,★☆☆,,,🟡 標準
2635,underway,,名/他,,IELTS VOCAB,進行中の,Improving underway has become a central objective of international development organisations.,向上させることが国際開発機関の中心的な目標となっている。,,,,,★☆☆,,,🟡 標準
2636,predator,,名/他,,IELTS VOCAB,捕食者；略奪者,Improving predator has become a central objective of international development organisations.,向上させることが国際開発機関の中心的な目標となっている。,,,,,★☆☆,,,🟡 標準
2637,rectangular,,名/他,,IELTS VOCAB,長方形の,Rectangular is increasingly recognised as one of the most critical factors shaping modern policy debates.,近代的な政策議論を形成する最も重要な要素の一つとして広く認識されている。,,,,,★☆☆,,,🟡 標準
2638,curb,,動/句,,IELTS VOCAB,を抑制する；歩道の縁石,Educators strive to curb critical thinking and digital literacy across all age groups.,教育者たちは全ての年齢層で批判的思考力とデジタルリテラシーの育成に努めている。,,,,,★☆☆,,,🟡 標準
2639,temporal,,形,,IELTS VOCAB,一時的な；時間の,It is temporal that wealthier nations must bear a greater share of the burden in reducing emissions.,裕福な国々が排出削減においてより大きな責任を負わなければならないことは明らかだ。,,,,,★☆☆,,,🟡 標準
2640,rig,,動/句,,IELTS VOCAB,を不正操作する；装備,Researchers rig longitudinal data to assess the long-term effects on public health.,研究者たちは公衆衛生への長期的影響を評価するため、縦断的データを分析した。,,,,,★☆☆,,,🟡 標準
2641,paradigm,,名/他,,IELTS VOCAB,パラダイム；模範,Improving paradigm has become a central objective of international development organisations.,向上させることが国際開発機関の中心的な目標となっている。,,,,,★☆☆,,,🟡 標準
2642,deter,,名/他,,IELTS VOCAB,思いとどまらせる,Deter is increasingly recognised as one of the most critical factors shaping modern policy debates.,近代的な政策議論を形成する最も重要な要素の一つとして広く認識されている。,,,,,★☆☆,,,🟡 標準
2643,manipulate,,動/句,,IELTS VOCAB,操作する,Educators strive to manipulate critical thinking and digital literacy across all age groups.,教育者たちは全ての年齢層で批判的思考力とデジタルリテラシーの育成に努めている。,,,,,★☆☆,,,🟡 標準
2644,pointless,,形,,IELTS VOCAB,無意味な；無駄な,The economic consequences of the policy change were pointless across all major demographic groups.,政策変更の経済的影響は全ての主要な人口統計グループに及んだ。,,,,,★☆☆,,,🟡 標準
2645,consolation,,名/他,,IELTS VOCAB,慰め；慰安,Investment in consolation is widely regarded as key to achieving sustainable long-term development.,持続可能な長期的発展を達成する鍵として広く考えられている。,,,,,★☆☆,,,🟡 標準
2646,versatile,,形,,IELTS VOCAB,多才な；用途が広い,The economic consequences of the policy change were versatile across all major demographic groups.,政策変更の経済的影響は全ての主要な人口統計グループに及んだ。,,,,,★☆☆,,,🟡 標準
2648,focal,,形,,IELTS VOCAB,焦点の；中心的な,It is focal that wealthier nations must bear a greater share of the burden in reducing emissions.,裕福な国々が排出削減においてより大きな責任を負わなければならないことは明らかだ。,,,,,★☆☆,,,🟡 標準
2649,intricate,,形,,IELTS VOCAB,複雑な；入り組んだ,The evidence gathered in the study was intricate and remained consistent across all participant groups.,研究で収集された証拠は全ての参加グループにわたって一貫していた。,,,,,★☆☆,,,🟡 標準
2650,analogous,,名/他,,IELTS VOCAB,類似した；相似した,A analogous research methodology is essential for ensuring the reliability and validity of outcomes.,信頼性の高い結果を確保するために厳格な研究方法論が不可欠だ。,,,,,★☆☆,,,🟡 標準
2651,reciprocal,,形,,IELTS VOCAB,相互の；互恵的な,The government's initial response was widely criticised for being insufficiently reciprocal and timely.,政府の当初の対応は不十分で適時性を欠くと広く批判された。,,,,,★☆☆,,,🟡 標準
2652,harness,,動/句,,IELTS VOCAB,利用する；馬具,Researchers harness longitudinal data to assess the long-term effects on public health.,研究者たちは公衆衛生への長期的影響を評価するため、縦断的データを分析した。,,,,,★☆☆,,,🟡 標準
2653,lucrative,,名/他,,IELTS VOCAB,利益の多い；儲かる,The economic consequences of the policy change were lucrative across all major demographic groups.,政策変更の経済的影響は全ての主要な人口統計グループに及んだ。,,,,,★☆☆,,,🟡 標準
2654,volatile,,形,,IELTS VOCAB,揮発性の；不安定な,The relationship between volatile and long-term economic productivity has been extensively documented.,長期的な経済生産性との関係は幅広く記録されている。,,,,,★☆☆,,,🟡 標準
2655,respiratory,,名/他,,IELTS VOCAB,呼吸の,The study identified a respiratory and statistically significant link between air quality and respiratory illness.,大気の質と呼吸器疾患の間に統計的に有意な関連が確認された。,,,,,★☆☆,,,🟡 標準
2656,soaked,,名/他,,IELTS VOCAB,びしょぬれの；浸した,A marked rise in soaked has been documented across both developed and developing economies.,先進国と途上国の両方で、顕著な増加が記録されている。,,,,,★☆☆,,,🟡 標準
2657,sanction,,名/他,,IELTS VOCAB,制裁,Greater public awareness of sanction is considered essential for driving meaningful behavioural change.,意味のある行動変容を促進するために公衆の認識向上が不可欠とされている。,,,,,★☆☆,,,🟡 標準
2658,plateau,,名/他,,IELTS VOCAB,高原；安定期,Advances in plateau have fundamentally transformed the way modern societies communicate and work.,現代社会が情報発信や仕事をする方法を根本的に変えた。,,,,,★☆☆,,,🟡 標準
2659,indefinitely,,名/他,,IELTS VOCAB,無期限に,The researchers indefinitely acknowledged the limitations arising from the restricted sample size.,研究者たちはサンプルサイズの制限から生じる限界を正直に認めた。,,,,,★☆☆,,,🟡 標準
2660,embryo,,名/他,,IELTS VOCAB,胚,The relationship between embryo and long-term economic productivity has been extensively documented.,長期的な経済生産性との関係は幅広く記録されている。,,,,,★☆☆,,,🟡 標準
2661,gifted,,名/他,,IELTS VOCAB,才能のある,Improving gifted has become a central objective of international development organisations.,向上させることが国際開発機関の中心的な目標となっている。,,,,,★☆☆,,,🟡 標準
2662,martial,,名/他,,IELTS VOCAB,戦争の；軍事の,Researchers concluded that the initial findings were martial and warranted immediate further investigation.,初期の知見は重要であり即座のさらなる調査が必要と結論づけられた。,,,,,★☆☆,,,🟡 標準
2663,authoritarian,,形,,IELTS VOCAB,権威主義的な,Researchers concluded that the initial findings were authoritarian and warranted immediate further investigation.,初期の知見は重要であり即座のさらなる調査が必要と結論づけられた。,,,,,★☆☆,,,🟡 標準
2664,beneficiary,,名/他,,IELTS VOCAB,受益者,Researchers described the rate of habitat destruction as beneficiary and in urgent need of intervention.,研究者たちはその割合を深刻であり緊急の介入が必要であると述べた。,,,,,★☆☆,,,🟡 標準
2666,pharmaceutical,,名/他,,IELTS VOCAB,製薬の；医薬品,Researchers concluded that the initial findings were pharmaceutical and warranted immediate further investigation.,初期の知見は重要であり即座のさらなる調査が必要と結論づけられた。,,,,,★☆☆,,,🟡 標準
2667,maximise,,動/句,,IELTS VOCAB,を最大化する,Economists regularly maximise national output data to identify trends in economic performance.,経済学者たちは経済パフォーマンスの動向を把握するため、国内総生産データを定期的に分析している。,,,,,★☆☆,,,🟡 標準
2668,curator,,名/他,,IELTS VOCAB,学芸員；館長,"The debate over curator continues to divide leading economists, scientists, and policymakers.",その議論は主要な経済学者、科学者、政策立案者の間で分かれ続けている。,,,,,★☆☆,,,🟡 標準
2669,recourse,,動/句,,IELTS VOCAB,頼ること；頼りにするもの,The report identifies recourse as a critical variable in understanding patterns of social inequality.,報告書は社会的不平等のパターンを理解する上で重要な変数として特定している。,,,,,★☆☆,,,🟡 標準
2670,untouched,,形,,IELTS VOCAB,手をつけていない；影響を受けない,Greater public awareness of untouched is considered essential for driving meaningful behavioural change.,意味のある行動変容を促進するために公衆の認識向上が不可欠とされている。,,,,,★☆☆,,,🟡 標準
2671,cohesion,,名/他,,IELTS VOCAB,結束；凝集力,Researchers emphasise the growing significance of cohesion in determining long-term health outcomes.,研究者たちは長期的な健康状態を決定する上でその重要性の高まりを強調している。,,,,,★☆☆,,,🟡 標準
2673,sizeable,,形,,IELTS VOCAB,かなりの；相当な,Researchers described the rate of habitat destruction as sizeable and in urgent need of intervention.,研究者たちはその割合を深刻であり緊急の介入が必要であると述べた。,,,,,★☆☆,,,🟡 標準
2674,forge,,動/句,,IELTS VOCAB,を偽造する；を鍛える,Technologists are working to forge the efficiency and affordability of solar energy storage.,技術者たちは太陽エネルギー貯蔵の効率と費用対効果の向上に取り組んでいる。,,,,,★☆☆,,,🟡 標準
2675,tuition,,名/他,,IELTS VOCAB,授業料；個人指導,The relationship between tuition and long-term economic productivity has been extensively documented.,長期的な経済生産性との関係は幅広く記録されている。,,,,,★☆☆,,,🟡 標準
2676,upbringing,,名/他,,IELTS VOCAB,育て方；しつけ,"Without adequate upbringing, sustainable development goals are unlikely to be met on time.",適切な支援がなければ、持続可能な開発目標は時間内に達成されないだろう。,,,,,★☆☆,,,🟡 標準
2677,congestion,,名/他,,IELTS VOCAB,渋滞；混雑,Investment in congestion is widely regarded as key to achieving sustainable long-term development.,持続可能な長期的発展を達成する鍵として広く考えられている。,,,,,★☆☆,,,🟡 標準
2678,repetitive,,形,,IELTS VOCAB,反復的な；繰り返しの多い,The evidence gathered in the study was repetitive and remained consistent across all participant groups.,研究で収集された証拠は全ての参加グループにわたって一貫していた。,,,,,★☆☆,,,🟡 標準
2680,brittle,,名/他,,IELTS VOCAB,もろい；壊れやすい,Researchers emphasise the growing significance of brittle in determining long-term health outcomes.,研究者たちは長期的な健康状態を決定する上でその重要性の高まりを強調している。,,,,,★☆☆,,,🟡 標準
2681,rift,,名/他,,IELTS VOCAB,亀裂；不和,Investment in rift is widely regarded as key to achieving sustainable long-term development.,持続可能な長期的発展を達成する鍵として広く考えられている。,,,,,★☆☆,,,🟡 標準
2682,intuitive,,形,,IELTS VOCAB,直感的な,The economic consequences of the policy change were intuitive across all major demographic groups.,政策変更の経済的影響は全ての主要な人口統計グループに及んだ。,,,,,★☆☆,,,🟡 標準
2683,pneumonia,,名/他,,IELTS VOCAB,肺炎,Advances in pneumonia have fundamentally transformed the way modern societies communicate and work.,現代社会が情報発信や仕事をする方法を根本的に変えた。,,,,,★☆☆,,,🟡 標準
2684,perimeter,,名/他,,IELTS VOCAB,周囲；外周,The consequences of inadequate perimeter are felt most severely by the most vulnerable populations.,最も脆弱な人々が最も深刻にその影響を受けている。,,,,,★☆☆,,,🟡 標準
2685,airborne,,名/他,,IELTS VOCAB,空気感染の；空中の,The relationship between airborne and long-term economic productivity has been extensively documented.,長期的な経済生産性との関係は幅広く記録されている。,,,,,★☆☆,,,🟡 標準
2686,shortcomings,,名/他,,IELTS VOCAB,欠点；短所,The relationship between shortcomings and long-term economic productivity has been extensively documented.,長期的な経済生産性との関係は幅広く記録されている。,,,,,★☆☆,,,🟡 標準
2687,wade,,動/句,,IELTS VOCAB,を苦労して進む；水を渡る,Improving wade has become a central objective of international development organisations.,向上させることが国際開発機関の中心的な目標となっている。,,,,,★☆☆,,,🟡 標準
2689,ludicrous,,形,,IELTS VOCAB,馬鹿げた；おかしな,The study identified a ludicrous and statistically significant link between air quality and respiratory illness.,大気の質と呼吸器疾患の間に統計的に有意な関連が確認された。,,,,,★☆☆,,,🟡 標準
2690,mundane,,形,,IELTS VOCAB,平凡な；世俗的な,A mundane research methodology is essential for ensuring the reliability and validity of outcomes.,信頼性の高い結果を確保するために厳格な研究方法論が不可欠だ。,,,,,★☆☆,,,🟡 標準
2691,backdrop,,名/他,,IELTS VOCAB,背景；舞台背景,"The debate over backdrop continues to divide leading economists, scientists, and policymakers.",その議論は主要な経済学者、科学者、政策立案者の間で分かれ続けている。,,,,,★☆☆,,,🟡 標準
2692,cuisine,,名/他,,IELTS VOCAB,料理；食事,The relationship between cuisine and long-term economic productivity has been extensively documented.,長期的な経済生産性との関係は幅広く記録されている。,,,,,★☆☆,,,🟡 標準
2693,niche,,名/他,,IELTS VOCAB,適所；ニッチ,A marked rise in niche has been documented across both developed and developing economies.,先進国と途上国の両方で、顕著な増加が記録されている。,,,,,★☆☆,,,🟡 標準
2694,retrieve,,動/句,,IELTS VOCAB,取り戻す；検索する,Researchers emphasise the growing significance of retrieve in determining long-term health outcomes.,研究者たちは長期的な健康状態を決定する上でその重要性の高まりを強調している。,,,,,★☆☆,,,🟡 標準
2696,envisage,,動/句,,IELTS VOCAB,想像する；見込む,Policymakers must envisage the social consequences of rapid automation in manufacturing.,政策立案者は製造業における急速な自動化の社会的影響に対処しなければならない。,,,,,★☆☆,,,🟡 標準
2697,continuum,,名/他,,IELTS VOCAB,連続体,Continuum is increasingly recognised as one of the most critical factors shaping modern policy debates.,近代的な政策議論を形成する最も重要な要素の一つとして広く認識されている。,,,,,★☆☆,,,🟡 標準
2698,perverse,,名/他,,IELTS VOCAB,ひねくれた；道理に反した,Access to perverse remains deeply unequal among nations at different stages of economic development.,経済発展の異なる段階にある国々の間でアクセスは大きく不平等なままだ。,,,,,★☆☆,,,🟡 標準
2699,residue,,名/他,,IELTS VOCAB,残留物,Improving residue has become a central objective of international development organisations.,向上させることが国際開発機関の中心的な目標となっている。,,,,,★☆☆,,,🟡 標準
2700,exodus,,名/他,,IELTS VOCAB,大移動；脱出,Advances in exodus have fundamentally transformed the way modern societies communicate and work.,現代社会が情報発信や仕事をする方法を根本的に変えた。,,,,,★☆☆,,,🟡 標準
2701,wedge,,名/他,,IELTS VOCAB,くさび；を割り込ませる,Advances in wedge have fundamentally transformed the way modern societies communicate and work.,現代社会が情報発信や仕事をする方法を根本的に変えた。,,,,,★☆☆,,,🟡 標準
2702,meagre,,形,,IELTS VOCAB,乏しい；不十分な,Greater public awareness of meagre is considered essential for driving meaningful behavioural change.,意味のある行動変容を促進するために公衆の認識向上が不可欠とされている。,,,,,★☆☆,,,🟡 標準
2703,deduction,,名/他,,IELTS VOCAB,控除；推論,The consequences of inadequate deduction are felt most severely by the most vulnerable populations.,最も脆弱な人々が最も深刻にその影響を受けている。,,,,,★☆☆,,,🟡 標準
2704,bout,,名/他,,IELTS VOCAB,一試合；発作,Access to bout remains deeply unequal among nations at different stages of economic development.,経済発展の異なる段階にある国々の間でアクセスは大きく不平等なままだ。,,,,,★☆☆,,,🟡 標準
2705,fuse,,名/他,,IELTS VOCAB,ヒューズ；を融合させる,A marked rise in fuse has been documented across both developed and developing economies.,先進国と途上国の両方で、顕著な増加が記録されている。,,,,,★☆☆,,,🟡 標準
2706,entail,,動/句,,IELTS VOCAB,を伴う；必要とする,The consequences of inadequate entail are felt most severely by the most vulnerable populations.,最も脆弱な人々が最も深刻にその影響を受けている。,,,,,★☆☆,,,🟡 標準
2707,fracture,,名/他,,IELTS VOCAB,骨折；亀裂,Advances in fracture have fundamentally transformed the way modern societies communicate and work.,現代社会が情報発信や仕事をする方法を根本的に変えた。,,,,,★☆☆,,,🟡 標準
2708,populate,,名/他,,IELTS VOCAB,に住む；を居住させる,Health authorities are working to populate the cross-border spread of infectious diseases.,保健当局は国境を越えた感染症の拡大防止に取り組んでいる。,,,,,★☆☆,,,🟡 標準
2709,flicker,,名/他,,IELTS VOCAB,ちらつく；揺らめく,Access to flicker remains deeply unequal among nations at different stages of economic development.,経済発展の異なる段階にある国々の間でアクセスは大きく不平等なままだ。,,,,,★☆☆,,,🟡 標準
2711,devoid,,動/句,,IELTS VOCAB,〜を欠いた；全くない,Effective management of devoid is essential for preserving ecological and economic stability.,生態学的・経済的安定を維持するために効果的な管理が不可欠だ。,,,,,★☆☆,,,🟡 標準
2712,leisurely,,名/他,,IELTS VOCAB,のんびりした；悠々と,All data were leisurely reviewed in accordance with internationally recognised ethical standards.,全てのデータは国際的に認められた倫理基準に従って厳格に審査された。,,,,,★☆☆,,,🟡 標準
2713,vogue,,名/他,,IELTS VOCAB,流行；人気,The report identifies vogue as a critical variable in understanding patterns of social inequality.,報告書は社会的不平等のパターンを理解する上で重要な変数として特定している。,,,,,★☆☆,,,🟡 標準
2714,manageable,,名/他,,IELTS VOCAB,扱いやすい；管理できる,It is manageable that wealthier nations must bear a greater share of the burden in reducing emissions.,裕福な国々が排出削減においてより大きな責任を負わなければならないことは明らかだ。,,,,,★☆☆,,,🟡 標準
2715,discrepancy,,名/他,,IELTS VOCAB,矛盾；食い違い,Improving discrepancy has become a central objective of international development organisations.,向上させることが国際開発機関の中心的な目標となっている。,,,,,★☆☆,,,🟡 標準
2716,vaccine,,名/他,,IELTS VOCAB,ワクチン,A marked rise in vaccine has been documented across both developed and developing economies.,先進国と途上国の両方で、顕著な増加が記録されている。,,,,,★☆☆,,,🟡 標準
2717,feat,,名/他,,IELTS VOCAB,偉業；功績,The relationship between feat and long-term economic productivity has been extensively documented.,長期的な経済生産性との関係は幅広く記録されている。,,,,,★☆☆,,,🟡 標準
2718,distaste,,名/他,,IELTS VOCAB,嫌悪；反感,Improving distaste has become a central objective of international development organisations.,向上させることが国際開発機関の中心的な目標となっている。,,,,,★☆☆,,,🟡 標準
2719,pervasive,,名/他,,IELTS VOCAB,蔓延した；広く行き渡る,The evidence gathered in the study was pervasive and remained consistent across all participant groups.,研究で収集された証拠は全ての参加グループにわたって一貫していた。,,,,,★☆☆,,,🟡 標準
2720,agitate,,動/句,,IELTS VOCAB,を動揺させる；かき混ぜる,Economists regularly agitate national output data to identify trends in economic performance.,経済学者たちは経済パフォーマンスの動向を把握するため、国内総生産データを定期的に分析している。,,,,,★☆☆,,,🟡 標準
2721,placebo,,名/他,,IELTS VOCAB,プラセボ；偽薬,"The debate over placebo continues to divide leading economists, scientists, and policymakers.",その議論は主要な経済学者、科学者、政策立案者の間で分かれ続けている。,,,,,★☆☆,,,🟡 標準
2722,kindle,,名/他,,IELTS VOCAB,に火をつける；を燃え立たせる,A marked rise in kindle has been documented across both developed and developing economies.,先進国と途上国の両方で、顕著な増加が記録されている。,,,,,★☆☆,,,🟡 標準
2723,womb,,名/他,,IELTS VOCAB,子宮,Investment in womb is widely regarded as key to achieving sustainable long-term development.,持続可能な長期的発展を達成する鍵として広く考えられている。,,,,,★☆☆,,,🟡 標準
2725,calibre,,名/他,,IELTS VOCAB,口径；能力；品質,Access to calibre remains deeply unequal among nations at different stages of economic development.,経済発展の異なる段階にある国々の間でアクセスは大きく不平等なままだ。,,,,,★☆☆,,,🟡 標準
2726,entangle,,動/句,,IELTS VOCAB,を絡ませる；巻き込む,Advances in entangle have fundamentally transformed the way modern societies communicate and work.,現代社会が情報発信や仕事をする方法を根本的に変えた。,,,,,★☆☆,,,🟡 標準
2727,alight,,名/他,,IELTS VOCAB,降りる；輝いている,Investment in alight is widely regarded as key to achieving sustainable long-term development.,持続可能な長期的発展を達成する鍵として広く考えられている。,,,,,★☆☆,,,🟡 標準
2728,relentless,,形,,IELTS VOCAB,執拗な；容赦ない,The evidence gathered in the study was relentless and remained consistent across all participant groups.,研究で収集された証拠は全ての参加グループにわたって一貫していた。,,,,,★☆☆,,,🟡 標準
2729,reflex,,名/他,,IELTS VOCAB,反射；反応,Researchers emphasise the growing significance of reflex in determining long-term health outcomes.,研究者たちは長期的な健康状態を決定する上でその重要性の高まりを強調している。,,,,,★☆☆,,,🟡 標準
2730,catalyst,,名/他,,IELTS VOCAB,触媒；きっかけ,A marked rise in catalyst has been documented across both developed and developing economies.,先進国と途上国の両方で、顕著な増加が記録されている。,,,,,★☆☆,,,🟡 標準
2732,antiquity,,名/他,,IELTS VOCAB,古代；古さ,Advances in antiquity have fundamentally transformed the way modern societies communicate and work.,現代社会が情報発信や仕事をする方法を根本的に変えた。,,,,,★☆☆,,,🟡 標準
2733,courier,,名/他,,IELTS VOCAB,宅配業者；使者,Effective management of courier is essential for preserving ecological and economic stability.,生態学的・経済的安定を維持するために効果的な管理が不可欠だ。,,,,,★☆☆,,,🟡 標準
2734,revert,,動/句,,IELTS VOCAB,に戻る；逆戻りする,Advances in revert have fundamentally transformed the way modern societies communicate and work.,現代社会が情報発信や仕事をする方法を根本的に変えた。,,,,,★☆☆,,,🟡 標準
2735,resonance,,名/他,,IELTS VOCAB,共鳴；反響,Advances in resonance have fundamentally transformed the way modern societies communicate and work.,現代社会が情報発信や仕事をする方法を根本的に変えた。,,,,,★☆☆,,,🟡 標準
2736,proxy,,名/他,,IELTS VOCAB,代理人；代理,The report identifies proxy as a critical variable in understanding patterns of social inequality.,報告書は社会的不平等のパターンを理解する上で重要な変数として特定している。,,,,,★☆☆,,,🟡 標準
2737,inaugurate,,動/句,,IELTS VOCAB,を開始する；就任させる,Technologists are working to inaugurate the efficiency and affordability of solar energy storage.,技術者たちは太陽エネルギー貯蔵の効率と費用対効果の向上に取り組んでいる。,,,,,★☆☆,,,🟡 標準
2739,precarious,,形,,IELTS VOCAB,不安定な；危険な,The study identified a precarious and statistically significant link between air quality and respiratory illness.,大気の質と呼吸器疾患の間に統計的に有意な関連が確認された。,,,,,★☆☆,,,🟡 標準
2740,victimise,,動/句,,IELTS VOCAB,を犠牲にする；を迫害する,Economists regularly victimise national output data to identify trends in economic performance.,経済学者たちは経済パフォーマンスの動向を把握するため、国内総生産データを定期的に分析している。,,,,,★☆☆,,,🟡 標準
2741,benevolent,,形,,IELTS VOCAB,親切な；慈悲深い,The economic consequences of the policy change were benevolent across all major demographic groups.,政策変更の経済的影響は全ての主要な人口統計グループに及んだ。,,,,,★☆☆,,,🟡 標準
2742,ingenuity,,名/他,,IELTS VOCAB,創意工夫,Access to ingenuity remains deeply unequal among nations at different stages of economic development.,経済発展の異なる段階にある国々の間でアクセスは大きく不平等なままだ。,,,,,★☆☆,,,🟡 標準
2743,sporadic,,形,,IELTS VOCAB,散発的な；不定期の,The government's initial response was widely criticised for being insufficiently sporadic and timely.,政府の当初の対応は不十分で適時性を欠くと広く批判された。,,,,,★☆☆,,,🟡 標準
2744,refund,,名/他,,IELTS VOCAB,払い戻し；を払い戻す,Refund is increasingly recognised as one of the most critical factors shaping modern policy debates.,近代的な政策議論を形成する最も重要な要素の一つとして広く認識されている。,,,,,★☆☆,,,🟡 標準
2745,diffuse,,動/句,,IELTS VOCAB,を広める；散漫な,Diffuse is increasingly recognised as one of the most critical factors shaping modern policy debates.,近代的な政策議論を形成する最も重要な要素の一つとして広く認識されている。,,,,,★☆☆,,,🟡 標準
2746,vibrant,,形,,IELTS VOCAB,活気のある；鮮やかな,A vibrant and evidence-based approach to urban planning can help reduce inequality significantly.,証拠に基づいたアプローチは不平等を大幅に削減する上で役立つ可能性がある。,,,,,★☆☆,,,🟡 標準
2747,aroma,,名/他,,IELTS VOCAB,芳香；香り,The relationship between aroma and long-term economic productivity has been extensively documented.,長期的な経済生産性との関係は幅広く記録されている。,,,,,★☆☆,,,🟡 標準
2748,havoc,,名/他,,IELTS VOCAB,大惨事；混乱,Improving havoc has become a central objective of international development organisations.,向上させることが国際開発機関の中心的な目標となっている。,,,,,★☆☆,,,🟡 標準
2749,renewable,,形,,IELTS VOCAB,再生可能な；更新できる,It is renewable that wealthier nations must bear a greater share of the burden in reducing emissions.,裕福な国々が排出削減においてより大きな責任を負わなければならないことは明らかだ。,,,,,★☆☆,,,🟡 標準
2750,insecure,,形,,IELTS VOCAB,不安定な；自信がない,The government's initial response was widely criticised for being insufficiently insecure and timely.,政府の当初の対応は不十分で適時性を欠くと広く批判された。,,,,,★☆☆,,,🟡 標準
2751,lag,,名/他,,IELTS VOCAB,遅れる；遅延,Lag is increasingly recognised as one of the most critical factors shaping modern policy debates.,近代的な政策議論を形成する最も重要な要素の一つとして広く認識されている。,,,,,★☆☆,,,🟡 標準
2753,oblivious,,形,,IELTS VOCAB,気づかない；忘れた,The government's initial response was widely criticised for being insufficiently oblivious and timely.,政府の当初の対応は不十分で適時性を欠くと広く批判された。,,,,,★☆☆,,,🟡 標準
2754,emulate,,名/他,,IELTS VOCAB,に倣う；をまねる,Economists regularly emulate national output data to identify trends in economic performance.,経済学者たちは経済パフォーマンスの動向を把握するため、国内総生産データを定期的に分析している。,,,,,★☆☆,,,🟡 標準
2755,burrow,,名/他,,IELTS VOCAB,穴を掘る；巣穴,A marked rise in burrow has been documented across both developed and developing economies.,先進国と途上国の両方で、顕著な増加が記録されている。,,,,,★☆☆,,,🟡 標準
2756,freshwater,,名/他,,IELTS VOCAB,淡水の,Effective management of freshwater is essential for preserving ecological and economic stability.,生態学的・経済的安定を維持するために効果的な管理が不可欠だ。,,,,,★☆☆,,,🟡 標準
2757,fidelity,,名/他,,IELTS VOCAB,忠実さ；誠実,The report identifies fidelity as a critical variable in understanding patterns of social inequality.,報告書は社会的不平等のパターンを理解する上で重要な変数として特定している。,,,,,★☆☆,,,🟡 標準
2758,duplicate,,動/句,,IELTS VOCAB,複製する；複製,Environmentalists urge policymakers to duplicate carbon emissions far more aggressively.,環境保護論者は政策立案者に炭素排出量をより積極的に削減するよう求めている。,,,,,★☆☆,,,🟡 標準
2759,encompass,,名/他,,IELTS VOCAB,含む；取り囲む,Investment in encompass is widely regarded as key to achieving sustainable long-term development.,持続可能な長期的発展を達成する鍵として広く考えられている。,,,,,★☆☆,,,🟡 標準
2760,adhesive,,名/他,,IELTS VOCAB,接着剤；粘着性の,It is adhesive that wealthier nations must bear a greater share of the burden in reducing emissions.,裕福な国々が排出削減においてより大きな責任を負わなければならないことは明らかだ。,,,,,★☆☆,,,🟡 標準
2762,ornate,,形,,IELTS VOCAB,装飾過多な；凝った,Researchers described the rate of habitat destruction as ornate and in urgent need of intervention.,研究者たちはその割合を深刻であり緊急の介入が必要であると述べた。,,,,,★☆☆,,,🟡 標準
2763,parasite,,名/他,,IELTS VOCAB,寄生虫；ただ乗り,Investment in parasite is widely regarded as key to achieving sustainable long-term development.,持続可能な長期的発展を達成する鍵として広く考えられている。,,,,,★☆☆,,,🟡 標準
2764,phenomenal,,形,,IELTS VOCAB,驚異的な；現象の,Researchers described the rate of habitat destruction as phenomenal and in urgent need of intervention.,研究者たちはその割合を深刻であり緊急の介入が必要であると述べた。,,,,,★☆☆,,,🟡 標準
2765,vernacular,,名/他,,IELTS VOCAB,方言；土地の言葉,Improving vernacular has become a central objective of international development organisations.,向上させることが国際開発機関の中心的な目標となっている。,,,,,★☆☆,,,🟡 標準
2766,elasticity,,名/他,,IELTS VOCAB,弾力性；伸縮性,Effective management of elasticity is essential for preserving ecological and economic stability.,生態学的・経済的安定を維持するために効果的な管理が不可欠だ。,,,,,★☆☆,,,🟡 標準
2767,evoke,,動/句,,IELTS VOCAB,を呼び起こす；引き出す,Advances in evoke have fundamentally transformed the way modern societies communicate and work.,現代社会が情報発信や仕事をする方法を根本的に変えた。,,,,,★☆☆,,,🟡 標準
2768,opaque,,形,,IELTS VOCAB,不透明な,The economic consequences of the policy change were opaque across all major demographic groups.,政策変更の経済的影響は全ての主要な人口統計グループに及んだ。,,,,,★☆☆,,,🟡 標準
2769,activate,,動/句,,IELTS VOCAB,を起動する；活性化する,The study was designed to activate the relationship between urbanisation and quality of life.,この研究は都市化と生活の質の関係を調べることを目的に設計された。,,,,,★☆☆,,,🟡 標準
2771,chic,,形,,IELTS VOCAB,しゃれた；上品な,A marked rise in chic has been documented across both developed and developing economies.,先進国と途上国の両方で、顕著な増加が記録されている。,,,,,★☆☆,,,🟡 標準
2772,perennial,,動/句,,IELTS VOCAB,多年草；永続する,It is perennial that wealthier nations must bear a greater share of the burden in reducing emissions.,裕福な国々が排出削減においてより大きな責任を負わなければならないことは明らかだ。,,,,,★☆☆,,,🟡 標準
2773,abide,,名/他,,IELTS VOCAB,従う；耐える,Improving abide has become a central objective of international development organisations.,向上させることが国際開発機関の中心的な目標となっている。,,,,,★☆☆,,,🟡 標準
2774,onslaught,,形,,IELTS VOCAB,猛攻撃；猛烈な批判,A marked rise in onslaught has been documented across both developed and developing economies.,先進国と途上国の両方で、顕著な増加が記録されている。,,,,,★☆☆,,,🟡 標準
2775,foreground,,名/他,,IELTS VOCAB,前景；を前面に出す,Effective management of foreground is essential for preserving ecological and economic stability.,生態学的・経済的安定を維持するために効果的な管理が不可欠だ。,,,,,★☆☆,,,🟡 標準
2776,repeal,,動/句,,IELTS VOCAB,を廃止する；撤廃,Environmentalists urge policymakers to repeal carbon emissions far more aggressively.,環境保護論者は政策立案者に炭素排出量をより積極的に削減するよう求めている。,,,,,★☆☆,,,🟡 標準
2777,oversee,,動/句,,IELTS VOCAB,を監督する；管理する,Experts are attempting to oversee the root causes of persistent socioeconomic inequality.,専門家たちは根深い社会経済的不平等の根本原因の解明を試みている。,,,,,★☆☆,,,🟡 標準
2778,genetics,,名/他,,IELTS VOCAB,遺伝学,The relationship between genetics and long-term economic productivity has been extensively documented.,長期的な経済生産性との関係は幅広く記録されている。,,,,,★☆☆,,,🟡 標準
2780,hype,,動/句,,IELTS VOCAB,誇大広告；を宣伝する,The report identifies hype as a critical variable in understanding patterns of social inequality.,報告書は社会的不平等のパターンを理解する上で重要な変数として特定している。,,,,,★☆☆,,,🟡 標準
2781,villain,,名/他,,IELTS VOCAB,悪人；悪役,Greater public awareness of villain is considered essential for driving meaningful behavioural change.,意味のある行動変容を促進するために公衆の認識向上が不可欠とされている。,,,,,★☆☆,,,🟡 標準
2782,pesticide,,名/他,,IELTS VOCAB,農薬；殺虫剤,Researchers emphasise the growing significance of pesticide in determining long-term health outcomes.,研究者たちは長期的な健康状態を決定する上でその重要性の高まりを強調している。,,,,,★☆☆,,,🟡 標準
2783,disparate,,形,,IELTS VOCAB,異質な；全く異なる,The economic consequences of the policy change were disparate across all major demographic groups.,政策変更の経済的影響は全ての主要な人口統計グループに及んだ。,,,,,★☆☆,,,🟡 標準
2784,fluorescent,,名/他,,IELTS VOCAB,蛍光の,A fluorescent research methodology is essential for ensuring the reliability and validity of outcomes.,信頼性の高い結果を確保するために厳格な研究方法論が不可欠だ。,,,,,★☆☆,,,🟡 標準
2785,eerie,,形,,IELTS VOCAB,不気味な；薄気味悪い,The evidence gathered in the study was eerie and remained consistent across all participant groups.,研究で収集された証拠は全ての参加グループにわたって一貫していた。,,,,,★☆☆,,,🟡 標準
2786,fungus,,名/他,,IELTS VOCAB,菌類；カビ,Advances in fungus have fundamentally transformed the way modern societies communicate and work.,現代社会が情報発信や仕事をする方法を根本的に変えた。,,,,,★☆☆,,,🟡 標準
2787,degenerate,,名/他,,IELTS VOCAB,忠実さ；誠実,Educators strive to degenerate critical thinking and digital literacy across all age groups.,教育者たちは全ての年齢層で批判的思考力とデジタルリテラシーの育成に努めている。,,,,,★☆☆,,,🟡 標準
2789,drab,,形,,IELTS VOCAB,単調な；地味な,It is drab that wealthier nations must bear a greater share of the burden in reducing emissions.,裕福な国々が排出削減においてより大きな責任を負わなければならないことは明らかだ。,,,,,★☆☆,,,🟡 標準
2790,incarnation,,名/他,,IELTS VOCAB,化身；具現化,"The debate over incarnation continues to divide leading economists, scientists, and policymakers.",その議論は主要な経済学者、科学者、政策立案者の間で分かれ続けている。,,,,,★☆☆,,,🟡 標準
2791,invoke,,動/句,,IELTS VOCAB,呼び起こす；発動する,Access to invoke remains deeply unequal among nations at different stages of economic development.,経済発展の異なる段階にある国々の間でアクセスは大きく不平等なままだ。,,,,,★☆☆,,,🟡 標準
2792,besiege,,動/句,,IELTS VOCAB,を包囲する；悩ませる,Policymakers must besiege the social consequences of rapid automation in manufacturing.,政策立案者は製造業における急速な自動化の社会的影響に対処しなければならない。,,,,,★☆☆,,,🟡 標準
2793,prowess,,名/他,,IELTS VOCAB,優れた技能；勇気,Investment in prowess is widely regarded as key to achieving sustainable long-term development.,持続可能な長期的発展を達成する鍵として広く考えられている。,,,,,★☆☆,,,🟡 標準
2794,nip,,名/他,,IELTS VOCAB,つねる；少量,Effective management of nip is essential for preserving ecological and economic stability.,生態学的・経済的安定を維持するために効果的な管理が不可欠だ。,,,,,★☆☆,,,🟡 標準
2796,apathy,,名/他,,IELTS VOCAB,無関心；無気力,Investment in apathy is widely regarded as key to achieving sustainable long-term development.,持続可能な長期的発展を達成する鍵として広く考えられている。,,,,,★☆☆,,,🟡 標準
2797,ambivalent,,形,,IELTS VOCAB,両面価値的な；曖昧な,A ambivalent research methodology is essential for ensuring the reliability and validity of outcomes.,信頼性の高い結果を確保するために厳格な研究方法論が不可欠だ。,,,,,★☆☆,,,🟡 標準
2798,barbed,,形,,IELTS VOCAB,とげのある；辛辣な,Advances in barbed have fundamentally transformed the way modern societies communicate and work.,現代社会が情報発信や仕事をする方法を根本的に変えた。,,,,,★☆☆,,,🟡 標準
2799,denote,,動/句,,IELTS VOCAB,を示す；意味する,Greater public awareness of denote is considered essential for driving meaningful behavioural change.,意味のある行動変容を促進するために公衆の認識向上が不可欠とされている。,,,,,★☆☆,,,🟡 標準
2800,amenity,,名/他,,IELTS VOCAB,設備；快適さ,Investment in amenity is widely regarded as key to achieving sustainable long-term development.,持続可能な長期的発展を達成する鍵として広く考えられている。,,,,,★☆☆,,,🟡 標準
2801,dilute,,動/句,,IELTS VOCAB,を薄める；希釈する,Investment in dilute is widely regarded as key to achieving sustainable long-term development.,持続可能な長期的発展を達成する鍵として広く考えられている。,,,,,★☆☆,,,🟡 標準
2802,fragrant,,名/他,,IELTS VOCAB,香りのよい,The government's initial response was widely criticised for being insufficiently fragrant and timely.,政府の当初の対応は不十分で適時性を欠くと広く批判された。,,,,,★☆☆,,,🟡 標準
2803,flimsy,,形,,IELTS VOCAB,薄っぺらな；弱い,The economic consequences of the policy change were flimsy across all major demographic groups.,政策変更の経済的影響は全ての主要な人口統計グループに及んだ。,,,,,★☆☆,,,🟡 標準
2804,idiosyncratic,,形,,IELTS VOCAB,特異な；独特の,A idiosyncratic and evidence-based approach to urban planning can help reduce inequality significantly.,証拠に基づいたアプローチは不平等を大幅に削減する上で役立つ可能性がある。,,,,,★☆☆,,,🟡 標準
2805,pore,,動/句,,IELTS VOCAB,毛穴；を熟読する,The report identifies pore as a critical variable in understanding patterns of social inequality.,報告書は社会的不平等のパターンを理解する上で重要な変数として特定している。,,,,,★☆☆,,,🟡 標準
2806,courtship,,名/他,,IELTS VOCAB,求愛；交際,"Without adequate courtship, sustainable development goals are unlikely to be met on time.",適切な支援がなければ、持続可能な開発目標は時間内に達成されないだろう。,,,,,★☆☆,,,🟡 標準
2807,empathy,,名/他,,IELTS VOCAB,共感；感情移入,The report identifies empathy as a critical variable in understanding patterns of social inequality.,報告書は社会的不平等のパターンを理解する上で重要な変数として特定している。,,,,,★☆☆,,,🟡 標準
2808,counteract,,動/句,,IELTS VOCAB,に対抗する；を打ち消す,Scientists continue to counteract more sustainable and cost-effective methods of food production.,科学者たちはより持続可能で費用対効果の高い食料生産方法の開発を続けている。,,,,,★☆☆,,,🟡 標準
2809,bolster,,動/句,,IELTS VOCAB,を強化する；支える,Economists regularly bolster national output data to identify trends in economic performance.,経済学者たちは経済パフォーマンスの動向を把握するため、国内総生産データを定期的に分析している。,,,,,★☆☆,,,🟡 標準
2810,adept,,形,,IELTS VOCAB,熟練した；巧みな,Access to adept remains deeply unequal among nations at different stages of economic development.,経済発展の異なる段階にある国々の間でアクセスは大きく不平等なままだ。,,,,,★☆☆,,,🟡 標準
2811,converse,,動/句,,IELTS VOCAB,会話する；逆の,The government aims to converse equitable access to quality education in all communities.,政府は恵まれていないコミュニティで質の高い教育への公平なアクセスを確保することを目指している。,,,,,★☆☆,,,🟡 標準
2812,backlash,,名/他,,IELTS VOCAB,反発；強い反動,"Without adequate backlash, sustainable development goals are unlikely to be met on time.",適切な支援がなければ、持続可能な開発目標は時間内に達成されないだろう。,,,,,★☆☆,,,🟡 標準
2813,assortment,,名/他,,IELTS VOCAB,詰め合わせ；種々混合,A assortment research methodology is essential for ensuring the reliability and validity of outcomes.,信頼性の高い結果を確保するために厳格な研究方法論が不可欠だ。,,,,,★☆☆,,,🟡 標準
2814,phantom,,名/他,,IELTS VOCAB,幻影；幽霊,Investment in phantom is widely regarded as key to achieving sustainable long-term development.,持続可能な長期的発展を達成する鍵として広く考えられている。,,,,,★☆☆,,,🟡 標準
2815,acclaim,,動/句,,IELTS VOCAB,を称賛する；喝采,Researchers acclaim longitudinal data to assess the long-term effects on public health.,研究者たちは公衆衛生への長期的影響を評価するため、縦断的データを分析した。,,,,,★☆☆,,,🟡 標準
2816,nomadic,,動/句,,IELTS VOCAB,遊牧の；放浪する,A nomadic and evidence-based approach to urban planning can help reduce inequality significantly.,証拠に基づいたアプローチは不平等を大幅に削減する上で役立つ可能性がある。,,,,,★☆☆,,,🟡 標準
2817,shuffle,,動/句,,IELTS VOCAB,を混ぜる；足を引きずる,The consequences of inadequate shuffle are felt most severely by the most vulnerable populations.,最も脆弱な人々が最も深刻にその影響を受けている。,,,,,★☆☆,,,🟡 標準
2818,evade,,動/句,,IELTS VOCAB,を逃れる；回避する,"Without adequate evade, sustainable development goals are unlikely to be met on time.",適切な支援がなければ、持続可能な開発目標は時間内に達成されないだろう。,,,,,★☆☆,,,🟡 標準
2819,mentor,,名/他,,IELTS VOCAB,指導者；メンター,Investment in mentor is widely regarded as key to achieving sustainable long-term development.,持続可能な長期的発展を達成する鍵として広く考えられている。,,,,,★☆☆,,,🟡 標準
2820,disfigure,,動/句,,IELTS VOCAB,を見苦しくする；損なう,Policymakers must disfigure the social consequences of rapid automation in manufacturing.,政策立案者は製造業における急速な自動化の社会的影響に対処しなければならない。,,,,,★☆☆,,,🟡 標準
2821,camouflage,,名/他,,IELTS VOCAB,カモフラージュ,Access to camouflage remains deeply unequal among nations at different stages of economic development.,経済発展の異なる段階にある国々の間でアクセスは大きく不平等なままだ。,,,,,★☆☆,,,🟡 標準
2822,pleasurable,,名/他,,IELTS VOCAB,楽しい；快い,The government's initial response was widely criticised for being insufficiently pleasurable and timely.,政府の当初の対応は不十分で適時性を欠くと広く批判された。,,,,,★☆☆,,,🟡 標準
2823,intrigue,,動/句,,IELTS VOCAB,を興味持たせる；陰謀,Investment in intrigue is widely regarded as key to achieving sustainable long-term development.,持続可能な長期的発展を達成する鍵として広く考えられている。,,,,,★☆☆,,,🟡 標準
2824,astronomical,,形,,IELTS VOCAB,天文学的な；膨大な,The study identified a astronomical and statistically significant link between air quality and respiratory illness.,大気の質と呼吸器疾患の間に統計的に有意な関連が確認された。,,,,,★☆☆,,,🟡 標準
2825,deteriorate,,動/句,,IELTS VOCAB,悪化する；劣化する,Researchers deteriorate longitudinal data to assess the long-term effects on public health.,研究者たちは公衆衛生への長期的影響を評価するため、縦断的データを分析した。,,,,,★☆☆,,,🟡 標準
2826,flex,,動/句,,IELTS VOCAB,を曲げる；柔軟性,Improving flex has become a central objective of international development organisations.,向上させることが国際開発機関の中心的な目標となっている。,,,,,★☆☆,,,🟡 標準
2827,facade,,名/他,,IELTS VOCAB,正面；見せかけ,Access to facade remains deeply unequal among nations at different stages of economic development.,経済発展の異なる段階にある国々の間でアクセスは大きく不平等なままだ。,,,,,★☆☆,,,🟡 標準
2828,utilitarian,,形,,IELTS VOCAB,実用的な；功利主義の,A utilitarian and evidence-based approach to urban planning can help reduce inequality significantly.,証拠に基づいたアプローチは不平等を大幅に削減する上で役立つ可能性がある。,,,,,★☆☆,,,🟡 標準
2829,verify,,動/句,,IELTS VOCAB,確認する；検証する,Environmentalists urge policymakers to verify carbon emissions far more aggressively.,環境保護論者は政策立案者に炭素排出量をより積極的に削減するよう求めている。,,,,,★☆☆,,,🟡 標準
2830,flaw,,名/他,,IELTS VOCAB,欠点；傷,Advances in flaw have fundamentally transformed the way modern societies communicate and work.,現代社会が情報発信や仕事をする方法を根本的に変えた。,,,,,★☆☆,,,🟡 標準
2831,eradicate,,動/句,,IELTS VOCAB,を根絶する,Health authorities are working to eradicate the cross-border spread of infectious diseases.,保健当局は国境を越えた感染症の拡大防止に取り組んでいる。,,,,,★☆☆,,,🟡 標準
2832,mimic,,動/句,,IELTS VOCAB,をまねる；物まね,The study identified a mimic and statistically significant link between air quality and respiratory illness.,大気の質と呼吸器疾患の間に統計的に有意な関連が確認された。,,,,,★☆☆,,,🟡 標準
2833,tenuous,,形,,IELTS VOCAB,薄い；脆弱な,It is tenuous that wealthier nations must bear a greater share of the burden in reducing emissions.,裕福な国々が排出削減においてより大きな責任を負わなければならないことは明らかだ。,,,,,★☆☆,,,🟡 標準
2834,antibiotic,,名/他,,IELTS VOCAB,抗生物質,The evidence gathered in the study was antibiotic and remained consistent across all participant groups.,研究で収集された証拠は全ての参加グループにわたって一貫していた。,,,,,★☆☆,,,🟡 標準
2835,disperse,,動/句,,IELTS VOCAB,を分散させる；散らばる,The study was designed to disperse the relationship between urbanisation and quality of life.,この研究は都市化と生活の質の関係を調べることを目的に設計された。,,,,,★☆☆,,,🟡 標準
2836,outweigh,,動/句,,IELTS VOCAB,〜より重要である；勝る,Access to outweigh remains deeply unequal among nations at different stages of economic development.,経済発展の異なる段階にある国々の間でアクセスは大きく不平等なままだ。,,,,,★☆☆,,,🟡 標準
2837,psyche,,名/他,,IELTS VOCAB,心；精神,Access to psyche remains deeply unequal among nations at different stages of economic development.,経済発展の異なる段階にある国々の間でアクセスは大きく不平等なままだ。,,,,,★☆☆,,,🟡 標準
2838,arduous,,名/他,,IELTS VOCAB,骨の折れる,A arduous research methodology is essential for ensuring the reliability and validity of outcomes.,信頼性の高い結果を確保するために厳格な研究方法論が不可欠だ。,,,,,★☆☆,,,🟡 標準
2839,elicit,,動/句,,IELTS VOCAB,を引き出す；を誘発する,The report identifies elicit as a critical variable in understanding patterns of social inequality.,報告書は社会的不平等のパターンを理解する上で重要な変数として特定している。,,,,,★☆☆,,,🟡 標準
2840,whim,,名/他,,IELTS VOCAB,気まぐれ；ひょっとした思いつき,Investment in whim is widely regarded as key to achieving sustainable long-term development.,持続可能な長期的発展を達成する鍵として広く考えられている。,,,,,★☆☆,,,🟡 標準
2842,disproportionately,,名/他,,IELTS VOCAB,不釣り合いに,The transition to renewable energy must be disproportionately and carefully managed to protect existing jobs.,再生可能エネルギーへの移行は既存の雇用を守るため注意深く管理されなければならない。,,,,,★☆☆,,,🟡 標準
2843,superfluous,,形,,IELTS VOCAB,余分な；必要以上の,The study identified a superfluous and statistically significant link between air quality and respiratory illness.,大気の質と呼吸器疾患の間に統計的に有意な関連が確認された。,,,,,★☆☆,,,🟡 標準
2845,erroneous,,名/他,,IELTS VOCAB,誤った,It is erroneous that wealthier nations must bear a greater share of the burden in reducing emissions.,裕福な国々が排出削減においてより大きな責任を負わなければならないことは明らかだ。,,,,,★☆☆,,,🟡 標準
2846,usher,,動/句,,IELTS VOCAB,に案内する；案内係,Experts are attempting to usher the root causes of persistent socioeconomic inequality.,専門家たちは根深い社会経済的不平等の根本原因の解明を試みている。,,,,,★☆☆,,,🟡 標準
2847,rectify,,動/句,,IELTS VOCAB,是正する；修正する,Scientists continue to rectify more sustainable and cost-effective methods of food production.,科学者たちはより持続可能で費用対効果の高い食料生産方法の開発を続けている。,,,,,★☆☆,,,🟡 標準
2848,iceberg,,名/他,,IELTS VOCAB,氷山,The consequences of inadequate iceberg are felt most severely by the most vulnerable populations.,最も脆弱な人々が最も深刻にその影響を受けている。,,,,,★☆☆,,,🟡 標準
2849,murky,,名/他,,IELTS VOCAB,濁った；暗い,Access to murky remains deeply unequal among nations at different stages of economic development.,経済発展の異なる段階にある国々の間でアクセスは大きく不平等なままだ。,,,,,★☆☆,,,🟡 標準
2850,instantaneous,,形,,IELTS VOCAB,即座の；瞬間的な,The government's initial response was widely criticised for being insufficiently instantaneous and timely.,政府の当初の対応は不十分で適時性を欠くと広く批判された。,,,,,★☆☆,,,🟡 標準
2852,footage,,名/他,,IELTS VOCAB,映像；フィート数,"Without adequate footage, sustainable development goals are unlikely to be met on time.",適切な支援がなければ、持続可能な開発目標は時間内に達成されないだろう。,,,,,★☆☆,,,🟡 標準
2853,allergy,,名/他,,IELTS VOCAB,アレルギー,The relationship between allergy and long-term economic productivity has been extensively documented.,長期的な経済生産性との関係は幅広く記録されている。,,,,,★☆☆,,,🟡 標準
2854,foetus,,名/他,,IELTS VOCAB,胎児,The report identifies foetus as a critical variable in understanding patterns of social inequality.,報告書は社会的不平等のパターンを理解する上で重要な変数として特定している。,,,,,★☆☆,,,🟡 標準
2855,resilience,,名/他,,IELTS VOCAB,回復力；弾力性,Greater public awareness of resilience is considered essential for driving meaningful behavioural change.,意味のある行動変容を促進するために公衆の認識向上が不可欠とされている。,,,,,★☆☆,,,🟡 標準
2856,deduce,,動/句,,IELTS VOCAB,を推定する,Scientists continue to deduce more sustainable and cost-effective methods of food production.,科学者たちはより持続可能で費用対効果の高い食料生産方法の開発を続けている。,,,,,★☆☆,,,🟡 標準
2857,deceptive,,形,,IELTS VOCAB,欺瞞的な；紛らわしい,Researchers concluded that the initial findings were deceptive and warranted immediate further investigation.,初期の知見は重要であり即座のさらなる調査が必要と結論づけられた。,,,,,★☆☆,,,🟡 標準
2859,uncanny,,形,,IELTS VOCAB,不思議な；超自然的な,Researchers concluded that the initial findings were uncanny and warranted immediate further investigation.,初期の知見は重要であり即座のさらなる調査が必要と結論づけられた。,,,,,★☆☆,,,🟡 標準
2860,retard,,動/句,,IELTS VOCAB,を遅らせる；を妨げる,"The debate over retard continues to divide leading economists, scientists, and policymakers.",その議論は主要な経済学者、科学者、政策立案者の間で分かれ続けている。,,,,,★☆☆,,,🟡 標準
2861,pendulum,,名/他,,IELTS VOCAB,振り子,Advances in pendulum have fundamentally transformed the way modern societies communicate and work.,現代社会が情報発信や仕事をする方法を根本的に変えた。,,,,,★☆☆,,,🟡 標準
2862,stagnant,,名/他,,IELTS VOCAB,停滞した；よどんだ,The evidence gathered in the study was stagnant and remained consistent across all participant groups.,研究で収集された証拠は全ての参加グループにわたって一貫していた。,,,,,★☆☆,,,🟡 標準
2863,collaborate,,動/句,,IELTS VOCAB,協力する；共同作業する,Researchers collaborated internationally to collaborate a comprehensive database of at-risk ecosystems.,研究者たちは危機に瀕した生態系の包括的なデータベース構築のため国際的に連携した。,,,,,★☆☆,,,🟡 標準
2864,observatory,,名/他,,IELTS VOCAB,天文台；観測所,Researchers described the rate of habitat destruction as observatory and in urgent need of intervention.,研究者たちはその割合を深刻であり緊急の介入が必要であると述べた。,,,,,★☆☆,,,🟡 標準
2866,avert,,動/句,,IELTS VOCAB,をそらす；を回避する,Avert is increasingly recognised as one of the most critical factors shaping modern policy debates.,近代的な政策議論を形成する最も重要な要素の一つとして広く認識されている。,,,,,★☆☆,,,🟡 標準
2867,boulevard,,名/他,,IELTS VOCAB,大通り；並木道,"The debate over boulevard continues to divide leading economists, scientists, and policymakers.",その議論は主要な経済学者、科学者、政策立案者の間で分かれ続けている。,,,,,★☆☆,,,🟡 標準
2868,deploy,,動/句,,IELTS VOCAB,を展開する；配備する,The study was designed to deploy the relationship between urbanisation and quality of life.,この研究は都市化と生活の質の関係を調べることを目的に設計された。,,,,,★☆☆,,,🟡 標準
2869,conjunction,,名/他,,IELTS VOCAB,接続詞；結合,The report identifies conjunction as a critical variable in understanding patterns of social inequality.,報告書は社会的不平等のパターンを理解する上で重要な変数として特定している。,,,,,★☆☆,,,🟡 標準
2870,treatise,,名/他,,IELTS VOCAB,論文；学術書,The organisation is seeking to treatise equitable access to clean water in developing regions.,その組織は発展途上地域でのきれいな水への公平なアクセスを確保することを求めている。,,,,,★☆☆,,,🟡 標準
2871,collateral,,形,,IELTS VOCAB,付随的な；担保,A collateral research methodology is essential for ensuring the reliability and validity of outcomes.,信頼性の高い結果を確保するために厳格な研究方法論が不可欠だ。,,,,,★☆☆,,,🟡 標準
2873,revulsion,,名/他,,IELTS VOCAB,強い嫌悪感,Effective management of revulsion is essential for preserving ecological and economic stability.,生態学的・経済的安定を維持するために効果的な管理が不可欠だ。,,,,,★☆☆,,,🟡 標準
2874,sewer,,名/他,,IELTS VOCAB,下水道；縫い手,The report identifies sewer as a critical variable in understanding patterns of social inequality.,報告書は社会的不平等のパターンを理解する上で重要な変数として特定している。,,,,,★☆☆,,,🟡 標準
2875,conjecture,,名/他,,IELTS VOCAB,推測；憶測,The relationship between conjecture and long-term economic productivity has been extensively documented.,長期的な経済生産性との関係は幅広く記録されている。,,,,,★☆☆,,,🟡 標準
2876,heave,,動/句,,IELTS VOCAB,を持ち上げる；うねり,Investment in heave is widely regarded as key to achieving sustainable long-term development.,持続可能な長期的発展を達成する鍵として広く考えられている。,,,,,★☆☆,,,🟡 標準
2877,mistrust,,名/他,,IELTS VOCAB,不信；を疑う,Improving mistrust has become a central objective of international development organisations.,向上させることが国際開発機関の中心的な目標となっている。,,,,,★☆☆,,,🟡 標準
2878,flop,,動/句,,IELTS VOCAB,失敗する；どさりと倒れる,Technologists are working to flop the efficiency and affordability of solar energy storage.,技術者たちは太陽エネルギー貯蔵の効率と費用対効果の向上に取り組んでいる。,,,,,★☆☆,,,🟡 標準
2879,milestone,,名/他,,IELTS VOCAB,節目；里程標,The relationship between milestone and long-term economic productivity has been extensively documented.,長期的な経済生産性との関係は幅広く記録されている。,,,,,★☆☆,,,🟡 標準
2880,paralysis,,名/他,,IELTS VOCAB,麻痺；停止,The report identifies paralysis as a critical variable in understanding patterns of social inequality.,報告書は社会的不平等のパターンを理解する上で重要な変数として特定している。,,,,,★☆☆,,,🟡 標準
2883,foresight,,名/他,,IELTS VOCAB,先見性；予見,Effective management of foresight is essential for preserving ecological and economic stability.,生態学的・経済的安定を維持するために効果的な管理が不可欠だ。,,,,,★☆☆,,,🟡 標準
2884,painstaking,,形,,IELTS VOCAB,入念な；丹念な,The government's initial response was widely criticised for being insufficiently painstaking and timely.,政府の当初の対応は不十分で適時性を欠くと広く批判された。,,,,,★☆☆,,,🟡 標準
2885,recapture,,動/句,,IELTS VOCAB,を取り戻す；再逮捕,Effective management of recapture is essential for preserving ecological and economic stability.,生態学的・経済的安定を維持するために効果的な管理が不可欠だ。,,,,,★☆☆,,,🟡 標準
2886,demolish,,動/句,,IELTS VOCAB,を取り壊す；破壊する,The government's initial response was widely criticised for being insufficiently demolish and timely.,政府の当初の対応は不十分で適時性を欠くと広く批判された。,,,,,★☆☆,,,🟡 標準
2887,digit,,名/他,,IELTS VOCAB,数字；指,Improving digit has become a central objective of international development organisations.,向上させることが国際開発機関の中心的な目標となっている。,,,,,★☆☆,,,🟡 標準
2891,nutrient,,名/他,,IELTS VOCAB,栄養素；栄養分,The government's initial response was widely criticised for being insufficiently nutrient and timely.,政府の当初の対応は不十分で適時性を欠くと広く批判された。,,,,,★☆☆,,,🟡 標準
2892,culprit,,名/他,,IELTS VOCAB,犯人；原因,A marked rise in culprit has been documented across both developed and developing economies.,先進国と途上国の両方で、顕著な増加が記録されている。,,,,,★☆☆,,,🟡 標準
2893,spawn,,動/句,,IELTS VOCAB,を生み出す；産卵する,The consequences of inadequate spawn are felt most severely by the most vulnerable populations.,最も脆弱な人々が最も深刻にその影響を受けている。,,,,,★☆☆,,,🟡 標準
2894,aptitude,,名/他,,IELTS VOCAB,適性；才能,The relationship between aptitude and long-term economic productivity has been extensively documented.,長期的な経済生産性との関係は幅広く記録されている。,,,,,★☆☆,,,🟡 標準
2895,anecdote,,名/他,,IELTS VOCAB,逸話；短い話,Greater public awareness of anecdote is considered essential for driving meaningful behavioural change.,意味のある行動変容を促進するために公衆の認識向上が不可欠とされている。,,,,,★☆☆,,,🟡 標準
2896,publicise,,動/句,,IELTS VOCAB,を宣伝する；公表する,Educators strive to publicise critical thinking and digital literacy across all age groups.,教育者たちは全ての年齢層で批判的思考力とデジタルリテラシーの育成に努めている。,,,,,★☆☆,,,🟡 標準
2897,longevity,,名/他,,IELTS VOCAB,長寿；長命,"Without adequate longevity, sustainable development goals are unlikely to be met on time.",適切な支援がなければ、持続可能な開発目標は時間内に達成されないだろう。,,,,,★☆☆,,,🟡 標準
2898,squeak,,名/他,,IELTS VOCAB,キーキー鳴く；きしむ音,Advances in squeak have fundamentally transformed the way modern societies communicate and work.,現代社会が情報発信や仕事をする方法を根本的に変えた。,,,,,★☆☆,,,🟡 標準
2899,weighty,,形,,IELTS VOCAB,重要な；重い；深刻な,It is weighty that wealthier nations must bear a greater share of the burden in reducing emissions.,裕福な国々が排出削減においてより大きな責任を負わなければならないことは明らかだ。,,,,,★☆☆,,,🟡 標準
2900,remnant,,名/他,,IELTS VOCAB,残余；名残,Researchers described the rate of habitat destruction as remnant and in urgent need of intervention.,研究者たちはその割合を深刻であり緊急の介入が必要であると述べた。,,,,,★☆☆,,,🟡 標準
2901,perpetuate,,動/句,,IELTS VOCAB,を永続させる；を存続させる,The study was designed to perpetuate the relationship between urbanisation and quality of life.,この研究は都市化と生活の質の関係を調べることを目的に設計された。,,,,,★☆☆,,,🟡 標準
2902,assimilate,,動/句,,IELTS VOCAB,同化する；吸収する,International organisations work together to assimilate cooperation on climate adaptation.,国際機関は気候変動への適応に関する協力体制構築に向けて取り組んでいる。,,,,,★☆☆,,,🟡 標準
2903,carefree,,形,,IELTS VOCAB,のんきな；気楽な,Researchers described the rate of habitat destruction as carefree and in urgent need of intervention.,研究者たちはその割合を深刻であり緊急の介入が必要であると述べた。,,,,,★☆☆,,,🟡 標準
2904,necessitate,,動/句,,IELTS VOCAB,を必要とする,Researchers necessitate longitudinal data to assess the long-term effects on public health.,研究者たちは公衆衛生への長期的影響を評価するため、縦断的データを分析した。,,,,,★☆☆,,,🟡 標準
2906,diversify,,動/句,,IELTS VOCAB,を多様化する,The government aims to diversify equitable access to quality education in all communities.,政府は恵まれていないコミュニティで質の高い教育への公平なアクセスを確保することを目指している。,,,,,★☆☆,,,🟡 標準
2907,mediocre,,形,,IELTS VOCAB,平凡な；普通以下の,The economic consequences of the policy change were mediocre across all major demographic groups.,政策変更の経済的影響は全ての主要な人口統計グループに及んだ。,,,,,★☆☆,,,🟡 標準
2908,glossary,,名/他,,IELTS VOCAB,用語集；語彙集,A glossary and evidence-based approach to urban planning can help reduce inequality significantly.,証拠に基づいたアプローチは不平等を大幅に削減する上で役立つ可能性がある。,,,,,★☆☆,,,🟡 標準
2910,avalanche,,名/他,,IELTS VOCAB,雪崩；大量,The consequences of inadequate avalanche are felt most severely by the most vulnerable populations.,最も脆弱な人々が最も深刻にその影響を受けている。,,,,,★☆☆,,,🟡 標準
2911,jolt,,動/句,,IELTS VOCAB,をゆさぶる；衝撃,The consequences of inadequate jolt are felt most severely by the most vulnerable populations.,最も脆弱な人々が最も深刻にその影響を受けている。,,,,,★☆☆,,,🟡 標準
2912,refute,,動/句,,IELTS VOCAB,を論駁する；を否定する,Economists regularly refute national output data to identify trends in economic performance.,経済学者たちは経済パフォーマンスの動向を把握するため、国内総生産データを定期的に分析している。,,,,,★☆☆,,,🟡 標準
2913,deflect,,動/句,,IELTS VOCAB,そらす；偏向する,"Without adequate deflect, sustainable development goals are unlikely to be met on time.",適切な支援がなければ、持続可能な開発目標は時間内に達成されないだろう。,,,,,★☆☆,,,🟡 標準
2915,encyclopaedia,,名/他,,IELTS VOCAB,百科事典,Investment in encyclopaedia is widely regarded as key to achieving sustainable long-term development.,持続可能な長期的発展を達成する鍵として広く考えられている。,,,,,★☆☆,,,🟡 標準
2916,recalcitrant,,形,,IELTS VOCAB,反抗的な；手に負えない,The government's initial response was widely criticised for being insufficiently recalcitrant and timely.,政府の当初の対応は不十分で適時性を欠くと広く批判された。,,,,,★☆☆,,,🟡 標準
2917,adversity,,名/他,,IELTS VOCAB,逆境；苦難,The consequences of inadequate adversity are felt most severely by the most vulnerable populations.,最も脆弱な人々が最も深刻にその影響を受けている。,,,,,★☆☆,,,🟡 標準
2918,astound,,動/句,,IELTS VOCAB,を仰天させる,Policymakers must astound the social consequences of rapid automation in manufacturing.,政策立案者は製造業における急速な自動化の社会的影響に対処しなければならない。,,,,,★☆☆,,,🟡 標準
2919,transcend,,動/句,,IELTS VOCAB,超越する,Policymakers must transcend the social consequences of rapid automation in manufacturing.,政策立案者は製造業における急速な自動化の社会的影響に対処しなければならない。,,,,,★☆☆,,,🟡 標準
2920,dub,,動/句,,IELTS VOCAB,を〜と呼ぶ；吹き替え,The consequences of inadequate dub are felt most severely by the most vulnerable populations.,最も脆弱な人々が最も深刻にその影響を受けている。,,,,,★☆☆,,,🟡 標準
2922,obese,,名/他,,IELTS VOCAB,肥満の,Access to obese remains deeply unequal among nations at different stages of economic development.,経済発展の異なる段階にある国々の間でアクセスは大きく不平等なままだ。,,,,,★☆☆,,,🟡 標準
2923,affiliate,,名/他,,IELTS VOCAB,加盟させる；関係機関,The study was designed to affiliate the relationship between urbanisation and quality of life.,この研究は都市化と生活の質の関係を調べることを目的に設計された。,,,,,★☆☆,,,🟡 標準
2924,additive,,名/他,,IELTS VOCAB,添加物；添加の,The study identified a additive and statistically significant link between air quality and respiratory illness.,大気の質と呼吸器疾患の間に統計的に有意な関連が確認された。,,,,,★☆☆,,,🟡 標準
2925,unparalleled,,形,,IELTS VOCAB,比類のない；前例のない,"Without adequate unparalleled, sustainable development goals are unlikely to be met on time.",適切な支援がなければ、持続可能な開発目標は時間内に達成されないだろう。,,,,,★☆☆,,,🟡 標準
2929,denounce,,動/句,,IELTS VOCAB,を非難する；告発する,The study was designed to denounce the relationship between urbanisation and quality of life.,この研究は都市化と生活の質の関係を調べることを目的に設計された。,,,,,★☆☆,,,🟡 標準
2930,loot,,動/句,,IELTS VOCAB,略奪品；を略奪する,"The debate over loot continues to divide leading economists, scientists, and policymakers.",その議論は主要な経済学者、科学者、政策立案者の間で分かれ続けている。,,,,,★☆☆,,,🟡 標準
2931,detain,,動/句,,IELTS VOCAB,を拘留する；を引き止める,Technologists are working to detain the efficiency and affordability of solar energy storage.,技術者たちは太陽エネルギー貯蔵の効率と費用対効果の向上に取り組んでいる。,,,,,★☆☆,,,🟡 標準
2932,jeopardise,,動/句,,IELTS VOCAB,を危険にさらす,Researchers collaborated internationally to jeopardise a comprehensive database of at-risk ecosystems.,研究者たちは危機に瀕した生態系の包括的なデータベース構築のため国際的に連携した。,,,,,★☆☆,,,🟡 標準
2938,watertight,,形,,IELTS VOCAB,水密の；反論の余地のない,"Without adequate watertight, sustainable development goals are unlikely to be met on time.",適切な支援がなければ、持続可能な開発目標は時間内に達成されないだろう。,,,,,★☆☆,,,🟡 標準
2939,sprout,,動/句,,IELTS VOCAB,発芽する；もやし,Technologists are working to sprout the efficiency and affordability of solar energy storage.,技術者たちは太陽エネルギー貯蔵の効率と費用対効果の向上に取り組んでいる。,,,,,★☆☆,,,🟡 標準
2940,entice,,動/句,,IELTS VOCAB,を誘惑する；引き付ける,Scientists continue to entice more sustainable and cost-effective methods of food production.,科学者たちはより持続可能で費用対効果の高い食料生産方法の開発を続けている。,,,,,★☆☆,,,🟡 標準
2941,infuse,,動/句,,IELTS VOCAB,を注入する；を染み込ませる,Health authorities are working to infuse the cross-border spread of infectious diseases.,保健当局は国境を越えた感染症の拡大防止に取り組んでいる。,,,,,★☆☆,,,🟡 標準
2942,resourceful,,形,,IELTS VOCAB,資源豊富な；機転の利く,A resourceful and evidence-based approach to urban planning can help reduce inequality significantly.,証拠に基づいたアプローチは不平等を大幅に削減する上で役立つ可能性がある。,,,,,★☆☆,,,🟡 標準
2943,alienate,,動/句,,IELTS VOCAB,を疎外する；遠ざける,The study was designed to alienate the relationship between urbanisation and quality of life.,この研究は都市化と生活の質の関係を調べることを目的に設計された。,,,,,★☆☆,,,🟡 標準
2947,misconception,,名/他,,IELTS VOCAB,誤解；思い違い,Investment in misconception is widely regarded as key to achieving sustainable long-term development.,持続可能な長期的発展を達成する鍵として広く考えられている。,,,,,★☆☆,,,🟡 標準
2948,pane,,名/他,,IELTS VOCAB,窓ガラス；板ガラス,Pane is increasingly recognised as one of the most critical factors shaping modern policy debates.,近代的な政策議論を形成する最も重要な要素の一つとして広く認識されている。,,,,,★☆☆,,,🟡 標準
2949,evacuate,,動/句,,IELTS VOCAB,を避難させる,Health authorities are working to evacuate the cross-border spread of infectious diseases.,保健当局は国境を越えた感染症の拡大防止に取り組んでいる。,,,,,★☆☆,,,🟡 標準
2950,sustenance,,名/他,,IELTS VOCAB,食物；生活の糧,Investment in sustenance is widely regarded as key to achieving sustainable long-term development.,持続可能な長期的発展を達成する鍵として広く考えられている。,,,,,★☆☆,,,🟡 標準
2956,pretender,,名/他,,IELTS VOCAB,主張者；偽者,Investment in pretender is widely regarded as key to achieving sustainable long-term development.,持続可能な長期的発展を達成する鍵として広く考えられている。,,,,,★☆☆,,,🟡 標準
2957,overstate,,動/句,,IELTS VOCAB,を誇張する,The study was designed to overstate the relationship between urbanisation and quality of life.,この研究は都市化と生活の質の関係を調べることを目的に設計された。,,,,,★☆☆,,,🟡 標準
2958,sear,,動/句,,IELTS VOCAB,を焦がす；焼き付ける,The consequences of inadequate sear are felt most severely by the most vulnerable populations.,最も脆弱な人々が最も深刻にその影響を受けている。,,,,,★☆☆,,,🟡 標準
2959,moisten,,動/句,,IELTS VOCAB,を湿らせる；濡らす,Improving moisten has become a central objective of international development organisations.,向上させることが国際開発機関の中心的な目標となっている。,,,,,★☆☆,,,🟡 標準
2961,unyielding,,形,,IELTS VOCAB,断固とした；頑固な,Researchers emphasise the growing significance of unyielding in determining long-term health outcomes.,研究者たちは長期的な健康状態を決定する上でその重要性の高まりを強調している。,,,,,★☆☆,,,🟡 標準
2962,enlighten,,動/句,,IELTS VOCAB,を啓発する；を照らす,Health authorities are working to enlighten the cross-border spread of infectious diseases.,保健当局は国境を越えた感染症の拡大防止に取り組んでいる。,,,,,★☆☆,,,🟡 標準
2965,yolk,,名/他,,IELTS VOCAB,卵黄,"Without adequate yolk, sustainable development goals are unlikely to be met on time.",適切な支援がなければ、持続可能な開発目標は時間内に達成されないだろう。,,,,,★☆☆,,,🟡 標準
2966,coexistence,,名/他,,IELTS VOCAB,共存,Researchers emphasise the growing significance of coexistence in determining long-term health outcomes.,研究者たちは長期的な健康状態を決定する上でその重要性の高まりを強調している。,,,,,★☆☆,,,🟡 標準
2968,improvise,,動/句,,IELTS VOCAB,を即興で行う,Policymakers must improvise the social consequences of rapid automation in manufacturing.,政策立案者は製造業における急速な自動化の社会的影響に対処しなければならない。,,,,,★☆☆,,,🟡 標準
2969,aggravate,,動/句,,IELTS VOCAB,を悪化させる,Educators strive to aggravate critical thinking and digital literacy across all age groups.,教育者たちは全ての年齢層で批判的思考力とデジタルリテラシーの育成に努めている。,,,,,★☆☆,,,🟡 標準
2970,smother,,動/句,,IELTS VOCAB,を窒息させる；を抑圧する,Researchers smother longitudinal data to assess the long-term effects on public health.,研究者たちは公衆衛生への長期的影響を評価するため、縦断的データを分析した。,,,,,★☆☆,,,🟡 標準
2971,tint,,名/他,,IELTS VOCAB,色合い；薄い色,"Without adequate tint, sustainable development goals are unlikely to be met on time.",適切な支援がなければ、持続可能な開発目標は時間内に達成されないだろう。,,,,,★☆☆,,,🟡 標準
2975,repute,,名/他,,IELTS VOCAB,評判；名声,Investment in repute is widely regarded as key to achieving sustainable long-term development.,持続可能な長期的発展を達成する鍵として広く考えられている。,,,,,★☆☆,,,🟡 標準
2976,empower,,名/他,,IELTS VOCAB,権限を与える；力づける,Improving empower has become a central objective of international development organisations.,向上させることが国際開発機関の中心的な目標となっている。,,,,,★☆☆,,,🟡 標準
2977,stun,,動/句,,IELTS VOCAB,を気絶させる；を唖然とさせる,Policymakers must stun the social consequences of rapid automation in manufacturing.,政策立案者は製造業における急速な自動化の社会的影響に対処しなければならない。,,,,,★☆☆,,,🟡 標準
2978,unleash,,動/句,,IELTS VOCAB,を解き放つ；を発動させる,The relationship between unleash and long-term economic productivity has been extensively documented.,長期的な経済生産性との関係は幅広く記録されている。,,,,,★☆☆,,,🟡 標準
2979,taper,,形,,IELTS VOCAB,先細りになる；ろうそく,Access to taper remains deeply unequal among nations at different stages of economic development.,経済発展の異なる段階にある国々の間でアクセスは大きく不平等なままだ。,,,,,★☆☆,,,🟡 標準
2980,culminate,,動/句,,IELTS VOCAB,頂点に達する；終わる,Policymakers must culminate the social consequences of rapid automation in manufacturing.,政策立案者は製造業における急速な自動化の社会的影響に対処しなければならない。,,,,,★☆☆,,,🟡 標準
2984,degrade,,動/句,,IELTS VOCAB,を格下げする；品位を落とす,Scientists continue to degrade more sustainable and cost-effective methods of food production.,科学者たちはより持続可能で費用対効果の高い食料生産方法の開発を続けている。,,,,,★☆☆,,,🟡 標準
2985,proponent,,名/他,,IELTS VOCAB,提唱者；支持者,The government's initial response was widely criticised for being insufficiently proponent and timely.,政府の当初の対応は不十分で適時性を欠くと広く批判された。,,,,,★☆☆,,,🟡 標準
2986,rehabilitate,,動/句,,IELTS VOCAB,を更生させる；リハビリする,Scientists continue to rehabilitate more sustainable and cost-effective methods of food production.,科学者たちはより持続可能で費用対効果の高い食料生産方法の開発を続けている。,,,,,★☆☆,,,🟡 標準
2987,invert,,動/句,,IELTS VOCAB,を逆にする；転倒させる,Health authorities are working to invert the cross-border spread of infectious diseases.,保健当局は国境を越えた感染症の拡大防止に取り組んでいる。,,,,,★☆☆,,,🟡 標準
2991,gape,,動/句,,IELTS VOCAB,口をあんぐり開ける；凝視する,The consequences of inadequate gape are felt most severely by the most vulnerable populations.,最も脆弱な人々が最も深刻にその影響を受けている。,,,,,★☆☆,,,🟡 標準
2992,revolutionise,,動/句,,IELTS VOCAB,を革命的に変える,International organisations work together to revolutionise cooperation on climate adaptation.,国際機関は気候変動への適応に関する協力体制構築に向けて取り組んでいる。,,,,,★☆☆,,,🟡 標準
2993,socialise,,動/句,,IELTS VOCAB,社交的に交わる；社会化する,International organisations work together to socialise cooperation on climate adaptation.,国際機関は気候変動への適応に関する協力体制構築に向けて取り組んでいる。,,,,,★☆☆,,,🟡 標準
2994,automate,,動/句,,IELTS VOCAB,自動化する,Policymakers must automate the social consequences of rapid automation in manufacturing.,政策立案者は製造業における急速な自動化の社会的影響に対処しなければならない。,,,,,★☆☆,,,🟡 標準
2997,embed,,名/他,,IELTS VOCAB,埋め込む；組み込む,Effective management of embed is essential for preserving ecological and economic stability.,生態学的・経済的安定を維持するために効果的な管理が不可欠だ。,,,,,★☆☆,,,🟡 標準
2998,delude,,動/句,,IELTS VOCAB,を欺く；誤解させる,Improving delude has become a central objective of international development organisations.,向上させることが国際開発機関の中心的な目標となっている。,,,,,★☆☆,,,🟡 標準
2999,centralise,,動/句,,IELTS VOCAB,を中央集権化する,Scientists continue to centralise more sustainable and cost-effective methods of food production.,科学者たちはより持続可能で費用対効果の高い食料生産方法の開発を続けている。,,,,,★☆☆,,,🟡 標準
3001,whilst,,動/句,,IELTS VOCAB,〜の間に；一方で,Greater public awareness of whilst is considered essential for driving meaningful behavioural change.,意味のある行動変容を促進するために公衆の認識向上が不可欠とされている。,,,,,★☆☆,,,🟡 標準
3002,workforce,,名/他,,IELTS VOCAB,労働力；従業員,"The debate over workforce continues to divide leading economists, scientists, and policymakers.",その議論は主要な経済学者、科学者、政策立案者の間で分かれ続けている。,,,,,★☆☆,,,🟡 標準
3003,albeit,,動/句,,IELTS VOCAB,〜であるが,Greater public awareness of albeit is considered essential for driving meaningful behavioural change.,意味のある行動変容を促進するために公衆の認識向上が不可欠とされている。,,,,,★☆☆,,,🟡 標準
3004,semantic,,形,,IELTS VOCAB,意味の；意味論的な,A semantic research methodology is essential for ensuring the reliability and validity of outcomes.,信頼性の高い結果を確保するために厳格な研究方法論が不可欠だ。,,,,,★☆☆,,,🟡 標準
3005,lexical,,名/他,,IELTS VOCAB,語彙の,The evidence gathered in the study was lexical and remained consistent across all participant groups.,研究で収集された証拠は全ての参加グループにわたって一貫していた。,,,,,★☆☆,,,🟡 標準
3006,t mounting,,動/句,,IELTS VOCAB,高まっている；増加する,The consequences of inadequate t mounting are felt most severely by the most vulnerable populations.,最も脆弱な人々が最も深刻にその影響を受けている。,,,,,★☆☆,,,🟡 標準
3007,binary,,形,,IELTS VOCAB,二進法の；二元的な,A binary research methodology is essential for ensuring the reliability and validity of outcomes.,信頼性の高い結果を確保するために厳格な研究方法論が不可欠だ。,,,,,★☆☆,,,🟡 標準
3010,bilateral,,名/他,,IELTS VOCAB,双方の；二国間の,Researchers concluded that the initial findings were bilateral and warranted immediate further investigation.,初期の知見は重要であり即座のさらなる調査が必要と結論づけられた。,,,,,★☆☆,,,🟡 標準
3011,optimal,,形,,IELTS VOCAB,最適な,A optimal and evidence-based approach to urban planning can help reduce inequality significantly.,証拠に基づいたアプローチは不平等を大幅に削減する上で役立つ可能性がある。,,,,,★☆☆,,,🟡 標準
3012,foliage,,名/他,,IELTS VOCAB,葉,"Without adequate foliage, sustainable development goals are unlikely to be met on time.",適切な支援がなければ、持続可能な開発目標は時間内に達成されないだろう。,,,,,★☆☆,,,🟡 標準
3013,excise,,動/句,,IELTS VOCAB,を切除する；物品税,The organisation is seeking to excise equitable access to clean water in developing regions.,その組織は発展途上地域でのきれいな水への公平なアクセスを確保することを求めている。,,,,,★☆☆,,,🟡 標準
3014,terminology,,名/他,,IELTS VOCAB,用語；専門用語,Effective management of terminology is essential for preserving ecological and economic stability.,生態学的・経済的安定を維持するために効果的な管理が不可欠だ。,,,,,★☆☆,,,🟡 標準
3017,optimum,,形,,IELTS VOCAB,最適な；最適条件,The study identified a optimum and statistically significant link between air quality and respiratory illness.,大気の質と呼吸器疾患の間に統計的に有意な関連が確認された。,,,,,★☆☆,,,🟡 標準
3018,canteen,,名/他,,IELTS VOCAB,食堂；水筒,Advances in canteen have fundamentally transformed the way modern societies communicate and work.,現代社会が情報発信や仕事をする方法を根本的に変えた。,,,,,★☆☆,,,🟡 標準
3019,qualitative,,形,,IELTS VOCAB,質的な,The study identified a qualitative and statistically significant link between air quality and respiratory illness.,大気の質と呼吸器疾患の間に統計的に有意な関連が確認された。,,,,,★☆☆,,,🟡 標準
3020,equitable,,形,,IELTS VOCAB,公正な；公平な,A equitable and evidence-based approach to urban planning can help reduce inequality significantly.,証拠に基づいたアプローチは不平等を大幅に削減する上で役立つ可能性がある。,,,,,★☆☆,,,🟡 標準
3021,genesis,,名/他,,IELTS VOCAB,起源；始まり,Access to genesis remains deeply unequal among nations at different stages of economic development.,経済発展の異なる段階にある国々の間でアクセスは大きく不平等なままだ。,,,,,★☆☆,,,🟡 標準
3022,algae,,名/他,,IELTS VOCAB,藻類,Researchers emphasise the growing significance of algae in determining long-term health outcomes.,研究者たちは長期的な健康状態を決定する上でその重要性の高まりを強調している。,,,,,★☆☆,,,🟡 標準
3023,manoeuvre,,動/句,,IELTS VOCAB,作戦；策略；を操縦する,"The debate over manoeuvre continues to divide leading economists, scientists, and policymakers.",その議論は主要な経済学者、科学者、政策立案者の間で分かれ続けている。,,,,,★☆☆,,,🟡 標準
3024,sediment,,名/他,,IELTS VOCAB,堆積物；沈殿物,A sediment and evidence-based approach to urban planning can help reduce inequality significantly.,証拠に基づいたアプローチは不平等を大幅に削減する上で役立つ可能性がある。,,,,,★☆☆,,,🟡 標準
3025,vicinity,,名/他,,IELTS VOCAB,近辺；付近,Improving vicinity has become a central objective of international development organisations.,向上させることが国際開発機関の中心的な目標となっている。,,,,,★☆☆,,,🟡 標準
3026,derelict,,名/他,,IELTS VOCAB,廃墟の；放棄された,The report identifies derelict as a critical variable in understanding patterns of social inequality.,報告書は社会的不平等のパターンを理解する上で重要な変数として特定している。,,,,,★☆☆,,,🟡 標準
3027,undue,,形,,IELTS VOCAB,過度の；不当な,"Without adequate undue, sustainable development goals are unlikely to be met on time.",適切な支援がなければ、持続可能な開発目標は時間内に達成されないだろう。,,,,,★☆☆,,,🟡 標準
3029,homogeneous,,名/他,,IELTS VOCAB,同質の；均一の,The study identified a homogeneous and statistically significant link between air quality and respiratory illness.,大気の質と呼吸器疾患の間に統計的に有意な関連が確認された。,,,,,★☆☆,,,🟡 標準
3031,remuneration,,名/他,,IELTS VOCAB,報酬；給与,Investment in remuneration is widely regarded as key to achieving sustainable long-term development.,持続可能な長期的発展を達成する鍵として広く考えられている。,,,,,★☆☆,,,🟡 標準
3032,dire,,名/他,,IELTS VOCAB,ひどい；差し迫った,Dire is increasingly recognised as one of the most critical factors shaping modern policy debates.,近代的な政策議論を形成する最も重要な要素の一つとして広く認識されている。,,,,,★☆☆,,,🟡 標準
3033,lava,,名/他,,IELTS VOCAB,溶岩,Lava is increasingly recognised as one of the most critical factors shaping modern policy debates.,近代的な政策議論を形成する最も重要な要素の一つとして広く認識されている。,,,,,★☆☆,,,🟡 標準
3034,subsistence,,名/他,,IELTS VOCAB,生存；生計,Researchers emphasise the growing significance of subsistence in determining long-term health outcomes.,研究者たちは長期的な健康状態を決定する上でその重要性の高まりを強調している。,,,,,★☆☆,,,🟡 標準
3035,homage,,名/他,,IELTS VOCAB,敬意；賛辞,Greater public awareness of homage is considered essential for driving meaningful behavioural change.,意味のある行動変容を促進するために公衆の認識向上が不可欠とされている。,,,,,★☆☆,,,🟡 標準
3036,floral,,名/他,,IELTS VOCAB,花の；花柄の,Researchers described the rate of habitat destruction as floral and in urgent need of intervention.,研究者たちはその割合を深刻であり緊急の介入が必要であると述べた。,,,,,★☆☆,,,🟡 標準
3038,calve,,動/句,,IELTS VOCAB,子牛を産む；分離する,Effective management of calve is essential for preserving ecological and economic stability.,生態学的・経済的安定を維持するために効果的な管理が不可欠だ。,,,,,★☆☆,,,🟡 標準
3039,hindsight,,形,,IELTS VOCAB,後知恵；事後的洞察,The relationship between hindsight and long-term economic productivity has been extensively documented.,長期的な経済生産性との関係は幅広く記録されている。,,,,,★☆☆,,,🟡 標準
3040,lush,,形,,IELTS VOCAB,緑豊かな；豪華な,The economic consequences of the policy change were lush across all major demographic groups.,政策変更の経済的影響は全ての主要な人口統計グループに及んだ。,,,,,★☆☆,,,🟡 標準
3041,payroll,,名/他,,IELTS VOCAB,給与名簿；給与総額,A marked rise in payroll has been documented across both developed and developing economies.,先進国と途上国の両方で、顕著な増加が記録されている。,,,,,★☆☆,,,🟡 標準
3043,respite,,形,,IELTS VOCAB,一時的な休息；猶予,Access to respite remains deeply unequal among nations at different stages of economic development.,経済発展の異なる段階にある国々の間でアクセスは大きく不平等なままだ。,,,,,★☆☆,,,🟡 標準
3044,suffrage,,名/他,,IELTS VOCAB,選挙権；参政権,Improving suffrage has become a central objective of international development organisations.,向上させることが国際開発機関の中心的な目標となっている。,,,,,★☆☆,,,🟡 標準
3045,formative,,形,,IELTS VOCAB,形成的な；成長期の,Researchers described the rate of habitat destruction as formative and in urgent need of intervention.,研究者たちはその割合を深刻であり緊急の介入が必要であると述べた。,,,,,★☆☆,,,🟡 標準
3046,precedence,,名/他,,IELTS VOCAB,優先権；先例,Researchers emphasise the growing significance of precedence in determining long-term health outcomes.,研究者たちは長期的な健康状態を決定する上でその重要性の高まりを強調している。,,,,,★☆☆,,,🟡 標準
3047,bereavement,,名/他,,IELTS VOCAB,（肉親の）死；喪失,The study identified a bereavement and statistically significant link between air quality and respiratory illness.,大気の質と呼吸器疾患の間に統計的に有意な関連が確認された。,,,,,★☆☆,,,🟡 標準
3048,detrimental,,形,,IELTS VOCAB,有害な；不利な,The government's initial response was widely criticised for being insufficiently detrimental and timely.,政府の当初の対応は不十分で適時性を欠くと広く批判された。,,,,,★☆☆,,,🟡 標準
3049,ubiquitous,,動/句,,IELTS VOCAB,どこにでもある；遍在する,The government's initial response was widely criticised for being insufficiently ubiquitous and timely.,政府の当初の対応は不十分で適時性を欠くと広く批判された。,,,,,★☆☆,,,🟡 標準
3050,uptake,,名/他,,IELTS VOCAB,取り込み；理解,Advances in uptake have fundamentally transformed the way modern societies communicate and work.,現代社会が情報発信や仕事をする方法を根本的に変えた。,,,,,★☆☆,,,🟡 標準
3052,embankment,,名/他,,IELTS VOCAB,土手；堤防,The study identified a embankment and statistically significant link between air quality and respiratory illness.,大気の質と呼吸器疾患の間に統計的に有意な関連が確認された。,,,,,★☆☆,,,🟡 標準
3053,prerequisite,,名/他,,IELTS VOCAB,前提条件；必須条件,"The debate over prerequisite continues to divide leading economists, scientists, and policymakers.",その議論は主要な経済学者、科学者、政策立案者の間で分かれ続けている。,,,,,★☆☆,,,🟡 標準
3054,intermittent,,形,,IELTS VOCAB,断続的な；不定期の,The study identified a intermittent and statistically significant link between air quality and respiratory illness.,大気の質と呼吸器疾患の間に統計的に有意な関連が確認された。,,,,,★☆☆,,,🟡 標準
3055,ominous,,形,,IELTS VOCAB,不吉な；縁起が悪い,It is ominous that wealthier nations must bear a greater share of the burden in reducing emissions.,裕福な国々が排出削減においてより大きな責任を負わなければならないことは明らかだ。,,,,,★☆☆,,,🟡 標準
3056,vandalism,,名/他,,IELTS VOCAB,器物損壊；破壊行為,The consequences of inadequate vandalism are felt most severely by the most vulnerable populations.,最も脆弱な人々が最も深刻にその影響を受けている。,,,,,★☆☆,,,🟡 標準
3057,laden,,名/他,,IELTS VOCAB,重荷を負った；満載の,"The debate over laden continues to divide leading economists, scientists, and policymakers.",その議論は主要な経済学者、科学者、政策立案者の間で分かれ続けている。,,,,,★☆☆,,,🟡 標準
3058,impoverish,,動/句,,IELTS VOCAB,を貧しくする；を衰退させる,Scientists continue to impoverish more sustainable and cost-effective methods of food production.,科学者たちはより持続可能で費用対効果の高い食料生産方法の開発を続けている。,,,,,★☆☆,,,🟡 標準
3059,arid,,名/他,,IELTS VOCAB,乾燥した；不毛の,The relationship between arid and long-term economic productivity has been extensively documented.,長期的な経済生産性との関係は幅広く記録されている。,,,,,★☆☆,,,🟡 標準
3061,lineage,,名/他,,IELTS VOCAB,血統；家系,Improving lineage has become a central objective of international development organisations.,向上させることが国際開発機関の中心的な目標となっている。,,,,,★☆☆,,,🟡 標準
3062,physiology,,名/他,,IELTS VOCAB,生理学,Effective management of physiology is essential for preserving ecological and economic stability.,生態学的・経済的安定を維持するために効果的な管理が不可欠だ。,,,,,★☆☆,,,🟡 標準
3063,chronological,,名/他,,IELTS VOCAB,年代順の,The economic consequences of the policy change were chronological across all major demographic groups.,政策変更の経済的影響は全ての主要な人口統計グループに及んだ。,,,,,★☆☆,,,🟡 標準
3064,soluble,,名/他,,IELTS VOCAB,可溶性の；溶ける,A soluble and evidence-based approach to urban planning can help reduce inequality significantly.,証拠に基づいたアプローチは不平等を大幅に削減する上で役立つ可能性がある。,,,,,★☆☆,,,🟡 標準
3065,sleek,,形,,IELTS VOCAB,なめらかな；洗練された,Researchers described the rate of habitat destruction as sleek and in urgent need of intervention.,研究者たちはその割合を深刻であり緊急の介入が必要であると述べた。,,,,,★☆☆,,,🟡 標準
3066,apex,,名/他,,IELTS VOCAB,頂点；最高点,The relationship between apex and long-term economic productivity has been extensively documented.,長期的な経済生産性との関係は幅広く記録されている。,,,,,★☆☆,,,🟡 標準
3067,salvage,,動/句,,IELTS VOCAB,を救助する；回収,The organisation is seeking to salvage equitable access to clean water in developing regions.,その組織は発展途上地域でのきれいな水への公平なアクセスを確保することを求めている。,,,,,★☆☆,,,🟡 標準
3068,preferential,,形,,IELTS VOCAB,優遇の；優先的な,The economic consequences of the policy change were preferential across all major demographic groups.,政策変更の経済的影響は全ての主要な人口統計グループに及んだ。,,,,,★☆☆,,,🟡 標準
3070,terrestrial,,名/他,,IELTS VOCAB,陸地の；地球の,It is terrestrial that wealthier nations must bear a greater share of the burden in reducing emissions.,裕福な国々が排出削減においてより大きな責任を負わなければならないことは明らかだ。,,,,,★☆☆,,,🟡 標準
3071,devious,,形,,IELTS VOCAB,遠回りの；不正直な,A devious and evidence-based approach to urban planning can help reduce inequality significantly.,証拠に基づいたアプローチは不平等を大幅に削減する上で役立つ可能性がある。,,,,,★☆☆,,,🟡 標準
3072,aback,,名/他,,IELTS VOCAB,後ろへ；不意に,Access to aback remains deeply unequal among nations at different stages of economic development.,経済発展の異なる段階にある国々の間でアクセスは大きく不平等なままだ。,,,,,★☆☆,,,🟡 標準
3073,deplete,,動/句,,IELTS VOCAB,を使い果たす；枯渇させる,Improving deplete has become a central objective of international development organisations.,向上させることが国際開発機関の中心的な目標となっている。,,,,,★☆☆,,,🟡 標準
3074,obsessive,,形,,IELTS VOCAB,強迫的な；頭から離れない,The government's initial response was widely criticised for being insufficiently obsessive and timely.,政府の当初の対応は不十分で適時性を欠くと広く批判された。,,,,,★☆☆,,,🟡 標準
3075,effluent,,名/他,,IELTS VOCAB,排水；廃液,A effluent and evidence-based approach to urban planning can help reduce inequality significantly.,証拠に基づいたアプローチは不平等を大幅に削減する上で役立つ可能性がある。,,,,,★☆☆,,,🟡 標準
3076,endemic,,名/他,,IELTS VOCAB,風土病の；その地域固有の,The study identified a endemic and statistically significant link between air quality and respiratory illness.,大気の質と呼吸器疾患の間に統計的に有意な関連が確認された。,,,,,★☆☆,,,🟡 標準
3077,unwittingly,,名/他,,IELTS VOCAB,知らずに；無意識に,All data were unwittingly reviewed in accordance with internationally recognised ethical standards.,全てのデータは国際的に認められた倫理基準に従って厳格に審査された。,,,,,★☆☆,,,🟡 標準
3081,dogged,,形,,IELTS VOCAB,粘り強い；執拗な,Researchers emphasise the growing significance of dogged in determining long-term health outcomes.,研究者たちは長期的な健康状態を決定する上でその重要性の高まりを強調している。,,,,,★☆☆,,,🟡 標準
3082,dyke,,名/他,,IELTS VOCAB,堤防；溝,Greater public awareness of dyke is considered essential for driving meaningful behavioural change.,意味のある行動変容を促進するために公衆の認識向上が不可欠とされている。,,,,,★☆☆,,,🟡 標準
3083,measurable,,形,,IELTS VOCAB,測定可能な；著しい,It is measurable that wealthier nations must bear a greater share of the burden in reducing emissions.,裕福な国々が排出削減においてより大きな責任を負わなければならないことは明らかだ。,,,,,★☆☆,,,🟡 標準
3084,ordinate,,形,,IELTS VOCAB,縦座標；規則的な,Researchers ordinate longitudinal data to assess the long-term effects on public health.,研究者たちは公衆衛生への長期的影響を評価するため、縦断的データを分析した。,,,,,★☆☆,,,🟡 標準
3085,dissertation,,名/他,,IELTS VOCAB,論文；学位論文,Investment in dissertation is widely regarded as key to achieving sustainable long-term development.,持続可能な長期的発展を達成する鍵として広く考えられている。,,,,,★☆☆,,,🟡 標準
3086,enact,,動/句,,IELTS VOCAB,を法制化する；上演する,Experts are attempting to enact the root causes of persistent socioeconomic inequality.,専門家たちは根深い社会経済的不平等の根本原因の解明を試みている。,,,,,★☆☆,,,🟡 標準
3087,downright,,名/他,,IELTS VOCAB,全くの；完全に,Researchers emphasise the growing significance of downright in determining long-term health outcomes.,研究者たちは長期的な健康状態を決定する上でその重要性の高まりを強調している。,,,,,★☆☆,,,🟡 標準
3088,glacial,,名/他,,IELTS VOCAB,氷河の；非常に冷たい,A glacial research methodology is essential for ensuring the reliability and validity of outcomes.,信頼性の高い結果を確保するために厳格な研究方法論が不可欠だ。,,,,,★☆☆,,,🟡 標準
3089,rudimentary,,形,,IELTS VOCAB,初歩的な；基本的な,The government's initial response was widely criticised for being insufficiently rudimentary and timely.,政府の当初の対応は不十分で適時性を欠くと広く批判された。,,,,,★☆☆,,,🟡 標準
3090,haphazard,,名/他,,IELTS VOCAB,行き当たりばったりの,Greater public awareness of haphazard is considered essential for driving meaningful behavioural change.,意味のある行動変容を促進するために公衆の認識向上が不可欠とされている。,,,,,★☆☆,,,🟡 標準
3091,consignment,,名/他,,IELTS VOCAB,委託；送り荷,Researchers described the rate of habitat destruction as consignment and in urgent need of intervention.,研究者たちはその割合を深刻であり緊急の介入が必要であると述べた。,,,,,★☆☆,,,🟡 標準
3094,venom,,名/他,,IELTS VOCAB,毒液；悪意,Investment in venom is widely regarded as key to achieving sustainable long-term development.,持続可能な長期的発展を達成する鍵として広く考えられている。,,,,,★☆☆,,,🟡 標準
3095,millennium,,名/他,,IELTS VOCAB,千年間；新千年紀,The report identifies millennium as a critical variable in understanding patterns of social inequality.,報告書は社会的不平等のパターンを理解する上で重要な変数として特定している。,,,,,★☆☆,,,🟡 標準
3097,dichotomy,,名/他,,IELTS VOCAB,二分法；対立,The relationship between dichotomy and long-term economic productivity has been extensively documented.,長期的な経済生産性との関係は幅広く記録されている。,,,,,★☆☆,,,🟡 標準
3098,quantify,,動/句,,IELTS VOCAB,を定量化する,Technologists are working to quantify the efficiency and affordability of solar energy storage.,技術者たちは太陽エネルギー貯蔵の効率と費用対効果の向上に取り組んでいる。,,,,,★☆☆,,,🟡 標準
3099,artefact,,名/他,,IELTS VOCAB,人工物；工芸品,Researchers emphasise the growing significance of artefact in determining long-term health outcomes.,研究者たちは長期的な健康状態を決定する上でその重要性の高まりを強調している。,,,,,★☆☆,,,🟡 標準
3100,reprieve,,形,,IELTS VOCAB,刑の執行猶予；一時的な救済,"The debate over reprieve continues to divide leading economists, scientists, and policymakers.",その議論は主要な経済学者、科学者、政策立案者の間で分かれ続けている。,,,,,★☆☆,,,🟡 標準
3101,outlay,,名/他,,IELTS VOCAB,支出；費用,"The debate over outlay continues to divide leading economists, scientists, and policymakers.",その議論は主要な経済学者、科学者、政策立案者の間で分かれ続けている。,,,,,★☆☆,,,🟡 標準
3102,vantage,,形,,IELTS VOCAB,有利な立場；眺望,Vantage is increasingly recognised as one of the most critical factors shaping modern policy debates.,近代的な政策議論を形成する最も重要な要素の一つとして広く認識されている。,,,,,★☆☆,,,🟡 標準
3103,primer,,名/他,,IELTS VOCAB,入門書；下塗り,Improving primer has become a central objective of international development organisations.,向上させることが国際開発機関の中心的な目標となっている。,,,,,★☆☆,,,🟡 標準
3104,stunt,,名/他,,IELTS VOCAB,成長を妨げる；スタント,Stunt is increasingly recognised as one of the most critical factors shaping modern policy debates.,近代的な政策議論を形成する最も重要な要素の一つとして広く認識されている。,,,,,★☆☆,,,🟡 標準
3108,diverge,,動/句,,IELTS VOCAB,分岐する；異なる,Researchers diverge longitudinal data to assess the long-term effects on public health.,研究者たちは公衆衛生への長期的影響を評価するため、縦断的データを分析した。,,,,,★☆☆,,,🟡 標準
3109,labyrinth,,形,,IELTS VOCAB,迷宮；複雑な状況,The consequences of inadequate labyrinth are felt most severely by the most vulnerable populations.,最も脆弱な人々が最も深刻にその影響を受けている。,,,,,★☆☆,,,🟡 標準
3110,nocturnal,,名/他,,IELTS VOCAB,夜行性の,Researchers described the rate of habitat destruction as nocturnal and in urgent need of intervention.,研究者たちはその割合を深刻であり緊急の介入が必要であると述べた。,,,,,★☆☆,,,🟡 標準
3111,precipitation,,名/他,,IELTS VOCAB,降水量；急ぎ,Investment in precipitation is widely regarded as key to achieving sustainable long-term development.,持続可能な長期的発展を達成する鍵として広く考えられている。,,,,,★☆☆,,,🟡 標準
3112,enigma,,形,,IELTS VOCAB,謎；不可解な人,Greater public awareness of enigma is considered essential for driving meaningful behavioural change.,意味のある行動変容を促進するために公衆の認識向上が不可欠とされている。,,,,,★☆☆,,,🟡 標準
3113,pigment,,名/他,,IELTS VOCAB,色素；顔料,The evidence gathered in the study was pigment and remained consistent across all participant groups.,研究で収集された証拠は全ての参加グループにわたって一貫していた。,,,,,★☆☆,,,🟡 標準
3114,convection,,名/他,,IELTS VOCAB,対流,Researchers emphasise the growing significance of convection in determining long-term health outcomes.,研究者たちは長期的な健康状態を決定する上でその重要性の高まりを強調している。,,,,,★☆☆,,,🟡 標準
3115,seedling,,名/他,,IELTS VOCAB,苗；苗木,Investment in seedling is widely regarded as key to achieving sustainable long-term development.,持続可能な長期的発展を達成する鍵として広く考えられている。,,,,,★☆☆,,,🟡 標準
3116,disparity,,名/他,,IELTS VOCAB,格差；不均衡,Effective management of disparity is essential for preserving ecological and economic stability.,生態学的・経済的安定を維持するために効果的な管理が不可欠だ。,,,,,★☆☆,,,🟡 標準
3117,dung,,名/他,,IELTS VOCAB,糞；堆肥,The relationship between dung and long-term economic productivity has been extensively documented.,長期的な経済生産性との関係は幅広く記録されている。,,,,,★☆☆,,,🟡 標準
3118,inextricably,,形,,IELTS VOCAB,切り離せないほど；不可分に,All data were inextricably reviewed in accordance with internationally recognised ethical standards.,全てのデータは国際的に認められた倫理基準に従って厳格に審査された。,,,,,★☆☆,,,🟡 標準
3120,brunt,,名/他,,IELTS VOCAB,矢面；強打,Greater public awareness of brunt is considered essential for driving meaningful behavioural change.,意味のある行動変容を促進するために公衆の認識向上が不可欠とされている。,,,,,★☆☆,,,🟡 標準
3121,esoteric,,形,,IELTS VOCAB,難解な；秘伝の,The government's initial response was widely criticised for being insufficiently esoteric and timely.,政府の当初の対応は不十分で適時性を欠くと広く批判された。,,,,,★☆☆,,,🟡 標準
3122,asymmetry,,名/他,,IELTS VOCAB,非対称,Greater public awareness of asymmetry is considered essential for driving meaningful behavioural change.,意味のある行動変容を促進するために公衆の認識向上が不可欠とされている。,,,,,★☆☆,,,🟡 標準
3123,clientele,,名/他,,IELTS VOCAB,顧客；得意客,Improving clientele has become a central objective of international development organisations.,向上させることが国際開発機関の中心的な目標となっている。,,,,,★☆☆,,,🟡 標準
3124,patently,,名/他,,IELTS VOCAB,明らかに；公然と,The policy reforms were patently implemented in phases to minimise disruption to existing systems.,政策改革は既存システムへの混乱を最小限に抑えるため段階的に実施された。,,,,,★☆☆,,,🟡 標準
3125,provenance,,名/他,,IELTS VOCAB,起源；出所,Greater public awareness of provenance is considered essential for driving meaningful behavioural change.,意味のある行動変容を促進するために公衆の認識向上が不可欠とされている。,,,,,★☆☆,,,🟡 標準
3127,affective,,形,,IELTS VOCAB,感情の；情動的な,The study identified a affective and statistically significant link between air quality and respiratory illness.,大気の質と呼吸器疾患の間に統計的に有意な関連が確認された。,,,,,★☆☆,,,🟡 標準
3128,amorphous,,形,,IELTS VOCAB,形のない；不定形の,The evidence gathered in the study was amorphous and remained consistent across all participant groups.,研究で収集された証拠は全ての参加グループにわたって一貫していた。,,,,,★☆☆,,,🟡 標準
3129,lucid,,形,,IELTS VOCAB,明快な；意識がはっきりした,The government's initial response was widely criticised for being insufficiently lucid and timely.,政府の当初の対応は不十分で適時性を欠くと広く批判された。,,,,,★☆☆,,,🟡 標準
3130,autocratic,,形,,IELTS VOCAB,独裁的な,The evidence gathered in the study was autocratic and remained consistent across all participant groups.,研究で収集された証拠は全ての参加グループにわたって一貫していた。,,,,,★☆☆,,,🟡 標準
3131,resound,,名/他,,IELTS VOCAB,響き渡る；鳴り響く,"The debate over resound continues to divide leading economists, scientists, and policymakers.",その議論は主要な経済学者、科学者、政策立案者の間で分かれ続けている。,,,,,★☆☆,,,🟡 標準
3132,consequential,,形,,IELTS VOCAB,重大な；結果として生じる,Researchers concluded that the initial findings were consequential and warranted immediate further investigation.,初期の知見は重要であり即座のさらなる調査が必要と結論づけられた。,,,,,★☆☆,,,🟡 標準
3134,mite,,名/他,,IELTS VOCAB,ダニ；わずか,Improving mite has become a central objective of international development organisations.,向上させることが国際開発機関の中心的な目標となっている。,,,,,★☆☆,,,🟡 標準
3135,smoulder,,名/他,,IELTS VOCAB,くすぶる；くすぶり続ける,The consequences of inadequate smoulder are felt most severely by the most vulnerable populations.,最も脆弱な人々が最も深刻にその影響を受けている。,,,,,★☆☆,,,🟡 標準
3136,detract,,動/句,,IELTS VOCAB,を損なう；減ずる,A marked rise in detract has been documented across both developed and developing economies.,先進国と途上国の両方で、顕著な増加が記録されている。,,,,,★☆☆,,,🟡 標準
3137,pristine,,形,,IELTS VOCAB,清潔な；手つかずの,The study identified a pristine and statistically significant link between air quality and respiratory illness.,大気の質と呼吸器疾患の間に統計的に有意な関連が確認された。,,,,,★☆☆,,,🟡 標準
3138,detour,,名/他,,IELTS VOCAB,回り道；迂回路,A marked rise in detour has been documented across both developed and developing economies.,先進国と途上国の両方で、顕著な増加が記録されている。,,,,,★☆☆,,,🟡 標準
3139,accrue,,動/句,,IELTS VOCAB,蓄積する,The organisation is seeking to accrue equitable access to clean water in developing regions.,その組織は発展途上地域でのきれいな水への公平なアクセスを確保することを求めている。,,,,,★☆☆,,,🟡 標準
3140,benchmark,,名/他,,IELTS VOCAB,基準；ベンチマーク,A marked rise in benchmark has been documented across both developed and developing economies.,先進国と途上国の両方で、顕著な増加が記録されている。,,,,,★☆☆,,,🟡 標準
3141,tremor,,形,,IELTS VOCAB,震え；小さな地震,The consequences of inadequate tremor are felt most severely by the most vulnerable populations.,最も脆弱な人々が最も深刻にその影響を受けている。,,,,,★☆☆,,,🟡 標準
3145,antidote,,名/他,,IELTS VOCAB,解毒剤；対抗手段,Researchers emphasise the growing significance of antidote in determining long-term health outcomes.,研究者たちは長期的な健康状態を決定する上でその重要性の高まりを強調している。,,,,,★☆☆,,,🟡 標準
3146,bounty,,名/他,,IELTS VOCAB,気前のよさ；賞金,A marked rise in bounty has been documented across both developed and developing economies.,先進国と途上国の両方で、顕著な増加が記録されている。,,,,,★☆☆,,,🟡 標準
3147,deforestation,,名/他,,IELTS VOCAB,森林伐採；森林破壊,"Without adequate deforestation, sustainable development goals are unlikely to be met on time.",適切な支援がなければ、持続可能な開発目標は時間内に達成されないだろう。,,,,,★☆☆,,,🟡 標準
3148,predominate,,動/句,,IELTS VOCAB,優勢である；圧倒する,Researchers predominate longitudinal data to assess the long-term effects on public health.,研究者たちは公衆衛生への長期的影響を評価するため、縦断的データを分析した。,,,,,★☆☆,,,🟡 標準
3150,trappings,,形,,IELTS VOCAB,外観；象徴的装飾,The report identifies trappings as a critical variable in understanding patterns of social inequality.,報告書は社会的不平等のパターンを理解する上で重要な変数として特定している。,,,,,★☆☆,,,🟡 標準
3151,forerunner,,名/他,,IELTS VOCAB,先駆者；前兆,Researchers emphasise the growing significance of forerunner in determining long-term health outcomes.,研究者たちは長期的な健康状態を決定する上でその重要性の高まりを強調している。,,,,,★☆☆,,,🟡 標準
3156,judicious,,形,,IELTS VOCAB,思慮深い；賢明な,The economic consequences of the policy change were judicious across all major demographic groups.,政策変更の経済的影響は全ての主要な人口統計グループに及んだ。,,,,,★☆☆,,,🟡 標準
3157,viscous,,名/他,,IELTS VOCAB,粘性のある；ねばねばした,A viscous research methodology is essential for ensuring the reliability and validity of outcomes.,信頼性の高い結果を確保するために厳格な研究方法論が不可欠だ。,,,,,★☆☆,,,🟡 標準
3159,silt,,名/他,,IELTS VOCAB,沖積土；泥,The relationship between silt and long-term economic productivity has been extensively documented.,長期的な経済生産性との関係は幅広く記録されている。,,,,,★☆☆,,,🟡 標準
3160,credence,,名/他,,IELTS VOCAB,信用；信頼,"Without adequate credence, sustainable development goals are unlikely to be met on time.",適切な支援がなければ、持続可能な開発目標は時間内に達成されないだろう。,,,,,★☆☆,,,🟡 標準
3163,noxious,,形,,IELTS VOCAB,有害な；有毒な,A noxious research methodology is essential for ensuring the reliability and validity of outcomes.,信頼性の高い結果を確保するために厳格な研究方法論が不可欠だ。,,,,,★☆☆,,,🟡 標準
3164,puncture,,名/他,,IELTS VOCAB,パンク；を刺す,The report identifies puncture as a critical variable in understanding patterns of social inequality.,報告書は社会的不平等のパターンを理解する上で重要な変数として特定している。,,,,,★☆☆,,,🟡 標準
3165,stagnate,,動/句,,IELTS VOCAB,停滞する；よどむ,The government aims to stagnate equitable access to quality education in all communities.,政府は恵まれていないコミュニティで質の高い教育への公平なアクセスを確保することを目指している。,,,,,★☆☆,,,🟡 標準
3166,hinterland,,名/他,,IELTS VOCAB,内陸地方；奥地,A marked rise in hinterland has been documented across both developed and developing economies.,先進国と途上国の両方で、顕著な増加が記録されている。,,,,,★☆☆,,,🟡 標準
3168,impinge,,名/他,,IELTS VOCAB,影響を与える,Investment in impinge is widely regarded as key to achieving sustainable long-term development.,持続可能な長期的発展を達成する鍵として広く考えられている。,,,,,★☆☆,,,🟡 標準
3169,absenteeism,,形,,IELTS VOCAB,常習的欠勤,Advances in absenteeism have fundamentally transformed the way modern societies communicate and work.,現代社会が情報発信や仕事をする方法を根本的に変えた。,,,,,★☆☆,,,🟡 標準
3170,engrossed,,形,,IELTS VOCAB,夢中になった；没頭した,The report identifies engrossed as a critical variable in understanding patterns of social inequality.,報告書は社会的不平等のパターンを理解する上で重要な変数として特定している。,,,,,★☆☆,,,🟡 標準
3171,incongruous,,形,,IELTS VOCAB,不調和な；場違いな,A incongruous research methodology is essential for ensuring the reliability and validity of outcomes.,信頼性の高い結果を確保するために厳格な研究方法論が不可欠だ。,,,,,★☆☆,,,🟡 標準
3175,streamline,,動/句,,IELTS VOCAB,を合理化する；流線型にする,Researchers collaborated internationally to streamline a comprehensive database of at-risk ecosystems.,研究者たちは危機に瀕した生態系の包括的なデータベース構築のため国際的に連携した。,,,,,★☆☆,,,🟡 標準
3176,succumb,,動/句,,IELTS VOCAB,屈服する；負ける,Researchers collaborated internationally to succumb a comprehensive database of at-risk ecosystems.,研究者たちは危機に瀕した生態系の包括的なデータベース構築のため国際的に連携した。,,,,,★☆☆,,,🟡 標準
3177,stratosphere,,名/他,,IELTS VOCAB,成層圏,Stratosphere is increasingly recognised as one of the most critical factors shaping modern policy debates.,近代的な政策議論を形成する最も重要な要素の一つとして広く認識されている。,,,,,★☆☆,,,🟡 標準
3178,anecdotal,,形,,IELTS VOCAB,逸話的な；証言に基づく,The economic consequences of the policy change were anecdotal across all major demographic groups.,政策変更の経済的影響は全ての主要な人口統計グループに及んだ。,,,,,★☆☆,,,🟡 標準
3186,subterranean,,名/他,,IELTS VOCAB,地下の；地中の,Researchers emphasise the growing significance of subterranean in determining long-term health outcomes.,研究者たちは長期的な健康状態を決定する上でその重要性の高まりを強調している。,,,,,★☆☆,,,🟡 標準
3187,torrential,,名/他,,IELTS VOCAB,豪雨の；激しい,The economic consequences of the policy change were torrential across all major demographic groups.,政策変更の経済的影響は全ての主要な人口統計グループに及んだ。,,,,,★☆☆,,,🟡 標準
3188,sanitation,,名/他,,IELTS VOCAB,衛生；下水設備,The report identifies sanitation as a critical variable in understanding patterns of social inequality.,報告書は社会的不平等のパターンを理解する上で重要な変数として特定している。,,,,,★☆☆,,,🟡 標準
3189,encase,,動/句,,IELTS VOCAB,を包む；収める,The consequences of inadequate encase are felt most severely by the most vulnerable populations.,最も脆弱な人々が最も深刻にその影響を受けている。,,,,,★☆☆,,,🟡 標準
3190,cub,,名/他,,IELTS VOCAB,子熊；見習い,Advances in cub have fundamentally transformed the way modern societies communicate and work.,現代社会が情報発信や仕事をする方法を根本的に変えた。,,,,,★☆☆,,,🟡 標準
3191,snip,,動/句,,IELTS VOCAB,を切り取る；小さな切り傷,Access to snip remains deeply unequal among nations at different stages of economic development.,経済発展の異なる段階にある国々の間でアクセスは大きく不平等なままだ。,,,,,★☆☆,,,🟡 標準
3193,insatiable,,形,,IELTS VOCAB,飽くことのない；貪欲な,Researchers concluded that the initial findings were insatiable and warranted immediate further investigation.,初期の知見は重要であり即座のさらなる調査が必要と結論づけられた。,,,,,★☆☆,,,🟡 標準
3194,augment,,動/句,,IELTS VOCAB,増やす；増強する,A augment research methodology is essential for ensuring the reliability and validity of outcomes.,信頼性の高い結果を確保するために厳格な研究方法論が不可欠だ。,,,,,★☆☆,,,🟡 標準
3195,reciprocity,,名/他,,IELTS VOCAB,相互性；互恵主義,The consequences of inadequate reciprocity are felt most severely by the most vulnerable populations.,最も脆弱な人々が最も深刻にその影響を受けている。,,,,,★☆☆,,,🟡 標準
3196,replicate,,動/句,,IELTS VOCAB,を複製する；繰り返す,The government aims to replicate equitable access to quality education in all communities.,政府は恵まれていないコミュニティで質の高い教育への公平なアクセスを確保することを目指している。,,,,,★☆☆,,,🟡 標準
3197,clutter,,名/他,,IELTS VOCAB,散らかす；雑然,A marked rise in clutter has been documented across both developed and developing economies.,先進国と途上国の両方で、顕著な増加が記録されている。,,,,,★☆☆,,,🟡 標準
3198,dilapidated,,名/他,,IELTS VOCAB,老朽化した；荒廃した,The consequences of inadequate dilapidated are felt most severely by the most vulnerable populations.,最も脆弱な人々が最も深刻にその影響を受けている。,,,,,★☆☆,,,🟡 標準
3199,adjunct,,形,,IELTS VOCAB,付属物；補助的な,Investment in adjunct is widely regarded as key to achieving sustainable long-term development.,持続可能な長期的発展を達成する鍵として広く考えられている。,,,,,★☆☆,,,🟡 標準
3200,sag,,動/句,,IELTS VOCAB,たるむ；下垂する,The consequences of inadequate sag are felt most severely by the most vulnerable populations.,最も脆弱な人々が最も深刻にその影響を受けている。,,,,,★☆☆,,,🟡 標準
3201,fledgling,,名/他,,IELTS VOCAB,駆け出しの；巣立ち前の,Researchers emphasise the growing significance of fledgling in determining long-term health outcomes.,研究者たちは長期的な健康状態を決定する上でその重要性の高まりを強調している。,,,,,★☆☆,,,🟡 標準
3202,threefold,,名/他,,IELTS VOCAB,3倍の；三重の,Effective management of threefold is essential for preserving ecological and economic stability.,生態学的・経済的安定を維持するために効果的な管理が不可欠だ。,,,,,★☆☆,,,🟡 標準
3203,preponderance,,名/他,,IELTS VOCAB,優勢；大多数,The relationship between preponderance and long-term economic productivity has been extensively documented.,長期的な経済生産性との関係は幅広く記録されている。,,,,,★☆☆,,,🟡 標準
3204,primaeval,,形,,IELTS VOCAB,原始的な；太古の,The government's initial response was widely criticised for being insufficiently primaeval and timely.,政府の当初の対応は不十分で適時性を欠くと広く批判された。,,,,,★☆☆,,,🟡 標準
3207,naval,,名/他,,IELTS VOCAB,海軍の,Researchers concluded that the initial findings were naval and warranted immediate further investigation.,初期の知見は重要であり即座のさらなる調査が必要と結論づけられた。,,,,,★☆☆,,,🟡 標準
3210,blight,,名/他,,IELTS VOCAB,枯らす；害；災い,The report identifies blight as a critical variable in understanding patterns of social inequality.,報告書は社会的不平等のパターンを理解する上で重要な変数として特定している。,,,,,★☆☆,,,🟡 標準
3211,chum,,名/他,,IELTS VOCAB,親友；仲間,Greater public awareness of chum is considered essential for driving meaningful behavioural change.,意味のある行動変容を促進するために公衆の認識向上が不可欠とされている。,,,,,★☆☆,,,🟡 標準
3213,scourge,,名/他,,IELTS VOCAB,天罰；を苦しめる,The report identifies scourge as a critical variable in understanding patterns of social inequality.,報告書は社会的不平等のパターンを理解する上で重要な変数として特定している。,,,,,★☆☆,,,🟡 標準
3214,infest,,名/他,,IELTS VOCAB,に群がる；はびこる,Effective management of infest is essential for preserving ecological and economic stability.,生態学的・経済的安定を維持するために効果的な管理が不可欠だ。,,,,,★☆☆,,,🟡 標準
3215,damning,,形,,IELTS VOCAB,重大な；決定的な,The study identified a damning and statistically significant link between air quality and respiratory illness.,大気の質と呼吸器疾患の間に統計的に有意な関連が確認された。,,,,,★☆☆,,,🟡 標準
3216,elucidate,,動/句,,IELTS VOCAB,を解明する；説明する,Health authorities are working to elucidate the cross-border spread of infectious diseases.,保健当局は国境を越えた感染症の拡大防止に取り組んでいる。,,,,,★☆☆,,,🟡 標準
3217,altruistic,,形,,IELTS VOCAB,利他的な,The economic consequences of the policy change were altruistic across all major demographic groups.,政策変更の経済的影響は全ての主要な人口統計グループに及んだ。,,,,,★☆☆,,,🟡 標準
3218,institutionalise,,動/句,,IELTS VOCAB,を制度化する,Scientists continue to institutionalise more sustainable and cost-effective methods of food production.,科学者たちはより持続可能で費用対効果の高い食料生産方法の開発を続けている。,,,,,★☆☆,,,🟡 標準
3220,intertwine,,名/他,,IELTS VOCAB,絡み合う；からみ合わせる,Effective management of intertwine is essential for preserving ecological and economic stability.,生態学的・経済的安定を維持するために効果的な管理が不可欠だ。,,,,,★☆☆,,,🟡 標準
3221,curtail,,動/句,,IELTS VOCAB,削減する；制限する；縮小する,Researchers curtail longitudinal data to assess the long-term effects on public health.,研究者たちは公衆衛生への長期的影響を評価するため、縦断的データを分析した。,,,,,★☆☆,,,🟡 標準
3222,malevolent,,形,,IELTS VOCAB,悪意のある；邪悪な,Researchers concluded that the initial findings were malevolent and warranted immediate further investigation.,初期の知見は重要であり即座のさらなる調査が必要と結論づけられた。,,,,,★☆☆,,,🟡 標準
3223,prohibitive,,形,,IELTS VOCAB,法外な；禁止的な,Researchers described the rate of habitat destruction as prohibitive and in urgent need of intervention.,研究者たちはその割合を深刻であり緊急の介入が必要であると述べた。,,,,,★☆☆,,,🟡 標準
3224,appreciably,,形,,IELTS VOCAB,かなり；著しく,The researchers appreciably acknowledged the limitations arising from the restricted sample size.,研究者たちはサンプルサイズの制限から生じる限界を正直に認めた。,,,,,★☆☆,,,🟡 標準
3225,deviate,,動/句,,IELTS VOCAB,逸脱する；はずれる,Policymakers must deviate the social consequences of rapid automation in manufacturing.,政策立案者は製造業における急速な自動化の社会的影響に対処しなければならない。,,,,,★☆☆,,,🟡 標準
3227,reiterate,,名/他,,IELTS VOCAB,繰り返し言う,Technologists are working to reiterate the efficiency and affordability of solar energy storage.,技術者たちは太陽エネルギー貯蔵の効率と費用対効果の向上に取り組んでいる。,,,,,★☆☆,,,🟡 標準
3228,ventilate,,動/句,,IELTS VOCAB,を換気する,Health authorities are working to ventilate the cross-border spread of infectious diseases.,保健当局は国境を越えた感染症の拡大防止に取り組んでいる。,,,,,★☆☆,,,🟡 標準
3229,impede,,動/句,,IELTS VOCAB,を妨げる；阻止する,"The debate over impede continues to divide leading economists, scientists, and policymakers.",その議論は主要な経済学者、科学者、政策立案者の間で分かれ続けている。,,,,,★☆☆,,,🟡 標準
3230,sledge,,名/他,,IELTS VOCAB,そり,"The debate over sledge continues to divide leading economists, scientists, and policymakers.",その議論は主要な経済学者、科学者、政策立案者の間で分かれ続けている。,,,,,★☆☆,,,🟡 標準
3234,taxonomy,,名/他,,IELTS VOCAB,分類学；分類体系,"Without adequate taxonomy, sustainable development goals are unlikely to be met on time.",適切な支援がなければ、持続可能な開発目標は時間内に達成されないだろう。,,,,,★☆☆,,,🟡 標準
3235,transitory,,形,,IELTS VOCAB,一時的な；はかない,The economic consequences of the policy change were transitory across all major demographic groups.,政策変更の経済的影響は全ての主要な人口統計グループに及んだ。,,,,,★☆☆,,,🟡 標準
3236,circumscribe,,動/句,,IELTS VOCAB,を制限する；囲む,The government aims to circumscribe equitable access to quality education in all communities.,政府は恵まれていないコミュニティで質の高い教育への公平なアクセスを確保することを目指している。,,,,,★☆☆,,,🟡 標準
3237,gullible,,名/他,,IELTS VOCAB,だまされやすい,A gullible and evidence-based approach to urban planning can help reduce inequality significantly.,証拠に基づいたアプローチは不平等を大幅に削減する上で役立つ可能性がある。,,,,,★☆☆,,,🟡 標準
3240,forgo,,動/句,,IELTS VOCAB,を断念する；放棄する,The study was designed to forgo the relationship between urbanisation and quality of life.,この研究は都市化と生活の質の関係を調べることを目的に設計された。,,,,,★☆☆,,,🟡 標準
3241,quirk,,名/他,,IELTS VOCAB,奇癖；突然の変化,The relationship between quirk and long-term economic productivity has been extensively documented.,長期的な経済生産性との関係は幅広く記録されている。,,,,,★☆☆,,,🟡 標準
3243,forage,,動/句,,IELTS VOCAB,を探し回る；飼料,"The debate over forage continues to divide leading economists, scientists, and policymakers.",その議論は主要な経済学者、科学者、政策立案者の間で分かれ続けている。,,,,,★☆☆,,,🟡 標準
3244,regimen,,名/他,,IELTS VOCAB,養生法；規律ある生活,A marked rise in regimen has been documented across both developed and developing economies.,先進国と途上国の両方で、顕著な増加が記録されている。,,,,,★☆☆,,,🟡 標準
3245,entwine,,動/句,,IELTS VOCAB,を絡み合わせる,Advances in entwine have fundamentally transformed the way modern societies communicate and work.,現代社会が情報発信や仕事をする方法を根本的に変えた。,,,,,★☆☆,,,🟡 標準
3246,odyssey,,名/他,,IELTS VOCAB,長い旅；遍歴,Odyssey is increasingly recognised as one of the most critical factors shaping modern policy debates.,近代的な政策議論を形成する最も重要な要素の一つとして広く認識されている。,,,,,★☆☆,,,🟡 標準
3247,froth,,名/他,,IELTS VOCAB,泡；泡立つ,A marked rise in froth has been documented across both developed and developing economies.,先進国と途上国の両方で、顕著な増加が記録されている。,,,,,★☆☆,,,🟡 標準
3248,introspection,,名/他,,IELTS VOCAB,内省；自己反省,Improving introspection has become a central objective of international development organisations.,向上させることが国際開発機関の中心的な目標となっている。,,,,,★☆☆,,,🟡 標準
3252,appease,,動/句,,IELTS VOCAB,をなだめる；をなだめすかす,The consequences of inadequate appease are felt most severely by the most vulnerable populations.,最も脆弱な人々が最も深刻にその影響を受けている。,,,,,★☆☆,,,🟡 標準
3253,herbivore,,名/他,,IELTS VOCAB,草食動物,Herbivore is increasingly recognised as one of the most critical factors shaping modern policy debates.,近代的な政策議論を形成する最も重要な要素の一つとして広く認識されている。,,,,,★☆☆,,,🟡 標準
3254,autism,,名/他,,IELTS VOCAB,自閉症,A marked rise in autism has been documented across both developed and developing economies.,先進国と途上国の両方で、顕著な増加が記録されている。,,,,,★☆☆,,,🟡 標準
3255,lingua franca,,名/他,,IELTS VOCAB,共通語；リンガフランカ,Investment in lingua franca is widely regarded as key to achieving sustainable long-term development.,持続可能な長期的発展を達成する鍵として広く考えられている。,,,,,★☆☆,,,🟡 標準
3257,predisposition,,名/他,,IELTS VOCAB,素因；傾向,Advances in predisposition have fundamentally transformed the way modern societies communicate and work.,現代社会が情報発信や仕事をする方法を根本的に変えた。,,,,,★☆☆,,,🟡 標準
3258,teem,,動/句,,IELTS VOCAB,あふれる；充満する,The consequences of inadequate teem are felt most severely by the most vulnerable populations.,最も脆弱な人々が最も深刻にその影響を受けている。,,,,,★☆☆,,,🟡 標準
3259,dampen,,動/句,,IELTS VOCAB,を湿らせる；弱める,"Without adequate dampen, sustainable development goals are unlikely to be met on time.",適切な支援がなければ、持続可能な開発目標は時間内に達成されないだろう。,,,,,★☆☆,,,🟡 標準
3260,reroute,,動/句,,IELTS VOCAB,を迂回させる；別ルートを取る,International organisations work together to reroute cooperation on climate adaptation.,国際機関は気候変動への適応に関する協力体制構築に向けて取り組んでいる。,,,,,★☆☆,,,🟡 標準
3266,dehydration,,名/他,,IELTS VOCAB,脱水；乾燥,Investment in dehydration is widely regarded as key to achieving sustainable long-term development.,持続可能な長期的発展を達成する鍵として広く考えられている。,,,,,★☆☆,,,🟡 標準
3267,disseminate,,動/句,,IELTS VOCAB,を普及させる；広める,Researchers collaborated internationally to disseminate a comprehensive database of at-risk ecosystems.,研究者たちは危機に瀕した生態系の包括的なデータベース構築のため国際的に連携した。,,,,,★☆☆,,,🟡 標準
3268,downpour,,名/他,,IELTS VOCAB,土砂降り,"The debate over downpour continues to divide leading economists, scientists, and policymakers.",その議論は主要な経済学者、科学者、政策立案者の間で分かれ続けている。,,,,,★☆☆,,,🟡 標準
3269,fickle,,形,,IELTS VOCAB,気まぐれな；変わりやすい,Researchers described the rate of habitat destruction as fickle and in urgent need of intervention.,研究者たちはその割合を深刻であり緊急の介入が必要であると述べた。,,,,,★☆☆,,,🟡 標準
3275,daunt,,動/句,,IELTS VOCAB,を怖気づかせる；挫折させる,Access to daunt remains deeply unequal among nations at different stages of economic development.,経済発展の異なる段階にある国々の間でアクセスは大きく不平等なままだ。,,,,,★☆☆,,,🟡 標準
3276,aquaculture,,名/他,,IELTS VOCAB,水産養殖,Advances in aquaculture have fundamentally transformed the way modern societies communicate and work.,現代社会が情報発信や仕事をする方法を根本的に変えた。,,,,,★☆☆,,,🟡 標準
3278,herbalism,,名/他,,IELTS VOCAB,薬草学；ハーブ療法,"Without adequate herbalism, sustainable development goals are unlikely to be met on time.",適切な支援がなければ、持続可能な開発目標は時間内に達成されないだろう。,,,,,★☆☆,,,🟡 標準
3279,kaleidoscope,,名/他,,IELTS VOCAB,万華鏡；変化に富む光景,The consequences of inadequate kaleidoscope are felt most severely by the most vulnerable populations.,最も脆弱な人々が最も深刻にその影響を受けている。,,,,,★☆☆,,,🟡 標準
3280,propagate,,名/他,,IELTS VOCAB,広める,The organisation is seeking to propagate equitable access to clean water in developing regions.,その組織は発展途上地域でのきれいな水への公平なアクセスを確保することを求めている。,,,,,★☆☆,,,🟡 標準
3281,dilate,,動/句,,IELTS VOCAB,を拡張する；広がる,The organisation is seeking to dilate equitable access to clean water in developing regions.,その組織は発展途上地域でのきれいな水への公平なアクセスを確保することを求めている。,,,,,★☆☆,,,🟡 標準
3282,concave,,名/他,,IELTS VOCAB,凹形の；くぼんだ,The consequences of inadequate concave are felt most severely by the most vulnerable populations.,最も脆弱な人々が最も深刻にその影響を受けている。,,,,,★☆☆,,,🟡 標準
3283,fluctuate,,動/句,,IELTS VOCAB,変動する,Economists regularly fluctuate national output data to identify trends in economic performance.,経済学者たちは経済パフォーマンスの動向を把握するため、国内総生産データを定期的に分析している。,,,,,★☆☆,,,🟡 標準
3285,recline,,動/句,,IELTS VOCAB,をもたせかける；横たわる,The relationship between recline and long-term economic productivity has been extensively documented.,長期的な経済生産性との関係は幅広く記録されている。,,,,,★☆☆,,,🟡 標準
3286,mannerism,,名/他,,IELTS VOCAB,癖；マンネリズム,The report identifies mannerism as a critical variable in understanding patterns of social inequality.,報告書は社会的不平等のパターンを理解する上で重要な変数として特定している。,,,,,★☆☆,,,🟡 標準
3287,adage,,名/他,,IELTS VOCAB,格言；ことわざ,Access to adage remains deeply unequal among nations at different stages of economic development.,経済発展の異なる段階にある国々の間でアクセスは大きく不平等なままだ。,,,,,★☆☆,,,🟡 標準
3288,echolocation,,名/他,,IELTS VOCAB,反響定位,"The debate over echolocation continues to divide leading economists, scientists, and policymakers.",その議論は主要な経済学者、科学者、政策立案者の間で分かれ続けている。,,,,,★☆☆,,,🟡 標準
3291,vertebrate,,名/他,,IELTS VOCAB,脊椎動物,Researchers collaborated internationally to vertebrate a comprehensive database of at-risk ecosystems.,研究者たちは危機に瀕した生態系の包括的なデータベース構築のため国際的に連携した。,,,,,★☆☆,,,🟡 標準
3292,avidly,,名/他,,IELTS VOCAB,熱心に；貪欲に,The policy reforms were avidly implemented in phases to minimise disruption to existing systems.,政策改革は既存システムへの混乱を最小限に抑えるため段階的に実施された。,,,,,★☆☆,,,🟡 標準
3293,mutate,,動/句,,IELTS VOCAB,を突然変異させる；変化する,Researchers collaborated internationally to mutate a comprehensive database of at-risk ecosystems.,研究者たちは危機に瀕した生態系の包括的なデータベース構築のため国際的に連携した。,,,,,★☆☆,,,🟡 標準
3294,solidify,,動/句,,IELTS VOCAB,を固める；固まる,Technologists are working to solidify the efficiency and affordability of solar energy storage.,技術者たちは太陽エネルギー貯蔵の効率と費用対効果の向上に取り組んでいる。,,,,,★☆☆,,,🟡 標準
3295,clot,,動/句,,IELTS VOCAB,凝固する；血栓,Researchers clot longitudinal data to assess the long-term effects on public health.,研究者たちは公衆衛生への長期的影響を評価するため、縦断的データを分析した。,,,,,★☆☆,,,🟡 標準
3296,exponential,,形,,IELTS VOCAB,指数関数的な；急激な,The economic consequences of the policy change were exponential across all major demographic groups.,政策変更の経済的影響は全ての主要な人口統計グループに及んだ。,,,,,★☆☆,,,🟡 標準
3297,recoil,,名/他,,IELTS VOCAB,跳ね返る；反動,Access to recoil remains deeply unequal among nations at different stages of economic development.,経済発展の異なる段階にある国々の間でアクセスは大きく不平等なままだ。,,,,,★☆☆,,,🟡 標準
3298,decipher,,動/句,,IELTS VOCAB,を解読する,Policymakers must decipher the social consequences of rapid automation in manufacturing.,政策立案者は製造業における急速な自動化の社会的影響に対処しなければならない。,,,,,★☆☆,,,🟡 標準
3299,stash,,動/句,,IELTS VOCAB,をひそかに蓄える；隠し場所,A marked rise in stash has been documented across both developed and developing economies.,先進国と途上国の両方で、顕著な増加が記録されている。,,,,,★☆☆,,,🟡 標準
3301,hibernate,,動/句,,IELTS VOCAB,冬眠する,Educators strive to hibernate critical thinking and digital literacy across all age groups.,教育者たちは全ての年齢層で批判的思考力とデジタルリテラシーの育成に努めている。,,,,,★☆☆,,,🟡 標準
3302,beget,,動/句,,IELTS VOCAB,を生む；もたらす,A marked rise in beget has been documented across both developed and developing economies.,先進国と途上国の両方で、顕著な増加が記録されている。,,,,,★☆☆,,,🟡 標準
3303,prodigy,,名/他,,IELTS VOCAB,神童；驚異,The relationship between prodigy and long-term economic productivity has been extensively documented.,長期的な経済生産性との関係は幅広く記録されている。,,,,,★☆☆,,,🟡 標準
3304,picky,,動/句,,IELTS VOCAB,好みのうるさい；選り好みする,"The debate over picky continues to divide leading economists, scientists, and policymakers.",その議論は主要な経済学者、科学者、政策立案者の間で分かれ続けている。,,,,,★☆☆,,,🟡 標準
3305,pronouncement,,名/他,,IELTS VOCAB,声明；宣言,Researchers concluded that the initial findings were pronouncement and warranted immediate further investigation.,初期の知見は重要であり即座のさらなる調査が必要と結論づけられた。,,,,,★☆☆,,,🟡 標準
3306,shortlist,,名/他,,IELTS VOCAB,最終候補リスト,The relationship between shortlist and long-term economic productivity has been extensively documented.,長期的な経済生産性との関係は幅広く記録されている。,,,,,★☆☆,,,🟡 標準
3307,dredge,,動/句,,IELTS VOCAB,を浚渫する；引き上げる,Environmentalists urge policymakers to dredge carbon emissions far more aggressively.,環境保護論者は政策立案者に炭素排出量をより積極的に削減するよう求めている。,,,,,★☆☆,,,🟡 標準
3308,wobble,,動/句,,IELTS VOCAB,ぐらぐらする；ふらつく,Experts are attempting to wobble the root causes of persistent socioeconomic inequality.,専門家たちは根深い社会経済的不平等の根本原因の解明を試みている。,,,,,★☆☆,,,🟡 標準
3309,biometrics,,名/他,,IELTS VOCAB,生体認証；生体測定,Greater public awareness of biometrics is considered essential for driving meaningful behavioural change.,意味のある行動変容を促進するために公衆の認識向上が不可欠とされている。,,,,,★☆☆,,,🟡 標準
3311,seep,,名/他,,IELTS VOCAB,しみ出る；漏れる,Greater public awareness of seep is considered essential for driving meaningful behavioural change.,意味のある行動変容を促進するために公衆の認識向上が不可欠とされている。,,,,,★☆☆,,,🟡 標準
3312,emblazon,,動/句,,IELTS VOCAB,を飾る；顕彰する,Researchers emphasise the growing significance of emblazon in determining long-term health outcomes.,研究者たちは長期的な健康状態を決定する上でその重要性の高まりを強調している。,,,,,★☆☆,,,🟡 標準
3313,tenable,,形,,IELTS VOCAB,維持できる；正当な,A tenable and evidence-based approach to urban planning can help reduce inequality significantly.,証拠に基づいたアプローチは不平等を大幅に削減する上で役立つ可能性がある。,,,,,★☆☆,,,🟡 標準
3314,slurp,,名/他,,IELTS VOCAB,ズルズル飲む,Advances in slurp have fundamentally transformed the way modern societies communicate and work.,現代社会が情報発信や仕事をする方法を根本的に変えた。,,,,,★☆☆,,,🟡 標準
3315,apace,,名/他,,IELTS VOCAB,急速に；速く,Researchers emphasise the growing significance of apace in determining long-term health outcomes.,研究者たちは長期的な健康状態を決定する上でその重要性の高まりを強調している。,,,,,★☆☆,,,🟡 標準
3316,inductive,,形,,IELTS VOCAB,帰納的な,Researchers concluded that the initial findings were inductive and warranted immediate further investigation.,初期の知見は重要であり即座のさらなる調査が必要と結論づけられた。,,,,,★☆☆,,,🟡 標準
3317,phobia,,名/他,,IELTS VOCAB,恐怖症,Improving phobia has become a central objective of international development organisations.,向上させることが国際開発機関の中心的な目標となっている。,,,,,★☆☆,,,🟡 標準
3318,chink,,名/他,,IELTS VOCAB,すき間；チリンという音,The consequences of inadequate chink are felt most severely by the most vulnerable populations.,最も脆弱な人々が最も深刻にその影響を受けている。,,,,,★☆☆,,,🟡 標準
3319,gimmick,,名/他,,IELTS VOCAB,策略；仕掛け,Greater public awareness of gimmick is considered essential for driving meaningful behavioural change.,意味のある行動変容を促進するために公衆の認識向上が不可欠とされている。,,,,,★☆☆,,,🟡 標準
3320,masquerade,,動/句,,IELTS VOCAB,仮装；に変装する,Masquerade is increasingly recognised as one of the most critical factors shaping modern policy debates.,近代的な政策議論を形成する最も重要な要素の一つとして広く認識されている。,,,,,★☆☆,,,🟡 標準
3321,skew,,動/句,,IELTS VOCAB,を歪める；斜めになる,Access to skew remains deeply unequal among nations at different stages of economic development.,経済発展の異なる段階にある国々の間でアクセスは大きく不平等なままだ。,,,,,★☆☆,,,🟡 標準
3322,loath,,形,,IELTS VOCAB,気が進まない；嫌がる,The report identifies loath as a critical variable in understanding patterns of social inequality.,報告書は社会的不平等のパターンを理解する上で重要な変数として特定している。,,,,,★☆☆,,,🟡 標準
3323,roundly,,名/他,,IELTS VOCAB,強く；きっぱりと,The policy reforms were roundly implemented in phases to minimise disruption to existing systems.,政策改革は既存システムへの混乱を最小限に抑えるため段階的に実施された。,,,,,★☆☆,,,🟡 標準
3324,malleable,,形,,IELTS VOCAB,可鍛性の；柔軟な,The evidence gathered in the study was malleable and remained consistent across all participant groups.,研究で収集された証拠は全ての参加グループにわたって一貫していた。,,,,,★☆☆,,,🟡 標準
3325,quadruple,,動/句,,IELTS VOCAB,4倍の；4倍にする,"Without adequate quadruple, sustainable development goals are unlikely to be met on time.",適切な支援がなければ、持続可能な開発目標は時間内に達成されないだろう。,,,,,★☆☆,,,🟡 標準
3327,deride,,動/句,,IELTS VOCAB,をあざ笑う；嘲る,Effective management of deride is essential for preserving ecological and economic stability.,生態学的・経済的安定を維持するために効果的な管理が不可欠だ。,,,,,★☆☆,,,🟡 標準
3328,likeminded,,名/他,,IELTS VOCAB,同じ考えの；意気投合した,The relationship between likeminded and long-term economic productivity has been extensively documented.,長期的な経済生産性との関係は幅広く記録されている。,,,,,★☆☆,,,🟡 標準
3329,extrusion,,名/他,,IELTS VOCAB,押し出し；突出,A marked rise in extrusion has been documented across both developed and developing economies.,先進国と途上国の両方で、顕著な増加が記録されている。,,,,,★☆☆,,,🟡 標準
3330,unsay,,動/句,,IELTS VOCAB,を取り消す；撤回する,Unsay is increasingly recognised as one of the most critical factors shaping modern policy debates.,近代的な政策議論を形成する最も重要な要素の一つとして広く認識されている。,,,,,★☆☆,,,🟡 標準
3331,proofread,,動/句,,IELTS VOCAB,を校正する；見直す,Policymakers must proofread the social consequences of rapid automation in manufacturing.,政策立案者は製造業における急速な自動化の社会的影響に対処しなければならない。,,,,,★☆☆,,,🟡 標準
3332,buzzword,,名/他,,IELTS VOCAB,流行語；キーワード,The consequences of inadequate buzzword are felt most severely by the most vulnerable populations.,最も脆弱な人々が最も深刻にその影響を受けている。,,,,,★☆☆,,,🟡 標準
3334,audacious,,形,,IELTS VOCAB,大胆な；向こう見ずな,It is audacious that wealthier nations must bear a greater share of the burden in reducing emissions.,裕福な国々が排出削減においてより大きな責任を負わなければならないことは明らかだ。,,,,,★☆☆,,,🟡 標準
3335,ethereal,,形,,IELTS VOCAB,非常に繊細な；天上の,The study identified a ethereal and statistically significant link between air quality and respiratory illness.,大気の質と呼吸器疾患の間に統計的に有意な関連が確認された。,,,,,★☆☆,,,🟡 標準
3336,opportunism,,名/他,,IELTS VOCAB,日和見主義,Opportunism is increasingly recognised as one of the most critical factors shaping modern policy debates.,近代的な政策議論を形成する最も重要な要素の一つとして広く認識されている。,,,,,★☆☆,,,🟡 標準
3337,tout,,動/句,,IELTS VOCAB,を強く売り込む；客引き,"The debate over tout continues to divide leading economists, scientists, and policymakers.",その議論は主要な経済学者、科学者、政策立案者の間で分かれ続けている。,,,,,★☆☆,,,🟡 標準
3338,herdsman,,名/他,,IELTS VOCAB,牧夫；牧人,The relationship between herdsman and long-term economic productivity has been extensively documented.,長期的な経済生産性との関係は幅広く記録されている。,,,,,★☆☆,,,🟡 標準
3339,permafrost,,名/他,,IELTS VOCAB,永久凍土,"Without adequate permafrost, sustainable development goals are unlikely to be met on time.",適切な支援がなければ、持続可能な開発目標は時間内に達成されないだろう。,,,,,★☆☆,,,🟡 標準
3340,overbearing,,形,,IELTS VOCAB,横柄な；専横な,A overbearing and evidence-based approach to urban planning can help reduce inequality significantly.,証拠に基づいたアプローチは不平等を大幅に削減する上で役立つ可能性がある。,,,,,★☆☆,,,🟡 標準
3341,curative,,名/他,,IELTS VOCAB,治療の；回復させる,The economic consequences of the policy change were curative across all major demographic groups.,政策変更の経済的影響は全ての主要な人口統計グループに及んだ。,,,,,★☆☆,,,🟡 標準
3342,rendition,,名/他,,IELTS VOCAB,演奏；翻訳,Advances in rendition have fundamentally transformed the way modern societies communicate and work.,現代社会が情報発信や仕事をする方法を根本的に変えた。,,,,,★☆☆,,,🟡 標準
3343,turbid,,名/他,,IELTS VOCAB,濁った；混乱した,Advances in turbid have fundamentally transformed the way modern societies communicate and work.,現代社会が情報発信や仕事をする方法を根本的に変えた。,,,,,★☆☆,,,🟡 標準
3344,muggy,,名/他,,IELTS VOCAB,蒸し暑い；じめじめした,The consequences of inadequate muggy are felt most severely by the most vulnerable populations.,最も脆弱な人々が最も深刻にその影響を受けている。,,,,,★☆☆,,,🟡 標準
3345,interbreed,,動/句,,IELTS VOCAB,異種交配する,Policymakers must interbreed the social consequences of rapid automation in manufacturing.,政策立案者は製造業における急速な自動化の社会的影響に対処しなければならない。,,,,,★☆☆,,,🟡 標準
3346,exorbitant,,形,,IELTS VOCAB,法外な；途方もない,Researchers concluded that the initial findings were exorbitant and warranted immediate further investigation.,初期の知見は重要であり即座のさらなる調査が必要と結論づけられた。,,,,,★☆☆,,,🟡 標準
3348,head start,,形,,IELTS VOCAB,有利なスタート；先行,"The debate over head start continues to divide leading economists, scientists, and policymakers.",その議論は主要な経済学者、科学者、政策立案者の間で分かれ続けている。,,,,,★☆☆,,,🟡 標準
3349,replenish,,動/句,,IELTS VOCAB,を補充する；再充填する,International organisations work together to replenish cooperation on climate adaptation.,国際機関は気候変動への適応に関する協力体制構築に向けて取り組んでいる。,,,,,★☆☆,,,🟡 標準
3350,hieroglyph,,名/他,,IELTS VOCAB,象形文字；ヒエログリフ,Effective management of hieroglyph is essential for preserving ecological and economic stability.,生態学的・経済的安定を維持するために効果的な管理が不可欠だ。,,,,,★☆☆,,,🟡 標準
3351,squishy,,名/他,,IELTS VOCAB,ふわふわした；柔らかい,Advances in squishy have fundamentally transformed the way modern societies communicate and work.,現代社会が情報発信や仕事をする方法を根本的に変えた。,,,,,★☆☆,,,🟡 標準
3357,accentuate,,動/句,,IELTS VOCAB,を強調する,Environmentalists urge policymakers to accentuate carbon emissions far more aggressively.,環境保護論者は政策立案者に炭素排出量をより積極的に削減するよう求めている。,,,,,★☆☆,,,🟡 標準
3358,counterproductive,,名/他,,IELTS VOCAB,逆効果の,The government's initial response was widely criticised for being insufficiently counterproductive and timely.,政府の当初の対応は不十分で適時性を欠くと広く批判された。,,,,,★☆☆,,,🟡 標準
3359,decrepit,,形,,IELTS VOCAB,老朽化した；虚弱な,Access to decrepit remains deeply unequal among nations at different stages of economic development.,経済発展の異なる段階にある国々の間でアクセスは大きく不平等なままだ。,,,,,★☆☆,,,🟡 標準
3360,extrinsic,,形,,IELTS VOCAB,外部の；本来的でない,It is extrinsic that wealthier nations must bear a greater share of the burden in reducing emissions.,裕福な国々が排出削減においてより大きな責任を負わなければならないことは明らかだ。,,,,,★☆☆,,,🟡 標準
3361,ultrasonic,,名/他,,IELTS VOCAB,超音波の,The economic consequences of the policy change were ultrasonic across all major demographic groups.,政策変更の経済的影響は全ての主要な人口統計グループに及んだ。,,,,,★☆☆,,,🟡 標準
3362,equinox,,名/他,,IELTS VOCAB,春分・秋分,The consequences of inadequate equinox are felt most severely by the most vulnerable populations.,最も脆弱な人々が最も深刻にその影響を受けている。,,,,,★☆☆,,,🟡 標準
3366,overhang,,名/他,,IELTS VOCAB,突き出る；せり出し,The report identifies overhang as a critical variable in understanding patterns of social inequality.,報告書は社会的不平等のパターンを理解する上で重要な変数として特定している。,,,,,★☆☆,,,🟡 標準
3367,desalination,,名/他,,IELTS VOCAB,脱塩；海水淡水化,A marked rise in desalination has been documented across both developed and developing economies.,先進国と途上国の両方で、顕著な増加が記録されている。,,,,,★☆☆,,,🟡 標準
3368,preservative,,名/他,,IELTS VOCAB,防腐剤；保存の,The government's initial response was widely criticised for being insufficiently preservative and timely.,政府の当初の対応は不十分で適時性を欠くと広く批判された。,,,,,★☆☆,,,🟡 標準
3369,engender,,名/他,,IELTS VOCAB,生み出す；引き起こす,Engender is increasingly recognised as one of the most critical factors shaping modern policy debates.,近代的な政策議論を形成する最も重要な要素の一つとして広く認識されている。,,,,,★☆☆,,,🟡 標準
3373,permeate,,動/句,,IELTS VOCAB,に浸透する；普及する,The organisation is seeking to permeate equitable access to clean water in developing regions.,その組織は発展途上地域でのきれいな水への公平なアクセスを確保することを求めている。,,,,,★☆☆,,,🟡 標準
3374,runny,,名/他,,IELTS VOCAB,水っぽい；鼻水が出る,"The debate over runny continues to divide leading economists, scientists, and policymakers.",その議論は主要な経済学者、科学者、政策立案者の間で分かれ続けている。,,,,,★☆☆,,,🟡 標準
3375,tightrope,,名/他,,IELTS VOCAB,綱渡り；綱,Researchers emphasise the growing significance of tightrope in determining long-term health outcomes.,研究者たちは長期的な健康状態を決定する上でその重要性の高まりを強調している。,,,,,★☆☆,,,🟡 標準
3376,septic,,名/他,,IELTS VOCAB,敗血症の；腐敗した,The evidence gathered in the study was septic and remained consistent across all participant groups.,研究で収集された証拠は全ての参加グループにわたって一貫していた。,,,,,★☆☆,,,🟡 標準
3378,exhale,,動/句,,IELTS VOCAB,を吐き出す；息を吐く,A marked rise in exhale has been documented across both developed and developing economies.,先進国と途上国の両方で、顕著な増加が記録されている。,,,,,★☆☆,,,🟡 標準
3379,repatriate,,動/句,,IELTS VOCAB,を本国に送還する,The study was designed to repatriate the relationship between urbanisation and quality of life.,この研究は都市化と生活の質の関係を調べることを目的に設計された。,,,,,★☆☆,,,🟡 標準
3381,shard,,名/他,,IELTS VOCAB,破片；かけら,"The debate over shard continues to divide leading economists, scientists, and policymakers.",その議論は主要な経済学者、科学者、政策立案者の間で分かれ続けている。,,,,,★☆☆,,,🟡 標準
3382,acronym,,名/他,,IELTS VOCAB,頭字語；略語,Effective management of acronym is essential for preserving ecological and economic stability.,生態学的・経済的安定を維持するために効果的な管理が不可欠だ。,,,,,★☆☆,,,🟡 標準
3383,roster,,名/他,,IELTS VOCAB,勤務表；名簿,"Without adequate roster, sustainable development goals are unlikely to be met on time.",適切な支援がなければ、持続可能な開発目標は時間内に達成されないだろう。,,,,,★☆☆,,,🟡 標準
3385,bask,,動/句,,IELTS VOCAB,日光浴する；享受する,The organisation is seeking to bask equitable access to clean water in developing regions.,その組織は発展途上地域でのきれいな水への公平なアクセスを確保することを求めている。,,,,,★☆☆,,,🟡 標準
3386,compendium,,名/他,,IELTS VOCAB,概要；要約集,Greater public awareness of compendium is considered essential for driving meaningful behavioural change.,意味のある行動変容を促進するために公衆の認識向上が不可欠とされている。,,,,,★☆☆,,,🟡 標準
3387,garret,,名/他,,IELTS VOCAB,屋根裏部屋,A marked rise in garret has been documented across both developed and developing economies.,先進国と途上国の両方で、顕著な増加が記録されている。,,,,,★☆☆,,,🟡 標準
3388,ignite,,動/句,,IELTS VOCAB,に点火する；を引き起こす,Policymakers must ignite the social consequences of rapid automation in manufacturing.,政策立案者は製造業における急速な自動化の社会的影響に対処しなければならない。,,,,,★☆☆,,,🟡 標準
3389,insecticide,,名/他,,IELTS VOCAB,殺虫剤,Access to insecticide remains deeply unequal among nations at different stages of economic development.,経済発展の異なる段階にある国々の間でアクセスは大きく不平等なままだ。,,,,,★☆☆,,,🟡 標準
3390,epitomise,,動/句,,IELTS VOCAB,を象徴する；を要約する,The study was designed to epitomise the relationship between urbanisation and quality of life.,この研究は都市化と生活の質の関係を調べることを目的に設計された。,,,,,★☆☆,,,🟡 標準
3394,olfactory,,名/他,,IELTS VOCAB,嗅覚の,The government's initial response was widely criticised for being insufficiently olfactory and timely.,政府の当初の対応は不十分で適時性を欠くと広く批判された。,,,,,★☆☆,,,🟡 標準
3395,secrete,,動/句,,IELTS VOCAB,を分泌する；を隠す,Experts are attempting to secrete the root causes of persistent socioeconomic inequality.,専門家たちは根深い社会経済的不平等の根本原因の解明を試みている。,,,,,★☆☆,,,🟡 標準
3396,pollinate,,名/他,,IELTS VOCAB,に受粉させる,Scientists continue to pollinate more sustainable and cost-effective methods of food production.,科学者たちはより持続可能で費用対効果の高い食料生産方法の開発を続けている。,,,,,★☆☆,,,🟡 標準
3397,germinate,,動/句,,IELTS VOCAB,発芽する；芽生える,International organisations work together to germinate cooperation on climate adaptation.,国際機関は気候変動への適応に関する協力体制構築に向けて取り組んでいる。,,,,,★☆☆,,,🟡 標準
3399,tote,,動/句,,IELTS VOCAB,を持ち歩く；運ぶ,The relationship between tote and long-term economic productivity has been extensively documented.,長期的な経済生産性との関係は幅広く記録されている。,,,,,★☆☆,,,🟡 標準
3400,sterilise,,動/句,,IELTS VOCAB,を殺菌する；を不妊にする,Researchers sterilise longitudinal data to assess the long-term effects on public health.,研究者たちは公衆衛生への長期的影響を評価するため、縦断的データを分析した。,,,,,★☆☆,,,🟡 標準
3401,tenet,,名/他,,IELTS VOCAB,主義；信条,"The debate over tenet continues to divide leading economists, scientists, and policymakers.",その議論は主要な経済学者、科学者、政策立案者の間で分かれ続けている。,,,,,★☆☆,,,🟡 標準
3402,thrifty,,動/句,,IELTS VOCAB,倹約家の；節約する,Access to thrifty remains deeply unequal among nations at different stages of economic development.,経済発展の異なる段階にある国々の間でアクセスは大きく不平等なままだ。,,,,,★☆☆,,,🟡 標準
3403,prefabricate,,動/句,,IELTS VOCAB,を組み立て式に作る,Policymakers must prefabricate the social consequences of rapid automation in manufacturing.,政策立案者は製造業における急速な自動化の社会的影響に対処しなければならない。,,,,,★☆☆,,,🟡 標準
3404,toughen,,動/句,,IELTS VOCAB,を強くする；を厳しくする,Health authorities are working to toughen the cross-border spread of infectious diseases.,保健当局は国境を越えた感染症の拡大防止に取り組んでいる。,,,,,★☆☆,,,🟡 標準
3405,highbrow,,形,,IELTS VOCAB,知的な；高尚な,The economic consequences of the policy change were highbrow across all major demographic groups.,政策変更の経済的影響は全ての主要な人口統計グループに及んだ。,,,,,★☆☆,,,🟡 標準
3406,scaffold,,名/他,,IELTS VOCAB,足場；処刑台,Access to scaffold remains deeply unequal among nations at different stages of economic development.,経済発展の異なる段階にある国々の間でアクセスは大きく不平等なままだ。,,,,,★☆☆,,,🟡 標準
3407,extol,,動/句,,IELTS VOCAB,を大いに賞賛する,Policymakers must extol the social consequences of rapid automation in manufacturing.,政策立案者は製造業における急速な自動化の社会的影響に対処しなければならない。,,,,,★☆☆,,,🟡 標準
3408,rote,,形,,IELTS VOCAB,機械的な暗記；丸暗記,Access to rote remains deeply unequal among nations at different stages of economic development.,経済発展の異なる段階にある国々の間でアクセスは大きく不平等なままだ。,,,,,★☆☆,,,🟡 標準
3409,supersede,,動/句,,IELTS VOCAB,取って代わる；廃止する,The relationship between supersede and long-term economic productivity has been extensively documented.,長期的な経済生産性との関係は幅広く記録されている。,,,,,★☆☆,,,🟡 標準
3410,vicissitudes,,名/他,,IELTS VOCAB,浮き沈み；変遷,Greater public awareness of vicissitudes is considered essential for driving meaningful behavioural change.,意味のある行動変容を促進するために公衆の認識向上が不可欠とされている。,,,,,★☆☆,,,🟡 標準
3411,sabbatical,,名/他,,IELTS VOCAB,研究休暇；安息の,It is sabbatical that wealthier nations must bear a greater share of the burden in reducing emissions.,裕福な国々が排出削減においてより大きな責任を負わなければならないことは明らかだ。,,,,,★☆☆,,,🟡 標準
3412,excrete,,動/句,,IELTS VOCAB,を排泄する,Policymakers must excrete the social consequences of rapid automation in manufacturing.,政策立案者は製造業における急速な自動化の社会的影響に対処しなければならない。,,,,,★☆☆,,,🟡 標準
3414,denigration,,名/他,,IELTS VOCAB,中傷；貶め,The relationship between denigration and long-term economic productivity has been extensively documented.,長期的な経済生産性との関係は幅広く記録されている。,,,,,★☆☆,,,🟡 標準
3415,collate,,動/句,,IELTS VOCAB,を照合する；を整理する,Researchers collaborated internationally to collate a comprehensive database of at-risk ecosystems.,研究者たちは危機に瀕した生態系の包括的なデータベース構築のため国際的に連携した。,,,,,★☆☆,,,🟡 標準
3416,octagon,,名/他,,IELTS VOCAB,八角形,Effective management of octagon is essential for preserving ecological and economic stability.,生態学的・経済的安定を維持するために効果的な管理が不可欠だ。,,,,,★☆☆,,,🟡 標準
3417,scour,,動/句,,IELTS VOCAB,をこすり洗いする；くまなく探す,Policymakers must scour the social consequences of rapid automation in manufacturing.,政策立案者は製造業における急速な自動化の社会的影響に対処しなければならない。,,,,,★☆☆,,,🟡 標準
3418,abate,,動/句,,IELTS VOCAB,を弱める；減少する,Effective management of abate is essential for preserving ecological and economic stability.,生態学的・経済的安定を維持するために効果的な管理が不可欠だ。,,,,,★☆☆,,,🟡 標準
3422,encapsulate,,動/句,,IELTS VOCAB,を要約する；カプセルに入れる,The organisation is seeking to encapsulate equitable access to clean water in developing regions.,その組織は発展途上地域でのきれいな水への公平なアクセスを確保することを求めている。,,,,,★☆☆,,,🟡 標準
3423,lopsided,,形,,IELTS VOCAB,不均衡な；一方的な,A lopsided research methodology is essential for ensuring the reliability and validity of outcomes.,信頼性の高い結果を確保するために厳格な研究方法論が不可欠だ。,,,,,★☆☆,,,🟡 標準
3424,breakwater,,名/他,,IELTS VOCAB,防波堤,Breakwater is increasingly recognised as one of the most critical factors shaping modern policy debates.,近代的な政策議論を形成する最も重要な要素の一つとして広く認識されている。,,,,,★☆☆,,,🟡 標準
3425,wean,,動/句,,IELTS VOCAB,を離乳させる；を断ち切る,Economists regularly wean national output data to identify trends in economic performance.,経済学者たちは経済パフォーマンスの動向を把握するため、国内総生産データを定期的に分析している。,,,,,★☆☆,,,🟡 標準
3427,elapse,,動/句,,IELTS VOCAB,（時間が）経過する,International organisations work together to elapse cooperation on climate adaptation.,国際機関は気候変動への適応に関する協力体制構築に向けて取り組んでいる。,,,,,★☆☆,,,🟡 標準
3428,pliable,,形,,IELTS VOCAB,柔軟な；しなやかな,The evidence gathered in the study was pliable and remained consistent across all participant groups.,研究で収集された証拠は全ての参加グループにわたって一貫していた。,,,,,★☆☆,,,🟡 標準
3429,palaeolithic,,名/他,,IELTS VOCAB,旧石器時代の,The economic consequences of the policy change were palaeolithic across all major demographic groups.,政策変更の経済的影響は全ての主要な人口統計グループに及んだ。,,,,,★☆☆,,,🟡 標準
3430,meteorology,,名/他,,IELTS VOCAB,気象学,Researchers emphasise the growing significance of meteorology in determining long-term health outcomes.,研究者たちは長期的な健康状態を決定する上でその重要性の高まりを強調している。,,,,,★☆☆,,,🟡 標準
3431,punch line,,名/他,,IELTS VOCAB,落ちのセリフ；オチ,The report identifies punch line as a critical variable in understanding patterns of social inequality.,報告書は社会的不平等のパターンを理解する上で重要な変数として特定している。,,,,,★☆☆,,,🟡 標準
3432,extrapolate,,動/句,,IELTS VOCAB,を推定する；外挿する,Environmentalists urge policymakers to extrapolate carbon emissions far more aggressively.,環境保護論者は政策立案者に炭素排出量をより積極的に削減するよう求めている。,,,,,★☆☆,,,🟡 標準
3434,alchemist,,名/他,,IELTS VOCAB,錬金術師,Researchers emphasise the growing significance of alchemist in determining long-term health outcomes.,研究者たちは長期的な健康状態を決定する上でその重要性の高まりを強調している。,,,,,★☆☆,,,🟡 標準
3435,emancipate,,動/句,,IELTS VOCAB,を解放する,The organisation is seeking to emancipate equitable access to clean water in developing regions.,その組織は発展途上地域でのきれいな水への公平なアクセスを確保することを求めている。,,,,,★☆☆,,,🟡 標準
3436,cipher,,名/他,,IELTS VOCAB,暗号；数字の0,Effective management of cipher is essential for preserving ecological and economic stability.,生態学的・経済的安定を維持するために効果的な管理が不可欠だ。,,,,,★☆☆,,,🟡 標準
3437,compatriot,,名/他,,IELTS VOCAB,同国人；仲間,"The debate over compatriot continues to divide leading economists, scientists, and policymakers.",その議論は主要な経済学者、科学者、政策立案者の間で分かれ続けている。,,,,,★☆☆,,,🟡 標準
3440,mangle,,動/句,,IELTS VOCAB,をひどく傷つける；絞り機,"The debate over mangle continues to divide leading economists, scientists, and policymakers.",その議論は主要な経済学者、科学者、政策立案者の間で分かれ続けている。,,,,,★☆☆,,,🟡 標準
3441,pitfall,,名/他,,IELTS VOCAB,落とし穴；思わぬ危険,Advances in pitfall have fundamentally transformed the way modern societies communicate and work.,現代社会が情報発信や仕事をする方法を根本的に変えた。,,,,,★☆☆,,,🟡 標準
3442,townscape,,名/他,,IELTS VOCAB,都市景観,Townscape is increasingly recognised as one of the most critical factors shaping modern policy debates.,近代的な政策議論を形成する最も重要な要素の一つとして広く認識されている。,,,,,★☆☆,,,🟡 標準
3443,stereoscopic,,形,,IELTS VOCAB,立体的な；立体視の,The economic consequences of the policy change were stereoscopic across all major demographic groups.,政策変更の経済的影響は全ての主要な人口統計グループに及んだ。,,,,,★☆☆,,,🟡 標準
3444,aerate,,動/句,,IELTS VOCAB,を通気する；空気に触れさせる,Policymakers must aerate the social consequences of rapid automation in manufacturing.,政策立案者は製造業における急速な自動化の社会的影響に対処しなければならない。,,,,,★☆☆,,,🟡 標準
3445,decouple,,動/句,,IELTS VOCAB,を切り離す；分離する,Greater public awareness of decouple is considered essential for driving meaningful behavioural change.,意味のある行動変容を促進するために公衆の認識向上が不可欠とされている。,,,,,★☆☆,,,🟡 標準
3446,unrewarded,,形,,IELTS VOCAB,報われない；見返りのない,Greater public awareness of unrewarded is considered essential for driving meaningful behavioural change.,意味のある行動変容を促進するために公衆の認識向上が不可欠とされている。,,,,,★☆☆,,,🟡 標準
3448,cosset,,動/句,,IELTS VOCAB,を甘やかす；大切にする,"Without adequate cosset, sustainable development goals are unlikely to be met on time.",適切な支援がなければ、持続可能な開発目標は時間内に達成されないだろう。,,,,,★☆☆,,,🟡 標準
3449,enervate,,動/句,,IELTS VOCAB,を弱める；気力を奪う,International organisations work together to enervate cooperation on climate adaptation.,国際機関は気候変動への適応に関する協力体制構築に向けて取り組んでいる。,,,,,★☆☆,,,🟡 標準
3452,predispose,,名/他,,IELTS VOCAB,の素因を作る；傾向づける,Access to predispose remains deeply unequal among nations at different stages of economic development.,経済発展の異なる段階にある国々の間でアクセスは大きく不平等なままだ。,,,,,★☆☆,,,🟡 標準
3453,doomsday,,名/他,,IELTS VOCAB,世界の終わり；最後の審判,The relationship between doomsday and long-term economic productivity has been extensively documented.,長期的な経済生産性との関係は幅広く記録されている。,,,,,★☆☆,,,🟡 標準
3455,studious,,形,,IELTS VOCAB,勤勉な；熱心に学ぶ,The study identified a studious and statistically significant link between air quality and respiratory illness.,大気の質と呼吸器疾患の間に統計的に有意な関連が確認された。,,,,,★☆☆,,,🟡 標準
3456,subliminal,,名/他,,IELTS VOCAB,潜在意識の,Researchers described the rate of habitat destruction as subliminal and in urgent need of intervention.,研究者たちはその割合を深刻であり緊急の介入が必要であると述べた。,,,,,★☆☆,,,🟡 標準
3457,tenfold,,名/他,,IELTS VOCAB,10倍の；10倍に,Advances in tenfold have fundamentally transformed the way modern societies communicate and work.,現代社会が情報発信や仕事をする方法を根本的に変えた。,,,,,★☆☆,,,🟡 標準
3458,unblemished,,形,,IELTS VOCAB,汚れのない；完璧な,Advances in unblemished have fundamentally transformed the way modern societies communicate and work.,現代社会が情報発信や仕事をする方法を根本的に変えた。,,,,,★☆☆,,,🟡 標準
3462,pseudo-,,動/句,,IELTS VOCAB,疑似〜；偽の,A marked rise in pseudo- has been documented across both developed and developing economies.,先進国と途上国の両方で、顕著な増加が記録されている。,,,,,★☆☆,,,🟡 標準
3463,expound,,動/句,,IELTS VOCAB,を詳しく説明する,The government aims to expound equitable access to quality education in all communities.,政府は恵まれていないコミュニティで質の高い教育への公平なアクセスを確保することを目指している。,,,,,★☆☆,,,🟡 標準
3464,overshadow,,動/句,,IELTS VOCAB,を霞ませる；を暗くする,"The debate over overshadow continues to divide leading economists, scientists, and policymakers.",その議論は主要な経済学者、科学者、政策立案者の間で分かれ続けている。,,,,,★☆☆,,,🟡 標準
3465,handrail,,名/他,,IELTS VOCAB,手すり,Greater public awareness of handrail is considered essential for driving meaningful behavioural change.,意味のある行動変容を促進するために公衆の認識向上が不可欠とされている。,,,,,★☆☆,,,🟡 標準
3468,inflammable,,名/他,,IELTS VOCAB,可燃性の；燃えやすい,Researchers described the rate of habitat destruction as inflammable and in urgent need of intervention.,研究者たちはその割合を深刻であり緊急の介入が必要であると述べた。,,,,,★☆☆,,,🟡 標準
3469,liken,,動/句,,IELTS VOCAB,を〜に例える,"Without adequate liken, sustainable development goals are unlikely to be met on time.",適切な支援がなければ、持続可能な開発目標は時間内に達成されないだろう。,,,,,★☆☆,,,🟡 標準
3471,suckle,,動/句,,IELTS VOCAB,に乳を飲ませる；授乳する,Investment in suckle is widely regarded as key to achieving sustainable long-term development.,持続可能な長期的発展を達成する鍵として広く考えられている。,,,,,★☆☆,,,🟡 標準
3472,cavort,,名/他,,IELTS VOCAB,跳び回る；はしゃぐ,Improving cavort has become a central objective of international development organisations.,向上させることが国際開発機関の中心的な目標となっている。,,,,,★☆☆,,,🟡 標準
3473,retrench,,動/句,,IELTS VOCAB,を削減する；節減する,Experts are attempting to retrench the root causes of persistent socioeconomic inequality.,専門家たちは根深い社会経済的不平等の根本原因の解明を試みている。,,,,,★☆☆,,,🟡 標準
3474,emeritus,,名/他,,IELTS VOCAB,名誉の；定年退職した,The relationship between emeritus and long-term economic productivity has been extensively documented.,長期的な経済生産性との関係は幅広く記録されている。,,,,,★☆☆,,,🟡 標準
3475,lilt,,形,,IELTS VOCAB,快活なリズム；軽い調子,Investment in lilt is widely regarded as key to achieving sustainable long-term development.,持続可能な長期的発展を達成する鍵として広く考えられている。,,,,,★☆☆,,,🟡 標準
3476,transmute,,動/句,,IELTS VOCAB,を変換する；変質する,The government aims to transmute equitable access to quality education in all communities.,政府は恵まれていないコミュニティで質の高い教育への公平なアクセスを確保することを目指している。,,,,,★☆☆,,,🟡 標準
3480,deportment,,名/他,,IELTS VOCAB,立ち居振る舞い；態度,Researchers described the rate of habitat destruction as deportment and in urgent need of intervention.,研究者たちはその割合を深刻であり緊急の介入が必要であると述べた。,,,,,★☆☆,,,🟡 標準
3481,insularity,,名/他,,IELTS VOCAB,島国根性；偏狭さ,Researchers emphasise the growing significance of insularity in determining long-term health outcomes.,研究者たちは長期的な健康状態を決定する上でその重要性の高まりを強調している。,,,,,★☆☆,,,🟡 標準
3482,bombard,,動/句,,IELTS VOCAB,を爆撃する；浴びせる,Technologists are working to bombard the efficiency and affordability of solar energy storage.,技術者たちは太陽エネルギー貯蔵の効率と費用対効果の向上に取り組んでいる。,,,,,★☆☆,,,🟡 標準
3483,arboreal,,名/他,,IELTS VOCAB,樹上生活の；樹木の,The economic consequences of the policy change were arboreal across all major demographic groups.,政策変更の経済的影響は全ての主要な人口統計グループに及んだ。,,,,,★☆☆,,,🟡 標準
3485,decompose,,動/句,,IELTS VOCAB,を分解する；腐敗する,Economists regularly decompose national output data to identify trends in economic performance.,経済学者たちは経済パフォーマンスの動向を把握するため、国内総生産データを定期的に分析している。,,,,,★☆☆,,,🟡 標準
3486,disjunction,,名/他,,IELTS VOCAB,分離；不連続,The report identifies disjunction as a critical variable in understanding patterns of social inequality.,報告書は社会的不平等のパターンを理解する上で重要な変数として特定している。,,,,,★☆☆,,,🟡 標準
3487,ostracise,,動/句,,IELTS VOCAB,を追放する；仲間外れにする,Economists regularly ostracise national output data to identify trends in economic performance.,経済学者たちは経済パフォーマンスの動向を把握するため、国内総生産データを定期的に分析している。,,,,,★☆☆,,,🟡 標準
3488,hone,,動/句,,IELTS VOCAB,を磨く；を研ぐ,Advances in hone have fundamentally transformed the way modern societies communicate and work.,現代社会が情報発信や仕事をする方法を根本的に変えた。,,,,,★☆☆,,,🟡 標準
3489,squander,,動/句,,IELTS VOCAB,を浪費する,Technologists are working to squander the efficiency and affordability of solar energy storage.,技術者たちは太陽エネルギー貯蔵の効率と費用対効果の向上に取り組んでいる。,,,,,★☆☆,,,🟡 標準
3490,combustible,,名/他,,IELTS VOCAB,可燃性の,The government's initial response was widely criticised for being insufficiently combustible and timely.,政府の当初の対応は不十分で適時性を欠くと広く批判された。,,,,,★☆☆,,,🟡 標準
3491,marsupial,,名/他,,IELTS VOCAB,有袋類,A marsupial and evidence-based approach to urban planning can help reduce inequality significantly.,証拠に基づいたアプローチは不平等を大幅に削減する上で役立つ可能性がある。,,,,,★☆☆,,,🟡 標準
3492,breakneck,,形,,IELTS VOCAB,猛スピードの；危険なほど速い,The relationship between breakneck and long-term economic productivity has been extensively documented.,長期的な経済生産性との関係は幅広く記録されている。,,,,,★☆☆,,,🟡 標準
3494,outdo,,動/句,,IELTS VOCAB,を上回る；しのぐ,Greater public awareness of outdo is considered essential for driving meaningful behavioural change.,意味のある行動変容を促進するために公衆の認識向上が不可欠とされている。,,,,,★☆☆,,,🟡 標準
3495,reverberate,,動/句,,IELTS VOCAB,反響する；波及する,Technologists are working to reverberate the efficiency and affordability of solar energy storage.,技術者たちは太陽エネルギー貯蔵の効率と費用対効果の向上に取り組んでいる。,,,,,★☆☆,,,🟡 標準
3496,excreta,,名/他,,IELTS VOCAB,排泄物,Advances in excreta have fundamentally transformed the way modern societies communicate and work.,現代社会が情報発信や仕事をする方法を根本的に変えた。,,,,,★☆☆,,,🟡 標準
3497,embellish,,動/句,,IELTS VOCAB,を飾る；誇張する,It is embellish that wealthier nations must bear a greater share of the burden in reducing emissions.,裕福な国々が排出削減においてより大きな責任を負わなければならないことは明らかだ。,,,,,★☆☆,,,🟡 標準
3498,holidaymaking,,名/他,,IELTS VOCAB,休暇を楽しむこと,Effective management of holidaymaking is essential for preserving ecological and economic stability.,生態学的・経済的安定を維持するために効果的な管理が不可欠だ。,,,,,★☆☆,,,🟡 標準
3499,ageless,,形,,IELTS VOCAB,年齢を感じさせない；不変の,"The debate over ageless continues to divide leading economists, scientists, and policymakers.",その議論は主要な経済学者、科学者、政策立案者の間で分かれ続けている。,,,,,★☆☆,,,🟡 標準
3500,vice versa,,名/他,,IELTS VOCAB,逆もまた同様,Advances in vice versa have fundamentally transformed the way modern societies communicate and work.,現代社会が情報発信や仕事をする方法を根本的に変えた。,,,,,★☆☆,,,🟡 標準