ID,Word,Japanese Meaning,Before Example,Before Example JP,After UX Example,After UX Example JP,Status,Notes
1,being,存在；生き物,Remember that each user is a human being.,各ユーザーが一人の人間であることを忘れない。,Remember that each user is a human being.,各ユーザーが一人の人間であることを忘れない。,改稿レビュー待ち,個別短文
2,government,政府；統治,The government service must work on mobile.,その政府サービスはモバイルで使える必要がある。,The government service must work on mobile.,その政府サービスはモバイルで使える必要がある。,改稿レビュー待ち,"共通例文: government, service"
3,found,を設立する,We found that the progress indicator was missed.,進捗表示が見落とされていたことがわかった。,We found that the progress indicator was missed.,進捗表示が見落とされていたことがわかった。,改稿レビュー待ち,"共通例文: found, indicator"
4,given,〜を仮定すれば,"Given the research, revise the labels.",調査を踏まえてラベルを修正する。,"Given the research, revise the labels.",調査を踏まえてラベルを修正する。,改稿レビュー待ち,"共通例文: given, research"
5,state,状態；国家；述べる,The empty state needs a clear next step.,空の状態の画面には、明確な次の行動が必要だ。,The empty state needs a clear next step.,空の状態の画面には、明確な次の行動が必要だ。,改稿レビュー待ち,"共通例文: state, empty"
6,council,議会；評議会,The council page must be easy to scan.,審議会のページは見やすくなければならない。,The council page must be easy to scan.,審議会のページは見やすくなければならない。,改稿レビュー待ち,個別短文
7,available,利用可能な,Make help available from every step.,各ステップからヘルプを利用できるようにする。,Make help available from every step.,各ステップからヘルプを利用できるようにする。,改稿レビュー待ち,"共通例文: available, access"
9,means,手段，方法,A status message gives users a means to recover.,ステータスメッセージはユーザーが復旧する手段になる。,A status message gives users a means to recover.,ステータスメッセージはユーザーが復旧する手段になる。,改稿レビュー待ち,"共通例文: means, status"
10,likely,ありそうな；予想される,Users are likely to complete a shorter form.,フォームが短いほど、ユーザーは完了しやすい。,Users are likely to complete a shorter form.,フォームが短いほど、ユーザーは完了しやすい。,改稿レビュー待ち,"共通例文: likely, complete"
11,therefore,それ故に，従って,"The form is too long; therefore, reduce the fields.",フォームが長すぎるため、項目を減らす。,"The form is too long; therefore, reduce the fields.",フォームが長すぎるため、項目を減らす。,改稿レビュー待ち,"共通例文: therefore, reduce"
12,evidence,証拠；根拠,Show evidence before making a claim.,主張する前に根拠を示す。,Show evidence before making a claim.,主張する前に根拠を示す。,改稿レビュー待ち,"共通例文: issue, evidence, claim"
13,range,範囲；幅,Use a consistent range of spacing tokens.,一貫した範囲の余白トークンを使う。,Use a consistent range of spacing tokens.,一貫した範囲の余白トークンを使う。,改稿レビュー待ち,"共通例文: range, spacing"
14,thus,このようにして；したがって,"The task flow is shorter; thus, errors decrease.",タスクフローが短くなり、その結果エラーが減る。,"The task flow is shorter; thus, errors decrease.",タスクフローが短くなり、その結果エラーが減る。,改稿レビュー待ち,"共通例文: thus, flow"
15,individual,個人；個別の,Map each individual journey first.,まず個々のジャーニーをマッピングする。,Map each individual journey first.,まず個々のジャーニーをマッピングする。,改稿レビュー待ち,"共通例文: individual, journey"
16,committee,委員会,Send the summary to the review committee.,要約をレビュー委員会に送る。,Send the summary to the review committee.,要約をレビュー委員会に送る。,改稿レビュー待ち,個別短文
17,indeed,実際に；確かに,"The flow is shorter; indeed, errors dropped.",フローは短くなり、実際にエラーも減った。,"The flow is shorter; indeed, errors dropped.",フローは短くなり、実際にエラーも減った。,改稿レビュー待ち,個別短文
18,authority,権威；当局,Link to the authority for sensitive guidance.,重要な案内には信頼できる情報源へのリンクを付ける。,Link to the authority for sensitive guidance.,重要な案内には信頼できる情報源へのリンクを付ける。,改稿レビュー待ち,"共通例文: authority, source"
19,union,組合；連合,The union page needs clearer eligibility rules.,組合ページにはより明確な加入条件が必要だ。,The union page needs clearer eligibility rules.,組合ページにはより明確な加入条件が必要だ。,改稿レビュー待ち,個別短文
20,figure,数字；人物；考える,Use one figure to explain the trend.,傾向を説明する図を一つ使う。,Use one figure to explain the trend.,傾向を説明する図を一つ使う。,改稿レビュー待ち,個別短文
21,practice,練習；実践；習慣,Document the practice in the content guideline.,その慣行をコンテンツガイドラインに記載する。,Document the practice in the content guideline.,その慣行をコンテンツガイドラインに記載する。,改稿レビュー待ち,"共通例文: practice, guideline"
22,former,前の；以前の,Remove the former button style.,以前のボタンスタイルを削除する。,Remove the former button style.,以前のボタンスタイルを削除する。,改稿レビュー待ち,個別短文
23,issue,問題；号,Show evidence before making a claim.,主張する前に根拠を示す。,Show evidence before making a claim.,主張する前に根拠を示す。,改稿レビュー待ち,"共通例文: issue, evidence, claim"
24,stage,段階；舞台,Show the current stage in the progress bar.,進捗バーに現在の段階を表示する。,Show the current stage in the progress bar.,進捗バーに現在の段階を表示する。,改稿レビュー待ち,個別短文
26,basis,基礎；根拠；基盤,Review the design on a weekly basis.,週単位でデザインを見直す。,Review the design on a weekly basis.,週単位でデザインを見直す。,改稿レビュー待ち,個別短文
27,despite,〜にもかかわらず,"Despite the warning, users continued.",警告にもかかわらず、ユーザーは続行した。,"Despite the warning, users continued.",警告にもかかわらず、ユーザーは続行した。,改稿レビュー待ち,個別短文
28,structure,構造；構成,The navigation structure feels too deep.,ナビゲーション構造が深すぎる。,The navigation structure feels too deep.,ナビゲーション構造が深すぎる。,改稿レビュー待ち,"共通例文: structure, navigation"
29,capital,首都；資本；大文字の,Use capital letters only for short labels.,大文字は短いラベルだけに使う。,Use capital letters only for short labels.,大文字は短いラベルだけに使う。,改稿レビュー待ち,個別短文
30,per,〜につき；〜ごとに,"Replace ""per"" with a clearer phrase if needed.",必要なら「per」をより明確な表現に置き換える。,"Clarify ""per"", ""suppose"", ""immediately"", and ""film"" in the glossary.",用語集で「per」、「suppose」、「immediately」、「film」を明確にする。,改稿レビュー待ち,"共通レビュー文: per, suppose, immediately, film"
31,agreement,合意；契約,Ask for agreement before saving preferences.,設定を保存する前に同意を求める。,Ask for agreement before saving preferences.,設定を保存する前に同意を求める。,改稿レビュー待ち,個別短文
32,population,人口,The sample does not represent the full user population.,そのサンプルは全ユーザー層を代表していない。,The sample does not represent the full user population.,そのサンプルは全ユーザー層を代表していない。,改稿レビュー待ち,個別短文
33,legal,法律の；合法的な,Show legal text only when required.,必要な場合だけ法的文言を表示する。,Show legal text only when required.,必要な場合だけ法的文言を表示する。,改稿レビュー待ち,個別短文
34,fine,罰金；素晴らしい；細かい,The confirmation text is fine as written.,確認文は今のままで問題ない。,The confirmation text is fine as written.,確認文は今のままで問題ない。,改稿レビュー待ち,個別短文
35,theory,理論；学説,Test the theory with five users.,その仮説を5人のユーザーで検証する。,Test the theory with five users.,その仮説を5人のユーザーで検証する。,改稿レビュー待ち,個別短文
36,growth,成長；増加,Track growth in weekly active users.,週次アクティブユーザーの増加を追跡する。,Track growth in weekly active users.,週次アクティブユーザーの増加を追跡する。,改稿レビュー待ち,個別短文
37,relationship,関係；つながり,Clarify the relationship between these settings.,これらの設定の関係を明確にする。,Clarify the relationship between these settings.,これらの設定の関係を明確にする。,改稿レビュー待ち,個別短文
38,property,財産；特性,Use the same property name in the design token.,デザイントークンでは同じプロパティ名を使う。,Use the same property name in the design token.,デザイントークンでは同じプロパティ名を使う。,改稿レビュー待ち,個別短文
39,term,期間；用語,Define the term in plain language.,その用語を平易な言葉で定義する。,Define the term in plain language.,その用語を平易な言葉で定義する。,改稿レビュー待ち,個別短文
40,throughout,〜の至る所に；〜を通じて,Keep the tone consistent throughout the flow.,フロー全体でトーンを一貫させる。,Keep the tone consistent throughout the flow.,フロー全体でトーンを一貫させる。,改稿レビュー待ち,個別短文
41,previous,前の；以前の,Compare this version with the previous flow.,この版を前のフローと比較する。,Compare this version with the previous flow.,この版を前のフローと比較する。,改稿レビュー待ち,"共通例文: previous, version"
43,significant,重要な；著しい；意義深い,A significant change needs a release note.,重要な変更にはリリースノートが必要だ。,A significant change needs a release note.,重要な変更にはリリースノートが必要だ。,改稿レビュー待ち,"共通例文: significant, change"
44,income,収入；所得,Do not ask for income unless it is required.,必要でない限り収入を尋ねない。,Do not ask for income unless it is required.,必要でない限り収入を尋ねない。,改稿レビュー待ち,"共通例文: income, profile"
45,contract,契約；縮小する,Put the contract link near the final step.,契約リンクを最後のステップの近くに置く。,Put the contract link near the final step.,契約リンクを最後のステップの近くに置く。,改稿レビュー待ち,個別短文
46,consider,考慮する；みなす,Consider the context before changing the copy.,文言を変える前に文脈を考慮する。,Consider the context before changing the copy.,文言を変える前に文脈を考慮する。,改稿レビュー待ち,"共通例文: consider, context"
47,attempt,試みる；試み,Show a clear error after a failed login attempt.,ログイン試行に失敗した後は明確なエラーを表示する。,Show a clear error after a failed login attempt.,ログイン試行に失敗した後は明確なエラーを表示する。,改稿レビュー待ち,"共通例文: attempt, login"
48,specific,特定の；具体的な,Use a specific example in the help text.,ヘルプ文には具体的な例を使う。,Use a specific example in the help text.,ヘルプ文には具体的な例を使う。,改稿レビュー待ち,"共通例文: specific, example"
49,claim,主張する；要求する,Show evidence before making a claim.,主張する前に根拠を示す。,Show evidence before making a claim.,主張する前に根拠を示す。,改稿レビュー待ち,"共通例文: issue, evidence, claim"
50,leading,主要な；先頭の,Place the leading option first.,主要な選択肢を最初に置く。,Place the leading option first.,主要な選択肢を最初に置く。,改稿レビュー待ち,個別短文
51,potential,潜在的な；可能性,Flag the potential risk before launch.,リリース前に潜在的なリスクを示す。,Flag the potential risk before launch.,リリース前に潜在的なリスクを示す。,改稿レビュー待ち,"共通例文: potential, risk"
52,demand,需要；要求する,Support demand increased after the redesign.,再設計後にサポート需要が増えた。,Support demand increased after the redesign.,再設計後にサポート需要が増えた。,改稿レビュー待ち,"共通例文: demand, support"
53,unless,〜でない限り,Do not show the field unless it is required.,必須でない限り、その項目を表示しない。,Do not show the field unless it is required.,必須でない限り、その項目を表示しない。,改稿レビュー待ち,個別短文
54,access,アクセス；利用する,Make help available from every step.,各ステップからヘルプを利用できるようにする。,Make help available from every step.,各ステップからヘルプを利用できるようにする。,改稿レビュー待ち,"共通例文: available, access"
55,independent,独立した,Run an independent accessibility audit.,独立したアクセシビリティ監査を実施する。,Run an independent accessibility audit.,独立したアクセシビリティ監査を実施する。,改稿レビュー待ち,"共通例文: independent, audit"
56,benefit,利益；恩恵,State the benefit before the feature.,機能より先に利点を示す。,State the benefit before the feature.,機能より先に利点を示す。,改稿レビュー待ち,"共通例文: benefit, feature"
57,employment,雇用；就業,The employment form needs clearer sections.,雇用フォームにはより明確な区分が必要だ。,The employment form needs clearer sections.,雇用フォームにはより明確な区分が必要だ。,改稿レビュー待ち,個別短文
58,sales,販売；売上,The sales dashboard needs simpler filters.,営業ダッシュボードにはより簡単なフィルターが必要だ。,The sales dashboard needs simpler filters.,営業ダッシュボードにはより簡単なフィルターが必要だ。,改稿レビュー待ち,個別短文
61,application,申請；応用；アプリ,The application form asks too many questions.,申請フォームの質問が多すぎる。,The application form asks too many questions.,申請フォームの質問が多すぎる。,改稿レビュー待ち,"共通例文: application, form"
62,suppose,〜と思う；仮定する,"Replace ""suppose"" with a clearer phrase if needed.",必要なら「suppose」をより明確な表現に置き換える。,"Clarify ""per"", ""suppose"", ""immediately"", and ""film"" in the glossary.",用語集で「per」、「suppose」、「immediately」、「film」を明確にする。,改稿レビュー待ち,"共通レビュー文: per, suppose, immediately, film"
63,immediately,すぐに；直ちに,"Use ""immediately"" carefully in helper text.",ヘルプ文では「immediately」を慎重に使う。,"Clarify ""per"", ""suppose"", ""immediately"", and ""film"" in the glossary.",用語集で「per」、「suppose」、「immediately」、「film」を明確にする。,改稿レビュー待ち,"共通レビュー文: per, suppose, immediately, film"
64,opportunity,機会；チャンス,This is an opportunity to simplify onboarding.,これはオンボーディングを簡素化する機会だ。,This is an opportunity to simplify onboarding.,これはオンボーディングを簡素化する機会だ。,改稿レビュー待ち,"共通例文: opportunity, simplify"
65,film,映画；撮影する,"Replace ""film"" with a clearer phrase if needed.",必要なら「film」をより明確な表現に置き換える。,"Clarify ""per"", ""suppose"", ""immediately"", and ""film"" in the glossary.",用語集で「per」、「suppose」、「immediately」、「film」を明確にする。,改稿レビュー待ち,"共通レビュー文: per, suppose, immediately, film"
66,trust,信頼；信託；信じる,"Replace ""trust"" with a clearer phrase if needed.",必要なら「trust」をより明確な表現に置き換える。,"Clarify ""trust"", ""election"", ""parliament"", and ""species"" in the glossary.",用語集で「trust」、「election」、「parliament」、「species」を明確にする。,改稿レビュー待ち,"共通レビュー文: trust, election, parliament, species"
67,effective,効果的な；有効な,An effective message explains the next action.,効果的なメッセージは次の行動を説明する。,An effective message explains the next action.,効果的なメッセージは次の行動を説明する。,改稿レビュー待ち,"共通例文: effective, message"
68,region,地域；地方,Adapt language for each region.,各地域に合わせて言葉を調整する。,Adapt language for each region.,各地域に合わせて言葉を調整する。,改稿レビュー待ち,"共通例文: region, language"
69,degree,程度；学位；度,Show the degree of confidence in the result.,結果への信頼度を示す。,Show the degree of confidence in the result.,結果への信頼度を示す。,改稿レビュー待ち,"共通例文: degree, confidence"
70,traditional,伝統的な,A traditional pattern may work better here.,ここでは従来のパターンの方がうまく機能するかもしれない。,A traditional pattern may work better here.,ここでは従来のパターンの方がうまく機能するかもしれない。,改稿レビュー待ち,"共通例文: traditional, pattern"
71,election,選挙,Clarify the election before the next review.,次のレビュー前にelectionを明確にする。,"Clarify ""trust"", ""election"", ""parliament"", and ""species"" in the glossary.",用語集で「trust」、「election」、「parliament」、「species」を明確にする。,改稿レビュー待ち,"共通レビュー文: trust, election, parliament, species"
72,parliament,議会；国会,Clarify the parliament before the next review.,次のレビュー前にparliamentを明確にする。,"Clarify ""trust"", ""election"", ""parliament"", and ""species"" in the glossary.",用語集で「trust」、「election」、「parliament」、「species」を明確にする。,改稿レビュー待ち,"共通レビュー文: trust, election, parliament, species"
73,review,評価；見直す；レビュー,Review the prototype before testing.,テスト前にプロトタイプを見直す。,Review the prototype before testing.,テスト前にプロトタイプを見直す。,改稿レビュー待ち,"共通例文: review, prototype"
74,species,種（生物）,"Replace ""species"" with a clearer phrase if needed.",必要なら「species」をより明確な表現に置き換える。,"Clarify ""trust"", ""election"", ""parliament"", and ""species"" in the glossary.",用語集で「trust」、「election」、「parliament」、「species」を明確にする。,改稿レビュー待ち,"共通レビュー文: trust, election, parliament, species"
75,supply,供給；提供する,"Use ""supply"" carefully in helper text.",ヘルプ文では「supply」を慎重に使う。,"Clarify ""supply"", ""suggest"", ""exchange"", and ""otherwise"" in the glossary.",用語集で「supply」、「suggest」、「exchange」、「otherwise」を明確にする。,改稿レビュー待ち,"共通レビュー文: supply, suggest, exchange, otherwise"
78,physical,物理的な；身体的な,Test the flow on a physical device.,実機でフローをテストする。,Test the flow on a physical device.,実機でフローをテストする。,改稿レビュー待ち,"共通例文: physical, device"
79,complex,複雑な,Make the complex task feel simple.,複雑なタスクを簡単に感じられるようにする。,Make the complex task feel simple.,複雑なタスクを簡単に感じられるようにする。,改稿レビュー待ち,"共通例文: complex, simple"
80,responsibility,責任,Clarify the owner and responsibility.,担当者と責任を明確にする。,Clarify the owner and responsibility.,担当者と責任を明確にする。,改稿レビュー待ち,"共通例文: responsibility, owner"
81,opposition,反対；野党,Record opposition in the feedback summary.,反対意見をフィードバック要約に記録する。,Record opposition in the feedback summary.,反対意見をフィードバック要約に記録する。,改稿レビュー待ち,"共通例文: opposition, feedback"
82,division,分割；部門,Share the findings with the product division.,調査結果をプロダクト部門と共有する。,Share the findings with the product division.,調査結果をプロダクト部門と共有する。,改稿レビュー待ち,"共通例文: division, team"
83,surface,表面；水面,The surface-level fix does not solve the issue.,表面的な修正では問題は解決しない。,The surface-level fix does not solve the issue.,表面的な修正では問題は解決しない。,改稿レビュー待ち,"共通例文: surface, level"
84,equipment,設備；機器,Check the test equipment before the session.,セッション前にテスト機器を確認する。,Check the test equipment before the session.,セッション前にテスト機器を確認する。,改稿レビュー待ち,"共通例文: equipment, setup"
85,suggest,提案する；示唆する,"Replace ""suggest"" with a clearer phrase if needed.",必要なら「suggest」をより明確な表現に置き換える。,"Clarify ""supply"", ""suggest"", ""exchange"", and ""otherwise"" in the glossary.",用語集で「supply」、「suggest」、「exchange」、「otherwise」を明確にする。,改稿レビュー待ち,"共通レビュー文: supply, suggest, exchange, otherwise"
86,exchange,交換する；取引所,"Replace ""exchange"" with a clearer phrase if needed.",必要なら「exchange」をより明確な表現に置き換える。,"Clarify ""supply"", ""suggest"", ""exchange"", and ""otherwise"" in the glossary.",用語集で「supply」、「suggest」、「exchange」、「otherwise」を明確にする。,改稿レビュー待ち,"共通レビュー文: supply, suggest, exchange, otherwise"
87,otherwise,さもなければ；別の方法で,"Replace ""otherwise"" with a clearer phrase if needed.",必要なら「otherwise」をより明確な表現に置き換える。,"Clarify ""supply"", ""suggest"", ""exchange"", and ""otherwise"" in the glossary.",用語集で「supply」、「suggest」、「exchange」、「otherwise」を明確にする。,改稿レビュー待ち,"共通レビュー文: supply, suggest, exchange, otherwise"
88,essential,不可欠な；本質的な,The essential option needs a clearer label.,essentialの選択肢には、より明確なラベルが必要だ。,"Clarify ""essential"", ""slightly"", ""aid"", and ""transport"" in the glossary.",用語集で「essential」、「slightly」、「aid」、「transport」を明確にする。,改稿レビュー待ち,"共通レビュー文: essential, slightly, aid, transport"
89,function,機能；役割,The label should describe the function.,ラベルは機能を説明するべきだ。,The label should describe the function.,ラベルは機能を説明するべきだ。,改稿レビュー待ち,"共通例文: function, label"
90,slightly,わずかに；少し,"Use ""slightly"" carefully in helper text.",ヘルプ文では「slightly」を慎重に使う。,"Clarify ""essential"", ""slightly"", ""aid"", and ""transport"" in the glossary.",用語集で「essential」、「slightly」、「aid」、「transport」を明確にする。,改稿レビュー待ち,"共通レビュー文: essential, slightly, aid, transport"
91,aid,援助；助ける,"Replace ""aid"" with a clearer phrase if needed.",必要なら「aid」をより明確な表現に置き換える。,"Clarify ""essential"", ""slightly"", ""aid"", and ""transport"" in the glossary.",用語集で「essential」、「slightly」、「aid」、「transport」を明確にする。,改稿レビュー待ち,"共通レビュー文: essential, slightly, aid, transport"
92,transport,輸送；交通機関,"Replace ""transport"" with a clearer phrase if needed.",必要なら「transport」をより明確な表現に置き換える。,"Clarify ""essential"", ""slightly"", ""aid"", and ""transport"" in the glossary.",用語集で「essential」、「slightly」、「aid」、「transport」を明確にする。,改稿レビュー待ち,"共通レビュー文: essential, slightly, aid, transport"
94,civil,市民の；礼儀正しい；民事の,"Replace ""civil"" with a clearer phrase if needed.",必要なら「civil」をより明確な表現に置き換える。,"Clarify ""civil"", ""hardly"", ""obvious"", and ""organisation"" in the glossary.",用語集で「civil」、「hardly」、「obvious」、「organisation」を明確にする。,改稿レビュー待ち,"共通レビュー文: civil, hardly, obvious, organisation"
95,hardly,ほとんど〜ない；やっと,"Use ""hardly"" carefully in helper text.",ヘルプ文では「hardly」を慎重に使う。,"Clarify ""civil"", ""hardly"", ""obvious"", and ""organisation"" in the glossary.",用語集で「civil」、「hardly」、「obvious」、「organisation」を明確にする。,改稿レビュー待ち,"共通レビュー文: civil, hardly, obvious, organisation"
96,obvious,明らかな；明白な,The obvious option needs a clearer label.,obviousの選択肢には、より明確なラベルが必要だ。,"Clarify ""civil"", ""hardly"", ""obvious"", and ""organisation"" in the glossary.",用語集で「civil」、「hardly」、「obvious」、「organisation」を明確にする。,改稿レビュー待ち,"共通レビュー文: civil, hardly, obvious, organisation"
97,organisation,組織；団体,Clarify the organisation before the next review.,次のレビュー前にorganisationを明確にする。,"Clarify ""civil"", ""hardly"", ""obvious"", and ""organisation"" in the glossary.",用語集で「civil」、「hardly」、「obvious」、「organisation」を明確にする。,改稿レビュー待ち,"共通レビュー文: civil, hardly, obvious, organisation"
98,argument,議論；主張,Clarify the argument before the next review.,次のレビュー前にargumentを明確にする。,"Clarify ""argument"", ""patient"", ""principle"", and ""stock"" in the glossary.",用語集で「argument」、「patient」、「principle」、「stock」を明確にする。,改稿レビュー待ち,"共通レビュー文: argument, patient, principle, stock"
99,patient,患者；忍耐強い,"Replace ""patient"" with a clearer phrase if needed.",必要なら「patient」をより明確な表現に置き換える。,"Clarify ""argument"", ""patient"", ""principle"", and ""stock"" in the glossary.",用語集で「argument」、「patient」、「principle」、「stock」を明確にする。,改稿レビュー待ち,"共通レビュー文: argument, patient, principle, stock"
100,principle,原則；原理,"Replace ""principle"" with a clearer phrase if needed.",必要なら「principle」をより明確な表現に置き換える。,"Clarify ""argument"", ""patient"", ""principle"", and ""stock"" in the glossary.",用語集で「argument」、「patient」、「principle」、「stock」を明確にする。,改稿レビュー待ち,"共通レビュー文: argument, patient, principle, stock"
101,stock,在庫；株式；蓄える,"Replace ""stock"" with a clearer phrase if needed.",必要なら「stock」をより明確な表現に置き換える。,"Clarify ""argument"", ""patient"", ""principle"", and ""stock"" in the glossary.",用語集で「argument」、「patient」、「principle」、「stock」を明確にする。,改稿レビュー待ち,"共通レビュー文: argument, patient, principle, stock"
102,district,地区；地域,"Replace ""district"" with a clearer phrase if needed.",必要なら「district」をより明確な表現に置き換える。,"Clarify ""district"", ""executive"", ""neither"", and ""duty"" in the glossary.",用語集で「district」、「executive」、「neither」、「duty」を明確にする。,改稿レビュー待ち,"共通レビュー文: district, executive, neither, duty"
103,executive,経営幹部；行政の,The executive option needs a clearer label.,executiveの選択肢には、より明確なラベルが必要だ。,"Clarify ""district"", ""executive"", ""neither"", and ""duty"" in the glossary.",用語集で「district」、「executive」、「neither」、「duty」を明確にする。,改稿レビュー待ち,"共通レビュー文: district, executive, neither, duty"
104,neither,どちらも〜ない,"Replace ""neither"" with a clearer phrase if needed.",必要なら「neither」をより明確な表現に置き換える。,"Clarify ""district"", ""executive"", ""neither"", and ""duty"" in the glossary.",用語集で「district」、「executive」、「neither」、「duty」を明確にする。,改稿レビュー待ち,"共通レビュー文: district, executive, neither, duty"
105,duty,義務；職務,"Replace ""duty"" with a clearer phrase if needed.",必要なら「duty」をより明確な表現に置き換える。,"Clarify ""district"", ""executive"", ""neither"", and ""duty"" in the glossary.",用語集で「district」、「executive」、「neither」、「duty」を明確にする。,改稿レビュー待ち,"共通レビュー文: district, executive, neither, duty"
106,presence,存在；出席,Clarify the presence before the next review.,次のレビュー前にpresenceを明確にする。,"Clarify ""presence"", ""avoid"", ""relatively"", and ""failure"" in the glossary.",用語集で「presence」、「avoid」、「relatively」、「failure」を明確にする。,改稿レビュー待ち,"共通レビュー文: presence, avoid, relatively, failure"
107,avoid,避ける；回避する,"Replace ""avoid"" with a clearer phrase if needed.",必要なら「avoid」をより明確な表現に置き換える。,"Clarify ""presence"", ""avoid"", ""relatively"", and ""failure"" in the glossary.",用語集で「presence」、「avoid」、「relatively」、「failure」を明確にする。,改稿レビュー待ち,"共通レビュー文: presence, avoid, relatively, failure"
108,relatively,比較的,"Use ""relatively"" carefully in helper text.",ヘルプ文では「relatively」を慎重に使う。,"Clarify ""presence"", ""avoid"", ""relatively"", and ""failure"" in the glossary.",用語集で「presence」、「avoid」、「relatively」、「failure」を明確にする。,改稿レビュー待ち,"共通レビュー文: presence, avoid, relatively, failure"
109,failure,失敗；欠如,"Replace ""failure"" with a clearer phrase if needed.",必要なら「failure」をより明確な表現に置き換える。,"Clarify ""presence"", ""avoid"", ""relatively"", and ""failure"" in the glossary.",用語集で「presence」、「avoid」、「relatively」、「failure」を明確にする。,改稿レビュー待ち,"共通レビュー文: presence, avoid, relatively, failure"
111,due,期限の；適切な；到着予定の,"Replace ""due"" with a clearer phrase if needed.",必要なら「due」をより明確な表現に置き換える。,"Clarify ""due"", ""practical"", ""latter"", and ""huge"" in the glossary.",用語集で「due」、「practical」、「latter」、「huge」を明確にする。,改稿レビュー待ち,"共通レビュー文: due, practical, latter, huge"
112,practical,実用的な；実践的な,The practical option needs a clearer label.,practicalの選択肢には、より明確なラベルが必要だ。,"Clarify ""due"", ""practical"", ""latter"", and ""huge"" in the glossary.",用語集で「due」、「practical」、「latter」、「huge」を明確にする。,改稿レビュー待ち,"共通レビュー文: due, practical, latter, huge"
113,latter,後者の；後半の,"Replace ""latter"" with a clearer phrase if needed.",必要なら「latter」をより明確な表現に置き換える。,"Clarify ""due"", ""practical"", ""latter"", and ""huge"" in the glossary.",用語集で「due」、「practical」、「latter」、「huge」を明確にする。,改稿レビュー待ち,"共通レビュー文: due, practical, latter, huge"
114,huge,巨大な；莫大な,"Replace ""huge"" with a clearer phrase if needed.",必要なら「huge」をより明確な表現に置き換える。,"Clarify ""due"", ""practical"", ""latter"", and ""huge"" in the glossary.",用語集で「due」、「practical」、「latter」、「huge」を明確にする。,改稿レビュー待ち,"共通レビュー文: due, practical, latter, huge"
115,apparently,どうやら；見たところ,"Use ""apparently"" carefully in helper text.",ヘルプ文では「apparently」を慎重に使う。,"Clarify ""apparently"", ""grant"", ""applied"", and ""finance"" in the glossary.",用語集で「apparently」、「grant」、「applied」、「finance」を明確にする。,改稿レビュー待ち,"共通レビュー文: apparently, grant, applied, finance"
116,grant,助成金；与える,"Replace ""grant"" with a clearer phrase if needed.",必要なら「grant」をより明確な表現に置き換える。,"Clarify ""apparently"", ""grant"", ""applied"", and ""finance"" in the glossary.",用語集で「apparently」、「grant」、「applied」、「finance」を明確にする。,改稿レビュー待ち,"共通レビュー文: apparently, grant, applied, finance"
117,applied,応用の；実用的な,"Replace ""applied"" with a clearer phrase if needed.",必要なら「applied」をより明確な表現に置き換える。,"Clarify ""apparently"", ""grant"", ""applied"", and ""finance"" in the glossary.",用語集で「apparently」、「grant」、「applied」、「finance」を明確にする。,改稿レビュー待ち,"共通レビュー文: apparently, grant, applied, finance"
118,finance,財政；資金調達する,Clarify the finance before the next review.,次のレビュー前にfinanceを明確にする。,"Clarify ""apparently"", ""grant"", ""applied"", and ""finance"" in the glossary.",用語集で「apparently」、「grant」、「applied」、「finance」を明確にする。,改稿レビュー待ち,"共通レビュー文: apparently, grant, applied, finance"
119,merely,単に；ただ〜だけ,"Use ""merely"" carefully in helper text.",ヘルプ文では「merely」を慎重に使う。,"Clarify ""merely"", ""setting"", ""quarter"", and ""politics"" in the glossary.",用語集で「merely」、「setting」、「quarter」、「politics」を明確にする。,改稿レビュー待ち,"共通レビュー文: merely, setting, quarter, politics"
120,setting,設定；環境；背景,"Replace ""setting"" with a clearer phrase if needed.",必要なら「setting」をより明確な表現に置き換える。,"Clarify ""merely"", ""setting"", ""quarter"", and ""politics"" in the glossary.",用語集で「merely」、「setting」、「quarter」、「politics」を明確にする。,改稿レビュー待ち,"共通レビュー文: merely, setting, quarter, politics"
121,quarter,四分の一；四半期,"Replace ""quarter"" with a clearer phrase if needed.",必要なら「quarter」をより明確な表現に置き換える。,"Clarify ""merely"", ""setting"", ""quarter"", and ""politics"" in the glossary.",用語集で「merely」、「setting」、「quarter」、「politics」を明確にする。,改稿レビュー待ち,"共通レビュー文: merely, setting, quarter, politics"
122,politics,政治；政治学,"Replace ""politics"" with a clearer phrase if needed.",必要なら「politics」をより明確な表現に置き換える。,"Clarify ""merely"", ""setting"", ""quarter"", and ""politics"" in the glossary.",用語集で「merely」、「setting」、「quarter」、「politics」を明確にする。,改稿レビュー待ち,"共通レビュー文: merely, setting, quarter, politics"
123,justice,正義；司法,"Replace ""justice"" with a clearer phrase if needed.",必要なら「justice」をより明確な表現に置き換える。,"Clarify ""justice"", ""credit"", ""edge"", and ""advantage"" in the glossary.",用語集で「justice」、「credit」、「edge」、「advantage」を明確にする。,改稿レビュー待ち,"共通レビュー文: justice, credit, edge, advantage"
124,credit,信用；単位；功績,"Replace ""credit"" with a clearer phrase if needed.",必要なら「credit」をより明確な表現に置き換える。,"Clarify ""justice"", ""credit"", ""edge"", and ""advantage"" in the glossary.",用語集で「justice」、「credit」、「edge」、「advantage」を明確にする。,改稿レビュー待ち,"共通レビュー文: justice, credit, edge, advantage"
125,edge,端；優位；刃,"Replace ""edge"" with a clearer phrase if needed.",必要なら「edge」をより明確な表現に置き換える。,"Clarify ""justice"", ""credit"", ""edge"", and ""advantage"" in the glossary.",用語集で「justice」、「credit」、「edge」、「advantage」を明確にする。,改稿レビュー待ち,"共通レビュー文: justice, credit, edge, advantage"
126,advantage,利点；優位性,"Replace ""advantage"" with a clearer phrase if needed.",必要なら「advantage」をより明確な表現に置き換える。,"Clarify ""justice"", ""credit"", ""edge"", and ""advantage"" in the glossary.",用語集で「justice」、「credit」、「edge」、「advantage」を明確にする。,改稿レビュー待ち,"共通レビュー文: justice, credit, edge, advantage"
129,length,長さ；期間,"Replace ""length"" with a clearer phrase if needed.",必要なら「length」をより明確な表現に置き換える。,"Clarify ""length"", ""vote"", ""possibly"", and ""nevertheless"" in the glossary.",用語集で「length」、「vote」、「possibly」、「nevertheless」を明確にする。,改稿レビュー待ち,"共通レビュー文: length, vote, possibly, nevertheless"
130,vote,投票する；票,"Replace ""vote"" with a clearer phrase if needed.",必要なら「vote」をより明確な表現に置き換える。,"Clarify ""length"", ""vote"", ""possibly"", and ""nevertheless"" in the glossary.",用語集で「length」、「vote」、「possibly」、「nevertheless」を明確にする。,改稿レビュー待ち,"共通レビュー文: length, vote, possibly, nevertheless"
131,possibly,もしかすると；おそらく,"Use ""possibly"" carefully in helper text.",ヘルプ文では「possibly」を慎重に使う。,"Clarify ""length"", ""vote"", ""possibly"", and ""nevertheless"" in the glossary.",用語集で「length」、「vote」、「possibly」、「nevertheless」を明確にする。,改稿レビュー待ち,"共通レビュー文: length, vote, possibly, nevertheless"
132,nevertheless,それにもかかわらず,The nevertheless option needs a clearer label.,neverthelessの選択肢には、より明確なラベルが必要だ。,"Clarify ""length"", ""vote"", ""possibly"", and ""nevertheless"" in the glossary.",用語集で「length」、「vote」、「possibly」、「nevertheless」を明確にする。,改稿レビュー待ち,"共通レビュー文: length, vote, possibly, nevertheless"
133,insurance,保険,Clarify the insurance before the next review.,次のレビュー前にinsuranceを明確にする。,"Clarify ""insurance"", ""strength"", ""crime"", and ""transfer"" in the glossary.",用語集で「insurance」、「strength」、「crime」、「transfer」を明確にする。,改稿レビュー待ち,"共通レビュー文: insurance, strength, crime, transfer"
134,strength,強さ；体力,"Replace ""strength"" with a clearer phrase if needed.",必要なら「strength」をより明確な表現に置き換える。,"Clarify ""insurance"", ""strength"", ""crime"", and ""transfer"" in the glossary.",用語集で「insurance」、「strength」、「crime」、「transfer」を明確にする。,改稿レビュー待ち,"共通レビュー文: insurance, strength, crime, transfer"
135,crime,犯罪,"Replace ""crime"" with a clearer phrase if needed.",必要なら「crime」をより明確な表現に置き換える。,"Clarify ""insurance"", ""strength"", ""crime"", and ""transfer"" in the glossary.",用語集で「insurance」、「strength」、「crime」、「transfer」を明確にする。,改稿レビュー待ち,"共通レビュー文: insurance, strength, crime, transfer"
136,transfer,移す；転送する,"Replace ""transfer"" with a clearer phrase if needed.",必要なら「transfer」をより明確な表現に置き換える。,"Clarify ""insurance"", ""strength"", ""crime"", and ""transfer"" in the glossary.",用語集で「insurance」、「strength」、「crime」、「transfer」を明確にする。,改稿レビュー待ち,"共通レビュー文: insurance, strength, crime, transfer"
137,measure,測定する；対策；程度,"Replace ""measure"" with a clearer phrase if needed.",必要なら「measure」をより明確な表現に置き換える。,"Clarify ""measure"", ""address"", ""require"", and ""ordinary"" in the glossary.",用語集で「measure」、「address」、「require」、「ordinary」を明確にする。,改稿レビュー待ち,"共通レビュー文: measure, address, require, ordinary"
138,confidence,自信；信頼,Show the degree of confidence in the result.,結果への信頼度を示す。,Show the degree of confidence in the result.,結果への信頼度を示す。,改稿レビュー待ち,"共通例文: degree, confidence"
139,address,取り組む；演説する,"Replace ""address"" with a clearer phrase if needed.",必要なら「address」をより明確な表現に置き換える。,"Clarify ""measure"", ""address"", ""require"", and ""ordinary"" in the glossary.",用語集で「measure」、「address」、「require」、「ordinary」を明確にする。,改稿レビュー待ち,"共通レビュー文: measure, address, require, ordinary"
140,require,必要とする；要求する,"Replace ""require"" with a clearer phrase if needed.",必要なら「require」をより明確な表現に置き換える。,"Clarify ""measure"", ""address"", ""require"", and ""ordinary"" in the glossary.",用語集で「measure」、「address」、「require」、「ordinary」を明確にする。,改稿レビュー待ち,"共通レビュー文: measure, address, require, ordinary"
142,ordinary,普通の；日常の,"Replace ""ordinary"" with a clearer phrase if needed.",必要なら「ordinary」をより明確な表現に置き換える。,"Clarify ""measure"", ""address"", ""require"", and ""ordinary"" in the glossary.",用語集で「measure」、「address」、「require」、「ordinary」を明確にする。,改稿レビュー待ち,"共通レビュー文: measure, address, require, ordinary"
143,previously,以前に；前回は,"Use ""previously"" carefully in helper text.",ヘルプ文では「previously」を慎重に使う。,"Clarify ""previously"", ""challenge"", ""achieve"", and ""extremely"" in the glossary.",用語集で「previously」、「challenge」、「achieve」、「extremely」を明確にする。,改稿レビュー待ち,"共通レビュー文: previously, challenge, achieve, extremely"
146,challenge,挑戦；異議を唱える,"Replace ""challenge"" with a clearer phrase if needed.",必要なら「challenge」をより明確な表現に置き換える。,"Clarify ""previously"", ""challenge"", ""achieve"", and ""extremely"" in the glossary.",用語集で「previously」、「challenge」、「achieve」、「extremely」を明確にする。,改稿レビュー待ち,"共通レビュー文: previously, challenge, achieve, extremely"
147,achieve,達成する；成し遂げる,"Replace ""achieve"" with a clearer phrase if needed.",必要なら「achieve」をより明確な表現に置き換える。,"Clarify ""previously"", ""challenge"", ""achieve"", and ""extremely"" in the glossary.",用語集で「previously」、「challenge」、「achieve」、「extremely」を明確にする。,改稿レビュー待ち,"共通レビュー文: previously, challenge, achieve, extremely"
148,extremely,非常に；極めて,"Use ""extremely"" carefully in helper text.",ヘルプ文では「extremely」を慎重に使う。,"Clarify ""previously"", ""challenge"", ""achieve"", and ""extremely"" in the glossary.",用語集で「previously」、「challenge」、「achieve」、「extremely」を明確にする。,改稿レビュー待ち,"共通レビュー文: previously, challenge, achieve, extremely"
149,prevent,防ぐ；妨げる,"Replace ""prevent"" with a clearer phrase if needed.",必要なら「prevent」をより明確な表現に置き換える。,"Clarify ""prevent"", ""article"", ""football"", and ""fairly"" in the glossary.",用語集で「prevent」、「article」、「football」、「fairly」を明確にする。,改稿レビュー待ち,"共通レビュー文: prevent, article, football, fairly"
150,article,記事；条項；冠詞,"Replace ""article"" with a clearer phrase if needed.",必要なら「article」をより明確な表現に置き換える。,"Clarify ""prevent"", ""article"", ""football"", and ""fairly"" in the glossary.",用語集で「prevent」、「article」、「football」、「fairly」を明確にする。,改稿レビュー待ち,"共通レビュー文: prevent, article, football, fairly"
151,football,フットボール；サッカー,"Replace ""football"" with a clearer phrase if needed.",必要なら「football」をより明確な表現に置き換える。,"Clarify ""prevent"", ""article"", ""football"", and ""fairly"" in the glossary.",用語集で「prevent」、「article」、「football」、「fairly」を明確にする。,改稿レビュー待ち,"共通レビュー文: prevent, article, football, fairly"
152,fairly,かなり；公平に,"Use ""fairly"" carefully in helper text.",ヘルプ文では「fairly」を慎重に使う。,"Clarify ""prevent"", ""article"", ""football"", and ""fairly"" in the glossary.",用語集で「prevent」、「article」、「football」、「fairly」を明確にする。,改稿レビュー待ち,"共通レビュー文: prevent, article, football, fairly"
153,increasingly,ますます；次第に,"Use ""increasingly"" carefully in helper text.",ヘルプ文では「increasingly」を慎重に使う。,"Clarify ""increasingly"", ""initial"", ""release"", and ""existence"" in the glossary.",用語集で「increasingly」、「initial」、「release」、「existence」を明確にする。,改稿レビュー待ち,"共通レビュー文: increasingly, initial, release, existence"
154,initial,最初の,The initial option needs a clearer label.,initialの選択肢には、より明確なラベルが必要だ。,"Clarify ""increasingly"", ""initial"", ""release"", and ""existence"" in the glossary.",用語集で「increasingly」、「initial」、「release」、「existence」を明確にする。,改稿レビュー待ち,"共通レビュー文: increasingly, initial, release, existence"
155,release,を解放する；発表,"Replace ""release"" with a clearer phrase if needed.",必要なら「release」をより明確な表現に置き換える。,"Clarify ""increasingly"", ""initial"", ""release"", and ""existence"" in the glossary.",用語集で「increasingly」、「initial」、「release」、「existence」を明確にする。,改稿レビュー待ち,"共通レビュー文: increasingly, initial, release, existence"
156,existence,存在；生存,Clarify the existence before the next review.,次のレビュー前にexistenceを明確にする。,"Clarify ""increasingly"", ""initial"", ""release"", and ""existence"" in the glossary.",用語集で「increasingly」、「initial」、「release」、「existence」を明確にする。,改稿レビュー待ち,"共通レビュー文: increasingly, initial, release, existence"
157,latest,最新の；最近の,"Replace ""latest"" with a clearer phrase if needed.",必要なら「latest」をより明確な表現に置き換える。,"Clarify ""latest"", ""relief"", ""detailed"", and ""fund"" in the glossary.",用語集で「latest」、「relief」、「detailed」、「fund」を明確にする。,改稿レビュー待ち,"共通レビュー文: latest, relief, detailed, fund"
158,relief,安堵；救済,"Replace ""relief"" with a clearer phrase if needed.",必要なら「relief」をより明確な表現に置き換える。,"Clarify ""latest"", ""relief"", ""detailed"", and ""fund"" in the glossary.",用語集で「latest」、「relief」、「detailed」、「fund」を明確にする。,改稿レビュー待ち,"共通レビュー文: latest, relief, detailed, fund"
159,detailed,詳細な；詳しい,"Replace ""detailed"" with a clearer phrase if needed.",必要なら「detailed」をより明確な表現に置き換える。,"Clarify ""latest"", ""relief"", ""detailed"", and ""fund"" in the glossary.",用語集で「latest」、「relief」、「detailed」、「fund」を明確にする。,改稿レビュー待ち,"共通レビュー文: latest, relief, detailed, fund"
160,fund,資金；基金,"Replace ""fund"" with a clearer phrase if needed.",必要なら「fund」をより明確な表現に置き換える。,"Clarify ""latest"", ""relief"", ""detailed"", and ""fund"" in the glossary.",用語集で「latest」、「relief」、「detailed」、「fund」を明確にする。,改稿レビュー待ち,"共通レビュー文: latest, relief, detailed, fund"
163,distribution,配布；分配,Clarify the distribution before the next review.,次のレビュー前にdistributionを明確にする。,"Clarify ""distribution"", ""factor"", ""improve"", and ""reasonable"" in the glossary.",用語集で「distribution」、「factor」、「improve」、「reasonable」を明確にする。,改稿レビュー待ち,"共通レビュー文: distribution, factor, improve, reasonable"
164,factor,要因；要素,"Replace ""factor"" with a clearer phrase if needed.",必要なら「factor」をより明確な表現に置き換える。,"Clarify ""distribution"", ""factor"", ""improve"", and ""reasonable"" in the glossary.",用語集で「distribution」、「factor」、「improve」、「reasonable」を明確にする。,改稿レビュー待ち,"共通レビュー文: distribution, factor, improve, reasonable"
165,feature,特徴；特集する,State the benefit before the feature.,機能より先に利点を示す。,State the benefit before the feature.,機能より先に利点を示す。,改稿レビュー待ち,"共通例文: benefit, feature"
166,improve,改善する；向上する,"Replace ""improve"" with a clearer phrase if needed.",必要なら「improve」をより明確な表現に置き換える。,"Clarify ""distribution"", ""factor"", ""improve"", and ""reasonable"" in the glossary.",用語集で「distribution」、「factor」、「improve」、「reasonable」を明確にする。,改稿レビュー待ち,"共通レビュー文: distribution, factor, improve, reasonable"
167,reasonable,合理的な；適切な,The reasonable option needs a clearer label.,reasonableの選択肢には、より明確なラベルが必要だ。,"Clarify ""distribution"", ""factor"", ""improve"", and ""reasonable"" in the glossary.",用語集で「distribution」、「factor」、「improve」、「reasonable」を明確にする。,改稿レビュー待ち,"共通レビュー文: distribution, factor, improve, reasonable"
168,display,表示する；展示,"Replace ""display"" with a clearer phrase if needed.",必要なら「display」をより明確な表現に置き換える。,"Clarify ""display"", ""aircraft"", ""raise"", and ""tend"" in the glossary.",用語集で「display」、「aircraft」、「raise」、「tend」を明確にする。,改稿レビュー待ち,"共通レビュー文: display, aircraft, raise, tend"
169,aircraft,航空機,"Replace ""aircraft"" with a clearer phrase if needed.",必要なら「aircraft」をより明確な表現に置き換える。,"Clarify ""display"", ""aircraft"", ""raise"", and ""tend"" in the glossary.",用語集で「display」、「aircraft」、「raise」、「tend」を明確にする。,改稿レビュー待ち,"共通レビュー文: display, aircraft, raise, tend"
170,raise,上げる；増加させる,"Replace ""raise"" with a clearer phrase if needed.",必要なら「raise」をより明確な表現に置き換える。,"Clarify ""display"", ""aircraft"", ""raise"", and ""tend"" in the glossary.",用語集で「display」、「aircraft」、「raise」、「tend」を明確にする。,改稿レビュー待ち,"共通レビュー文: display, aircraft, raise, tend"
171,tend,傾向がある；世話をする,"Replace ""tend"" with a clearer phrase if needed.",必要なら「tend」をより明確な表現に置き換える。,"Clarify ""display"", ""aircraft"", ""raise"", and ""tend"" in the glossary.",用語集で「display」、「aircraft」、「raise」、「tend」を明確にする。,改稿レビュー待ち,"共通レビュー文: display, aircraft, raise, tend"
172,spread,広がる；広める,"Replace ""spread"" with a clearer phrase if needed.",必要なら「spread」をより明確な表現に置き換える。,"Clarify ""spread"", ""mine"", ""search"", and ""detail"" in the glossary.",用語集で「spread」、「mine」、「search」、「detail」を明確にする。,改稿レビュー待ち,"共通レビュー文: spread, mine, search, detail"
173,mine,鉱山；私のもの,"Replace ""mine"" with a clearer phrase if needed.",必要なら「mine」をより明確な表現に置き換える。,"Clarify ""spread"", ""mine"", ""search"", and ""detail"" in the glossary.",用語集で「spread」、「mine」、「search」、「detail」を明確にする。,改稿レビュー待ち,"共通レビュー文: spread, mine, search, detail"
174,search,検索する；捜索,"Replace ""search"" with a clearer phrase if needed.",必要なら「search」をより明確な表現に置き換える。,"Clarify ""spread"", ""mine"", ""search"", and ""detail"" in the glossary.",用語集で「spread」、「mine」、「search」、「detail」を明確にする。,改稿レビュー待ち,"共通レビュー文: spread, mine, search, detail"
175,detail,詳細；詳しく述べる,"Replace ""detail"" with a clearer phrase if needed.",必要なら「detail」をより明確な表現に置き換える。,"Clarify ""spread"", ""mine"", ""search"", and ""detail"" in the glossary.",用語集で「spread」、「mine」、「search」、「detail」を明確にする。,改稿レビュー待ち,"共通レビュー文: spread, mine, search, detail"
176,track,追跡する；軌道,"Replace ""track"" with a clearer phrase if needed.",必要なら「track」をより明確な表現に置き換える。,"Clarify ""track"", ""pointed"", ""content"", and ""immediate"" in the glossary.",用語集で「track」、「pointed」、「content」、「immediate」を明確にする。,改稿レビュー待ち,"共通レビュー文: track, pointed, content, immediate"
177,pointed,先のとがった；鋭い,"Replace ""pointed"" with a clearer phrase if needed.",必要なら「pointed」をより明確な表現に置き換える。,"Clarify ""track"", ""pointed"", ""content"", and ""immediate"" in the glossary.",用語集で「track」、「pointed」、「content」、「immediate」を明確にする。,改稿レビュー待ち,"共通レビュー文: track, pointed, content, immediate"
180,content,内容；満足した,"Replace ""content"" with a clearer phrase if needed.",必要なら「content」をより明確な表現に置き換える。,"Clarify ""track"", ""pointed"", ""content"", and ""immediate"" in the glossary.",用語集で「track」、「pointed」、「content」、「immediate」を明確にする。,改稿レビュー待ち,"共通レビュー文: track, pointed, content, immediate"
181,immediate,即座の,"Replace ""immediate"" with a clearer phrase if needed.",必要なら「immediate」をより明確な表現に置き換える。,"Clarify ""track"", ""pointed"", ""content"", and ""immediate"" in the glossary.",用語集で「track」、「pointed」、「content」、「immediate」を明確にする。,改稿レビュー待ち,"共通レビュー文: track, pointed, content, immediate"
182,attitude,態度；姿勢,"Replace ""attitude"" with a clearer phrase if needed.",必要なら「attitude」をより明確な表現に置き換える。,"Clarify ""attitude"", ""profit"", ""sufficient"", and ""democratic"" in the glossary.",用語集で「attitude」、「profit」、「sufficient」、「democratic」を明確にする。,改稿レビュー待ち,"共通レビュー文: attitude, profit, sufficient, democratic"
183,profit,利益；利潤,"Replace ""profit"" with a clearer phrase if needed.",必要なら「profit」をより明確な表現に置き換える。,"Clarify ""attitude"", ""profit"", ""sufficient"", and ""democratic"" in the glossary.",用語集で「attitude」、「profit」、「sufficient」、「democratic」を明確にする。,改稿レビュー待ち,"共通レビュー文: attitude, profit, sufficient, democratic"
184,sufficient,十分な,"Replace ""sufficient"" with a clearer phrase if needed.",必要なら「sufficient」をより明確な表現に置き換える。,"Clarify ""attitude"", ""profit"", ""sufficient"", and ""democratic"" in the glossary.",用語集で「attitude」、「profit」、「sufficient」、「democratic」を明確にする。,改稿レビュー待ち,"共通レビュー文: attitude, profit, sufficient, democratic"
185,democratic,民主的な,The democratic option needs a clearer label.,democraticの選択肢には、より明確なラベルが必要だ。,"Clarify ""attitude"", ""profit"", ""sufficient"", and ""democratic"" in the glossary.",用語集で「attitude」、「profit」、「sufficient」、「democratic」を明確にする。,改稿レビュー待ち,"共通レビュー文: attitude, profit, sufficient, democratic"
186,conflict,対立；衝突,"Replace ""conflict"" with a clearer phrase if needed.",必要なら「conflict」をより明確な表現に置き換える。,"Clarify ""conflict"", ""focus"", ""crisis"", and ""ought"" in the glossary.",用語集で「conflict」、「focus」、「crisis」、「ought」を明確にする。,改稿レビュー待ち,"共通レビュー文: conflict, focus, crisis, ought"
187,focus,集中する；焦点,"Replace ""focus"" with a clearer phrase if needed.",必要なら「focus」をより明確な表現に置き換える。,"Clarify ""conflict"", ""focus"", ""crisis"", and ""ought"" in the glossary.",用語集で「conflict」、「focus」、「crisis」、「ought」を明確にする。,改稿レビュー待ち,"共通レビュー文: conflict, focus, crisis, ought"
188,crisis,危機,"Replace ""crisis"" with a clearer phrase if needed.",必要なら「crisis」をより明確な表現に置き換える。,"Clarify ""conflict"", ""focus"", ""crisis"", and ""ought"" in the glossary.",用語集で「conflict」、「focus」、「crisis」、「ought」を明確にする。,改稿レビュー待ち,"共通レビュー文: conflict, focus, crisis, ought"
189,ought,〜すべきである,"Replace ""ought"" with a clearer phrase if needed.",必要なら「ought」をより明確な表現に置き換える。,"Clarify ""conflict"", ""focus"", ""crisis"", and ""ought"" in the glossary.",用語集で「conflict」、「focus」、「crisis」、「ought」を明確にする。,改稿レビュー待ち,"共通レビュー文: conflict, focus, crisis, ought"
190,opposite,反対の；正反対,"Replace ""opposite"" with a clearer phrase if needed.",必要なら「opposite」をより明確な表現に置き換える。,"Clarify ""opposite"", ""capacity"", ""recognition"", and ""absence"" in the glossary.",用語集で「opposite」、「capacity」、「recognition」、「absence」を明確にする。,改稿レビュー待ち,"共通レビュー文: opposite, capacity, recognition, absence"
191,capacity,能力；容量,Clarify the capacity before the next review.,次のレビュー前にcapacityを明確にする。,"Clarify ""opposite"", ""capacity"", ""recognition"", and ""absence"" in the glossary.",用語集で「opposite」、「capacity」、「recognition」、「absence」を明確にする。,改稿レビュー待ち,"共通レビュー文: opposite, capacity, recognition, absence"
192,recognition,認識；承認,Clarify the recognition before the next review.,次のレビュー前にrecognitionを明確にする。,"Clarify ""opposite"", ""capacity"", ""recognition"", and ""absence"" in the glossary.",用語集で「opposite」、「capacity」、「recognition」、「absence」を明確にする。,改稿レビュー待ち,"共通レビュー文: opposite, capacity, recognition, absence"
193,absence,不在；欠如,Clarify the absence before the next review.,次のレビュー前にabsenceを明確にする。,"Clarify ""opposite"", ""capacity"", ""recognition"", and ""absence"" in the glossary.",用語集で「opposite」、「capacity」、「recognition」、「absence」を明確にする。,改稿レビュー待ち,"共通レビュー文: opposite, capacity, recognition, absence"
194,totally,完全に；全く,"Use ""totally"" carefully in helper text.",ヘルプ文では「totally」を慎重に使う。,"Clarify ""totally"", ""necessarily"", ""elsewhere"", and ""murder"" in the glossary.",用語集で「totally」、「necessarily」、「elsewhere」、「murder」を明確にする。,改稿レビュー待ち,"共通レビュー文: totally, necessarily, elsewhere, murder"
197,necessarily,必ずしも〜ではない,"Use ""necessarily"" carefully in helper text.",ヘルプ文では「necessarily」を慎重に使う。,"Clarify ""totally"", ""necessarily"", ""elsewhere"", and ""murder"" in the glossary.",用語集で「totally」、「necessarily」、「elsewhere」、「murder」を明確にする。,改稿レビュー待ち,"共通レビュー文: totally, necessarily, elsewhere, murder"
198,elsewhere,他の場所で,"Replace ""elsewhere"" with a clearer phrase if needed.",必要なら「elsewhere」をより明確な表現に置き換える。,"Clarify ""totally"", ""necessarily"", ""elsewhere"", and ""murder"" in the glossary.",用語集で「totally」、「necessarily」、「elsewhere」、「murder」を明確にする。,改稿レビュー待ち,"共通レビュー文: totally, necessarily, elsewhere, murder"
199,murder,殺人；殺す,"Replace ""murder"" with a clearer phrase if needed.",必要なら「murder」をより明確な表現に置き換える。,"Clarify ""totally"", ""necessarily"", ""elsewhere"", and ""murder"" in the glossary.",用語集で「totally」、「necessarily」、「elsewhere」、「murder」を明確にする。,改稿レビュー待ち,"共通レビュー文: totally, necessarily, elsewhere, murder"
200,prove,証明する；〜だとわかる,"Replace ""prove"" with a clearer phrase if needed.",必要なら「prove」をより明確な表現に置き換える。,"Clarify ""prove"", ""familiar"", ""threat"", and ""ideal"" in the glossary.",用語集で「prove」、「familiar」、「threat」、「ideal」を明確にする。,改稿レビュー待ち,"共通レビュー文: prove, familiar, threat, ideal"
201,familiar,よく知っている；親しみのある,"Replace ""familiar"" with a clearer phrase if needed.",必要なら「familiar」をより明確な表現に置き換える。,"Clarify ""prove"", ""familiar"", ""threat"", and ""ideal"" in the glossary.",用語集で「prove」、「familiar」、「threat」、「ideal」を明確にする。,改稿レビュー待ち,"共通レビュー文: prove, familiar, threat, ideal"
202,threat,脅威；脅し,"Replace ""threat"" with a clearer phrase if needed.",必要なら「threat」をより明確な表現に置き換える。,"Clarify ""prove"", ""familiar"", ""threat"", and ""ideal"" in the glossary.",用語集で「prove」、「familiar」、「threat」、「ideal」を明確にする。,改稿レビュー待ち,"共通レビュー文: prove, familiar, threat, ideal"
203,ideal,理想的な；理想,The ideal option needs a clearer label.,idealの選択肢には、より明確なラベルが必要だ。,"Clarify ""prove"", ""familiar"", ""threat"", and ""ideal"" in the glossary.",用語集で「prove」、「familiar」、「threat」、「ideal」を明確にする。,改稿レビュー待ち,"共通レビュー文: prove, familiar, threat, ideal"
204,occur,起こる；生じる,"Replace ""occur"" with a clearer phrase if needed.",必要なら「occur」をより明確な表現に置き換える。,"Clarify ""occur"", ""properly"", ""element"", and ""violence"" in the glossary.",用語集で「occur」、「properly」、「element」、「violence」を明確にする。,改稿レビュー待ち,"共通レビュー文: occur, properly, element, violence"
205,properly,適切に；正しく,"Use ""properly"" carefully in helper text.",ヘルプ文では「properly」を慎重に使う。,"Clarify ""occur"", ""properly"", ""element"", and ""violence"" in the glossary.",用語集で「occur」、「properly」、「element」、「violence」を明確にする。,改稿レビュー待ち,"共通レビュー文: occur, properly, element, violence"
206,element,要素；元素,Clarify the element before the next review.,次のレビュー前にelementを明確にする。,"Clarify ""occur"", ""properly"", ""element"", and ""violence"" in the glossary.",用語集で「occur」、「properly」、「element」、「violence」を明確にする。,改稿レビュー待ち,"共通レビュー文: occur, properly, element, violence"
207,violence,暴力；激しさ,Clarify the violence before the next review.,次のレビュー前にviolenceを明確にする。,"Clarify ""occur"", ""properly"", ""element"", and ""violence"" in the glossary.",用語集で「occur」、「properly」、「element」、「violence」を明確にする。,改稿レビュー待ち,"共通レビュー文: occur, properly, element, violence"
208,discuss,議論する；話し合う,"Replace ""discuss"" with a clearer phrase if needed.",必要なら「discuss」をより明確な表現に置き換える。,"Clarify ""discuss"", ""cell"", ""closely"", and ""drawing"" in the glossary.",用語集で「discuss」、「cell」、「closely」、「drawing」を明確にする。,改稿レビュー待ち,"共通レビュー文: discuss, cell, closely, drawing"
209,cell,細胞；電池；独房,"Replace ""cell"" with a clearer phrase if needed.",必要なら「cell」をより明確な表現に置き換える。,"Clarify ""discuss"", ""cell"", ""closely"", and ""drawing"" in the glossary.",用語集で「discuss」、「cell」、「closely」、「drawing」を明確にする。,改稿レビュー待ち,"共通レビュー文: discuss, cell, closely, drawing"
210,closely,密接に；詳しく,"Use ""closely"" carefully in helper text.",ヘルプ文では「closely」を慎重に使う。,"Clarify ""discuss"", ""cell"", ""closely"", and ""drawing"" in the glossary.",用語集で「discuss」、「cell」、「closely」、「drawing」を明確にする。,改稿レビュー待ち,"共通レビュー文: discuss, cell, closely, drawing"
211,drawing,図面；絵を描くこと,"Replace ""drawing"" with a clearer phrase if needed.",必要なら「drawing」をより明確な表現に置き換える。,"Clarify ""discuss"", ""cell"", ""closely"", and ""drawing"" in the glossary.",用語集で「discuss」、「cell」、「closely」、「drawing」を明確にする。,改稿レビュー待ち,"共通レビュー文: discuss, cell, closely, drawing"
213,maintain,維持する；主張する；養う,"Replace ""maintain"" with a clearer phrase if needed.",必要なら「maintain」をより明確な表現に置き換える。,"Clarify ""maintain"", ""exhibition"", ""emphasis"", and ""urban"" in the glossary.",用語集で「maintain」、「exhibition」、「emphasis」、「urban」を明確にする。,改稿レビュー待ち,"共通レビュー文: maintain, exhibition, emphasis, urban"
214,exhibition,展覧会；展示,Clarify the exhibition before the next review.,次のレビュー前にexhibitionを明確にする。,"Clarify ""maintain"", ""exhibition"", ""emphasis"", and ""urban"" in the glossary.",用語集で「maintain」、「exhibition」、「emphasis」、「urban」を明確にする。,改稿レビュー待ち,"共通レビュー文: maintain, exhibition, emphasis, urban"
215,empty,空の；空にする,The empty state needs a clear next step.,空の状態の画面には、明確な次の行動が必要だ。,The empty state needs a clear next step.,空の状態の画面には、明確な次の行動が必要だ。,改稿レビュー待ち,"共通例文: state, empty"
216,emphasis,強調；重点,"Replace ""emphasis"" with a clearer phrase if needed.",必要なら「emphasis」をより明確な表現に置き換える。,"Clarify ""maintain"", ""exhibition"", ""emphasis"", and ""urban"" in the glossary.",用語集で「maintain」、「exhibition」、「emphasis」、「urban」を明確にする。,改稿レビュー待ち,"共通レビュー文: maintain, exhibition, emphasis, urban"
217,urban,都市の,"Replace ""urban"" with a clearer phrase if needed.",必要なら「urban」をより明確な表現に置き換える。,"Clarify ""maintain"", ""exhibition"", ""emphasis"", and ""urban"" in the glossary.",用語集で「maintain」、「exhibition」、「emphasis」、「urban」を明確にする。,改稿レビュー待ち,"共通レビュー文: maintain, exhibition, emphasis, urban"
218,seek,を求める,"Replace ""seek"" with a clearer phrase if needed.",必要なら「seek」をより明確な表現に置き換える。,"Clarify ""seek"", ""assembly"", ""audience"", and ""desire"" in the glossary.",用語集で「seek」、「assembly」、「audience」、「desire」を明確にする。,改稿レビュー待ち,"共通レビュー文: seek, assembly, audience, desire"
219,assembly,集会；組み立て,"Use ""assembly"" carefully in helper text.",ヘルプ文では「assembly」を慎重に使う。,"Clarify ""seek"", ""assembly"", ""audience"", and ""desire"" in the glossary.",用語集で「seek」、「assembly」、「audience」、「desire」を明確にする。,改稿レビュー待ち,"共通レビュー文: seek, assembly, audience, desire"
220,audience,聴衆,Clarify the audience before the next review.,次のレビュー前にaudienceを明確にする。,"Clarify ""seek"", ""assembly"", ""audience"", and ""desire"" in the glossary.",用語集で「seek」、「assembly」、「audience」、「desire」を明確にする。,改稿レビュー待ち,"共通レビュー文: seek, assembly, audience, desire"
221,desire,欲望；望む,"Replace ""desire"" with a clearer phrase if needed.",必要なら「desire」をより明確な表現に置き換える。,"Clarify ""seek"", ""assembly"", ""audience"", and ""desire"" in the glossary.",用語集で「seek」、「assembly」、「audience」、「desire」を明確にする。,改稿レビュー待ち,"共通レビュー文: seek, assembly, audience, desire"
222,estate,不動産；財産,"Replace ""estate"" with a clearer phrase if needed.",必要なら「estate」をより明確な表現に置き換える。,"Clarify ""estate"", ""serve"", ""contribution"", and ""code"" in the glossary.",用語集で「estate」、「serve」、「contribution」、「code」を明確にする。,改稿レビュー待ち,"共通レビュー文: estate, serve, contribution, code"
223,serve,仕える；役立つ,"Replace ""serve"" with a clearer phrase if needed.",必要なら「serve」をより明確な表現に置き換える。,"Clarify ""estate"", ""serve"", ""contribution"", and ""code"" in the glossary.",用語集で「estate」、「serve」、「contribution」、「code」を明確にする。,改稿レビュー待ち,"共通レビュー文: estate, serve, contribution, code"
224,contribution,貢献；寄付,Clarify the contribution before the next review.,次のレビュー前にcontributionを明確にする。,"Clarify ""estate"", ""serve"", ""contribution"", and ""code"" in the glossary.",用語集で「estate」、「serve」、「contribution」、「code」を明確にする。,改稿レビュー待ち,"共通レビュー文: estate, serve, contribution, code"
225,code,コード；規則,"Replace ""code"" with a clearer phrase if needed.",必要なら「code」をより明確な表現に置き換える。,"Clarify ""estate"", ""serve"", ""contribution"", and ""code"" in the glossary.",用語集で「estate」、「serve」、「contribution」、「code」を明確にする。,改稿レビュー待ち,"共通レビュー文: estate, serve, contribution, code"
226,brief,簡潔な；短い,"Replace ""brief"" with a clearer phrase if needed.",必要なら「brief」をより明確な表現に置き換える。,"Clarify ""brief"", ""apparent"", ""establish"", and ""literate"" in the glossary.",用語集で「brief」、「apparent」、「establish」、「literate」を明確にする。,改稿レビュー待ち,"共通レビュー文: brief, apparent, establish, literate"
227,apparent,明らかな；見かけ上の,"Replace ""apparent"" with a clearer phrase if needed.",必要なら「apparent」をより明確な表現に置き換える。,"Clarify ""brief"", ""apparent"", ""establish"", and ""literate"" in the glossary.",用語集で「brief」、「apparent」、「establish」、「literate」を明確にする。,改稿レビュー待ち,"共通レビュー文: brief, apparent, establish, literate"
228,establish,確立する；設立する,"Replace ""establish"" with a clearer phrase if needed.",必要なら「establish」をより明確な表現に置き換える。,"Clarify ""brief"", ""apparent"", ""establish"", and ""literate"" in the glossary.",用語集で「brief」、「apparent」、「establish」、「literate」を明確にする。,改稿レビュー待ち,"共通レビュー文: brief, apparent, establish, literate"
230,literate,読み書きのできる,"Replace ""literate"" with a clearer phrase if needed.",必要なら「literate」をより明確な表現に置き換える。,"Clarify ""brief"", ""apparent"", ""establish"", and ""literate"" in the glossary.",用語集で「brief」、「apparent」、「establish」、「literate」を明確にする。,改稿レビュー待ち,"共通レビュー文: brief, apparent, establish, literate"
231,faith,信仰；信頼,"Replace ""faith"" with a clearer phrase if needed.",必要なら「faith」をより明確な表現に置き換える。,"Clarify ""faith"", ""broadl"", ""broad"", and ""encourage"" in the glossary.",用語集で「faith」、「broadl」、「broad」、「encourage」を明確にする。,改稿レビュー待ち,"共通レビュー文: faith, broadl, broad, encourage"
232,broadl,広く,"Replace ""broadl"" with a clearer phrase if needed.",必要なら「broadl」をより明確な表現に置き換える。,"Clarify ""faith"", ""broadl"", ""broad"", and ""encourage"" in the glossary.",用語集で「faith」、「broadl」、「broad」、「encourage」を明確にする。,改稿レビュー待ち,"共通レビュー文: faith, broadl, broad, encourage"
233,broad,広い；幅広い,"Replace ""broad"" with a clearer phrase if needed.",必要なら「broad」をより明確な表現に置き換える。,"Clarify ""faith"", ""broadl"", ""broad"", and ""encourage"" in the glossary.",用語集で「faith」、「broadl」、「broad」、「encourage」を明確にする。,改稿レビュー待ち,"共通レビュー文: faith, broadl, broad, encourage"
234,encourage,励ます；促す,"Replace ""encourage"" with a clearer phrase if needed.",必要なら「encourage」をより明確な表現に置き換える。,"Clarify ""faith"", ""broadl"", ""broad"", and ""encourage"" in the glossary.",用語集で「faith」、「broadl」、「broad」、「encourage」を明確にする。,改稿レビュー待ち,"共通レビュー文: faith, broadl, broad, encourage"
235,lie,横たわる；嘘をつく,"Replace ""lie"" with a clearer phrase if needed.",必要なら「lie」をより明確な表現に置き換える。,"Clarify ""lie"", ""belief"", ""row"", and ""protect"" in the glossary.",用語集で「lie」、「belief」、「row」、「protect」を明確にする。,改稿レビュー待ち,"共通レビュー文: lie, belief, row, protect"
236,belief,信念；信仰,"Replace ""belief"" with a clearer phrase if needed.",必要なら「belief」をより明確な表現に置き換える。,"Clarify ""lie"", ""belief"", ""row"", and ""protect"" in the glossary.",用語集で「lie」、「belief」、「row」、「protect」を明確にする。,改稿レビュー待ち,"共通レビュー文: lie, belief, row, protect"
237,row,列；争い；漕ぐ,"Replace ""row"" with a clearer phrase if needed.",必要なら「row」をより明確な表現に置き換える。,"Clarify ""lie"", ""belief"", ""row"", and ""protect"" in the glossary.",用語集で「lie」、「belief」、「row」、「protect」を明確にする。,改稿レビュー待ち,"共通レビュー文: lie, belief, row, protect"
238,protect,を守る；保護する,"Replace ""protect"" with a clearer phrase if needed.",必要なら「protect」をより明確な表現に置き換える。,"Clarify ""lie"", ""belief"", ""row"", and ""protect"" in the glossary.",用語集で「lie」、「belief」、「row」、「protect」を明確にする。,改稿レビュー待ち,"共通レビュー文: lie, belief, row, protect"
239,description,説明；記述,Clarify the description before the next review.,次のレビュー前にdescriptionを明確にする。,"Clarify ""description"", ""vital"", ""pleasure"", and ""tradition"" in the glossary.",用語集で「description」、「vital」、「pleasure」、「tradition」を明確にする。,改稿レビュー待ち,"共通レビュー文: description, vital, pleasure, tradition"
240,vital,不可欠な；重大な,The vital option needs a clearer label.,vitalの選択肢には、より明確なラベルが必要だ。,"Clarify ""description"", ""vital"", ""pleasure"", and ""tradition"" in the glossary.",用語集で「description」、「vital」、「pleasure」、「tradition」を明確にする。,改稿レビュー待ち,"共通レビュー文: description, vital, pleasure, tradition"
241,pleasure,喜び；楽しみ,"Replace ""pleasure"" with a clearer phrase if needed.",必要なら「pleasure」をより明確な表現に置き換える。,"Clarify ""description"", ""vital"", ""pleasure"", and ""tradition"" in the glossary.",用語集で「description」、「vital」、「pleasure」、「tradition」を明確にする。,改稿レビュー待ち,"共通レビュー文: description, vital, pleasure, tradition"
242,tradition,伝統；慣習,Clarify the tradition before the next review.,次のレビュー前にtraditionを明確にする。,"Clarify ""description"", ""vital"", ""pleasure"", and ""tradition"" in the glossary.",用語集で「description」、「vital」、「pleasure」、「tradition」を明確にする。,改稿レビュー待ち,"共通レビュー文: description, vital, pleasure, tradition"
243,criminal,犯罪者；犯罪の,The criminal option needs a clearer label.,criminalの選択肢には、より明確なラベルが必要だ。,"Clarify ""criminal"", ""treaty"", ""advance"", and ""acid"" in the glossary.",用語集で「criminal」、「treaty」、「advance」、「acid」を明確にする。,改稿レビュー待ち,"共通レビュー文: criminal, treaty, advance, acid"
244,treaty,条約；協定,"Replace ""treaty"" with a clearer phrase if needed.",必要なら「treaty」をより明確な表現に置き換える。,"Clarify ""criminal"", ""treaty"", ""advance"", and ""acid"" in the glossary.",用語集で「criminal」、「treaty」、「advance」、「acid」を明確にする。,改稿レビュー待ち,"共通レビュー文: criminal, treaty, advance, acid"
245,advance,前進する；進歩,Clarify the advance before the next review.,次のレビュー前にadvanceを明確にする。,"Clarify ""criminal"", ""treaty"", ""advance"", and ""acid"" in the glossary.",用語集で「criminal」、「treaty」、「advance」、「acid」を明確にする。,改稿レビュー待ち,"共通レビュー文: criminal, treaty, advance, acid"
248,acid,酸；酸性の,"Replace ""acid"" with a clearer phrase if needed.",必要なら「acid」をより明確な表現に置き換える。,"Clarify ""criminal"", ""treaty"", ""advance"", and ""acid"" in the glossary.",用語集で「criminal」、「treaty」、「advance」、「acid」を明確にする。,改稿レビュー待ち,"共通レビュー文: criminal, treaty, advance, acid"
249,affect,影響する；感動させる,"Replace ""affect"" with a clearer phrase if needed.",必要なら「affect」をより明確な表現に置き換える。,"Clarify ""affect"", ""minor"", ""ministry"", and ""express"" in the glossary.",用語集で「affect」、「minor」、「ministry」、「express」を明確にする。,改稿レビュー待ち,"共通レビュー文: affect, minor, ministry, express"
250,minor,小さい；未成年者,"Replace ""minor"" with a clearer phrase if needed.",必要なら「minor」をより明確な表現に置き換える。,"Clarify ""affect"", ""minor"", ""ministry"", and ""express"" in the glossary.",用語集で「affect」、「minor」、「ministry」、「express」を明確にする。,改稿レビュー待ち,"共通レビュー文: affect, minor, ministry, express"
251,ministry,省；聖職,"Replace ""ministry"" with a clearer phrase if needed.",必要なら「ministry」をより明確な表現に置き換える。,"Clarify ""affect"", ""minor"", ""ministry"", and ""express"" in the glossary.",用語集で「affect」、「minor」、「ministry」、「express」を明確にする。,改稿レビュー待ち,"共通レビュー文: affect, minor, ministry, express"
252,express,表現する；急行の,"Replace ""express"" with a clearer phrase if needed.",必要なら「express」をより明確な表現に置き換える。,"Clarify ""affect"", ""minor"", ""ministry"", and ""express"" in the glossary.",用語集で「affect」、「minor」、「ministry」、「express」を明確にする。,改稿レビュー待ち,"共通レビュー文: affect, minor, ministry, express"
253,bound,行き先の；縛られた,"Replace ""bound"" with a clearer phrase if needed.",必要なら「bound」をより明確な表現に置き換える。,"Clarify ""bound"", ""institution"", ""principal"", and ""suit"" in the glossary.",用語集で「bound」、「institution」、「principal」、「suit」を明確にする。,改稿レビュー待ち,"共通レビュー文: bound, institution, principal, suit"
254,institution,制度；機関,Clarify the institution before the next review.,次のレビュー前にinstitutionを明確にする。,"Clarify ""bound"", ""institution"", ""principal"", and ""suit"" in the glossary.",用語集で「bound」、「institution」、「principal」、「suit」を明確にする。,改稿レビュー待ち,"共通レビュー文: bound, institution, principal, suit"
255,principal,主要な；校長,The principal option needs a clearer label.,principalの選択肢には、より明確なラベルが必要だ。,"Clarify ""bound"", ""institution"", ""principal"", and ""suit"" in the glossary.",用語集で「bound」、「institution」、「principal」、「suit」を明確にする。,改稿レビュー待ち,"共通レビュー文: bound, institution, principal, suit"
256,suit,に合う；スーツ,"Replace ""suit"" with a clearer phrase if needed.",必要なら「suit」をより明確な表現に置き換える。,"Clarify ""bound"", ""institution"", ""principal"", and ""suit"" in the glossary.",用語集で「bound」、「institution」、「principal」、「suit」を明確にする。,改稿レビュー待ち,"共通レビュー文: bound, institution, principal, suit"
257,capable,有能な；〜できる,The capable option needs a clearer label.,capableの選択肢には、より明確なラベルが必要だ。,"Clarify ""capable"", ""stress"", ""typical"", and ""welfare"" in the glossary.",用語集で「capable」、「stress」、「typical」、「welfare」を明確にする。,改稿レビュー待ち,"共通レビュー文: capable, stress, typical, welfare"
258,stress,強調する；ストレス,"Replace ""stress"" with a clearer phrase if needed.",必要なら「stress」をより明確な表現に置き換える。,"Clarify ""capable"", ""stress"", ""typical"", and ""welfare"" in the glossary.",用語集で「capable」、「stress」、「typical」、「welfare」を明確にする。,改稿レビュー待ち,"共通レビュー文: capable, stress, typical, welfare"
259,typical,典型的な,The typical option needs a clearer label.,typicalの選択肢には、より明確なラベルが必要だ。,"Clarify ""capable"", ""stress"", ""typical"", and ""welfare"" in the glossary.",用語集で「capable」、「stress」、「typical」、「welfare」を明確にする。,改稿レビュー待ち,"共通レビュー文: capable, stress, typical, welfare"
260,welfare,福祉；幸福,"Replace ""welfare"" with a clearer phrase if needed.",必要なら「welfare」をより明確な表現に置き換える。,"Clarify ""capable"", ""stress"", ""typical"", and ""welfare"" in the glossary.",用語集で「capable」、「stress」、「typical」、「welfare」を明確にする。,改稿レビュー待ち,"共通レビュー文: capable, stress, typical, welfare"
261,relative,相対的な；親戚,The relative option needs a clearer label.,relativeの選択肢には、より明確なラベルが必要だ。,"Clarify ""relative"", ""beneath"", ""spot"", and ""meanwhile"" in the glossary.",用語集で「relative」、「beneath」、「spot」、「meanwhile」を明確にする。,改稿レビュー待ち,"共通レビュー文: relative, beneath, spot, meanwhile"
262,beneath,〜の下に；〜に劣って,"Replace ""beneath"" with a clearer phrase if needed.",必要なら「beneath」をより明確な表現に置き換える。,"Clarify ""relative"", ""beneath"", ""spot"", and ""meanwhile"" in the glossary.",用語集で「relative」、「beneath」、「spot」、「meanwhile」を明確にする。,改稿レビュー待ち,"共通レビュー文: relative, beneath, spot, meanwhile"
264,spot,見つける；場所；特定する,"Replace ""spot"" with a clearer phrase if needed.",必要なら「spot」をより明確な表現に置き換える。,"Clarify ""relative"", ""beneath"", ""spot"", and ""meanwhile"" in the glossary.",用語集で「relative」、「beneath」、「spot」、「meanwhile」を明確にする。,改稿レビュー待ち,"共通レビュー文: relative, beneath, spot, meanwhile"
265,meanwhile,その間；一方で,"Replace ""meanwhile"" with a clearer phrase if needed.",必要なら「meanwhile」をより明確な表現に置き換える。,"Clarify ""relative"", ""beneath"", ""spot"", and ""meanwhile"" in the glossary.",用語集で「relative」、「beneath」、「spot」、「meanwhile」を明確にする。,改稿レビュー待ち,"共通レビュー文: relative, beneath, spot, meanwhile"
266,charged,帯電した；告発された,"Replace ""charged"" with a clearer phrase if needed.",必要なら「charged」をより明確な表現に置き換える。,"Clarify ""charged"", ""entire"", ""criticism"", and ""phase"" in the glossary.",用語集で「charged」、「entire」、「criticism」、「phase」を明確にする。,改稿レビュー待ち,"共通レビュー文: charged, entire, criticism, phase"
267,entire,全体の；完全な,"Replace ""entire"" with a clearer phrase if needed.",必要なら「entire」をより明確な表現に置き換える。,"Clarify ""charged"", ""entire"", ""criticism"", and ""phase"" in the glossary.",用語集で「charged」、「entire」、「criticism」、「phase」を明確にする。,改稿レビュー待ち,"共通レビュー文: charged, entire, criticism, phase"
268,criticism,批評；批判,"Replace ""criticism"" with a clearer phrase if needed.",必要なら「criticism」をより明確な表現に置き換える。,"Clarify ""charged"", ""entire"", ""criticism"", and ""phase"" in the glossary.",用語集で「charged」、「entire」、「criticism」、「phase」を明確にする。,改稿レビュー待ち,"共通レビュー文: charged, entire, criticism, phase"
269,phase,段階；局面,"Replace ""phase"" with a clearer phrase if needed.",必要なら「phase」をより明確な表現に置き換える。,"Clarify ""charged"", ""entire"", ""criticism"", and ""phase"" in the glossary.",用語集で「charged」、「entire」、「criticism」、「phase」を明確にする。,改稿レビュー待ち,"共通レビュー文: charged, entire, criticism, phase"
270,explanation,説明；解説,Clarify the explanation before the next review.,次のレビュー前にexplanationを明確にする。,"Clarify ""explanation"", ""ship"", ""significance"", and ""injury"" in the glossary.",用語集で「explanation」、「ship」、「significance」、「injury」を明確にする。,改稿レビュー待ち,"共通レビュー文: explanation, ship, significance, injury"
271,ship,船；輸送する,"Replace ""ship"" with a clearer phrase if needed.",必要なら「ship」をより明確な表現に置き換える。,"Clarify ""explanation"", ""ship"", ""significance"", and ""injury"" in the glossary.",用語集で「explanation」、「ship」、「significance」、「injury」を明確にする。,改稿レビュー待ち,"共通レビュー文: explanation, ship, significance, injury"
272,significance,重要性；意味,Clarify the significance before the next review.,次のレビュー前にsignificanceを明確にする。,"Clarify ""explanation"", ""ship"", ""significance"", and ""injury"" in the glossary.",用語集で「explanation」、「ship」、「significance」、「injury」を明確にする。,改稿レビュー待ち,"共通レビュー文: explanation, ship, significance, injury"
273,injury,負傷；けが,"Replace ""injury"" with a clearer phrase if needed.",必要なら「injury」をより明確な表現に置き換える。,"Clarify ""explanation"", ""ship"", ""significance"", and ""injury"" in the glossary.",用語集で「explanation」、「ship」、「significance」、「injury」を明確にする。,改稿レビュー待ち,"共通レビュー文: explanation, ship, significance, injury"
274,vast,広大な；莫大な,"Replace ""vast"" with a clearer phrase if needed.",必要なら「vast」をより明確な表現に置き換える。,"Clarify ""vast"", ""revolution"", ""rare"", and ""severe"" in the glossary.",用語集で「vast」、「revolution」、「rare」、「severe」を明確にする。,改稿レビュー待ち,"共通レビュー文: vast, revolution, rare, severe"
275,revolution,革命；回転,Clarify the revolution before the next review.,次のレビュー前にrevolutionを明確にする。,"Clarify ""vast"", ""revolution"", ""rare"", and ""severe"" in the glossary.",用語集で「vast」、「revolution」、「rare」、「severe」を明確にする。,改稿レビュー待ち,"共通レビュー文: vast, revolution, rare, severe"
276,rare,まれな；珍しい,"Replace ""rare"" with a clearer phrase if needed.",必要なら「rare」をより明確な表現に置き換える。,"Clarify ""vast"", ""revolution"", ""rare"", and ""severe"" in the glossary.",用語集で「vast」、「revolution」、「rare」、「severe」を明確にする。,改稿レビュー待ち,"共通レビュー文: vast, revolution, rare, severe"
277,severe,厳しい；深刻な,"Replace ""severe"" with a clearer phrase if needed.",必要なら「severe」をより明確な表現に置き換える。,"Clarify ""vast"", ""revolution"", ""rare"", and ""severe"" in the glossary.",用語集で「vast」、「revolution」、「rare」、「severe」を明確にする。,改稿レビュー待ち,"共通レビュー文: vast, revolution, rare, severe"
278,unlike,〜と違って,"Replace ""unlike"" with a clearer phrase if needed.",必要なら「unlike」をより明確な表現に置き換える。,"Clarify ""unlike"", ""obtain"", ""somewhat"", and ""represent"" in the glossary.",用語集で「unlike」、「obtain」、「somewhat」、「represent」を明確にする。,改稿レビュー待ち,"共通レビュー文: unlike, obtain, somewhat, represent"
279,obtain,を得る,"Replace ""obtain"" with a clearer phrase if needed.",必要なら「obtain」をより明確な表現に置き換える。,"Clarify ""unlike"", ""obtain"", ""somewhat"", and ""represent"" in the glossary.",用語集で「unlike」、「obtain」、「somewhat」、「represent」を明確にする。,改稿レビュー待ち,"共通レビュー文: unlike, obtain, somewhat, represent"
281,somewhat,いくぶん；やや；かなり,"Replace ""somewhat"" with a clearer phrase if needed.",必要なら「somewhat」をより明確な表現に置き換える。,"Clarify ""unlike"", ""obtain"", ""somewhat"", and ""represent"" in the glossary.",用語集で「unlike」、「obtain」、「somewhat」、「represent」を明確にする。,改稿レビュー待ち,"共通レビュー文: unlike, obtain, somewhat, represent"
282,represent,表す；代表する,"Replace ""represent"" with a clearer phrase if needed.",必要なら「represent」をより明確な表現に置き換える。,"Clarify ""unlike"", ""obtain"", ""somewhat"", and ""represent"" in the glossary.",用語集で「unlike」、「obtain」、「somewhat」、「represent」を明確にする。,改稿レビュー待ち,"共通レビュー文: unlike, obtain, somewhat, represent"
283,mention,言及する；述べる,Clarify the mention before the next review.,次のレビュー前にmentionを明確にする。,"Clarify ""mention"", ""thick"", ""permanent"", and ""contain"" in the glossary.",用語集で「mention」、「thick」、「permanent」、「contain」を明確にする。,改稿レビュー待ち,"共通レビュー文: mention, thick, permanent, contain"
284,thick,厚い；濃い,"Replace ""thick"" with a clearer phrase if needed.",必要なら「thick」をより明確な表現に置き換える。,"Clarify ""mention"", ""thick"", ""permanent"", and ""contain"" in the glossary.",用語集で「mention」、「thick」、「permanent」、「contain」を明確にする。,改稿レビュー待ち,"共通レビュー文: mention, thick, permanent, contain"
285,permanent,永続的な；永久の,"Replace ""permanent"" with a clearer phrase if needed.",必要なら「permanent」をより明確な表現に置き換える。,"Clarify ""mention"", ""thick"", ""permanent"", and ""contain"" in the glossary.",用語集で「mention」、「thick」、「permanent」、「contain」を明確にする。,改稿レビュー待ち,"共通レビュー文: mention, thick, permanent, contain"
286,contain,含む；収容する,"Replace ""contain"" with a clearer phrase if needed.",必要なら「contain」をより明確な表現に置き換える。,"Clarify ""mention"", ""thick"", ""permanent"", and ""contain"" in the glossary.",用語集で「mention」、「thick」、「permanent」、「contain」を明確にする。,改稿レビュー待ち,"共通レビュー文: mention, thick, permanent, contain"
287,amongst,〜の中で,"Replace ""amongst"" with a clearer phrase if needed.",必要なら「amongst」をより明確な表現に置き換える。,"Clarify ""amongst"", ""purchase"", ""advertising"", and ""inner"" in the glossary.",用語集で「amongst」、「purchase」、「advertising」、「inner」を明確にする。,改稿レビュー待ち,"共通レビュー文: amongst, purchase, advertising, inner"
288,purchase,購入する；買い物,"Replace ""purchase"" with a clearer phrase if needed.",必要なら「purchase」をより明確な表現に置き換える。,"Clarify ""amongst"", ""purchase"", ""advertising"", and ""inner"" in the glossary.",用語集で「amongst」、「purchase」、「advertising」、「inner」を明確にする。,改稿レビュー待ち,"共通レビュー文: amongst, purchase, advertising, inner"
289,advertising,広告；宣伝,"Replace ""advertising"" with a clearer phrase if needed.",必要なら「advertising」をより明確な表現に置き換える。,"Clarify ""amongst"", ""purchase"", ""advertising"", and ""inner"" in the glossary.",用語集で「amongst」、「purchase」、「advertising」、「inner」を明確にする。,改稿レビュー待ち,"共通レビュー文: amongst, purchase, advertising, inner"
290,inner,内側の；内部の,"Replace ""inner"" with a clearer phrase if needed.",必要なら「inner」をより明確な表現に置き換える。,"Clarify ""amongst"", ""purchase"", ""advertising"", and ""inner"" in the glossary.",用語集で「amongst」、「purchase」、「advertising」、「inner」を明確にする。,改稿レビュー待ち,"共通レビュー文: amongst, purchase, advertising, inner"
291,afford,余裕がある；〜できる,"Replace ""afford"" with a clearer phrase if needed.",必要なら「afford」をより明確な表現に置き換える。,"Clarify ""afford"", ""sum"", ""religion"", and ""temperature"" in the glossary.",用語集で「afford」、「sum」、「religion」、「temperature」を明確にする。,改稿レビュー待ち,"共通レビュー文: afford, sum, religion, temperature"
292,sum,合計；金額,"Replace ""sum"" with a clearer phrase if needed.",必要なら「sum」をより明確な表現に置き換える。,"Clarify ""afford"", ""sum"", ""religion"", and ""temperature"" in the glossary.",用語集で「afford」、「sum」、「religion」、「temperature」を明確にする。,改稿レビュー待ち,"共通レビュー文: afford, sum, religion, temperature"
293,religion,宗教,"Replace ""religion"" with a clearer phrase if needed.",必要なら「religion」をより明確な表現に置き換える。,"Clarify ""afford"", ""sum"", ""religion"", and ""temperature"" in the glossary.",用語集で「afford」、「sum」、「religion」、「temperature」を明確にする。,改稿レビュー待ち,"共通レビュー文: afford, sum, religion, temperature"
294,temperature,温度；気温,"Replace ""temperature"" with a clearer phrase if needed.",必要なら「temperature」をより明確な表現に置き換える。,"Clarify ""afford"", ""sum"", ""religion"", and ""temperature"" in the glossary.",用語集で「afford」、「sum」、「religion」、「temperature」を明確にする。,改稿レビュー待ち,"共通レビュー文: afford, sum, religion, temperature"
295,struggle,闘争；苦労する,"Replace ""struggle"" with a clearer phrase if needed.",必要なら「struggle」をより明確な表現に置き換える。,"Clarify ""struggle"", ""store"", ""repute"", and ""assistance"" in the glossary.",用語集で「struggle」、「store」、「repute」、「assistance」を明確にする。,改稿レビュー待ち,"共通レビュー文: struggle, store, repute, assistance"
296,store,保存する；店,"Replace ""store"" with a clearer phrase if needed.",必要なら「store」をより明確な表現に置き換える。,"Clarify ""struggle"", ""store"", ""repute"", and ""assistance"" in the glossary.",用語集で「struggle」、「store」、「repute」、「assistance」を明確にする。,改稿レビュー待ち,"共通レビュー文: struggle, store, repute, assistance"
298,repute,評判；名声,"Replace ""repute"" with a clearer phrase if needed.",必要なら「repute」をより明確な表現に置き換える。,"Clarify ""smother"", ""tint"", ""repute"", and ""empower"" in the glossary.",用語集で「smother」、「tint」、「repute」、「empower」を明確にする。,改稿レビュー待ち,"共通レビュー文: smother, tint, repute, empower"
299,assistance,援助；手伝い,Clarify the assistance before the next review.,次のレビュー前にassistanceを明確にする。,"Clarify ""struggle"", ""store"", ""repute"", and ""assistance"" in the glossary.",用語集で「struggle」、「store」、「repute」、「assistance」を明確にする。,改稿レビュー待ち,"共通レビュー文: struggle, store, repute, assistance"
300,agent,代理人；薬剤,"Replace ""agent"" with a clearer phrase if needed.",必要なら「agent」をより明確な表現に置き換える。,"Clarify ""agent"", ""missing"", ""republic"", and ""describe"" in the glossary.",用語集で「agent」、「missing」、「republic」、「describe」を明確にする。,改稿レビュー待ち,"共通レビュー文: agent, missing, republic, describe"
301,missing,行方不明の；欠けている,"Replace ""missing"" with a clearer phrase if needed.",必要なら「missing」をより明確な表現に置き換える。,"Clarify ""agent"", ""missing"", ""republic"", and ""describe"" in the glossary.",用語集で「agent」、「missing」、「republic」、「describe」を明確にする。,改稿レビュー待ち,"共通レビュー文: agent, missing, republic, describe"
302,republic,共和国,The republic option needs a clearer label.,republicの選択肢には、より明確なラベルが必要だ。,"Clarify ""agent"", ""missing"", ""republic"", and ""describe"" in the glossary.",用語集で「agent」、「missing」、「republic」、「describe」を明確にする。,改稿レビュー待ち,"共通レビュー文: agent, missing, republic, describe"
303,describe,を説明する；描写する,"Replace ""describe"" with a clearer phrase if needed.",必要なら「describe」をより明確な表現に置き換える。,"Clarify ""agent"", ""missing"", ""republic"", and ""describe"" in the glossary.",用語集で「agent」、「missing」、「republic」、「describe」を明確にする。,改稿レビュー待ち,"共通レビュー文: agent, missing, republic, describe"
304,tone,音調；雰囲気；色調,"Replace ""tone"" with a clearer phrase if needed.",必要なら「tone」をより明確な表現に置き換える。,"Clarify ""tone"", ""moreover"", ""somehow"", and ""proposal"" in the glossary.",用語集で「tone」、「moreover」、「somehow」、「proposal」を明確にする。,改稿レビュー待ち,"共通レビュー文: tone, moreover, somehow, proposal"
305,moreover,さらに；そのうえ,"Replace ""moreover"" with a clearer phrase if needed.",必要なら「moreover」をより明確な表現に置き換える。,"Clarify ""tone"", ""moreover"", ""somehow"", and ""proposal"" in the glossary.",用語集で「tone」、「moreover」、「somehow」、「proposal」を明確にする。,改稿レビュー待ち,"共通レビュー文: tone, moreover, somehow, proposal"
306,somehow,どうにかして；なんとなく,"Replace ""somehow"" with a clearer phrase if needed.",必要なら「somehow」をより明確な表現に置き換える。,"Clarify ""tone"", ""moreover"", ""somehow"", and ""proposal"" in the glossary.",用語集で「tone」、「moreover」、「somehow」、「proposal」を明確にする。,改稿レビュー待ち,"共通レビュー文: tone, moreover, somehow, proposal"
307,proposal,提案；申し込み,The proposal option needs a clearer label.,proposalの選択肢には、より明確なラベルが必要だ。,"Clarify ""tone"", ""moreover"", ""somehow"", and ""proposal"" in the glossary.",用語集で「tone」、「moreover」、「somehow」、「proposal」を明確にする。,改稿レビュー待ち,"共通レビュー文: tone, moreover, somehow, proposal"
308,argue,主張する；議論する,"Replace ""argue"" with a clearer phrase if needed.",必要なら「argue」をより明確な表現に置き換える。,"Clarify ""argue"", ""vehicle"", ""involve"", and ""diet"" in the glossary.",用語集で「argue」、「vehicle」、「involve」、「diet」を明確にする。,改稿レビュー待ち,"共通レビュー文: argue, vehicle, involve, diet"
309,vehicle,乗り物；手段,"Replace ""vehicle"" with a clearer phrase if needed.",必要なら「vehicle」をより明確な表現に置き換える。,"Clarify ""argue"", ""vehicle"", ""involve"", and ""diet"" in the glossary.",用語集で「argue」、「vehicle」、「involve」、「diet」を明確にする。,改稿レビュー待ち,"共通レビュー文: argue, vehicle, involve, diet"
310,involve,含む；巻き込む,"Replace ""involve"" with a clearer phrase if needed.",必要なら「involve」をより明確な表現に置き換える。,"Clarify ""argue"", ""vehicle"", ""involve"", and ""diet"" in the glossary.",用語集で「argue」、「vehicle」、「involve」、「diet」を明確にする。,改稿レビュー待ち,"共通レビュー文: argue, vehicle, involve, diet"
311,diet,食事；ダイエット,"Replace ""diet"" with a clearer phrase if needed.",必要なら「diet」をより明確な表現に置き換える。,"Clarify ""argue"", ""vehicle"", ""involve"", and ""diet"" in the glossary.",用語集で「argue」、「vehicle」、「involve」、「diet」を明確にする。,改稿レビュー待ち,"共通レビュー文: argue, vehicle, involve, diet"
312,soil,土壌；土,"Replace ""soil"" with a clearer phrase if needed.",必要なら「soil」をより明確な表現に置き換える。,"Clarify ""soil"", ""conduct"", ""rarely"", and ""guilty"" in the glossary.",用語集で「soil」、「conduct」、「rarely」、「guilty」を明確にする。,改稿レビュー待ち,"共通レビュー文: soil, conduct, rarely, guilty"
313,conduct,行動；実施する,"Replace ""conduct"" with a clearer phrase if needed.",必要なら「conduct」をより明確な表現に置き換える。,"Clarify ""soil"", ""conduct"", ""rarely"", and ""guilty"" in the glossary.",用語集で「soil」、「conduct」、「rarely」、「guilty」を明確にする。,改稿レビュー待ち,"共通レビュー文: soil, conduct, rarely, guilty"
315,rarely,めったに〜ない；まれに,"Use ""rarely"" carefully in helper text.",ヘルプ文では「rarely」を慎重に使う。,"Clarify ""soil"", ""conduct"", ""rarely"", and ""guilty"" in the glossary.",用語集で「soil」、「conduct」、「rarely」、「guilty」を明確にする。,改稿レビュー待ち,"共通レビュー文: soil, conduct, rarely, guilty"
316,guilty,有罪の；罪悪感を感じる,"Replace ""guilty"" with a clearer phrase if needed.",必要なら「guilty」をより明確な表現に置き換える。,"Clarify ""soil"", ""conduct"", ""rarely"", and ""guilty"" in the glossary.",用語集で「soil」、「conduct」、「rarely」、「guilty」を明確にする。,改稿レビュー待ち,"共通レビュー文: soil, conduct, rarely, guilty"
317,indicate,を示す,"Replace ""indicate"" with a clearer phrase if needed.",必要なら「indicate」をより明確な表現に置き換える。,"Clarify ""indicate"", ""command"", ""assume"", and ""agricultural"" in the glossary.",用語集で「indicate」、「command」、「assume」、「agricultural」を明確にする。,改稿レビュー待ち,"共通レビュー文: indicate, command, assume, agricultural"
318,command,命令する；指揮,"Replace ""command"" with a clearer phrase if needed.",必要なら「command」をより明確な表現に置き換える。,"Clarify ""indicate"", ""command"", ""assume"", and ""agricultural"" in the glossary.",用語集で「indicate」、「command」、「assume」、「agricultural」を明確にする。,改稿レビュー待ち,"共通レビュー文: indicate, command, assume, agricultural"
319,assume,を仮定する,"Replace ""assume"" with a clearer phrase if needed.",必要なら「assume」をより明確な表現に置き換える。,"Clarify ""indicate"", ""command"", ""assume"", and ""agricultural"" in the glossary.",用語集で「indicate」、「command」、「assume」、「agricultural」を明確にする。,改稿レビュー待ち,"共通レビュー文: indicate, command, assume, agricultural"
320,agricultural,農業の,The agricultural option needs a clearer label.,agriculturalの選択肢には、より明確なラベルが必要だ。,"Clarify ""indicate"", ""command"", ""assume"", and ""agricultural"" in the glossary.",用語集で「indicate」、「command」、「assume」、「agricultural」を明確にする。,改稿レビュー待ち,"共通レビュー文: indicate, command, assume, agricultural"
321,shift,シフト；変化する,"Replace ""shift"" with a clearer phrase if needed.",必要なら「shift」をより明確な表現に置き換える。,"Clarify ""shift"", ""operate"", ""taste"", and ""efficient"" in the glossary.",用語集で「shift」、「operate」、「taste」、「efficient」を明確にする。,改稿レビュー待ち,"共通レビュー文: shift, operate, taste, efficient"
322,operate,操作する；運営する,"Replace ""operate"" with a clearer phrase if needed.",必要なら「operate」をより明確な表現に置き換える。,"Clarify ""shift"", ""operate"", ""taste"", and ""efficient"" in the glossary.",用語集で「shift」、「operate」、「taste」、「efficient」を明確にする。,改稿レビュー待ち,"共通レビュー文: shift, operate, taste, efficient"
323,taste,味；趣味；味わう,"Replace ""taste"" with a clearer phrase if needed.",必要なら「taste」をより明確な表現に置き換える。,"Clarify ""shift"", ""operate"", ""taste"", and ""efficient"" in the glossary.",用語集で「shift」、「operate」、「taste」、「efficient」を明確にする。,改稿レビュー待ち,"共通レビュー文: shift, operate, taste, efficient"
324,efficient,効率的な,"Replace ""efficient"" with a clearer phrase if needed.",必要なら「efficient」をより明確な表現に置き換える。,"Clarify ""shift"", ""operate"", ""taste"", and ""efficient"" in the glossary.",用語集で「shift」、「operate」、「taste」、「efficient」を明確にする。,改稿レビュー待ち,"共通レビュー文: shift, operate, taste, efficient"
325,willing,進んで〜する；いとわない,"Replace ""willing"" with a clearer phrase if needed.",必要なら「willing」をより明確な表現に置き換える。,"Clarify ""willing"", ""plastic"", ""remove"", and ""emergency"" in the glossary.",用語集で「willing」、「plastic」、「remove」、「emergency」を明確にする。,改稿レビュー待ち,"共通レビュー文: willing, plastic, remove, emergency"
326,plastic,プラスチック；可塑性の,The plastic option needs a clearer label.,plasticの選択肢には、より明確なラベルが必要だ。,"Clarify ""willing"", ""plastic"", ""remove"", and ""emergency"" in the glossary.",用語集で「willing」、「plastic」、「remove」、「emergency」を明確にする。,改稿レビュー待ち,"共通レビュー文: willing, plastic, remove, emergency"
327,remove,取り除く；削除する,"Replace ""remove"" with a clearer phrase if needed.",必要なら「remove」をより明確な表現に置き換える。,"Clarify ""willing"", ""plastic"", ""remove"", and ""emergency"" in the glossary.",用語集で「willing」、「plastic」、「remove」、「emergency」を明確にする。,改稿レビュー待ち,"共通レビュー文: willing, plastic, remove, emergency"
328,emergency,緊急事態；非常の,"Replace ""emergency"" with a clearer phrase if needed.",必要なら「emergency」をより明確な表現に置き換える。,"Clarify ""willing"", ""plastic"", ""remove"", and ""emergency"" in the glossary.",用語集で「willing」、「plastic」、「remove」、「emergency」を明確にする。,改稿レビュー待ち,"共通レビュー文: willing, plastic, remove, emergency"
329,identity,アイデンティティ；身元,Clarify the identity before the next review.,次のレビュー前にidentityを明確にする。,"Clarify ""identity"", ""determine"", ""household"", and ""split"" in the glossary.",用語集で「identity」、「determine」、「household」、「split」を明確にする。,改稿レビュー待ち,"共通レビュー文: identity, determine, household, split"
330,determine,決定する；確かめる,"Replace ""determine"" with a clearer phrase if needed.",必要なら「determine」をより明確な表現に置き換える。,"Clarify ""identity"", ""determine"", ""household"", and ""split"" in the glossary.",用語集で「identity」、「determine」、「household」、「split」を明確にする。,改稿レビュー待ち,"共通レビュー文: identity, determine, household, split"
333,household,世帯；家庭の,"Replace ""household"" with a clearer phrase if needed.",必要なら「household」をより明確な表現に置き換える。,"Clarify ""identity"", ""determine"", ""household"", and ""split"" in the glossary.",用語集で「identity」、「determine」、「household」、「split」を明確にする。,改稿レビュー待ち,"共通レビュー文: identity, determine, household, split"
334,split,分割する；割れ目,"Replace ""split"" with a clearer phrase if needed.",必要なら「split」をより明確な表現に置き換える。,"Clarify ""identity"", ""determine"", ""household"", and ""split"" in the glossary.",用語集で「identity」、「determine」、「household」、「split」を明確にする。,改稿レビュー待ち,"共通レビュー文: identity, determine, household, split"
335,constitution,憲法；構成,Clarify the constitution before the next review.,次のレビュー前にconstitutionを明確にする。,"Clarify ""constitution"", ""concentration"", ""agriculture"", and ""firmly"" in the glossary.",用語集で「constitution」、「concentration」、「agriculture」、「firmly」を明確にする。,改稿レビュー待ち,"共通レビュー文: constitution, concentration, agriculture, firmly"
336,concentration,集中；濃度,Clarify the concentration before the next review.,次のレビュー前にconcentrationを明確にする。,"Clarify ""constitution"", ""concentration"", ""agriculture"", and ""firmly"" in the glossary.",用語集で「constitution」、「concentration」、「agriculture」、「firmly」を明確にする。,改稿レビュー待ち,"共通レビュー文: constitution, concentration, agriculture, firmly"
337,agriculture,農業,"Replace ""agriculture"" with a clearer phrase if needed.",必要なら「agriculture」をより明確な表現に置き換える。,"Clarify ""constitution"", ""concentration"", ""agriculture"", and ""firmly"" in the glossary.",用語集で「constitution」、「concentration」、「agriculture」、「firmly」を明確にする。,改稿レビュー待ち,"共通レビュー文: constitution, concentration, agriculture, firmly"
338,firmly,しっかりと；断固として,"Use ""firmly"" carefully in helper text.",ヘルプ文では「firmly」を慎重に使う。,"Clarify ""constitution"", ""concentration"", ""agriculture"", and ""firmly"" in the glossary.",用語集で「constitution」、「concentration」、「agriculture」、「firmly」を明確にする。,改稿レビュー待ち,"共通レビュー文: constitution, concentration, agriculture, firmly"
339,overseas,海外で；海外の,"Replace ""overseas"" with a clearer phrase if needed.",必要なら「overseas」をより明確な表現に置き換える。,"Clarify ""overseas"", ""victim"", ""temporary"", and ""reflect"" in the glossary.",用語集で「overseas」、「victim」、「temporary」、「reflect」を明確にする。,改稿レビュー待ち,"共通レビュー文: overseas, victim, temporary, reflect"
340,victim,被害者；犠牲者,"Replace ""victim"" with a clearer phrase if needed.",必要なら「victim」をより明確な表現に置き換える。,"Clarify ""overseas"", ""victim"", ""temporary"", and ""reflect"" in the glossary.",用語集で「overseas」、「victim」、「temporary」、「reflect」を明確にする。,改稿レビュー待ち,"共通レビュー文: overseas, victim, temporary, reflect"
341,temporary,一時的な；仮の,"Replace ""temporary"" with a clearer phrase if needed.",必要なら「temporary」をより明確な表現に置き換える。,"Clarify ""overseas"", ""victim"", ""temporary"", and ""reflect"" in the glossary.",用語集で「overseas」、「victim」、「temporary」、「reflect」を明確にする。,改稿レビュー待ち,"共通レビュー文: overseas, victim, temporary, reflect"
342,reflect,反映する；熟考する,"Replace ""reflect"" with a clearer phrase if needed.",必要なら「reflect」をより明確な表現に置き換える。,"Clarify ""overseas"", ""victim"", ""temporary"", and ""reflect"" in the glossary.",用語集で「overseas」、「victim」、「temporary」、「reflect」を明確にする。,改稿レビュー待ち,"共通レビュー文: overseas, victim, temporary, reflect"
343,refer,言及する；参照する,"Replace ""refer"" with a clearer phrase if needed.",必要なら「refer」をより明確な表現に置き換える。,"Clarify ""refer"", ""wealth"", ""foundation"", and ""bush"" in the glossary.",用語集で「refer」、「wealth」、「foundation」、「bush」を明確にする。,改稿レビュー待ち,"共通レビュー文: refer, wealth, foundation, bush"
344,wealth,富；財産,"Replace ""wealth"" with a clearer phrase if needed.",必要なら「wealth」をより明確な表現に置き換える。,"Clarify ""refer"", ""wealth"", ""foundation"", and ""bush"" in the glossary.",用語集で「refer」、「wealth」、「foundation」、「bush」を明確にする。,改稿レビュー待ち,"共通レビュー文: refer, wealth, foundation, bush"
345,foundation,基盤；財団,Clarify the foundation before the next review.,次のレビュー前にfoundationを明確にする。,"Clarify ""refer"", ""wealth"", ""foundation"", and ""bush"" in the glossary.",用語集で「refer」、「wealth」、「foundation」、「bush」を明確にする。,改稿レビュー待ち,"共通レビュー文: refer, wealth, foundation, bush"
346,bush,茂み；低木,"Replace ""bush"" with a clearer phrase if needed.",必要なら「bush」をより明確な表現に置き換える。,"Clarify ""refer"", ""wealth"", ""foundation"", and ""bush"" in the glossary.",用語集で「refer」、「wealth」、「foundation」、「bush」を明確にする。,改稿レビュー待ち,"共通レビュー文: refer, wealth, foundation, bush"
347,keen,熱心な；鋭い,"Replace ""keen"" with a clearer phrase if needed.",必要なら「keen」をより明確な表現に置き換える。,"Clarify ""keen"", ""publication"", ""offence"", and ""decade"" in the glossary.",用語集で「keen」、「publication」、「offence」、「decade」を明確にする。,改稿レビュー待ち,"共通レビュー文: keen, publication, offence, decade"
349,publication,出版；刊行物；発行,Clarify the publication before the next review.,次のレビュー前にpublicationを明確にする。,"Clarify ""keen"", ""publication"", ""offence"", and ""decade"" in the glossary.",用語集で「keen」、「publication」、「offence」、「decade」を明確にする。,改稿レビュー待ち,"共通レビュー文: keen, publication, offence, decade"
350,offence,犯罪；違反,Clarify the offence before the next review.,次のレビュー前にoffenceを明確にする。,"Clarify ""keen"", ""publication"", ""offence"", and ""decade"" in the glossary.",用語集で「keen」、「publication」、「offence」、「decade」を明確にする。,改稿レビュー待ち,"共通レビュー文: keen, publication, offence, decade"
351,decade,10年,"Replace ""decade"" with a clearer phrase if needed.",必要なら「decade」をより明確な表現に置き換える。,"Clarify ""keen"", ""publication"", ""offence"", and ""decade"" in the glossary.",用語集で「keen」、「publication」、「offence」、「decade」を明確にする。,改稿レビュー待ち,"共通レビュー文: keen, publication, offence, decade"
352,handle,扱う；ハンドル,"Replace ""handle"" with a clearer phrase if needed.",必要なら「handle」をより明確な表現に置き換える。,"Clarify ""handle"", ""panel"", ""reputation"", and ""efficiency"" in the glossary.",用語集で「handle」、「panel」、「reputation」、「efficiency」を明確にする。,改稿レビュー待ち,"共通レビュー文: handle, panel, reputation, efficiency"
353,panel,パネル；委員会,"Replace ""panel"" with a clearer phrase if needed.",必要なら「panel」をより明確な表現に置き換える。,"Clarify ""handle"", ""panel"", ""reputation"", and ""efficiency"" in the glossary.",用語集で「handle」、「panel」、「reputation」、「efficiency」を明確にする。,改稿レビュー待ち,"共通レビュー文: handle, panel, reputation, efficiency"
354,reputation,評判；名声,Clarify the reputation before the next review.,次のレビュー前にreputationを明確にする。,"Clarify ""handle"", ""panel"", ""reputation"", and ""efficiency"" in the glossary.",用語集で「handle」、「panel」、「reputation」、「efficiency」を明確にする。,改稿レビュー待ち,"共通レビュー文: handle, panel, reputation, efficiency"
355,efficiency,効率；能率,"Replace ""efficiency"" with a clearer phrase if needed.",必要なら「efficiency」をより明確な表現に置き換える。,"Clarify ""handle"", ""panel"", ""reputation"", and ""efficiency"" in the glossary.",用語集で「handle」、「panel」、「reputation」、「efficiency」を明確にする。,改稿レビュー待ち,"共通レビュー文: handle, panel, reputation, efficiency"
356,examine,検査する；調べる,"Replace ""examine"" with a clearer phrase if needed.",必要なら「examine」をより明確な表現に置き換える。,"Clarify ""examine"", ""incident"", ""extreme"", and ""resistance"" in the glossary.",用語集で「examine」、「incident」、「extreme」、「resistance」を明確にする。,改稿レビュー待ち,"共通レビュー文: examine, incident, extreme, resistance"
357,incident,出来事；事件,"Replace ""incident"" with a clearer phrase if needed.",必要なら「incident」をより明確な表現に置き換える。,"Clarify ""examine"", ""incident"", ""extreme"", and ""resistance"" in the glossary.",用語集で「examine」、「incident」、「extreme」、「resistance」を明確にする。,改稿レビュー待ち,"共通レビュー文: examine, incident, extreme, resistance"
358,extreme,極端な；過激な,"Replace ""extreme"" with a clearer phrase if needed.",必要なら「extreme」をより明確な表現に置き換える。,"Clarify ""examine"", ""incident"", ""extreme"", and ""resistance"" in the glossary.",用語集で「examine」、「incident」、「extreme」、「resistance」を明確にする。,改稿レビュー待ち,"共通レビュー文: examine, incident, extreme, resistance"
359,resistance,抵抗；反対,Clarify the resistance before the next review.,次のレビュー前にresistanceを明確にする。,"Clarify ""examine"", ""incident"", ""extreme"", and ""resistance"" in the glossary.",用語集で「examine」、「incident」、「extreme」、「resistance」を明確にする。,改稿レビュー待ち,"共通レビュー文: examine, incident, extreme, resistance"
360,admit,認める,"Replace ""admit"" with a clearer phrase if needed.",必要なら「admit」をより明確な表現に置き換える。,"Clarify ""admit"", ""essentially"", ""gradually"", and ""empire"" in the glossary.",用語集で「admit」、「essentially」、「gradually」、「empire」を明確にする。,改稿レビュー待ち,"共通レビュー文: admit, essentially, gradually, empire"
361,essentially,本質的に；基本的に,"Use ""essentially"" carefully in helper text.",ヘルプ文では「essentially」を慎重に使う。,"Clarify ""admit"", ""essentially"", ""gradually"", and ""empire"" in the glossary.",用語集で「admit」、「essentially」、「gradually」、「empire」を明確にする。,改稿レビュー待ち,"共通レビュー文: admit, essentially, gradually, empire"
362,gradually,徐々に；だんだん,"Use ""gradually"" carefully in helper text.",ヘルプ文では「gradually」を慎重に使う。,"Clarify ""admit"", ""essentially"", ""gradually"", and ""empire"" in the glossary.",用語集で「admit」、「essentially」、「gradually」、「empire」を明確にする。,改稿レビュー待ち,"共通レビュー文: admit, essentially, gradually, empire"
363,empire,帝国,"Replace ""empire"" with a clearer phrase if needed.",必要なら「empire」をより明確な表現に置き換える。,"Clarify ""admit"", ""essentially"", ""gradually"", and ""empire"" in the glossary.",用語集で「admit」、「essentially」、「gradually」、「empire」を明確にする。,改稿レビュー待ち,"共通レビュー文: admit, essentially, gradually, empire"
364,defeat,打ち負かす；敗北,"Replace ""defeat"" with a clearer phrase if needed.",必要なら「defeat」をより明確な表現に置き換える。,"Clarify ""defeat"", ""solid"", ""chest"", and ""awareness"" in the glossary.",用語集で「defeat」、「solid」、「chest」、「awareness」を明確にする。,改稿レビュー待ち,"共通レビュー文: defeat, solid, chest, awareness"
367,solid,固体の；堅固な,"Replace ""solid"" with a clearer phrase if needed.",必要なら「solid」をより明確な表現に置き換える。,"Clarify ""defeat"", ""solid"", ""chest"", and ""awareness"" in the glossary.",用語集で「defeat」、「solid」、「chest」、「awareness」を明確にする。,改稿レビュー待ち,"共通レビュー文: defeat, solid, chest, awareness"
368,chest,胸；箱,"Replace ""chest"" with a clearer phrase if needed.",必要なら「chest」をより明確な表現に置き換える。,"Clarify ""defeat"", ""solid"", ""chest"", and ""awareness"" in the glossary.",用語集で「defeat」、「solid」、「chest」、「awareness」を明確にする。,改稿レビュー待ち,"共通レビュー文: defeat, solid, chest, awareness"
369,awareness,意識；認識,Clarify the awareness before the next review.,次のレビュー前にawarenessを明確にする。,"Clarify ""defeat"", ""solid"", ""chest"", and ""awareness"" in the glossary.",用語集で「defeat」、「solid」、「chest」、「awareness」を明確にする。,改稿レビュー待ち,"共通レビュー文: defeat, solid, chest, awareness"
370,pop,ポンと音がする；急に現れる,"Replace ""pop"" with a clearer phrase if needed.",必要なら「pop」をより明確な表現に置き換える。,"Clarify ""pop"", ""protest"", ""nearby"", and ""remarkable"" in the glossary.",用語集で「pop」、「protest」、「nearby」、「remarkable」を明確にする。,改稿レビュー待ち,"共通レビュー文: pop, protest, nearby, remarkable"
371,protest,抗議する；抗議,"Replace ""protest"" with a clearer phrase if needed.",必要なら「protest」をより明確な表現に置き換える。,"Clarify ""pop"", ""protest"", ""nearby"", and ""remarkable"" in the glossary.",用語集で「pop」、「protest」、「nearby」、「remarkable」を明確にする。,改稿レビュー待ち,"共通レビュー文: pop, protest, nearby, remarkable"
372,nearby,近くの；近くに,"Replace ""nearby"" with a clearer phrase if needed.",必要なら「nearby」をより明確な表現に置き換える。,"Clarify ""pop"", ""protest"", ""nearby"", and ""remarkable"" in the glossary.",用語集で「pop」、「protest」、「nearby」、「remarkable」を明確にする。,改稿レビュー待ち,"共通レビュー文: pop, protest, nearby, remarkable"
373,remarkable,注目すべき；際立った,The remarkable option needs a clearer label.,remarkableの選択肢には、より明確なラベルが必要だ。,"Clarify ""pop"", ""protest"", ""nearby"", and ""remarkable"" in the glossary.",用語集で「pop」、「protest」、「nearby」、「remarkable」を明確にする。,改稿レビュー待ち,"共通レビュー文: pop, protest, nearby, remarkable"
374,respond,反応する；答える,"Replace ""respond"" with a clearer phrase if needed.",必要なら「respond」をより明確な表現に置き換える。,"Clarify ""respond"", ""introduce"", ""aside"", and ""depend"" in the glossary.",用語集で「respond」、「introduce」、「aside」、「depend」を明確にする。,改稿レビュー待ち,"共通レビュー文: respond, introduce, aside, depend"
375,introduce,紹介する；導入する,"Replace ""introduce"" with a clearer phrase if needed.",必要なら「introduce」をより明確な表現に置き換える。,"Clarify ""respond"", ""introduce"", ""aside"", and ""depend"" in the glossary.",用語集で「respond」、「introduce」、「aside」、「depend」を明確にする。,改稿レビュー待ち,"共通レビュー文: respond, introduce, aside, depend"
376,aside,脇に；別にして,"Replace ""aside"" with a clearer phrase if needed.",必要なら「aside」をより明確な表現に置き換える。,"Clarify ""respond"", ""introduce"", ""aside"", and ""depend"" in the glossary.",用語集で「respond」、「introduce」、「aside」、「depend」を明確にする。,改稿レビュー待ち,"共通レビュー文: respond, introduce, aside, depend"
377,depend,依存する；頼る,"Replace ""depend"" with a clearer phrase if needed.",必要なら「depend」をより明確な表現に置き換える。,"Clarify ""respond"", ""introduce"", ""aside"", and ""depend"" in the glossary.",用語集で「respond」、「introduce」、「aside」、「depend」を明確にする。,改稿レビュー待ち,"共通レビュー文: respond, introduce, aside, depend"
378,rent,賃貸料；賃借りする,"Replace ""rent"" with a clearer phrase if needed.",必要なら「rent」をより明確な表現に置き換える。,"Clarify ""rent"", ""survive"", ""rough"", and ""parallel"" in the glossary.",用語集で「rent」、「survive」、「rough」、「parallel」を明確にする。,改稿レビュー待ち,"共通レビュー文: rent, survive, rough, parallel"
379,survive,生き残る；乗り越える,The survive option needs a clearer label.,surviveの選択肢には、より明確なラベルが必要だ。,"Clarify ""rent"", ""survive"", ""rough"", and ""parallel"" in the glossary.",用語集で「rent」、「survive」、「rough」、「parallel」を明確にする。,改稿レビュー待ち,"共通レビュー文: rent, survive, rough, parallel"
380,rough,大まかな；荒い,"Replace ""rough"" with a clearer phrase if needed.",必要なら「rough」をより明確な表現に置き換える。,"Clarify ""rent"", ""survive"", ""rough"", and ""parallel"" in the glossary.",用語集で「rent」、「survive」、「rough」、「parallel」を明確にする。,改稿レビュー待ち,"共通レビュー文: rent, survive, rough, parallel"
381,parallel,平行な；類似した,"Replace ""parallel"" with a clearer phrase if needed.",必要なら「parallel」をより明確な表現に置き換える。,"Clarify ""rent"", ""survive"", ""rough"", and ""parallel"" in the glossary.",用語集で「rent」、「survive」、「rough」、「parallel」を明確にする。,改稿レビュー待ち,"共通レビュー文: rent, survive, rough, parallel"
383,fault,知性；情報,"Replace ""fault"" with a clearer phrase if needed.",必要なら「fault」をより明確な表現に置き換える。,"Clarify ""stable"", ""fault"", ""classic"", and ""priority"" in the glossary.",用語集で「stable」、「fault」、「classic」、「priority」を明確にする。,改稿レビュー待ち,"共通レビュー文: stable, fault, classic, priority"
384,apart,離れて；別として,"Replace ""apart"" with a clearer phrase if needed.",必要なら「apart」をより明確な表現に置き換える。,"Clarify ""fault"", ""apart"", ""consequence"", and ""visual"" in the glossary.",用語集で「fault」、「apart」、「consequence」、「visual」を明確にする。,改稿レビュー待ち,"共通レビュー文: fault, apart, consequence, visual"
385,consequence,結果；重要性,Clarify the consequence before the next review.,次のレビュー前にconsequenceを明確にする。,"Clarify ""fault"", ""apart"", ""consequence"", and ""visual"" in the glossary.",用語集で「fault」、「apart」、「consequence」、「visual」を明確にする。,改稿レビュー待ち,"共通レビュー文: fault, apart, consequence, visual"
386,visual,視覚の；視覚的な,The visual option needs a clearer label.,visualの選択肢には、より明確なラベルが必要だ。,"Clarify ""fault"", ""apart"", ""consequence"", and ""visual"" in the glossary.",用語集で「fault」、「apart」、「consequence」、「visual」を明確にする。,改稿レビュー待ち,"共通レビュー文: fault, apart, consequence, visual"
387,stable,安定した,The stable option needs a clearer label.,stableの選択肢には、より明確なラベルが必要だ。,"Clarify ""stable"", ""fault"", ""classic"", and ""priority"" in the glossary.",用語集で「stable」、「fault」、「classic」、「priority」を明確にする。,改稿レビュー待ち,"共通レビュー文: stable, fault, classic, priority"
388,fault,欠点；断層；責任,"Replace ""fault"" with a clearer phrase if needed.",必要なら「fault」をより明確な表現に置き換える。,"Clarify ""stable"", ""fault"", ""classic"", and ""priority"" in the glossary.",用語集で「stable」、「fault」、「classic」、「priority」を明確にする。,改稿レビュー待ち,"共通レビュー文: stable, fault, classic, priority"
389,classic,典型的な；古典,The classic option needs a clearer label.,classicの選択肢には、より明確なラベルが必要だ。,"Clarify ""stable"", ""fault"", ""classic"", and ""priority"" in the glossary.",用語集で「stable」、「fault」、「classic」、「priority」を明確にする。,改稿レビュー待ち,"共通レビュー文: stable, fault, classic, priority"
390,priority,優先事項,Clarify the priority before the next review.,次のレビュー前にpriorityを明確にする。,"Clarify ""stable"", ""fault"", ""classic"", and ""priority"" in the glossary.",用語集で「stable」、「fault」、「classic」、「priority」を明確にする。,改稿レビュー待ち,"共通レビュー文: stable, fault, classic, priority"
391,replace,置き換える,"Replace ""replace"" with a clearer phrase if needed.",必要なら「replace」をより明確な表現に置き換える。,"Clarify ""replace"", ""coach"", ""mere"", and ""fail"" in the glossary.",用語集で「replace」、「coach」、「mere」、「fail」を明確にする。,改稿レビュー待ち,"共通レビュー文: replace, coach, mere, fail"
392,coach,コーチ；指導する,"Replace ""coach"" with a clearer phrase if needed.",必要なら「coach」をより明確な表現に置き換える。,"Clarify ""replace"", ""coach"", ""mere"", and ""fail"" in the glossary.",用語集で「replace」、「coach」、「mere」、「fail」を明確にする。,改稿レビュー待ち,"共通レビュー文: replace, coach, mere, fail"
393,mere,単なる；ほんの,"Replace ""mere"" with a clearer phrase if needed.",必要なら「mere」をより明確な表現に置き換える。,"Clarify ""replace"", ""coach"", ""mere"", and ""fail"" in the glossary.",用語集で「replace」、「coach」、「mere」、「fail」を明確にする。,改稿レビュー待ち,"共通レビュー文: replace, coach, mere, fail"
394,fail,失敗する；欠ける,"Replace ""fail"" with a clearer phrase if needed.",必要なら「fail」をより明確な表現に置き換える。,"Clarify ""replace"", ""coach"", ""mere"", and ""fail"" in the glossary.",用語集で「replace」、「coach」、「mere」、「fail」を明確にする。,改稿レビュー待ち,"共通レビュー文: replace, coach, mere, fail"
395,literary,文学の；文筆の,"Replace ""literary"" with a clearer phrase if needed.",必要なら「literary」をより明確な表現に置き換える。,"Clarify ""literary"", ""comparison"", ""preparation"", and ""pale"" in the glossary.",用語集で「literary」、「comparison」、「preparation」、「pale」を明確にする。,改稿レビュー待ち,"共通レビュー文: literary, comparison, preparation, pale"
396,comparison,比較；対照,"Replace ""comparison"" with a clearer phrase if needed.",必要なら「comparison」をより明確な表現に置き換える。,"Clarify ""literary"", ""comparison"", ""preparation"", and ""pale"" in the glossary.",用語集で「literary」、「comparison」、「preparation」、「pale」を明確にする。,改稿レビュー待ち,"共通レビュー文: literary, comparison, preparation, pale"
397,preparation,準備；用意,Clarify the preparation before the next review.,次のレビュー前にpreparationを明確にする。,"Clarify ""literary"", ""comparison"", ""preparation"", and ""pale"" in the glossary.",用語集で「literary」、「comparison」、「preparation」、「pale」を明確にする。,改稿レビュー待ち,"共通レビュー文: literary, comparison, preparation, pale"
398,pale,青ざめた；薄い,"Replace ""pale"" with a clearer phrase if needed.",必要なら「pale」をより明確な表現に置き換える。,"Clarify ""literary"", ""comparison"", ""preparation"", and ""pale"" in the glossary.",用語集で「literary」、「comparison」、「preparation」、「pale」を明確にする。,改稿レビュー待ち,"共通レビュー文: literary, comparison, preparation, pale"
400,judge,判断する；裁判官；審査する,"Replace ""judge"" with a clearer phrase if needed.",必要なら「judge」をより明確な表現に置き換える。,"Clarify ""judge"", ""comfort"", ""landscape"", and ""arrangement"" in the glossary.",用語集で「judge」、「comfort」、「landscape」、「arrangement」を明確にする。,改稿レビュー待ち,"共通レビュー文: judge, comfort, landscape, arrangement"
401,comfort,慰め；快適さ,"Replace ""comfort"" with a clearer phrase if needed.",必要なら「comfort」をより明確な表現に置き換える。,"Clarify ""judge"", ""comfort"", ""landscape"", and ""arrangement"" in the glossary.",用語集で「judge」、「comfort」、「landscape」、「arrangement」を明確にする。,改稿レビュー待ち,"共通レビュー文: judge, comfort, landscape, arrangement"
402,landscape,景観；状況,"Replace ""landscape"" with a clearer phrase if needed.",必要なら「landscape」をより明確な表現に置き換える。,"Clarify ""judge"", ""comfort"", ""landscape"", and ""arrangement"" in the glossary.",用語集で「judge」、「comfort」、「landscape」、「arrangement」を明確にする。,改稿レビュー待ち,"共通レビュー文: judge, comfort, landscape, arrangement"
403,arrangement,手配；取り決め,Clarify the arrangement before the next review.,次のレビュー前にarrangementを明確にする。,"Clarify ""judge"", ""comfort"", ""landscape"", and ""arrangement"" in the glossary.",用語集で「judge」、「comfort」、「landscape」、「arrangement」を明確にする。,改稿レビュー待ち,"共通レビュー文: judge, comfort, landscape, arrangement"
404,judgement,判断；判決,Clarify the judgement before the next review.,次のレビュー前にjudgementを明確にする。,"Clarify ""judgement"", ""wage"", ""classical"", and ""mixture"" in the glossary.",用語集で「judgement」、「wage」、「classical」、「mixture」を明確にする。,改稿レビュー待ち,"共通レビュー文: judgement, wage, classical, mixture"
405,wage,賃金；行う,"Replace ""wage"" with a clearer phrase if needed.",必要なら「wage」をより明確な表現に置き換える。,"Clarify ""judgement"", ""wage"", ""classical"", and ""mixture"" in the glossary.",用語集で「judgement」、「wage」、「classical」、「mixture」を明確にする。,改稿レビュー待ち,"共通レビュー文: judgement, wage, classical, mixture"
406,classical,古典的な；クラシックの,The classical option needs a clearer label.,classicalの選択肢には、より明確なラベルが必要だ。,"Clarify ""judgement"", ""wage"", ""classical"", and ""mixture"" in the glossary.",用語集で「judgement」、「wage」、「classical」、「mixture」を明確にする。,改稿レビュー待ち,"共通レビュー文: judgement, wage, classical, mixture"
407,mixture,混合物；混合,"Replace ""mixture"" with a clearer phrase if needed.",必要なら「mixture」をより明確な表現に置き換える。,"Clarify ""judgement"", ""wage"", ""classical"", and ""mixture"" in the glossary.",用語集で「judgement」、「wage」、「classical」、「mixture」を明確にする。,改稿レビュー待ち,"共通レビュー文: judgement, wage, classical, mixture"
408,tension,緊張；張力,Clarify the tension before the next review.,次のレビュー前にtensionを明確にする。,"Clarify ""tension"", ""permission"", ""presentation"", and ""affair"" in the glossary.",用語集で「tension」、「permission」、「presentation」、「affair」を明確にする。,改稿レビュー待ち,"共通レビュー文: tension, permission, presentation, affair"
409,permission,許可；許諾,Clarify the permission before the next review.,次のレビュー前にpermissionを明確にする。,"Clarify ""tension"", ""permission"", ""presentation"", and ""affair"" in the glossary.",用語集で「tension」、「permission」、「presentation」、「affair」を明確にする。,改稿レビュー待ち,"共通レビュー文: tension, permission, presentation, affair"
410,presentation,発表；プレゼン,Clarify the presentation before the next review.,次のレビュー前にpresentationを明確にする。,"Clarify ""tension"", ""permission"", ""presentation"", and ""affair"" in the glossary.",用語集で「tension」、「permission」、「presentation」、「affair」を明確にする。,改稿レビュー待ち,"共通レビュー文: tension, permission, presentation, affair"
411,affair,事件；問題；情事,"Replace ""affair"" with a clearer phrase if needed.",必要なら「affair」をより明確な表現に置き換える。,"Clarify ""tension"", ""permission"", ""presentation"", and ""affair"" in the glossary.",用語集で「tension」、「permission」、「presentation」、「affair」を明確にする。,改稿レビュー待ち,"共通レビュー文: tension, permission, presentation, affair"
412,roll,転がる；巻く；ロール,"Replace ""roll"" with a clearer phrase if needed.",必要なら「roll」をより明確な表現に置き換える。,"Clarify ""roll"", ""delay"", ""hang"", and ""confident"" in the glossary.",用語集で「roll」、「delay」、「hang」、「confident」を明確にする。,改稿レビュー待ち,"共通レビュー文: roll, delay, hang, confident"
413,delay,を遅らせる；遅延,"Replace ""delay"" with a clearer phrase if needed.",必要なら「delay」をより明確な表現に置き換える。,"Clarify ""roll"", ""delay"", ""hang"", and ""confident"" in the glossary.",用語集で「roll」、「delay」、「hang」、「confident」を明確にする。,改稿レビュー待ち,"共通レビュー文: roll, delay, hang, confident"
414,hang,を掛ける；ぶら下がる,"Replace ""hang"" with a clearer phrase if needed.",必要なら「hang」をより明確な表現に置き換える。,"Clarify ""roll"", ""delay"", ""hang"", and ""confident"" in the glossary.",用語集で「roll」、「delay」、「hang」、「confident」を明確にする。,改稿レビュー待ち,"共通レビュー文: roll, delay, hang, confident"
415,confident,自信のある；確信した,"Replace ""confident"" with a clearer phrase if needed.",必要なら「confident」をより明確な表現に置き換える。,"Clarify ""roll"", ""delay"", ""hang"", and ""confident"" in the glossary.",用語集で「roll」、「delay」、「hang」、「confident」を明確にする。,改稿レビュー待ち,"共通レビュー文: roll, delay, hang, confident"
418,prize,賞；大切にする,"Replace ""prize"" with a clearer phrase if needed.",必要なら「prize」をより明確な表現に置き換える。,"Clarify ""prize"", ""altogether"", ""feed"", and ""experiment"" in the glossary.",用語集で「prize」、「altogether」、「feed」、「experiment」を明確にする。,改稿レビュー待ち,"共通レビュー文: prize, altogether, feed, experiment"
419,altogether,全部で；完全に,"Replace ""altogether"" with a clearer phrase if needed.",必要なら「altogether」をより明確な表現に置き換える。,"Clarify ""prize"", ""altogether"", ""feed"", and ""experiment"" in the glossary.",用語集で「prize」、「altogether」、「feed」、「experiment」を明確にする。,改稿レビュー待ち,"共通レビュー文: prize, altogether, feed, experiment"
420,feed,餌を与える；供給する,"Replace ""feed"" with a clearer phrase if needed.",必要なら「feed」をより明確な表現に置き換える。,"Clarify ""prize"", ""altogether"", ""feed"", and ""experiment"" in the glossary.",用語集で「prize」、「altogether」、「feed」、「experiment」を明確にする。,改稿レビュー待ち,"共通レビュー文: prize, altogether, feed, experiment"
421,experiment,実験；試みる,Clarify the experiment before the next review.,次のレビュー前にexperimentを明確にする。,"Clarify ""prize"", ""altogether"", ""feed"", and ""experiment"" in the glossary.",用語集で「prize」、「altogether」、「feed」、「experiment」を明確にする。,改稿レビュー待ち,"共通レビュー文: prize, altogether, feed, experiment"
422,employee,従業員；雇用者,"Replace ""employee"" with a clearer phrase if needed.",必要なら「employee」をより明確な表現に置き換える。,"Clarify ""employee"", ""extend"", ""host"", and ""recall"" in the glossary.",用語集で「employee」、「extend」、「host」、「recall」を明確にする。,改稿レビュー待ち,"共通レビュー文: employee, extend, host, recall"
423,extend,拡張する；延長する,"Replace ""extend"" with a clearer phrase if needed.",必要なら「extend」をより明確な表現に置き換える。,"Clarify ""employee"", ""extend"", ""host"", and ""recall"" in the glossary.",用語集で「employee」、「extend」、「host」、「recall」を明確にする。,改稿レビュー待ち,"共通レビュー文: employee, extend, host, recall"
424,host,主催者；主催する,"Replace ""host"" with a clearer phrase if needed.",必要なら「host」をより明確な表現に置き換える。,"Clarify ""employee"", ""extend"", ""host"", and ""recall"" in the glossary.",用語集で「employee」、「extend」、「host」、「recall」を明確にする。,改稿レビュー待ち,"共通レビュー文: employee, extend, host, recall"
425,recall,思い出す；回収する,"Replace ""recall"" with a clearer phrase if needed.",必要なら「recall」をより明確な表現に置き換える。,"Clarify ""employee"", ""extend"", ""host"", and ""recall"" in the glossary.",用語集で「employee」、「extend」、「host」、「recall」を明確にする。,改稿レビュー待ち,"共通レビュー文: employee, extend, host, recall"
426,load,荷物；積む；負担,"Replace ""load"" with a clearer phrase if needed.",必要なら「load」をより明確な表現に置き換える。,"Clarify ""load"", ""territory"", ""definitely"", and ""proud"" in the glossary.",用語集で「load」、「territory」、「definitely」、「proud」を明確にする。,改稿レビュー待ち,"共通レビュー文: load, territory, definitely, proud"
427,territory,領土；縄張り,"Replace ""territory"" with a clearer phrase if needed.",必要なら「territory」をより明確な表現に置き換える。,"Clarify ""load"", ""territory"", ""definitely"", and ""proud"" in the glossary.",用語集で「load」、「territory」、「definitely」、「proud」を明確にする。,改稿レビュー待ち,"共通レビュー文: load, territory, definitely, proud"
428,definitely,確実に；きっぱりと,"Use ""definitely"" carefully in helper text.",ヘルプ文では「definitely」を慎重に使う。,"Clarify ""load"", ""territory"", ""definitely"", and ""proud"" in the glossary.",用語集で「load」、「territory」、「definitely」、「proud」を明確にする。,改稿レビュー待ち,"共通レビュー文: load, territory, definitely, proud"
429,proud,誇りに思う,"Replace ""proud"" with a clearer phrase if needed.",必要なら「proud」をより明確な表現に置き換える。,"Clarify ""load"", ""territory"", ""definitely"", and ""proud"" in the glossary.",用語集で「load」、「territory」、「definitely」、「proud」を明確にする。,改稿レビュー待ち,"共通レビュー文: load, territory, definitely, proud"
430,upset,動揺させる；混乱した,"Replace ""upset"" with a clearer phrase if needed.",必要なら「upset」をより明確な表現に置き換える。,"Clarify ""upset"", ""blame"", ""profession"", and ""characteristic"" in the glossary.",用語集で「upset」、「blame」、「profession」、「characteristic」を明確にする。,改稿レビュー待ち,"共通レビュー文: upset, blame, profession, characteristic"
431,blame,非難する；責任,"Replace ""blame"" with a clearer phrase if needed.",必要なら「blame」をより明確な表現に置き換える。,"Clarify ""upset"", ""blame"", ""profession"", and ""characteristic"" in the glossary.",用語集で「upset」、「blame」、「profession」、「characteristic」を明確にする。,改稿レビュー待ち,"共通レビュー文: upset, blame, profession, characteristic"
432,profession,職業；専門職,Clarify the profession before the next review.,次のレビュー前にprofessionを明確にする。,"Clarify ""upset"", ""blame"", ""profession"", and ""characteristic"" in the glossary.",用語集で「upset」、「blame」、「profession」、「characteristic」を明確にする。,改稿レビュー待ち,"共通レビュー文: upset, blame, profession, characteristic"
435,characteristic,特徴；特有の,The characteristic option needs a clearer label.,characteristicの選択肢には、より明確なラベルが必要だ。,"Clarify ""upset"", ""blame"", ""profession"", and ""characteristic"" in the glossary.",用語集で「upset」、「blame」、「profession」、「characteristic」を明確にする。,改稿レビュー待ち,"共通レビュー文: upset, blame, profession, characteristic"
436,sake,ために；目的,"Replace ""sake"" with a clearer phrase if needed.",必要なら「sake」をより明確な表現に置き換える。,"Clarify ""sake"", ""complicated"", ""dominant"", and ""constantly"" in the glossary.",用語集で「sake」、「complicated」、「dominant」、「constantly」を明確にする。,改稿レビュー待ち,"共通レビュー文: sake, complicated, dominant, constantly"
437,complicated,複雑な,"Replace ""complicated"" with a clearer phrase if needed.",必要なら「complicated」をより明確な表現に置き換える。,"Clarify ""sake"", ""complicated"", ""dominant"", and ""constantly"" in the glossary.",用語集で「sake」、「complicated」、「dominant」、「constantly」を明確にする。,改稿レビュー待ち,"共通レビュー文: sake, complicated, dominant, constantly"
438,dominant,支配的な,"Replace ""dominant"" with a clearer phrase if needed.",必要なら「dominant」をより明確な表現に置き換える。,"Clarify ""sake"", ""complicated"", ""dominant"", and ""constantly"" in the glossary.",用語集で「sake」、「complicated」、「dominant」、「constantly」を明確にする。,改稿レビュー待ち,"共通レビュー文: sake, complicated, dominant, constantly"
439,constantly,絶えず；常に,"Use ""constantly"" carefully in helper text.",ヘルプ文では「constantly」を慎重に使う。,"Clarify ""sake"", ""complicated"", ""dominant"", and ""constantly"" in the glossary.",用語集で「sake」、「complicated」、「dominant」、「constantly」を明確にする。,改稿レビュー待ち,"共通レビュー文: sake, complicated, dominant, constantly"
440,vary,異なる；変化する,"Replace ""vary"" with a clearer phrase if needed.",必要なら「vary」をより明確な表現に置き換える。,"Clarify ""vary"", ""depth"", ""crew"", and ""conscious"" in the glossary.",用語集で「vary」、「depth」、「crew」、「conscious」を明確にする。,改稿レビュー待ち,"共通レビュー文: vary, depth, crew, conscious"
441,depth,深さ；奥行き,"Replace ""depth"" with a clearer phrase if needed.",必要なら「depth」をより明確な表現に置き換える。,"Clarify ""vary"", ""depth"", ""crew"", and ""conscious"" in the glossary.",用語集で「vary」、「depth」、「crew」、「conscious」を明確にする。,改稿レビュー待ち,"共通レビュー文: vary, depth, crew, conscious"
442,crew,乗組員；チーム,"Replace ""crew"" with a clearer phrase if needed.",必要なら「crew」をより明確な表現に置き換える。,"Clarify ""vary"", ""depth"", ""crew"", and ""conscious"" in the glossary.",用語集で「vary」、「depth」、「crew」、「conscious」を明確にする。,改稿レビュー待ち,"共通レビュー文: vary, depth, crew, conscious"
443,conscious,意識のある；自覚した,The conscious option needs a clearer label.,consciousの選択肢には、より明確なラベルが必要だ。,"Clarify ""vary"", ""depth"", ""crew"", and ""conscious"" in the glossary.",用語集で「vary」、「depth」、「crew」、「conscious」を明確にする。,改稿レビュー待ち,"共通レビュー文: vary, depth, crew, conscious"
444,intellectual,知的な；知識人,The intellectual option needs a clearer label.,intellectualの選択肢には、より明確なラベルが必要だ。,"Clarify ""intellectual"", ""loose"", ""bomb"", and ""holy"" in the glossary.",用語集で「intellectual」、「loose」、「bomb」、「holy」を明確にする。,改稿レビュー待ち,"共通レビュー文: intellectual, loose, bomb, holy"
445,loose,ゆるい；解放する,"Replace ""loose"" with a clearer phrase if needed.",必要なら「loose」をより明確な表現に置き換える。,"Clarify ""intellectual"", ""loose"", ""bomb"", and ""holy"" in the glossary.",用語集で「intellectual」、「loose」、「bomb」、「holy」を明確にする。,改稿レビュー待ち,"共通レビュー文: intellectual, loose, bomb, holy"
446,bomb,爆弾；爆撃する,"Replace ""bomb"" with a clearer phrase if needed.",必要なら「bomb」をより明確な表現に置き換える。,"Clarify ""intellectual"", ""loose"", ""bomb"", and ""holy"" in the glossary.",用語集で「intellectual」、「loose」、「bomb」、「holy」を明確にする。,改稿レビュー待ち,"共通レビュー文: intellectual, loose, bomb, holy"
447,holy,神聖な；聖なる,"Use ""holy"" carefully in helper text.",ヘルプ文では「holy」を慎重に使う。,"Clarify ""intellectual"", ""loose"", ""bomb"", and ""holy"" in the glossary.",用語集で「intellectual」、「loose」、「bomb」、「holy」を明確にする。,改稿レビュー待ち,"共通レビュー文: intellectual, loose, bomb, holy"
448,anxious,不安な；熱望している,The anxious option needs a clearer label.,anxiousの選択肢には、より明確なラベルが必要だ。,"Clarify ""anxious"", ""guard"", ""nervous"", and ""fee"" in the glossary.",用語集で「anxious」、「guard」、「nervous」、「fee」を明確にする。,改稿レビュー待ち,"共通レビュー文: anxious, guard, nervous, fee"
449,guard,守る；警備員,"Replace ""guard"" with a clearer phrase if needed.",必要なら「guard」をより明確な表現に置き換える。,"Clarify ""anxious"", ""guard"", ""nervous"", and ""fee"" in the glossary.",用語集で「anxious」、「guard」、「nervous」、「fee」を明確にする。,改稿レビュー待ち,"共通レビュー文: anxious, guard, nervous, fee"
452,nervous,緊張した；神経の,The nervous option needs a clearer label.,nervousの選択肢には、より明確なラベルが必要だ。,"Clarify ""anxious"", ""guard"", ""nervous"", and ""fee"" in the glossary.",用語集で「anxious」、「guard」、「nervous」、「fee」を明確にする。,改稿レビュー待ち,"共通レビュー文: anxious, guard, nervous, fee"
453,fee,手数料；料金,"Replace ""fee"" with a clearer phrase if needed.",必要なら「fee」をより明確な表現に置き換える。,"Clarify ""anxious"", ""guard"", ""nervous"", and ""fee"" in the glossary.",用語集で「anxious」、「guard」、「nervous」、「fee」を明確にする。,改稿レビュー待ち,"共通レビュー文: anxious, guard, nervous, fee"
454,tendency,傾向；性向,"Replace ""tendency"" with a clearer phrase if needed.",必要なら「tendency」をより明確な表現に置き換える。,"Clarify ""tendency"", ""accurate"", ""harm"", and ""origin"" in the glossary.",用語集で「tendency」、「accurate」、「harm」、「origin」を明確にする。,改稿レビュー待ち,"共通レビュー文: tendency, accurate, harm, origin"
455,accurate,正確な；精密な,"Replace ""accurate"" with a clearer phrase if needed.",必要なら「accurate」をより明確な表現に置き換える。,"Clarify ""tendency"", ""accurate"", ""harm"", and ""origin"" in the glossary.",用語集で「tendency」、「accurate」、「harm」、「origin」を明確にする。,改稿レビュー待ち,"共通レビュー文: tendency, accurate, harm, origin"
456,harm,害；危害,"Replace ""harm"" with a clearer phrase if needed.",必要なら「harm」をより明確な表現に置き換える。,"Clarify ""tendency"", ""accurate"", ""harm"", and ""origin"" in the glossary.",用語集で「tendency」、「accurate」、「harm」、「origin」を明確にする。,改稿レビュー待ち,"共通レビュー文: tendency, accurate, harm, origin"
457,origin,起源；由来,"Replace ""origin"" with a clearer phrase if needed.",必要なら「origin」をより明確な表現に置き換える。,"Clarify ""tendency"", ""accurate"", ""harm"", and ""origin"" in the glossary.",用語集で「tendency」、「accurate」、「harm」、「origin」を明確にする。,改稿レビュー待ち,"共通レビュー文: tendency, accurate, harm, origin"
458,gift,贈り物；才能,"Replace ""gift"" with a clearer phrase if needed.",必要なら「gift」をより明確な表現に置き換える。,"Clarify ""gift"", ""suspect"", ""bond"", and ""enthusiasm"" in the glossary.",用語集で「gift」、「suspect」、「bond」、「enthusiasm」を明確にする。,改稿レビュー待ち,"共通レビュー文: gift, suspect, bond, enthusiasm"
459,suspect,を疑う；容疑者,"Replace ""suspect"" with a clearer phrase if needed.",必要なら「suspect」をより明確な表現に置き換える。,"Clarify ""gift"", ""suspect"", ""bond"", and ""enthusiasm"" in the glossary.",用語集で「gift」、「suspect」、「bond」、「enthusiasm」を明確にする。,改稿レビュー待ち,"共通レビュー文: gift, suspect, bond, enthusiasm"
460,bond,絆；結合；債券,"Replace ""bond"" with a clearer phrase if needed.",必要なら「bond」をより明確な表現に置き換える。,"Clarify ""gift"", ""suspect"", ""bond"", and ""enthusiasm"" in the glossary.",用語集で「gift」、「suspect」、「bond」、「enthusiasm」を明確にする。,改稿レビュー待ち,"共通レビュー文: gift, suspect, bond, enthusiasm"
461,enthusiasm,熱意；熱狂,"Replace ""enthusiasm"" with a clearer phrase if needed.",必要なら「enthusiasm」をより明確な表現に置き換える。,"Clarify ""gift"", ""suspect"", ""bond"", and ""enthusiasm"" in the glossary.",用語集で「gift」、「suspect」、「bond」、「enthusiasm」を明確にする。,改稿レビュー待ち,"共通レビュー文: gift, suspect, bond, enthusiasm"
462,spare,余分の；を免除する,"Replace ""spare"" with a clearer phrase if needed.",必要なら「spare」をより明確な表現に置き換える。,"Clarify ""spare"", ""extraordinary"", ""leisure"", and ""visible"" in the glossary.",用語集で「spare」、「extraordinary」、「leisure」、「visible」を明確にする。,改稿レビュー待ち,"共通レビュー文: spare, extraordinary, leisure, visible"
463,extraordinary,並外れた；異常な,"Replace ""extraordinary"" with a clearer phrase if needed.",必要なら「extraordinary」をより明確な表現に置き換える。,"Clarify ""spare"", ""extraordinary"", ""leisure"", and ""visible"" in the glossary.",用語集で「spare」、「extraordinary」、「leisure」、「visible」を明確にする。,改稿レビュー待ち,"共通レビュー文: spare, extraordinary, leisure, visible"
464,leisure,余暇；暇,"Replace ""leisure"" with a clearer phrase if needed.",必要なら「leisure」をより明確な表現に置き換える。,"Clarify ""spare"", ""extraordinary"", ""leisure"", and ""visible"" in the glossary.",用語集で「spare」、「extraordinary」、「leisure」、「visible」を明確にする。,改稿レビュー待ち,"共通レビュー文: spare, extraordinary, leisure, visible"
465,visible,目に見える,The visible option needs a clearer label.,visibleの選択肢には、より明確なラベルが必要だ。,"Clarify ""spare"", ""extraordinary"", ""leisure"", and ""visible"" in the glossary.",用語集で「spare」、「extraordinary」、「leisure」、「visible」を明確にする。,改稿レビュー待ち,"共通レビュー文: spare, extraordinary, leisure, visible"
466,device,装置；手段,Test the flow on a physical device.,実機でフローをテストする。,Test the flow on a physical device.,実機でフローをテストする。,改稿レビュー待ち,"共通例文: physical, device"
468,confusion,混乱；困惑,Clarify the confusion before the next review.,次のレビュー前にconfusionを明確にする。,"Clarify ""confusion"", ""steady"", ""stolen"", and ""column"" in the glossary.",用語集で「confusion」、「steady」、「stolen」、「column」を明確にする。,改稿レビュー待ち,"共通レビュー文: confusion, steady, stolen, column"
469,steady,着実な；安定した,"Replace ""steady"" with a clearer phrase if needed.",必要なら「steady」をより明確な表現に置き換える。,"Clarify ""confusion"", ""steady"", ""stolen"", and ""column"" in the glossary.",用語集で「confusion」、「steady」、「stolen」、「column」を明確にする。,改稿レビュー待ち,"共通レビュー文: confusion, steady, stolen, column"
470,stolen,盗まれた,"Replace ""stolen"" with a clearer phrase if needed.",必要なら「stolen」をより明確な表現に置き換える。,"Clarify ""confusion"", ""steady"", ""stolen"", and ""column"" in the glossary.",用語集で「confusion」、「steady」、「stolen」、「column」を明確にする。,改稿レビュー待ち,"共通レビュー文: confusion, steady, stolen, column"
471,column,列；欄；円柱,"Replace ""column"" with a clearer phrase if needed.",必要なら「column」をより明確な表現に置き換える。,"Clarify ""confusion"", ""steady"", ""stolen"", and ""column"" in the glossary.",用語集で「confusion」、「steady」、「stolen」、「column」を明確にする。,改稿レビュー待ち,"共通レビュー文: confusion, steady, stolen, column"
472,caim,ケルン（石積み標識）,"Replace ""caim"" with a clearer phrase if needed.",必要なら「caim」をより明確な表現に置き換える。,"Clarify ""caim"", ""climate"", ""evil"", and ""distant"" in the glossary.",用語集で「caim」、「climate」、「evil」、「distant」を明確にする。,改稿レビュー待ち,"共通レビュー文: caim, climate, evil, distant"
473,climate,気候；雰囲気,"Replace ""climate"" with a clearer phrase if needed.",必要なら「climate」をより明確な表現に置き換える。,"Clarify ""caim"", ""climate"", ""evil"", and ""distant"" in the glossary.",用語集で「caim」、「climate」、「evil」、「distant」を明確にする。,改稿レビュー待ち,"共通レビュー文: caim, climate, evil, distant"
474,evil,悪；悪い,"Replace ""evil"" with a clearer phrase if needed.",必要なら「evil」をより明確な表現に置き換える。,"Clarify ""caim"", ""climate"", ""evil"", and ""distant"" in the glossary.",用語集で「caim」、「climate」、「evil」、「distant」を明確にする。,改稿レビュー待ち,"共通レビュー文: caim, climate, evil, distant"
475,distant,遠い；疎遠な,"Replace ""distant"" with a clearer phrase if needed.",必要なら「distant」をより明確な表現に置き換える。,"Clarify ""caim"", ""climate"", ""evil"", and ""distant"" in the glossary.",用語集で「caim」、「climate」、「evil」、「distant」を明確にする。,改稿レビュー待ち,"共通レビュー文: caim, climate, evil, distant"
476,disaster,災害；惨事,"Replace ""disaster"" with a clearer phrase if needed.",必要なら「disaster」をより明確な表現に置き換える。,"Clarify ""disaster"", ""satisfaction"", ""string"", and ""gentle"" in the glossary.",用語集で「disaster」、「satisfaction」、「string」、「gentle」を明確にする。,改稿レビュー待ち,"共通レビュー文: disaster, satisfaction, string, gentle"
477,satisfaction,満足；満足感,Clarify the satisfaction before the next review.,次のレビュー前にsatisfactionを明確にする。,"Clarify ""disaster"", ""satisfaction"", ""string"", and ""gentle"" in the glossary.",用語集で「disaster」、「satisfaction」、「string」、「gentle」を明確にする。,改稿レビュー待ち,"共通レビュー文: disaster, satisfaction, string, gentle"
478,string,ひも；文字列,"Replace ""string"" with a clearer phrase if needed.",必要なら「string」をより明確な表現に置き換える。,"Clarify ""disaster"", ""satisfaction"", ""string"", and ""gentle"" in the glossary.",用語集で「disaster」、「satisfaction」、「string」、「gentle」を明確にする。,改稿レビュー待ち,"共通レビュー文: disaster, satisfaction, string, gentle"
479,gentle,穏やかな；優しい,"Replace ""gentle"" with a clearer phrase if needed.",必要なら「gentle」をより明確な表現に置き換える。,"Clarify ""disaster"", ""satisfaction"", ""string"", and ""gentle"" in the glossary.",用語集で「disaster」、「satisfaction」、「string」、「gentle」を明確にする。,改稿レビュー待ち,"共通レビュー文: disaster, satisfaction, string, gentle"
480,childhood,子供時代；幼年期,"Replace ""childhood"" with a clearer phrase if needed.",必要なら「childhood」をより明確な表現に置き換える。,"Clarify ""childhood"", ""delighted"", ""poetry"", and ""expense"" in the glossary.",用語集で「childhood」、「delighted」、「poetry」、「expense」を明確にする。,改稿レビュー待ち,"共通レビュー文: childhood, delighted, poetry, expense"
481,delighted,喜んで；嬉しい,"Replace ""delighted"" with a clearer phrase if needed.",必要なら「delighted」をより明確な表現に置き換える。,"Clarify ""childhood"", ""delighted"", ""poetry"", and ""expense"" in the glossary.",用語集で「childhood」、「delighted」、「poetry」、「expense」を明確にする。,改稿レビュー待ち,"共通レビュー文: childhood, delighted, poetry, expense"
482,poetry,詩；詩的表現,"Replace ""poetry"" with a clearer phrase if needed.",必要なら「poetry」をより明確な表現に置き換える。,"Clarify ""childhood"", ""delighted"", ""poetry"", and ""expense"" in the glossary.",用語集で「childhood」、「delighted」、「poetry」、「expense」を明確にする。,改稿レビュー待ち,"共通レビュー文: childhood, delighted, poetry, expense"
483,expense,費用；出費,"Replace ""expense"" with a clearer phrase if needed.",必要なら「expense」をより明確な表現に置き換える。,"Clarify ""childhood"", ""delighted"", ""poetry"", and ""expense"" in the glossary.",用語集で「childhood」、「delighted」、「poetry」、「expense」を明確にする。,改稿レビュー待ち,"共通レビュー文: childhood, delighted, poetry, expense"
485,complain,不平を言う；苦情を言う,"Replace ""complain"" with a clearer phrase if needed.",必要なら「complain」をより明確な表現に置き換える。,"Clarify ""complain"", ""sensible"", ""rely"", and ""export"" in the glossary.",用語集で「complain」、「sensible」、「rely」、「export」を明確にする。,改稿レビュー待ち,"共通レビュー文: complain, sensible, rely, export"
486,sensible,分別のある；賢明な,The sensible option needs a clearer label.,sensibleの選択肢には、より明確なラベルが必要だ。,"Clarify ""complain"", ""sensible"", ""rely"", and ""export"" in the glossary.",用語集で「complain」、「sensible」、「rely」、「export」を明確にする。,改稿レビュー待ち,"共通レビュー文: complain, sensible, rely, export"
487,rely,頼る；依存する,"Use ""rely"" carefully in helper text.",ヘルプ文では「rely」を慎重に使う。,"Clarify ""complain"", ""sensible"", ""rely"", and ""export"" in the glossary.",用語集で「complain」、「sensible」、「rely」、「export」を明確にする。,改稿レビュー待ち,"共通レビュー文: complain, sensible, rely, export"
488,export,輸出する；輸出品,"Replace ""export"" with a clearer phrase if needed.",必要なら「export」をより明確な表現に置き換える。,"Clarify ""complain"", ""sensible"", ""rely"", and ""export"" in the glossary.",用語集で「complain」、「sensible」、「rely」、「export」を明確にする。,改稿レビュー待ち,"共通レビュー文: complain, sensible, rely, export"
489,honour,名誉；敬う,"Replace ""honour"" with a clearer phrase if needed.",必要なら「honour」をより明確な表現に置き換える。,"Clarify ""honour"", ""reserve"", ""overcome"", and ""silly"" in the glossary.",用語集で「honour」、「reserve」、「overcome」、「silly」を明確にする。,改稿レビュー待ち,"共通レビュー文: honour, reserve, overcome, silly"
490,reserve,予約する；蓄え,"Replace ""reserve"" with a clearer phrase if needed.",必要なら「reserve」をより明確な表現に置き換える。,"Clarify ""honour"", ""reserve"", ""overcome"", and ""silly"" in the glossary.",用語集で「honour」、「reserve」、「overcome」、「silly」を明確にする。,改稿レビュー待ち,"共通レビュー文: honour, reserve, overcome, silly"
491,overcome,克服する；打ち勝つ,"Replace ""overcome"" with a clearer phrase if needed.",必要なら「overcome」をより明確な表現に置き換える。,"Clarify ""honour"", ""reserve"", ""overcome"", and ""silly"" in the glossary.",用語集で「honour」、「reserve」、「overcome」、「silly」を明確にする。,改稿レビュー待ち,"共通レビュー文: honour, reserve, overcome, silly"
492,silly,愚かな；ばかな,"Use ""silly"" carefully in helper text.",ヘルプ文では「silly」を慎重に使う。,"Clarify ""honour"", ""reserve"", ""overcome"", and ""silly"" in the glossary.",用語集で「honour」、「reserve」、「overcome」、「silly」を明確にする。,改稿レビュー待ち,"共通レビュー文: honour, reserve, overcome, silly"
493,estimate,を見積もる；見積もり,"Replace ""estimate"" with a clearer phrase if needed.",必要なら「estimate」をより明確な表現に置き換える。,"Clarify ""estimate"", ""proof"", ""deaf"", and ""grateful"" in the glossary.",用語集で「estimate」、「proof」、「deaf」、「grateful」を明確にする。,改稿レビュー待ち,"共通レビュー文: estimate, proof, deaf, grateful"
494,proof,証拠；証明,"Replace ""proof"" with a clearer phrase if needed.",必要なら「proof」をより明確な表現に置き換える。,"Clarify ""estimate"", ""proof"", ""deaf"", and ""grateful"" in the glossary.",用語集で「estimate」、「proof」、「deaf」、「grateful」を明確にする。,改稿レビュー待ち,"共通レビュー文: estimate, proof, deaf, grateful"
495,deaf,耳が聞こえない,"Replace ""deaf"" with a clearer phrase if needed.",必要なら「deaf」をより明確な表現に置き換える。,"Clarify ""estimate"", ""proof"", ""deaf"", and ""grateful"" in the glossary.",用語集で「estimate」、「proof」、「deaf」、「grateful」を明確にする。,改稿レビュー待ち,"共通レビュー文: estimate, proof, deaf, grateful"
496,grateful,感謝している,The grateful option needs a clearer label.,gratefulの選択肢には、より明確なラベルが必要だ。,"Clarify ""estimate"", ""proof"", ""deaf"", and ""grateful"" in the glossary.",用語集で「estimate」、「proof」、「deaf」、「grateful」を明確にする。,改稿レビュー待ち,"共通レビュー文: estimate, proof, deaf, grateful"
497,dozen,12個；ダース,"Replace ""dozen"" with a clearer phrase if needed.",必要なら「dozen」をより明確な表現に置き換える。,"Clarify ""dozen"", ""paragraph"", ""resources"", and ""trend"" in the glossary.",用語集で「dozen」、「paragraph」、「resources」、「trend」を明確にする。,改稿レビュー待ち,"共通レビュー文: dozen, paragraph, resources, trend"
498,paragraph,段落,"Replace ""paragraph"" with a clearer phrase if needed.",必要なら「paragraph」をより明確な表現に置き換える。,"Clarify ""dozen"", ""paragraph"", ""resources"", and ""trend"" in the glossary.",用語集で「dozen」、「paragraph」、「resources」、「trend」を明確にする。,改稿レビュー待ち,"共通レビュー文: dozen, paragraph, resources, trend"
499,resources,資源；資料,"Replace ""resources"" with a clearer phrase if needed.",必要なら「resources」をより明確な表現に置き換える。,"Clarify ""dozen"", ""paragraph"", ""resources"", and ""trend"" in the glossary.",用語集で「dozen」、「paragraph」、「resources」、「trend」を明確にする。,改稿レビュー待ち,"共通レビュー文: dozen, paragraph, resources, trend"
500,trend,傾向；流行,"Replace ""trend"" with a clearer phrase if needed.",必要なら「trend」をより明確な表現に置き換える。,"Clarify ""dozen"", ""paragraph"", ""resources"", and ""trend"" in the glossary.",用語集で「dozen」、「paragraph」、「resources」、「trend」を明確にする。,改稿レビュー待ち,"共通レビュー文: dozen, paragraph, resources, trend"
501,hunt r,狩る；追い求める,"Use ""hunt r"" only if the phrase is familiar.",その表現がなじみのある場合だけ「hunt r」を使う。,"Clarify ""hunt r"", ""instrum"", ""psychol"", and ""native"" in the glossary.",用語集で「hunt r」、「instrum」、「psychol」、「native」を明確にする。,改稿レビュー待ち,"共通レビュー文: hunt r, instrum, psychol, native"
502,instrum,道具；手段,"Replace ""instrum"" with a clearer phrase if needed.",必要なら「instrum」をより明確な表現に置き換える。,"Clarify ""hunt r"", ""instrum"", ""psychol"", and ""native"" in the glossary.",用語集で「hunt r」、「instrum」、「psychol」、「native」を明確にする。,改稿レビュー待ち,"共通レビュー文: hunt r, instrum, psychol, native"
503,psychol,心理学,"Replace ""psychol"" with a clearer phrase if needed.",必要なら「psychol」をより明確な表現に置き換える。,"Clarify ""hunt r"", ""instrum"", ""psychol"", and ""native"" in the glossary.",用語集で「hunt r」、「instrum」、「psychol」、「native」を明確にする。,改稿レビュー待ち,"共通レビュー文: hunt r, instrum, psychol, native"
504,native,生まれながらの；原住民の,The native option needs a clearer label.,nativeの選択肢には、より明確なラベルが必要だ。,"Clarify ""hunt r"", ""instrum"", ""psychol"", and ""native"" in the glossary.",用語集で「hunt r」、「instrum」、「psychol」、「native」を明確にする。,改稿レビュー待ち,"共通レビュー文: hunt r, instrum, psychol, native"
505,confirm,確認する,Confirm the action before deleting data.,データ削除前に操作を確認する。,Confirm the action before deleting data.,データ削除前に操作を確認する。,改稿レビュー待ち,"共通例文: confirm, action"
506,anxiety,不安；心配,"Replace ""anxiety"" with a clearer phrase if needed.",必要なら「anxiety」をより明確な表現に置き換える。,"Clarify ""anxiety"", ""appreciate"", ""pleasant"", and ""relate"" in the glossary.",用語集で「anxiety」、「appreciate」、「pleasant」、「relate」を明確にする。,改稿レビュー待ち,"共通レビュー文: anxiety, appreciate, pleasant, relate"
507,appreciate,感謝する；理解する,"Replace ""appreciate"" with a clearer phrase if needed.",必要なら「appreciate」をより明確な表現に置き換える。,"Clarify ""anxiety"", ""appreciate"", ""pleasant"", and ""relate"" in the glossary.",用語集で「anxiety」、「appreciate」、「pleasant」、「relate」を明確にする。,改稿レビュー待ち,"共通レビュー文: anxiety, appreciate, pleasant, relate"
508,pleasant,愉快な；気持ちよい,"Replace ""pleasant"" with a clearer phrase if needed.",必要なら「pleasant」をより明確な表現に置き換える。,"Clarify ""anxiety"", ""appreciate"", ""pleasant"", and ""relate"" in the glossary.",用語集で「anxiety」、「appreciate」、「pleasant」、「relate」を明確にする。,改稿レビュー待ち,"共通レビュー文: anxiety, appreciate, pleasant, relate"
509,relate,関係する；関連付ける,"Replace ""relate"" with a clearer phrase if needed.",必要なら「relate」をより明確な表現に置き換える。,"Clarify ""anxiety"", ""appreciate"", ""pleasant"", and ""relate"" in the glossary.",用語集で「anxiety」、「appreciate」、「pleasant」、「relate」を明確にする。,改稿レビュー待ち,"共通レビュー文: anxiety, appreciate, pleasant, relate"
510,universal,普遍的な；宇宙の,The universal option needs a clearer label.,universalの選択肢には、より明確なラベルが必要だ。,"Clarify ""universal"", ""rid"", ""consciousness"", and ""purely"" in the glossary.",用語集で「universal」、「rid」、「consciousness」、「purely」を明確にする。,改稿レビュー待ち,"共通レビュー文: universal, rid, consciousness, purely"
511,rid,取り除く；解放する,"Replace ""rid"" with a clearer phrase if needed.",必要なら「rid」をより明確な表現に置き換える。,"Clarify ""universal"", ""rid"", ""consciousness"", and ""purely"" in the glossary.",用語集で「universal」、「rid」、「consciousness」、「purely」を明確にする。,改稿レビュー待ち,"共通レビュー文: universal, rid, consciousness, purely"
512,consciousness,意識,Clarify the consciousness before the next review.,次のレビュー前にconsciousnessを明確にする。,"Clarify ""universal"", ""rid"", ""consciousness"", and ""purely"" in the glossary.",用語集で「universal」、「rid」、「consciousness」、「purely」を明確にする。,改稿レビュー待ち,"共通レビュー文: universal, rid, consciousness, purely"
514,purely,純粋に；完全に,"Use ""purely"" carefully in helper text.",ヘルプ文では「purely」を慎重に使う。,"Clarify ""universal"", ""rid"", ""consciousness"", and ""purely"" in the glossary.",用語集で「universal」、「rid」、「consciousness」、「purely」を明確にする。,改稿レビュー待ち,"共通レビュー文: universal, rid, consciousness, purely"
515,universe,宇宙；世界,"Replace ""universe"" with a clearer phrase if needed.",必要なら「universe」をより明確な表現に置き換える。,"Clarify ""universe"", ""attract"", ""stream"", and ""settle"" in the glossary.",用語集で「universe」、「attract」、「stream」、「settle」を明確にする。,改稿レビュー待ち,"共通レビュー文: universe, attract, stream, settle"
516,attract,を引き付ける,"Replace ""attract"" with a clearer phrase if needed.",必要なら「attract」をより明確な表現に置き換える。,"Clarify ""universe"", ""attract"", ""stream"", and ""settle"" in the glossary.",用語集で「universe」、「attract」、「stream」、「settle」を明確にする。,改稿レビュー待ち,"共通レビュー文: universe, attract, stream, settle"
517,stream,流れ；を流す,"Replace ""stream"" with a clearer phrase if needed.",必要なら「stream」をより明確な表現に置き換える。,"Clarify ""universe"", ""attract"", ""stream"", and ""settle"" in the glossary.",用語集で「universe」、「attract」、「stream」、「settle」を明確にする。,改稿レビュー待ち,"共通レビュー文: universe, attract, stream, settle"
519,settle,を解決する；定住する,"Replace ""settle"" with a clearer phrase if needed.",必要なら「settle」をより明確な表現に置き換える。,"Clarify ""universe"", ""attract"", ""stream"", and ""settle"" in the glossary.",用語集で「universe」、「attract」、「stream」、「settle」を明確にする。,改稿レビュー待ち,"共通レビュー文: universe, attract, stream, settle"
520,layer,層,"Replace ""layer"" with a clearer phrase if needed.",必要なら「layer」をより明確な表現に置き換える。,"Clarify ""layer"", ""wheel"", ""platform"", and ""schedule"" in the glossary.",用語集で「layer」、「wheel」、「platform」、「schedule」を明確にする。,改稿レビュー待ち,"共通レビュー文: layer, wheel, platform, schedule"
521,wheel,車輪；ハンドル,"Replace ""wheel"" with a clearer phrase if needed.",必要なら「wheel」をより明確な表現に置き換える。,"Clarify ""layer"", ""wheel"", ""platform"", and ""schedule"" in the glossary.",用語集で「layer」、「wheel」、「platform」、「schedule」を明確にする。,改稿レビュー待ち,"共通レビュー文: layer, wheel, platform, schedule"
522,platform,プラットフォーム；演壇,"Replace ""platform"" with a clearer phrase if needed.",必要なら「platform」をより明確な表現に置き換える。,"Clarify ""layer"", ""wheel"", ""platform"", and ""schedule"" in the glossary.",用語集で「layer」、「wheel」、「platform」、「schedule」を明確にする。,改稿レビュー待ち,"共通レビュー文: layer, wheel, platform, schedule"
523,schedule,予定；スケジュール,"Replace ""schedule"" with a clearer phrase if needed.",必要なら「schedule」をより明確な表現に置き換える。,"Clarify ""layer"", ""wheel"", ""platform"", and ""schedule"" in the glossary.",用語集で「layer」、「wheel」、「platform」、「schedule」を明確にする。,改稿レビュー待ち,"共通レビュー文: layer, wheel, platform, schedule"
524,creative,創造的な；独創的な,The creative option needs a clearer label.,creativeの選択肢には、より明確なラベルが必要だ。,"Clarify ""creative"", ""innocent"", ""evolution"", and ""stretch"" in the glossary.",用語集で「creative」、「innocent」、「evolution」、「stretch」を明確にする。,改稿レビュー待ち,"共通レビュー文: creative, innocent, evolution, stretch"
525,innocent,無実の；無邪気な,"Replace ""innocent"" with a clearer phrase if needed.",必要なら「innocent」をより明確な表現に置き換える。,"Clarify ""creative"", ""innocent"", ""evolution"", and ""stretch"" in the glossary.",用語集で「creative」、「innocent」、「evolution」、「stretch」を明確にする。,改稿レビュー待ち,"共通レビュー文: creative, innocent, evolution, stretch"
526,evolution,進化；発展,Clarify the evolution before the next review.,次のレビュー前にevolutionを明確にする。,"Clarify ""creative"", ""innocent"", ""evolution"", and ""stretch"" in the glossary.",用語集で「creative」、「innocent」、「evolution」、「stretch」を明確にする。,改稿レビュー待ち,"共通レビュー文: creative, innocent, evolution, stretch"
527,stretch,を伸ばす；延伸,"Replace ""stretch"" with a clearer phrase if needed.",必要なら「stretch」をより明確な表現に置き換える。,"Clarify ""creative"", ""innocent"", ""evolution"", and ""stretch"" in the glossary.",用語集で「creative」、「innocent」、「evolution」、「stretch」を明確にする。,改稿レビュー待ち,"共通レビュー文: creative, innocent, evolution, stretch"
528,besides,その上；〜のほかに,"Replace ""besides"" with a clearer phrase if needed.",必要なら「besides」をより明確な表現に置き換える。,"Clarify ""besides"", ""adopt"", ""regard"", and ""lock"" in the glossary.",用語集で「besides」、「adopt」、「regard」、「lock」を明確にする。,改稿レビュー待ち,"共通レビュー文: besides, adopt, regard, lock"
529,adopt,採用する；養子にする,"Replace ""adopt"" with a clearer phrase if needed.",必要なら「adopt」をより明確な表現に置き換える。,"Clarify ""besides"", ""adopt"", ""regard"", and ""lock"" in the glossary.",用語集で「besides」、「adopt」、「regard」、「lock」を明確にする。,改稿レビュー待ち,"共通レビュー文: besides, adopt, regard, lock"
530,regard,みなす；考慮する；点で,"Replace ""regard"" with a clearer phrase if needed.",必要なら「regard」をより明確な表現に置き換える。,"Clarify ""besides"", ""adopt"", ""regard"", and ""lock"" in the glossary.",用語集で「besides」、「adopt」、「regard」、「lock」を明確にする。,改稿レビュー待ち,"共通レビュー文: besides, adopt, regard, lock"
531,lock,鍵；鍵をかける,"Replace ""lock"" with a clearer phrase if needed.",必要なら「lock」をより明確な表現に置き換える。,"Clarify ""besides"", ""adopt"", ""regard"", and ""lock"" in the glossary.",用語集で「besides」、「adopt」、「regard」、「lock」を明確にする。,改稿レビュー待ち,"共通レビュー文: besides, adopt, regard, lock"
532,carbon,炭素；炭,"Replace ""carbon"" with a clearer phrase if needed.",必要なら「carbon」をより明確な表現に置き換える。,"Clarify ""carbon"", ""liquid"", ""regarding"", and ""glance r"" in the glossary.",用語集で「carbon」、「liquid」、「regarding」、「glance r」を明確にする。,改稿レビュー待ち,"共通レビュー文: carbon, liquid, regarding, glance r"
533,liquid,液体；流動的な,"Replace ""liquid"" with a clearer phrase if needed.",必要なら「liquid」をより明確な表現に置き換える。,"Clarify ""carbon"", ""liquid"", ""regarding"", and ""glance r"" in the glossary.",用語集で「carbon」、「liquid」、「regarding」、「glance r」を明確にする。,改稿レビュー待ち,"共通レビュー文: carbon, liquid, regarding, glance r"
534,regarding,〜に関して,"Replace ""regarding"" with a clearer phrase if needed.",必要なら「regarding」をより明確な表現に置き換える。,"Clarify ""carbon"", ""liquid"", ""regarding"", and ""glance r"" in the glossary.",用語集で「carbon」、「liquid」、「regarding」、「glance r」を明確にする。,改稿レビュー待ち,"共通レビュー文: carbon, liquid, regarding, glance r"
535,glance r,ちらりと見る；一瞥,"Use ""glance r"" only if the phrase is familiar.",その表現がなじみのある場合だけ「glance r」を使う。,"Clarify ""carbon"", ""liquid"", ""regarding"", and ""glance r"" in the glossary.",用語集で「carbon」、「liquid」、「regarding」、「glance r」を明確にする。,改稿レビュー待ち,"共通レビュー文: carbon, liquid, regarding, glance r"
536,angle,角度；視点,"Replace ""angle"" with a clearer phrase if needed.",必要なら「angle」をより明確な表現に置き換える。,"Clarify ""angle"", ""crash"", ""grace"", and ""frequent"" in the glossary.",用語集で「angle」、「crash」、「grace」、「frequent」を明確にする。,改稿レビュー待ち,"共通レビュー文: angle, crash, grace, frequent"
537,crash,衝突する；暴落；墜落,"Replace ""crash"" with a clearer phrase if needed.",必要なら「crash」をより明確な表現に置き換える。,"Clarify ""angle"", ""crash"", ""grace"", and ""frequent"" in the glossary.",用語集で「angle」、「crash」、「grace」、「frequent」を明確にする。,改稿レビュー待ち,"共通レビュー文: angle, crash, grace, frequent"
538,grace,優雅；恩恵,"Replace ""grace"" with a clearer phrase if needed.",必要なら「grace」をより明確な表現に置き換える。,"Clarify ""angle"", ""crash"", ""grace"", and ""frequent"" in the glossary.",用語集で「angle」、「crash」、「grace」、「frequent」を明確にする。,改稿レビュー待ち,"共通レビュー文: angle, crash, grace, frequent"
539,frequent,頻繁な,"Replace ""frequent"" with a clearer phrase if needed.",必要なら「frequent」をより明確な表現に置き換える。,"Clarify ""angle"", ""crash"", ""grace"", and ""frequent"" in the glossary.",用語集で「angle」、「crash」、「grace」、「frequent」を明確にする。,改稿レビュー待ち,"共通レビュー文: angle, crash, grace, frequent"
540,packed,ぎっしり詰まった；混雑した,"Replace ""packed"" with a clearer phrase if needed.",必要なら「packed」をより明確な表現に置き換える。,"Clarify ""packed"", ""grammar"", ""ignore"", and ""raw"" in the glossary.",用語集で「packed」、「grammar」、「ignore」、「raw」を明確にする。,改稿レビュー待ち,"共通レビュー文: packed, grammar, ignore, raw"
541,grammar,文法,"Replace ""grammar"" with a clearer phrase if needed.",必要なら「grammar」をより明確な表現に置き換える。,"Clarify ""packed"", ""grammar"", ""ignore"", and ""raw"" in the glossary.",用語集で「packed」、「grammar」、「ignore」、「raw」を明確にする。,改稿レビュー待ち,"共通レビュー文: packed, grammar, ignore, raw"
542,ignore,を無視する,"Replace ""ignore"" with a clearer phrase if needed.",必要なら「ignore」をより明確な表現に置き換える。,"Clarify ""packed"", ""grammar"", ""ignore"", and ""raw"" in the glossary.",用語集で「packed」、「grammar」、「ignore」、「raw」を明確にする。,改稿レビュー待ち,"共通レビュー文: packed, grammar, ignore, raw"
543,raw,生の；未加工の,"Replace ""raw"" with a clearer phrase if needed.",必要なら「raw」をより明確な表現に置き換える。,"Clarify ""packed"", ""grammar"", ""ignore"", and ""raw"" in the glossary.",用語集で「packed」、「grammar」、「ignore」、「raw」を明確にする。,改稿レビュー待ち,"共通レビュー文: packed, grammar, ignore, raw"
544,machinery,機械；機構,"Replace ""machinery"" with a clearer phrase if needed.",必要なら「machinery」をより明確な表現に置き換える。,"Clarify ""machinery"", ""refuse"", ""witness"", and ""landing"" in the glossary.",用語集で「machinery」、「refuse」、「witness」、「landing」を明確にする。,改稿レビュー待ち,"共通レビュー文: machinery, refuse, witness, landing"
545,refuse,を断る；拒否する,"Replace ""refuse"" with a clearer phrase if needed.",必要なら「refuse」をより明確な表現に置き換える。,"Clarify ""machinery"", ""refuse"", ""witness"", and ""landing"" in the glossary.",用語集で「machinery」、「refuse」、「witness」、「landing」を明確にする。,改稿レビュー待ち,"共通レビュー文: machinery, refuse, witness, landing"
546,witness,目撃者；を目撃する,Clarify the witness before the next review.,次のレビュー前にwitnessを明確にする。,"Clarify ""machinery"", ""refuse"", ""witness"", and ""landing"" in the glossary.",用語集で「machinery」、「refuse」、「witness」、「landing」を明確にする。,改稿レビュー待ち,"共通レビュー文: machinery, refuse, witness, landing"
548,landing,上陸；着陸,"Replace ""landing"" with a clearer phrase if needed.",必要なら「landing」をより明確な表現に置き換える。,"Clarify ""machinery"", ""refuse"", ""witness"", and ""landing"" in the glossary.",用語集で「machinery」、「refuse」、「witness」、「landing」を明確にする。,改稿レビュー待ち,"共通レビュー文: machinery, refuse, witness, landing"
549,informal,非公式の；くだけた,The informal option needs a clearer label.,informalの選択肢には、より明確なラベルが必要だ。,"Clarify ""informal"", ""demonstrate"", ""demanding"", and ""quantity r"" in the glossary.",用語集で「informal」、「demonstrate」、「demanding」、「quantity r」を明確にする。,改稿レビュー待ち,"共通レビュー文: informal, demonstrate, demanding, quantity r"
550,demonstrate,を実証する,"Replace ""demonstrate"" with a clearer phrase if needed.",必要なら「demonstrate」をより明確な表現に置き換える。,"Clarify ""informal"", ""demonstrate"", ""demanding"", and ""quantity r"" in the glossary.",用語集で「informal」、「demonstrate」、「demanding」、「quantity r」を明確にする。,改稿レビュー待ち,"共通レビュー文: informal, demonstrate, demanding, quantity r"
551,demanding,要求の多い；厳しい,"Replace ""demanding"" with a clearer phrase if needed.",必要なら「demanding」をより明確な表現に置き換える。,"Clarify ""informal"", ""demonstrate"", ""demanding"", and ""quantity r"" in the glossary.",用語集で「informal」、「demonstrate」、「demanding」、「quantity r」を明確にする。,改稿レビュー待ち,"共通レビュー文: informal, demonstrate, demanding, quantity r"
552,quantity r,量；数量,"Use ""quantity r"" only if the phrase is familiar.",その表現がなじみのある場合だけ「quantity r」を使う。,"Clarify ""informal"", ""demonstrate"", ""demanding"", and ""quantity r"" in the glossary.",用語集で「informal」、「demonstrate」、「demanding」、「quantity r」を明確にする。,改稿レビュー待ち,"共通レビュー文: informal, demonstrate, demanding, quantity r"
553,announcement,発表；お知らせ,Clarify the announcement before the next review.,次のレビュー前にannouncementを明確にする。,"Clarify ""announcement"", ""savings"", ""flesh"", and ""persuade"" in the glossary.",用語集で「announcement」、「savings」、「flesh」、「persuade」を明確にする。,改稿レビュー待ち,"共通レビュー文: announcement, savings, flesh, persuade"
554,savings,貯蓄；節約,"Replace ""savings"" with a clearer phrase if needed.",必要なら「savings」をより明確な表現に置き換える。,"Clarify ""announcement"", ""savings"", ""flesh"", and ""persuade"" in the glossary.",用語集で「announcement」、「savings」、「flesh」、「persuade」を明確にする。,改稿レビュー待ち,"共通レビュー文: announcement, savings, flesh, persuade"
555,flesh,肉；身体,"Replace ""flesh"" with a clearer phrase if needed.",必要なら「flesh」をより明確な表現に置き換える。,"Clarify ""announcement"", ""savings"", ""flesh"", and ""persuade"" in the glossary.",用語集で「announcement」、「savings」、「flesh」、「persuade」を明確にする。,改稿レビュー待ち,"共通レビュー文: announcement, savings, flesh, persuade"
556,persuade,を説得する,"Replace ""persuade"" with a clearer phrase if needed.",必要なら「persuade」をより明確な表現に置き換える。,"Clarify ""announcement"", ""savings"", ""flesh"", and ""persuade"" in the glossary.",用語集で「announcement」、「savings」、「flesh」、「persuade」を明確にする。,改稿レビュー待ち,"共通レビュー文: announcement, savings, flesh, persuade"
557,dawn,夜明け；始まり,"Replace ""dawn"" with a clearer phrase if needed.",必要なら「dawn」をより明確な表現に置き換える。,"Clarify ""dawn"", ""undoubtedly"", ""loud"", and ""purity"" in the glossary.",用語集で「dawn」、「undoubtedly」、「loud」、「purity」を明確にする。,改稿レビュー待ち,"共通レビュー文: dawn, undoubtedly, loud, purity"
558,undoubtedly,疑いなく；確かに,"Use ""undoubtedly"" carefully in helper text.",ヘルプ文では「undoubtedly」を慎重に使う。,"Clarify ""dawn"", ""undoubtedly"", ""loud"", and ""purity"" in the glossary.",用語集で「dawn」、「undoubtedly」、「loud」、「purity」を明確にする。,改稿レビュー待ち,"共通レビュー文: dawn, undoubtedly, loud, purity"
559,loud,大きな音の；声高な,"Replace ""loud"" with a clearer phrase if needed.",必要なら「loud」をより明確な表現に置き換える。,"Clarify ""dawn"", ""undoubtedly"", ""loud"", and ""purity"" in the glossary.",用語集で「dawn」、「undoubtedly」、「loud」、「purity」を明確にする。,改稿レビュー待ち,"共通レビュー文: dawn, undoubtedly, loud, purity"
560,purity,純粋さ；清潔さ,Clarify the purity before the next review.,次のレビュー前にpurityを明確にする。,"Clarify ""dawn"", ""undoubtedly"", ""loud"", and ""purity"" in the glossary.",用語集で「dawn」、「undoubtedly」、「loud」、「purity」を明確にする。,改稿レビュー待ち,"共通レビュー文: dawn, undoubtedly, loud, purity"
561,goad,刺激する；駆り立てる,"Replace ""goad"" with a clearer phrase if needed.",必要なら「goad」をより明確な表現に置き換える。,"Clarify ""goad"", ""reverse"", ""rouge"", and ""rut"" in the glossary.",用語集で「goad」、「reverse」、「rouge」、「rut」を明確にする。,改稿レビュー待ち,"共通レビュー文: goad, reverse, rouge, rut"
562,reverse,逆にする；逆の,"Replace ""reverse"" with a clearer phrase if needed.",必要なら「reverse」をより明確な表現に置き換える。,"Clarify ""goad"", ""reverse"", ""rouge"", and ""rut"" in the glossary.",用語集で「goad」、「reverse」、「rouge」、「rut」を明確にする。,改稿レビュー待ち,"共通レビュー文: goad, reverse, rouge, rut"
563,rouge,口紅；赤色,"Replace ""rouge"" with a clearer phrase if needed.",必要なら「rouge」をより明確な表現に置き換える。,"Clarify ""goad"", ""reverse"", ""rouge"", and ""rut"" in the glossary.",用語集で「goad」、「reverse」、「rouge」、「rut」を明確にする。,改稿レビュー待ち,"共通レビュー文: goad, reverse, rouge, rut"
564,rut,轍；慣例；溝,"Replace ""rut"" with a clearer phrase if needed.",必要なら「rut」をより明確な表現に置き換える。,"Clarify ""goad"", ""reverse"", ""rouge"", and ""rut"" in the glossary.",用語集で「goad」、「reverse」、「rouge」、「rut」を明確にする。,改稿レビュー待ち,"共通レビュー文: goad, reverse, rouge, rut"
565,governor,知事；総督,"Replace ""governor"" with a clearer phrase if needed.",必要なら「governor」をより明確な表現に置き換える。,"Clarify ""governor"", ""tongue"", ""roughly"", and ""rush"" in the glossary.",用語集で「governor」、「tongue」、「roughly」、「rush」を明確にする。,改稿レビュー待ち,"共通レビュー文: governor, tongue, roughly, rush"
566,tongue,舌；言語,"Replace ""tongue"" with a clearer phrase if needed.",必要なら「tongue」をより明確な表現に置き換える。,"Clarify ""governor"", ""tongue"", ""roughly"", and ""rush"" in the glossary.",用語集で「governor」、「tongue」、「roughly」、「rush」を明確にする。,改稿レビュー待ち,"共通レビュー文: governor, tongue, roughly, rush"
567,roughly,おおよそ；大まかに,"Use ""roughly"" carefully in helper text.",ヘルプ文では「roughly」を慎重に使う。,"Clarify ""governor"", ""tongue"", ""roughly"", and ""rush"" in the glossary.",用語集で「governor」、「tongue」、「roughly」、「rush」を明確にする。,改稿レビュー待ち,"共通レビュー文: governor, tongue, roughly, rush"
568,rush,を急ぐ；突進,"Replace ""rush"" with a clearer phrase if needed.",必要なら「rush」をより明確な表現に置き換える。,"Clarify ""governor"", ""tongue"", ""roughly"", and ""rush"" in the glossary.",用語集で「governor」、「tongue」、「roughly」、「rush」を明確にする。,改稿レビュー待ち,"共通レビュー文: governor, tongue, roughly, rush"
569,instruction r,指示；説明書,"Use ""instruction r"" only if the phrase is familiar.",その表現がなじみのある場合だけ「instruction r」を使う。,"Clarify ""instruction r"", ""breathing"", ""repair"", and ""farming"" in the glossary.",用語集で「instruction r」、「breathing」、「repair」、「farming」を明確にする。,改稿レビュー待ち,"共通レビュー文: instruction r, breathing, repair, farming"
570,breathing,呼吸,"Replace ""breathing"" with a clearer phrase if needed.",必要なら「breathing」をより明確な表現に置き換える。,"Clarify ""instruction r"", ""breathing"", ""repair"", and ""farming"" in the glossary.",用語集で「instruction r」、「breathing」、「repair」、「farming」を明確にする。,改稿レビュー待ち,"共通レビュー文: instruction r, breathing, repair, farming"
571,repair,を修理する；修繕,"Replace ""repair"" with a clearer phrase if needed.",必要なら「repair」をより明確な表現に置き換える。,"Clarify ""instruction r"", ""breathing"", ""repair"", and ""farming"" in the glossary.",用語集で「instruction r」、「breathing」、「repair」、「farming」を明確にする。,改稿レビュー待ち,"共通レビュー文: instruction r, breathing, repair, farming"
572,farming,農業；農場経営,"Replace ""farming"" with a clearer phrase if needed.",必要なら「farming」をより明確な表現に置き換える。,"Clarify ""instruction r"", ""breathing"", ""repair"", and ""farming"" in the glossary.",用語集で「instruction r」、「breathing」、「repair」、「farming」を明確にする。,改稿レビュー待ち,"共通レビュー文: instruction r, breathing, repair, farming"
573,generous,寛大な；気前のよい,The generous option needs a clearer label.,generousの選択肢には、より明確なラベルが必要だ。,"Clarify ""generous"", ""asleep"", ""bare"", and ""exact"" in the glossary.",用語集で「generous」、「asleep」、「bare」、「exact」を明確にする。,改稿レビュー待ち,"共通レビュー文: generous, asleep, bare, exact"
574,asleep,眠っている,"Replace ""asleep"" with a clearer phrase if needed.",必要なら「asleep」をより明確な表現に置き換える。,"Clarify ""generous"", ""asleep"", ""bare"", and ""exact"" in the glossary.",用語集で「generous」、「asleep」、「bare」、「exact」を明確にする。,改稿レビュー待ち,"共通レビュー文: generous, asleep, bare, exact"
575,bare,裸の；むき出しの,"Replace ""bare"" with a clearer phrase if needed.",必要なら「bare」をより明確な表現に置き換える。,"Clarify ""generous"", ""asleep"", ""bare"", and ""exact"" in the glossary.",用語集で「generous」、「asleep」、「bare」、「exact」を明確にする。,改稿レビュー待ち,"共通レビュー文: generous, asleep, bare, exact"
576,exact,正確な；を要求する,"Replace ""exact"" with a clearer phrase if needed.",必要なら「exact」をより明確な表現に置き換える。,"Clarify ""generous"", ""asleep"", ""bare"", and ""exact"" in the glossary.",用語集で「generous」、「asleep」、「bare」、「exact」を明確にする。,改稿レビュー待ち,"共通レビュー文: generous, asleep, bare, exact"
577,explore,探索する,"Replace ""explore"" with a clearer phrase if needed.",必要なら「explore」をより明確な表現に置き換える。,"Clarify ""explore"", ""staff"", ""arrange"", and ""occupation"" in the glossary.",用語集で「explore」、「staff」、「arrange」、「occupation」を明確にする。,改稿レビュー待ち,"共通レビュー文: explore, staff, arrange, occupation"
578,staff,スタッフ；職員,"Replace ""staff"" with a clearer phrase if needed.",必要なら「staff」をより明確な表現に置き換える。,"Clarify ""explore"", ""staff"", ""arrange"", and ""occupation"" in the glossary.",用語集で「explore」、「staff」、「arrange」、「occupation」を明確にする。,改稿レビュー待ち,"共通レビュー文: explore, staff, arrange, occupation"
579,arrange,を準備する；整理する,"Replace ""arrange"" with a clearer phrase if needed.",必要なら「arrange」をより明確な表現に置き換える。,"Clarify ""explore"", ""staff"", ""arrange"", and ""occupation"" in the glossary.",用語集で「explore」、「staff」、「arrange」、「occupation」を明確にする。,改稿レビュー待ち,"共通レビュー文: explore, staff, arrange, occupation"
580,occupation,職業；占領,Clarify the occupation before the next review.,次のレビュー前にoccupationを明確にする。,"Clarify ""explore"", ""staff"", ""arrange"", and ""occupation"" in the glossary.",用語集で「explore」、「staff」、「arrange」、「occupation」を明確にする。,改稿レビュー待ち,"共通レビュー文: explore, staff, arrange, occupation"
582,ceiling,天井；上限,"Replace ""ceiling"" with a clearer phrase if needed.",必要なら「ceiling」をより明確な表現に置き換える。,"Clarify ""ceiling"", ""passion"", ""shell"", and ""fancy"" in the glossary.",用語集で「ceiling」、「passion」、「shell」、「fancy」を明確にする。,改稿レビュー待ち,"共通レビュー文: ceiling, passion, shell, fancy"
583,passion,情熱；熱意,Clarify the passion before the next review.,次のレビュー前にpassionを明確にする。,"Clarify ""ceiling"", ""passion"", ""shell"", and ""fancy"" in the glossary.",用語集で「ceiling」、「passion」、「shell」、「fancy」を明確にする。,改稿レビュー待ち,"共通レビュー文: ceiling, passion, shell, fancy"
584,shell,貝殻；殻；を砲撃する,"Replace ""shell"" with a clearer phrase if needed.",必要なら「shell」をより明確な表現に置き換える。,"Clarify ""ceiling"", ""passion"", ""shell"", and ""fancy"" in the glossary.",用語集で「ceiling」、「passion」、「shell」、「fancy」を明確にする。,改稿レビュー待ち,"共通レビュー文: ceiling, passion, shell, fancy"
585,fancy,好む；想像；豪華な,"Replace ""fancy"" with a clearer phrase if needed.",必要なら「fancy」をより明確な表現に置き換える。,"Clarify ""ceiling"", ""passion"", ""shell"", and ""fancy"" in the glossary.",用語集で「ceiling」、「passion」、「shell」、「fancy」を明確にする。,改稿レビュー待ち,"共通レビュー文: ceiling, passion, shell, fancy"
586,substance r,物質；実体,"Use ""substance r"" only if the phrase is familiar.",その表現がなじみのある場合だけ「substance r」を使う。,"Clarify ""substance r"", ""abstract"", ""perception"", and ""lawyer"" in the glossary.",用語集で「substance r」、「abstract」、「perception」、「lawyer」を明確にする。,改稿レビュー待ち,"共通レビュー文: substance r, abstract, perception, lawyer"
587,abstract,要旨；抽象的な,"Replace ""abstract"" with a clearer phrase if needed.",必要なら「abstract」をより明確な表現に置き換える。,"Clarify ""substance r"", ""abstract"", ""perception"", and ""lawyer"" in the glossary.",用語集で「substance r」、「abstract」、「perception」、「lawyer」を明確にする。,改稿レビュー待ち,"共通レビュー文: substance r, abstract, perception, lawyer"
588,perception,認識,Clarify the perception before the next review.,次のレビュー前にperceptionを明確にする。,"Clarify ""substance r"", ""abstract"", ""perception"", and ""lawyer"" in the glossary.",用語集で「substance r」、「abstract」、「perception」、「lawyer」を明確にする。,改稿レビュー待ち,"共通レビュー文: substance r, abstract, perception, lawyer"
589,lawyer,弁護士,"Replace ""lawyer"" with a clearer phrase if needed.",必要なら「lawyer」をより明確な表現に置き換える。,"Clarify ""substance r"", ""abstract"", ""perception"", and ""lawyer"" in the glossary.",用語集で「substance r」、「abstract」、「perception」、「lawyer」を明確にする。,改稿レビュー待ち,"共通レビュー文: substance r, abstract, perception, lawyer"
590,arrest,を逮捕する；逮捕,"Replace ""arrest"" with a clearer phrase if needed.",必要なら「arrest」をより明確な表現に置き換える。,"Clarify ""arrest"", ""trace"", ""trousers"", and ""fate"" in the glossary.",用語集で「arrest」、「trace」、「trousers」、「fate」を明確にする。,改稿レビュー待ち,"共通レビュー文: arrest, trace, trousers, fate"
591,trace,追跡する；痕跡,"Replace ""trace"" with a clearer phrase if needed.",必要なら「trace」をより明確な表現に置き換える。,"Clarify ""arrest"", ""trace"", ""trousers"", and ""fate"" in the glossary.",用語集で「arrest」、「trace」、「trousers」、「fate」を明確にする。,改稿レビュー待ち,"共通レビュー文: arrest, trace, trousers, fate"
592,trousers,ズボン,"Replace ""trousers"" with a clearer phrase if needed.",必要なら「trousers」をより明確な表現に置き換える。,"Clarify ""arrest"", ""trace"", ""trousers"", and ""fate"" in the glossary.",用語集で「arrest」、「trace」、「trousers」、「fate」を明確にする。,改稿レビュー待ち,"共通レビュー文: arrest, trace, trousers, fate"
593,fate,運命,"Replace ""fate"" with a clearer phrase if needed.",必要なら「fate」をより明確な表現に置き換える。,"Clarify ""arrest"", ""trace"", ""trousers"", and ""fate"" in the glossary.",用語集で「arrest」、「trace」、「trousers」、「fate」を明確にする。,改稿レビュー待ち,"共通レビュー文: arrest, trace, trousers, fate"
594,deliver,を届ける；演説する,"Replace ""deliver"" with a clearer phrase if needed.",必要なら「deliver」をより明確な表現に置き換える。,"Clarify ""deliver"", ""empert"", ""succee"", and ""pat"" in the glossary.",用語集で「deliver」、「empert」、「succee」、「pat」を明確にする。,改稿レビュー待ち,"共通レビュー文: deliver, empert, succee, pat"
595,empert,専門家；熟練者,"Replace ""empert"" with a clearer phrase if needed.",必要なら「empert」をより明確な表現に置き換える。,"Clarify ""deliver"", ""empert"", ""succee"", and ""pat"" in the glossary.",用語集で「deliver」、「empert」、「succee」、「pat」を明確にする。,改稿レビュー待ち,"共通レビュー文: deliver, empert, succee, pat"
596,succee,成功する；後継ぎになる,"Replace ""succee"" with a clearer phrase if needed.",必要なら「succee」をより明確な表現に置き換える。,"Clarify ""deliver"", ""empert"", ""succee"", and ""pat"" in the glossary.",用語集で「deliver」、「empert」、「succee」、「pat」を明確にする。,改稿レビュー待ち,"共通レビュー文: deliver, empert, succee, pat"
597,pat,軽くたたく；よしよしする,"Replace ""pat"" with a clearer phrase if needed.",必要なら「pat」をより明確な表現に置き換える。,"Clarify ""deliver"", ""empert"", ""succee"", and ""pat"" in the glossary.",用語集で「deliver」、「empert」、「succee」、「pat」を明確にする。,改稿レビュー待ち,"共通レビュー文: deliver, empert, succee, pat"
599,ray,光線；ひと筋の光,"Replace ""ray"" with a clearer phrase if needed.",必要なら「ray」をより明確な表現に置き換える。,"Clarify ""ray"", ""urgent"", ""folk"", and ""desert"" in the glossary.",用語集で「ray」、「urgent」、「folk」、「desert」を明確にする。,改稿レビュー待ち,"共通レビュー文: ray, urgent, folk, desert"
600,urgent,緊急の；差し迫った,"Replace ""urgent"" with a clearer phrase if needed.",必要なら「urgent」をより明確な表現に置き換える。,"Clarify ""ray"", ""urgent"", ""folk"", and ""desert"" in the glossary.",用語集で「ray」、「urgent」、「folk」、「desert」を明確にする。,改稿レビュー待ち,"共通レビュー文: ray, urgent, folk, desert"
601,folk,人々；民族；民俗の,"Replace ""folk"" with a clearer phrase if needed.",必要なら「folk」をより明確な表現に置き換える。,"Clarify ""ray"", ""urgent"", ""folk"", and ""desert"" in the glossary.",用語集で「ray」、「urgent」、「folk」、「desert」を明確にする。,改稿レビュー待ち,"共通レビュー文: ray, urgent, folk, desert"
602,desert,砂漠；を見捨てる,"Replace ""desert"" with a clearer phrase if needed.",必要なら「desert」をより明確な表現に置き換える。,"Clarify ""ray"", ""urgent"", ""folk"", and ""desert"" in the glossary.",用語集で「ray」、「urgent」、「folk」、「desert」を明確にする。,改稿レビュー待ち,"共通レビュー文: ray, urgent, folk, desert"
603,recognise r,を認識する；を認める,"Use ""recognise r"" only if the phrase is familiar.",その表現がなじみのある場合だけ「recognise r」を使う。,"Clarify ""recognise r"", ""grave"", ""laughter"", and ""sympathy"" in the glossary.",用語集で「recognise r」、「grave」、「laughter」、「sympathy」を明確にする。,改稿レビュー待ち,"共通レビュー文: recognise r, grave, laughter, sympathy"
604,grave,重大な；墓,"Replace ""grave"" with a clearer phrase if needed.",必要なら「grave」をより明確な表現に置き換える。,"Clarify ""recognise r"", ""grave"", ""laughter"", and ""sympathy"" in the glossary.",用語集で「recognise r」、「grave」、「laughter」、「sympathy」を明確にする。,改稿レビュー待ち,"共通レビュー文: recognise r, grave, laughter, sympathy"
605,laughter,笑い；笑声,"Replace ""laughter"" with a clearer phrase if needed.",必要なら「laughter」をより明確な表現に置き換える。,"Clarify ""recognise r"", ""grave"", ""laughter"", and ""sympathy"" in the glossary.",用語集で「recognise r」、「grave」、「laughter」、「sympathy」を明確にする。,改稿レビュー待ち,"共通レビュー文: recognise r, grave, laughter, sympathy"
606,sympathy,同情；共感,"Replace ""sympathy"" with a clearer phrase if needed.",必要なら「sympathy」をより明確な表現に置き換える。,"Clarify ""recognise r"", ""grave"", ""laughter"", and ""sympathy"" in the glossary.",用語集で「recognise r」、「grave」、「laughter」、「sympathy」を明確にする。,改稿レビュー待ち,"共通レビュー文: recognise r, grave, laughter, sympathy"
607,everyday,日常の；毎日の,"Replace ""everyday"" with a clearer phrase if needed.",必要なら「everyday」をより明確な表現に置き換える。,"Clarify ""everyday"", ""addition"", ""anniversary"", and ""craft"" in the glossary.",用語集で「everyday」、「addition」、「anniversary」、「craft」を明確にする。,改稿レビュー待ち,"共通レビュー文: everyday, addition, anniversary, craft"
608,addition,追加；加算,Clarify the addition before the next review.,次のレビュー前にadditionを明確にする。,"Clarify ""everyday"", ""addition"", ""anniversary"", and ""craft"" in the glossary.",用語集で「everyday」、「addition」、「anniversary」、「craft」を明確にする。,改稿レビュー待ち,"共通レビュー文: everyday, addition, anniversary, craft"
609,anniversary,記念日,"Replace ""anniversary"" with a clearer phrase if needed.",必要なら「anniversary」をより明確な表現に置き換える。,"Clarify ""everyday"", ""addition"", ""anniversary"", and ""craft"" in the glossary.",用語集で「everyday」、「addition」、「anniversary」、「craft」を明確にする。,改稿レビュー待ち,"共通レビュー文: everyday, addition, anniversary, craft"
610,craft,工芸；技巧；船,"Replace ""craft"" with a clearer phrase if needed.",必要なら「craft」をより明確な表現に置き換える。,"Clarify ""everyday"", ""addition"", ""anniversary"", and ""craft"" in the glossary.",用語集で「everyday」、「addition」、「anniversary」、「craft」を明確にする。,改稿レビュー待ち,"共通レビュー文: everyday, addition, anniversary, craft"
611,fortune,財産；幸運,"Replace ""fortune"" with a clearer phrase if needed.",必要なら「fortune」をより明確な表現に置き換える。,"Clarify ""fortune"", ""talent"", ""strict"", and ""tap"" in the glossary.",用語集で「fortune」、「talent」、「strict」、「tap」を明確にする。,改稿レビュー待ち,"共通レビュー文: fortune, talent, strict, tap"
612,talent,才能；有能な人,"Replace ""talent"" with a clearer phrase if needed.",必要なら「talent」をより明確な表現に置き換える。,"Clarify ""fortune"", ""talent"", ""strict"", and ""tap"" in the glossary.",用語集で「fortune」、「talent」、「strict」、「tap」を明確にする。,改稿レビュー待ち,"共通レビュー文: fortune, talent, strict, tap"
613,strict,厳格な；厳しい,"Replace ""strict"" with a clearer phrase if needed.",必要なら「strict」をより明確な表現に置き換える。,"Clarify ""fortune"", ""talent"", ""strict"", and ""tap"" in the glossary.",用語集で「fortune」、「talent」、「strict」、「tap」を明確にする。,改稿レビュー待ち,"共通レビュー文: fortune, talent, strict, tap"
614,tap,蛇口；軽くたたく,"Replace ""tap"" with a clearer phrase if needed.",必要なら「tap」をより明確な表現に置き換える。,"Clarify ""fortune"", ""talent"", ""strict"", and ""tap"" in the glossary.",用語集で「fortune」、「talent」、「strict」、「tap」を明確にする。,改稿レビュー待ち,"共通レビュー文: fortune, talent, strict, tap"
616,wound,傷；を傷つける,"Replace ""wound"" with a clearer phrase if needed.",必要なら「wound」をより明確な表現に置き換える。,"Clarify ""wound"", ""dare"", ""emerge"", and ""intend"" in the glossary.",用語集で「wound」、「dare」、「emerge」、「intend」を明確にする。,改稿レビュー待ち,"共通レビュー文: wound, dare, emerge, intend"
617,dare,あえて〜する,"Replace ""dare"" with a clearer phrase if needed.",必要なら「dare」をより明確な表現に置き換える。,"Clarify ""wound"", ""dare"", ""emerge"", and ""intend"" in the glossary.",用語集で「wound」、「dare」、「emerge」、「intend」を明確にする。,改稿レビュー待ち,"共通レビュー文: wound, dare, emerge, intend"
618,emerge,現れる；浮上する,"Replace ""emerge"" with a clearer phrase if needed.",必要なら「emerge」をより明確な表現に置き換える。,"Clarify ""wound"", ""dare"", ""emerge"", and ""intend"" in the glossary.",用語集で「wound」、「dare」、「emerge」、「intend」を明確にする。,改稿レビュー待ち,"共通レビュー文: wound, dare, emerge, intend"
619,intend,を意図する；つもりである,"Replace ""intend"" with a clearer phrase if needed.",必要なら「intend」をより明確な表現に置き換える。,"Clarify ""wound"", ""dare"", ""emerge"", and ""intend"" in the glossary.",用語集で「wound」、「dare」、「emerge」、「intend」を明確にする。,改稿レビュー待ち,"共通レビュー文: wound, dare, emerge, intend"
621,unexpected,予期しない；意外な,"Replace ""unexpected"" with a clearer phrase if needed.",必要なら「unexpected」をより明確な表現に置き換える。,"Clarify ""unexpected"", ""divorce"", ""navy"", and ""wildlife"" in the glossary.",用語集で「unexpected」、「divorce」、「navy」、「wildlife」を明確にする。,改稿レビュー待ち,"共通レビュー文: unexpected, divorce, navy, wildlife"
622,divorce,離婚；を切り離す,"Replace ""divorce"" with a clearer phrase if needed.",必要なら「divorce」をより明確な表現に置き換える。,"Clarify ""unexpected"", ""divorce"", ""navy"", and ""wildlife"" in the glossary.",用語集で「unexpected」、「divorce」、「navy」、「wildlife」を明確にする。,改稿レビュー待ち,"共通レビュー文: unexpected, divorce, navy, wildlife"
623,navy,海軍；紺色,"Replace ""navy"" with a clearer phrase if needed.",必要なら「navy」をより明確な表現に置き換える。,"Clarify ""unexpected"", ""divorce"", ""navy"", and ""wildlife"" in the glossary.",用語集で「unexpected」、「divorce」、「navy」、「wildlife」を明確にする。,改稿レビュー待ち,"共通レビュー文: unexpected, divorce, navy, wildlife"
624,wildlife,野生生物,"Replace ""wildlife"" with a clearer phrase if needed.",必要なら「wildlife」をより明確な表現に置き換える。,"Clarify ""unexpected"", ""divorce"", ""navy"", and ""wildlife"" in the glossary.",用語集で「unexpected」、「divorce」、「navy」、「wildlife」を明確にする。,改稿レビュー待ち,"共通レビュー文: unexpected, divorce, navy, wildlife"
625,discrimination,差別；区別,Clarify the discrimination before the next review.,次のレビュー前にdiscriminationを明確にする。,"Clarify ""discrimination"", ""shame"", ""recover"", and ""convenient"" in the glossary.",用語集で「discrimination」、「shame」、「recover」、「convenient」を明確にする。,改稿レビュー待ち,"共通レビュー文: discrimination, shame, recover, convenient"
626,shame,恥；恥ずかしさ,"Replace ""shame"" with a clearer phrase if needed.",必要なら「shame」をより明確な表現に置き換える。,"Clarify ""discrimination"", ""shame"", ""recover"", and ""convenient"" in the glossary.",用語集で「discrimination」、「shame」、「recover」、「convenient」を明確にする。,改稿レビュー待ち,"共通レビュー文: discrimination, shame, recover, convenient"
627,recover,回復する,"Replace ""recover"" with a clearer phrase if needed.",必要なら「recover」をより明確な表現に置き換える。,"Clarify ""discrimination"", ""shame"", ""recover"", and ""convenient"" in the glossary.",用語集で「discrimination」、「shame」、「recover」、「convenient」を明確にする。,改稿レビュー待ち,"共通レビュー文: discrimination, shame, recover, convenient"
628,convenient,便利な；都合のよい,"Replace ""convenient"" with a clearer phrase if needed.",必要なら「convenient」をより明確な表現に置き換える。,"Clarify ""discrimination"", ""shame"", ""recover"", and ""convenient"" in the glossary.",用語集で「discrimination」、「shame」、「recover」、「convenient」を明確にする。,改稿レビュー待ち,"共通レビュー文: discrimination, shame, recover, convenient"
629,biological,生物学的な,The biological option needs a clearer label.,biologicalの選択肢には、より明確なラベルが必要だ。,"Clarify ""biological"", ""warmth"", ""earn"", and ""mechanical"" in the glossary.",用語集で「biological」、「warmth」、「earn」、「mechanical」を明確にする。,改稿レビュー待ち,"共通レビュー文: biological, warmth, earn, mechanical"
630,warmth,温かさ；親しみやすさ,"Replace ""warmth"" with a clearer phrase if needed.",必要なら「warmth」をより明確な表現に置き換える。,"Clarify ""biological"", ""warmth"", ""earn"", and ""mechanical"" in the glossary.",用語集で「biological」、「warmth」、「earn」、「mechanical」を明確にする。,改稿レビュー待ち,"共通レビュー文: biological, warmth, earn, mechanical"
631,earn,を稼ぐ；を得る,"Replace ""earn"" with a clearer phrase if needed.",必要なら「earn」をより明確な表現に置き換える。,"Clarify ""biological"", ""warmth"", ""earn"", and ""mechanical"" in the glossary.",用語集で「biological」、「warmth」、「earn」、「mechanical」を明確にする。,改稿レビュー待ち,"共通レビュー文: biological, warmth, earn, mechanical"
633,mechanical,機械的な；自動的な,The mechanical option needs a clearer label.,mechanicalの選択肢には、より明確なラベルが必要だ。,"Clarify ""biological"", ""warmth"", ""earn"", and ""mechanical"" in the glossary.",用語集で「biological」、「warmth」、「earn」、「mechanical」を明確にする。,改稿レビュー待ち,"共通レビュー文: biological, warmth, earn, mechanical"
634,destroy,を破壊する,"Replace ""destroy"" with a clearer phrase if needed.",必要なら「destroy」をより明確な表現に置き換える。,"Clarify ""destroy"", ""tube"", ""reward"", and ""literally"" in the glossary.",用語集で「destroy」、「tube」、「reward」、「literally」を明確にする。,改稿レビュー待ち,"共通レビュー文: destroy, tube, reward, literally"
635,tube,管；チューブ,"Replace ""tube"" with a clearer phrase if needed.",必要なら「tube」をより明確な表現に置き換える。,"Clarify ""destroy"", ""tube"", ""reward"", and ""literally"" in the glossary.",用語集で「destroy」、「tube」、「reward」、「literally」を明確にする。,改稿レビュー待ち,"共通レビュー文: destroy, tube, reward, literally"
636,reward,報酬；ご褒美,"Replace ""reward"" with a clearer phrase if needed.",必要なら「reward」をより明確な表現に置き換える。,"Clarify ""destroy"", ""tube"", ""reward"", and ""literally"" in the glossary.",用語集で「destroy」、「tube」、「reward」、「literally」を明確にする。,改稿レビュー待ち,"共通レビュー文: destroy, tube, reward, literally"
638,literally,文字通りに；本当に,"Use ""literally"" carefully in helper text.",ヘルプ文では「literally」を慎重に使う。,"Clarify ""destroy"", ""tube"", ""reward"", and ""literally"" in the glossary.",用語集で「destroy」、「tube」、「reward」、「literally」を明確にする。,改稿レビュー待ち,"共通レビュー文: destroy, tube, reward, literally"
639,strip,を剥がす；細長い土地,"Replace ""strip"" with a clearer phrase if needed.",必要なら「strip」をより明確な表現に置き換える。,"Clarify ""strip"", ""satisfy"", ""corridor"", and ""compete"" in the glossary.",用語集で「strip」、「satisfy」、「corridor」、「compete」を明確にする。,改稿レビュー待ち,"共通レビュー文: strip, satisfy, corridor, compete"
640,satisfy,を満足させる,"Replace ""satisfy"" with a clearer phrase if needed.",必要なら「satisfy」をより明確な表現に置き換える。,"Clarify ""strip"", ""satisfy"", ""corridor"", and ""compete"" in the glossary.",用語集で「strip」、「satisfy」、「corridor」、「compete」を明確にする。,改稿レビュー待ち,"共通レビュー文: strip, satisfy, corridor, compete"
641,corridor,廊下；回廊,"Replace ""corridor"" with a clearer phrase if needed.",必要なら「corridor」をより明確な表現に置き換える。,"Clarify ""strip"", ""satisfy"", ""corridor"", and ""compete"" in the glossary.",用語集で「strip」、「satisfy」、「corridor」、「compete」を明確にする。,改稿レビュー待ち,"共通レビュー文: strip, satisfy, corridor, compete"
642,compete,競争する,"Replace ""compete"" with a clearer phrase if needed.",必要なら「compete」をより明確な表現に置き換える。,"Clarify ""strip"", ""satisfy"", ""corridor"", and ""compete"" in the glossary.",用語集で「strip」、「satisfy」、「corridor」、「compete」を明確にする。,改稿レビュー待ち,"共通レビュー文: strip, satisfy, corridor, compete"
643,breed,を育てる；品種；繁殖させる,"Replace ""breed"" with a clearer phrase if needed.",必要なら「breed」をより明確な表現に置き換える。,"Clarify ""breed"", ""solve"", ""delight"", and ""naked"" in the glossary.",用語集で「breed」、「solve」、「delight」、「naked」を明確にする。,改稿レビュー待ち,"共通レビュー文: breed, solve, delight, naked"
644,solve,解決する,"Replace ""solve"" with a clearer phrase if needed.",必要なら「solve」をより明確な表現に置き換える。,"Clarify ""breed"", ""solve"", ""delight"", and ""naked"" in the glossary.",用語集で「breed」、「solve」、「delight」、「naked」を明確にする。,改稿レビュー待ち,"共通レビュー文: breed, solve, delight, naked"
645,delight,喜び；を喜ばせる,"Replace ""delight"" with a clearer phrase if needed.",必要なら「delight」をより明確な表現に置き換える。,"Clarify ""breed"", ""solve"", ""delight"", and ""naked"" in the glossary.",用語集で「breed」、「solve」、「delight」、「naked」を明確にする。,改稿レビュー待ち,"共通レビュー文: breed, solve, delight, naked"
646,naked,裸の；むき出しの,"Replace ""naked"" with a clearer phrase if needed.",必要なら「naked」をより明確な表現に置き換える。,"Clarify ""breed"", ""solve"", ""delight"", and ""naked"" in the glossary.",用語集で「breed」、「solve」、「delight」、「naked」を明確にする。,改稿レビュー待ち,"共通レビュー文: breed, solve, delight, naked"
647,carriage,馬車；運搬,"Replace ""carriage"" with a clearer phrase if needed.",必要なら「carriage」をより明確な表現に置き換える。,"Clarify ""carriage"", ""pity"", ""pan"", and ""fool"" in the glossary.",用語集で「carriage」、「pity」、「pan」、「fool」を明確にする。,改稿レビュー待ち,"共通レビュー文: carriage, pity, pan, fool"
648,pity,哀れみ；残念に思う,Clarify the pity before the next review.,次のレビュー前にpityを明確にする。,"Clarify ""carriage"", ""pity"", ""pan"", and ""fool"" in the glossary.",用語集で「carriage」、「pity」、「pan」、「fool」を明確にする。,改稿レビュー待ち,"共通レビュー文: carriage, pity, pan, fool"
650,pan,鍋；全体的な,"Replace ""pan"" with a clearer phrase if needed.",必要なら「pan」をより明確な表現に置き換える。,"Clarify ""carriage"", ""pity"", ""pan"", and ""fool"" in the glossary.",用語集で「carriage」、「pity」、「pan」、「fool」を明確にする。,改稿レビュー待ち,"共通レビュー文: carriage, pity, pan, fool"
651,fool,をだます；愚か者,"Replace ""fool"" with a clearer phrase if needed.",必要なら「fool」をより明確な表現に置き換える。,"Clarify ""carriage"", ""pity"", ""pan"", and ""fool"" in the glossary.",用語集で「carriage」、「pity」、「pan」、「fool」を明確にする。,改稿レビュー待ち,"共通レビュー文: carriage, pity, pan, fool"
652,intelligent,知的な；賢い,"Replace ""intelligent"" with a clearer phrase if needed.",必要なら「intelligent」をより明確な表現に置き換える。,"Clarify ""intelligent"", ""outline"", ""physics r"", and ""invitation"" in the glossary.",用語集で「intelligent」、「outline」、「physics r」、「invitation」を明確にする。,改稿レビュー待ち,"共通レビュー文: intelligent, outline, physics r, invitation"
653,outline,概要；輪郭,"Replace ""outline"" with a clearer phrase if needed.",必要なら「outline」をより明確な表現に置き換える。,"Clarify ""intelligent"", ""outline"", ""physics r"", and ""invitation"" in the glossary.",用語集で「intelligent」、「outline」、「physics r」、「invitation」を明確にする。,改稿レビュー待ち,"共通レビュー文: intelligent, outline, physics r, invitation"
654,physics r,物理学,"Use ""physics r"" only if the phrase is familiar.",その表現がなじみのある場合だけ「physics r」を使う。,"Clarify ""intelligent"", ""outline"", ""physics r"", and ""invitation"" in the glossary.",用語集で「intelligent」、「outline」、「physics r」、「invitation」を明確にする。,改稿レビュー待ち,"共通レビュー文: intelligent, outline, physics r, invitation"
655,invitation,招待；招待状,Clarify the invitation before the next review.,次のレビュー前にinvitationを明確にする。,"Clarify ""intelligent"", ""outline"", ""physics r"", and ""invitation"" in the glossary.",用語集で「intelligent」、「outline」、「physics r」、「invitation」を明確にする。,改稿レビュー待ち,"共通レビュー文: intelligent, outline, physics r, invitation"
656,penny,ペニー；1セント,"Replace ""penny"" with a clearer phrase if needed.",必要なら「penny」をより明確な表現に置き換える。,"Clarify ""penny"", ""mate"", ""pence"", and ""underneath"" in the glossary.",用語集で「penny」、「mate」、「pence」、「underneath」を明確にする。,改稿レビュー待ち,"共通レビュー文: penny, mate, pence, underneath"
657,mate,仲間；配偶者,"Replace ""mate"" with a clearer phrase if needed.",必要なら「mate」をより明確な表現に置き換える。,"Clarify ""penny"", ""mate"", ""pence"", and ""underneath"" in the glossary.",用語集で「penny」、「mate」、「pence」、「underneath」を明確にする。,改稿レビュー待ち,"共通レビュー文: penny, mate, pence, underneath"
658,pence,ペンス（英国の貨幣）,Clarify the pence before the next review.,次のレビュー前にpenceを明確にする。,"Clarify ""penny"", ""mate"", ""pence"", and ""underneath"" in the glossary.",用語集で「penny」、「mate」、「pence」、「underneath」を明確にする。,改稿レビュー待ち,"共通レビュー文: penny, mate, pence, underneath"
659,underneath,〜の下に；下側,"Replace ""underneath"" with a clearer phrase if needed.",必要なら「underneath」をより明確な表現に置き換える。,"Clarify ""penny"", ""mate"", ""pence"", and ""underneath"" in the glossary.",用語集で「penny」、「mate」、「pence」、「underneath」を明確にする。,改稿レビュー待ち,"共通レビュー文: penny, mate, pence, underneath"
660,complaint,不満；苦情,"Replace ""complaint"" with a clearer phrase if needed.",必要なら「complaint」をより明確な表現に置き換える。,"Clarify ""complaint"", ""differ"", ""merchant"", and ""creature"" in the glossary.",用語集で「complaint」、「differ」、「merchant」、「creature」を明確にする。,改稿レビュー待ち,"共通レビュー文: complaint, differ, merchant, creature"
661,differ,異なる；違う,"Replace ""differ"" with a clearer phrase if needed.",必要なら「differ」をより明確な表現に置き換える。,"Clarify ""complaint"", ""differ"", ""merchant"", and ""creature"" in the glossary.",用語集で「complaint」、「differ」、「merchant」、「creature」を明確にする。,改稿レビュー待ち,"共通レビュー文: complaint, differ, merchant, creature"
662,merchant,商人；貿易商,"Replace ""merchant"" with a clearer phrase if needed.",必要なら「merchant」をより明確な表現に置き換える。,"Clarify ""complaint"", ""differ"", ""merchant"", and ""creature"" in the glossary.",用語集で「complaint」、「differ」、「merchant」、「creature」を明確にする。,改稿レビュー待ち,"共通レビュー文: complaint, differ, merchant, creature"
663,creature,生き物；動物,"Replace ""creature"" with a clearer phrase if needed.",必要なら「creature」をより明確な表現に置き換える。,"Clarify ""complaint"", ""differ"", ""merchant"", and ""creature"" in the glossary.",用語集で「complaint」、「differ」、「merchant」、「creature」を明確にする。,改稿レビュー待ち,"共通レビュー文: complaint, differ, merchant, creature"
664,essence,本質；エッセンス,Clarify the essence before the next review.,次のレビュー前にessenceを明確にする。,"Clarify ""essence"", ""recommend"", ""triumph"", and ""bike"" in the glossary.",用語集で「essence」、「recommend」、「triumph」、「bike」を明確にする。,改稿レビュー待ち,"共通レビュー文: essence, recommend, triumph, bike"
665,recommend,推薦する；勧める,"Replace ""recommend"" with a clearer phrase if needed.",必要なら「recommend」をより明確な表現に置き換える。,"Clarify ""essence"", ""recommend"", ""triumph"", and ""bike"" in the glossary.",用語集で「essence」、「recommend」、「triumph」、「bike」を明確にする。,改稿レビュー待ち,"共通レビュー文: essence, recommend, triumph, bike"
667,triumph,勝利；達成する,"Replace ""triumph"" with a clearer phrase if needed.",必要なら「triumph」をより明確な表現に置き換える。,"Clarify ""essence"", ""recommend"", ""triumph"", and ""bike"" in the glossary.",用語集で「essence」、「recommend」、「triumph」、「bike」を明確にする。,改稿レビュー待ち,"共通レビュー文: essence, recommend, triumph, bike"
668,bike,自転車；バイク,"Replace ""bike"" with a clearer phrase if needed.",必要なら「bike」をより明確な表現に置き換える。,"Clarify ""essence"", ""recommend"", ""triumph"", and ""bike"" in the glossary.",用語集で「essence」、「recommend」、「triumph」、「bike」を明確にする。,改稿レビュー待ち,"共通レビュー文: essence, recommend, triumph, bike"
669,luxury,贅沢；ぜいたく品,"Replace ""luxury"" with a clearer phrase if needed.",必要なら「luxury」をより明確な表現に置き換える。,"Clarify ""luxury"", ""pile"", ""nursery"", and ""muscle"" in the glossary.",用語集で「luxury」、「pile」、「nursery」、「muscle」を明確にする。,改稿レビュー待ち,"共通レビュー文: luxury, pile, nursery, muscle"
670,pile,山；積み重ね；杭,"Replace ""pile"" with a clearer phrase if needed.",必要なら「pile」をより明確な表現に置き換える。,"Clarify ""luxury"", ""pile"", ""nursery"", and ""muscle"" in the glossary.",用語集で「luxury」、「pile」、「nursery」、「muscle」を明確にする。,改稿レビュー待ち,"共通レビュー文: luxury, pile, nursery, muscle"
671,nursery,保育所；苗床；子供部屋,"Replace ""nursery"" with a clearer phrase if needed.",必要なら「nursery」をより明確な表現に置き換える。,"Clarify ""luxury"", ""pile"", ""nursery"", and ""muscle"" in the glossary.",用語集で「luxury」、「pile」、「nursery」、「muscle」を明確にする。,改稿レビュー待ち,"共通レビュー文: luxury, pile, nursery, muscle"
672,muscle,筋肉；力,"Replace ""muscle"" with a clearer phrase if needed.",必要なら「muscle」をより明確な表現に置き換える。,"Clarify ""luxury"", ""pile"", ""nursery"", and ""muscle"" in the glossary.",用語集で「luxury」、「pile」、「nursery」、「muscle」を明確にする。,改稿レビュー待ち,"共通レビュー文: luxury, pile, nursery, muscle"
673,divide,分割する；分ける,"Replace ""divide"" with a clearer phrase if needed.",必要なら「divide」をより明確な表現に置き換える。,"Clarify ""divide"", ""crack"", ""dull"", and ""dealer"" in the glossary.",用語集で「divide」、「crack」、「dull」、「dealer」を明確にする。,改稿レビュー待ち,"共通レビュー文: divide, crack, dull, dealer"
674,crack,割れ目；を割る；ひび,"Replace ""crack"" with a clearer phrase if needed.",必要なら「crack」をより明確な表現に置き換える。,"Clarify ""divide"", ""crack"", ""dull"", and ""dealer"" in the glossary.",用語集で「divide」、「crack」、「dull」、「dealer」を明確にする。,改稿レビュー待ち,"共通レビュー文: divide, crack, dull, dealer"
675,dull,退屈な；鈍い,"Replace ""dull"" with a clearer phrase if needed.",必要なら「dull」をより明確な表現に置き換える。,"Clarify ""divide"", ""crack"", ""dull"", and ""dealer"" in the glossary.",用語集で「divide」、「crack」、「dull」、「dealer」を明確にする。,改稿レビュー待ち,"共通レビュー文: divide, crack, dull, dealer"
676,dealer,販売業者；ディーラー,"Replace ""dealer"" with a clearer phrase if needed.",必要なら「dealer」をより明確な表現に置き換える。,"Clarify ""divide"", ""crack"", ""dull"", and ""dealer"" in the glossary.",用語集で「divide」、「crack」、「dull」、「dealer」を明確にする。,改稿レビュー待ち,"共通レビュー文: divide, crack, dull, dealer"
677,smart,賢い；おしゃれな,"Replace ""smart"" with a clearer phrase if needed.",必要なら「smart」をより明確な表現に置き換える。,"Clarify ""smart"", ""soldier"", ""precious"", and ""nasty"" in the glossary.",用語集で「smart」、「soldier」、「precious」、「nasty」を明確にする。,改稿レビュー待ち,"共通レビュー文: smart, soldier, precious, nasty"
678,soldier,兵士；軍人,"Replace ""soldier"" with a clearer phrase if needed.",必要なら「soldier」をより明確な表現に置き換える。,"Clarify ""smart"", ""soldier"", ""precious"", and ""nasty"" in the glossary.",用語集で「smart」、「soldier」、「precious」、「nasty」を明確にする。,改稿レビュー待ち,"共通レビュー文: smart, soldier, precious, nasty"
679,precious,貴重な,The precious option needs a clearer label.,preciousの選択肢には、より明確なラベルが必要だ。,"Clarify ""smart"", ""soldier"", ""precious"", and ""nasty"" in the glossary.",用語集で「smart」、「soldier」、「precious」、「nasty」を明確にする。,改稿レビュー待ち,"共通レビュー文: smart, soldier, precious, nasty"
680,nasty,不快な；意地悪な,"Replace ""nasty"" with a clearer phrase if needed.",必要なら「nasty」をより明確な表現に置き換える。,"Clarify ""smart"", ""soldier"", ""precious"", and ""nasty"" in the glossary.",用語集で「smart」、「soldier」、「precious」、「nasty」を明確にする。,改稿レビュー待ち,"共通レビュー文: smart, soldier, precious, nasty"
681,participate,参加する,"Replace ""participate"" with a clearer phrase if needed.",必要なら「participate」をより明確な表現に置き換える。,"Clarify ""participate"", ""combine"", ""employ"", and ""mount"" in the glossary.",用語集で「participate」、「combine」、「employ」、「mount」を明確にする。,改稿レビュー待ち,"共通レビュー文: participate, combine, employ, mount"
682,combine,を結合する；組み合わせる,"Replace ""combine"" with a clearer phrase if needed.",必要なら「combine」をより明確な表現に置き換える。,"Clarify ""participate"", ""combine"", ""employ"", and ""mount"" in the glossary.",用語集で「participate」、「combine」、「employ」、「mount」を明確にする。,改稿レビュー待ち,"共通レビュー文: participate, combine, employ, mount"
684,employ,を雇用する；利用する,"Replace ""employ"" with a clearer phrase if needed.",必要なら「employ」をより明確な表現に置き換える。,"Clarify ""participate"", ""combine"", ""employ"", and ""mount"" in the glossary.",用語集で「participate」、「combine」、「employ」、「mount」を明確にする。,改稿レビュー待ち,"共通レビュー文: participate, combine, employ, mount"
685,mount,増加する；登る,"Replace ""mount"" with a clearer phrase if needed.",必要なら「mount」をより明確な表現に置き換える。,"Clarify ""participate"", ""combine"", ""employ"", and ""mount"" in the glossary.",用語集で「participate」、「combine」、「employ」、「mount」を明確にする。,改稿レビュー待ち,"共通レビュー文: participate, combine, employ, mount"
686,remind,に思い出させる,"Replace ""remind"" with a clearer phrase if needed.",必要なら「remind」をより明確な表現に置き換える。,"Clarify ""remind"", ""chart"", ""weakness r"", and ""delicate"" in the glossary.",用語集で「remind」、「chart」、「weakness r」、「delicate」を明確にする。,改稿レビュー待ち,"共通レビュー文: remind, chart, weakness r, delicate"
687,chart,図表；チャート,"Replace ""chart"" with a clearer phrase if needed.",必要なら「chart」をより明確な表現に置き換える。,"Clarify ""remind"", ""chart"", ""weakness r"", and ""delicate"" in the glossary.",用語集で「remind」、「chart」、「weakness r」、「delicate」を明確にする。,改稿レビュー待ち,"共通レビュー文: remind, chart, weakness r, delicate"
688,weakness r,弱点；弱さ,"Use ""weakness r"" only if the phrase is familiar.",その表現がなじみのある場合だけ「weakness r」を使う。,"Clarify ""remind"", ""chart"", ""weakness r"", and ""delicate"" in the glossary.",用語集で「remind」、「chart」、「weakness r」、「delicate」を明確にする。,改稿レビュー待ち,"共通レビュー文: remind, chart, weakness r, delicate"
689,delicate,繊細な；微妙な,"Replace ""delicate"" with a clearer phrase if needed.",必要なら「delicate」をより明確な表現に置き換える。,"Clarify ""remind"", ""chart"", ""weakness r"", and ""delicate"" in the glossary.",用語集で「remind」、「chart」、「weakness r」、「delicate」を明確にする。,改稿レビュー待ち,"共通レビュー文: remind, chart, weakness r, delicate"
690,hire,を雇う；賃借り,"Replace ""hire"" with a clearer phrase if needed.",必要なら「hire」をより明確な表現に置き換える。,"Clarify ""hire"", ""manufacture"", ""infant"", and ""forth"" in the glossary.",用語集で「hire」、「manufacture」、「infant」、「forth」を明確にする。,改稿レビュー待ち,"共通レビュー文: hire, manufacture, infant, forth"
691,manufacture,を製造する；製造業,"Replace ""manufacture"" with a clearer phrase if needed.",必要なら「manufacture」をより明確な表現に置き換える。,"Clarify ""hire"", ""manufacture"", ""infant"", and ""forth"" in the glossary.",用語集で「hire」、「manufacture」、「infant」、「forth」を明確にする。,改稿レビュー待ち,"共通レビュー文: hire, manufacture, infant, forth"
692,infant,幼児；乳児,"Replace ""infant"" with a clearer phrase if needed.",必要なら「infant」をより明確な表現に置き換える。,"Clarify ""hire"", ""manufacture"", ""infant"", and ""forth"" in the glossary.",用語集で「hire」、「manufacture」、「infant」、「forth」を明確にする。,改稿レビュー待ち,"共通レビュー文: hire, manufacture, infant, forth"
693,forth,前方へ；外へ,"Replace ""forth"" with a clearer phrase if needed.",必要なら「forth」をより明確な表現に置き換える。,"Clarify ""hire"", ""manufacture"", ""infant"", and ""forth"" in the glossary.",用語集で「hire」、「manufacture」、「infant」、「forth」を明確にする。,改稿レビュー待ち,"共通レビュー文: hire, manufacture, infant, forth"
694,splendid,素晴らしい；豪華な,"Replace ""splendid"" with a clearer phrase if needed.",必要なら「splendid」をより明確な表現に置き換える。,"Clarify ""splendid"", ""restore"", ""fascinating"", and ""trap"" in the glossary.",用語集で「splendid」、「restore」、「fascinating」、「trap」を明確にする。,改稿レビュー待ち,"共通レビュー文: splendid, restore, fascinating, trap"
695,restore,を回復させる；修復する,"Replace ""restore"" with a clearer phrase if needed.",必要なら「restore」をより明確な表現に置き換える。,"Clarify ""splendid"", ""restore"", ""fascinating"", and ""trap"" in the glossary.",用語集で「splendid」、「restore」、「fascinating」、「trap」を明確にする。,改稿レビュー待ち,"共通レビュー文: splendid, restore, fascinating, trap"
696,fascinating,魅力的な,"Replace ""fascinating"" with a clearer phrase if needed.",必要なら「fascinating」をより明確な表現に置き換える。,"Clarify ""splendid"", ""restore"", ""fascinating"", and ""trap"" in the glossary.",用語集で「splendid」、「restore」、「fascinating」、「trap」を明確にする。,改稿レビュー待ち,"共通レビュー文: splendid, restore, fascinating, trap"
697,trap,わな；に閉じ込める,"Replace ""trap"" with a clearer phrase if needed.",必要なら「trap」をより明確な表現に置き換える。,"Clarify ""splendid"", ""restore"", ""fascinating"", and ""trap"" in the glossary.",用語集で「splendid」、「restore」、「fascinating」、「trap」を明確にする。,改稿レビュー待ち,"共通レビュー文: splendid, restore, fascinating, trap"
698,ambulance,救急車,Clarify the ambulance before the next review.,次のレビュー前にambulanceを明確にする。,"Clarify ""ambulance"", ""crop"", ""explosion"", and ""observe"" in the glossary.",用語集で「ambulance」、「crop」、「explosion」、「observe」を明確にする。,改稿レビュー待ち,"共通レビュー文: ambulance, crop, explosion, observe"
699,crop,作物；収穫,"Replace ""crop"" with a clearer phrase if needed.",必要なら「crop」をより明確な表現に置き換える。,"Clarify ""ambulance"", ""crop"", ""explosion"", and ""observe"" in the glossary.",用語集で「ambulance」、「crop」、「explosion」、「observe」を明確にする。,改稿レビュー待ち,"共通レビュー文: ambulance, crop, explosion, observe"
701,explosion,爆発,Clarify the explosion before the next review.,次のレビュー前にexplosionを明確にする。,"Clarify ""ambulance"", ""crop"", ""explosion"", and ""observe"" in the glossary.",用語集で「ambulance」、「crop」、「explosion」、「observe」を明確にする。,改稿レビュー待ち,"共通レビュー文: ambulance, crop, explosion, observe"
702,observe,を観察する；を守る,"Replace ""observe"" with a clearer phrase if needed.",必要なら「observe」をより明確な表現に置き換える。,"Clarify ""ambulance"", ""crop"", ""explosion"", and ""observe"" in the glossary.",用語集で「ambulance」、「crop」、「explosion」、「observe」を明確にする。,改稿レビュー待ち,"共通レビュー文: ambulance, crop, explosion, observe"
703,patch,つぎあて；区域,"Replace ""patch"" with a clearer phrase if needed.",必要なら「patch」をより明確な表現に置き換える。,"Clarify ""patch"", ""permit"", ""seed r"", and ""geography"" in the glossary.",用語集で「patch」、「permit」、「seed r」、「geography」を明確にする。,改稿レビュー待ち,"共通レビュー文: patch, permit, seed r, geography"
704,permit,を許可する；許可証,"Replace ""permit"" with a clearer phrase if needed.",必要なら「permit」をより明確な表現に置き換える。,"Clarify ""patch"", ""permit"", ""seed r"", and ""geography"" in the glossary.",用語集で「patch」、「permit」、「seed r」、「geography」を明確にする。,改稿レビュー待ち,"共通レビュー文: patch, permit, seed r, geography"
705,seed r,種子；播種する,"Use ""seed r"" only if the phrase is familiar.",その表現がなじみのある場合だけ「seed r」を使う。,"Clarify ""patch"", ""permit"", ""seed r"", and ""geography"" in the glossary.",用語集で「patch」、「permit」、「seed r」、「geography」を明確にする。,改稿レビュー待ち,"共通レビュー文: patch, permit, seed r, geography"
706,geography,地理学；地形,"Replace ""geography"" with a clearer phrase if needed.",必要なら「geography」をより明確な表現に置き換える。,"Clarify ""patch"", ""permit"", ""seed r"", and ""geography"" in the glossary.",用語集で「patch」、「permit」、「seed r」、「geography」を明確にする。,改稿レビュー待ち,"共通レビュー文: patch, permit, seed r, geography"
707,disorder,障害；混乱,"Replace ""disorder"" with a clearer phrase if needed.",必要なら「disorder」をより明確な表現に置き換える。,"Clarify ""disorder"", ""breast"", ""insist"", and ""fortunately"" in the glossary.",用語集で「disorder」、「breast」、「insist」、「fortunately」を明確にする。,改稿レビュー待ち,"共通レビュー文: disorder, breast, insist, fortunately"
708,breast,胸；乳房,"Replace ""breast"" with a clearer phrase if needed.",必要なら「breast」をより明確な表現に置き換える。,"Clarify ""disorder"", ""breast"", ""insist"", and ""fortunately"" in the glossary.",用語集で「disorder」、「breast」、「insist」、「fortunately」を明確にする。,改稿レビュー待ち,"共通レビュー文: disorder, breast, insist, fortunately"
709,insist,を主張する；要求する,"Replace ""insist"" with a clearer phrase if needed.",必要なら「insist」をより明確な表現に置き換える。,"Clarify ""disorder"", ""breast"", ""insist"", and ""fortunately"" in the glossary.",用語集で「disorder」、「breast」、「insist」、「fortunately」を明確にする。,改稿レビュー待ち,"共通レビュー文: disorder, breast, insist, fortunately"
710,fortunately,幸運にも,"Use ""fortunately"" carefully in helper text.",ヘルプ文では「fortunately」を慎重に使う。,"Clarify ""disorder"", ""breast"", ""insist"", and ""fortunately"" in the glossary.",用語集で「disorder」、「breast」、「insist」、「fortunately」を明確にする。,改稿レビュー待ち,"共通レビュー文: disorder, breast, insist, fortunately"
711,horrible,ひどい；恐ろしい；不快な,The horrible option needs a clearer label.,horribleの選択肢には、より明確なラベルが必要だ。,"Clarify ""horrible"", ""stroke"", ""praise"", and ""avenue"" in the glossary.",用語集で「horrible」、「stroke」、「praise」、「avenue」を明確にする。,改稿レビュー待ち,"共通レビュー文: horrible, stroke, praise, avenue"
712,stroke,ストローク；一打ち；を撫でる,"Replace ""stroke"" with a clearer phrase if needed.",必要なら「stroke」をより明確な表現に置き換える。,"Clarify ""horrible"", ""stroke"", ""praise"", and ""avenue"" in the glossary.",用語集で「horrible」、「stroke」、「praise」、「avenue」を明確にする。,改稿レビュー待ち,"共通レビュー文: horrible, stroke, praise, avenue"
713,praise,を褒める；称賛,"Replace ""praise"" with a clearer phrase if needed.",必要なら「praise」をより明確な表現に置き換える。,"Clarify ""horrible"", ""stroke"", ""praise"", and ""avenue"" in the glossary.",用語集で「horrible」、「stroke」、「praise」、「avenue」を明確にする。,改稿レビュー待ち,"共通レビュー文: horrible, stroke, praise, avenue"
714,avenue,大通り；手段,"Replace ""avenue"" with a clearer phrase if needed.",必要なら「avenue」をより明確な表現に置き換える。,"Clarify ""horrible"", ""stroke"", ""praise"", and ""avenue"" in the glossary.",用語集で「horrible」、「stroke」、「praise」、「avenue」を明確にする。,改稿レビュー待ち,"共通レビュー文: horrible, stroke, praise, avenue"
715,continent,大陸,"Replace ""continent"" with a clearer phrase if needed.",必要なら「continent」をより明確な表現に置き換える。,"Clarify ""continent"", ""absent"", ""prevention"", and ""tune"" in the glossary.",用語集で「continent」、「absent」、「prevention」、「tune」を明確にする。,改稿レビュー待ち,"共通レビュー文: continent, absent, prevention, tune"
716,absent,不在の；欠席した,"Replace ""absent"" with a clearer phrase if needed.",必要なら「absent」をより明確な表現に置き換える。,"Clarify ""continent"", ""absent"", ""prevention"", and ""tune"" in the glossary.",用語集で「continent」、「absent」、「prevention」、「tune」を明確にする。,改稿レビュー待ち,"共通レビュー文: continent, absent, prevention, tune"
718,prevention,予防；防止,Clarify the prevention before the next review.,次のレビュー前にpreventionを明確にする。,"Clarify ""continent"", ""absent"", ""prevention"", and ""tune"" in the glossary.",用語集で「continent」、「absent」、「prevention」、「tune」を明確にする。,改稿レビュー待ち,"共通レビュー文: continent, absent, prevention, tune"
719,tune,曲；を調整する,"Replace ""tune"" with a clearer phrase if needed.",必要なら「tune」をより明確な表現に置き換える。,"Clarify ""continent"", ""absent"", ""prevention"", and ""tune"" in the glossary.",用語集で「continent」、「absent」、「prevention」、「tune」を明確にする。,改稿レビュー待ち,"共通レビュー文: continent, absent, prevention, tune"
720,reject,拒絶する,"Replace ""reject"" with a clearer phrase if needed.",必要なら「reject」をより明確な表現に置き換える。,"Clarify ""reject"", ""promising"", ""memorial"", and ""trick"" in the glossary.",用語集で「reject」、「promising」、「memorial」、「trick」を明確にする。,改稿レビュー待ち,"共通レビュー文: reject, promising, memorial, trick"
721,promising,有望な；将来性のある,"Replace ""promising"" with a clearer phrase if needed.",必要なら「promising」をより明確な表現に置き換える。,"Clarify ""reject"", ""promising"", ""memorial"", and ""trick"" in the glossary.",用語集で「reject」、「promising」、「memorial」、「trick」を明確にする。,改稿レビュー待ち,"共通レビュー文: reject, promising, memorial, trick"
723,memorial,記念の；記念碑,The memorial option needs a clearer label.,memorialの選択肢には、より明確なラベルが必要だ。,"Clarify ""reject"", ""promising"", ""memorial"", and ""trick"" in the glossary.",用語集で「reject」、「promising」、「memorial」、「trick」を明確にする。,改稿レビュー待ち,"共通レビュー文: reject, promising, memorial, trick"
724,trick,だます；手品；コツ,"Replace ""trick"" with a clearer phrase if needed.",必要なら「trick」をより明確な表現に置き換える。,"Clarify ""reject"", ""promising"", ""memorial"", and ""trick"" in the glossary.",用語集で「reject」、「promising」、「memorial」、「trick」を明確にする。,改稿レビュー待ち,"共通レビュー文: reject, promising, memorial, trick"
725,cliff,断崖；崖,"Replace ""cliff"" with a clearer phrase if needed.",必要なら「cliff」をより明確な表現に置き換える。,"Clarify ""cliff"", ""flood"", ""cure"", and ""disappointment"" in the glossary.",用語集で「cliff」、「flood」、「cure」、「disappointment」を明確にする。,改稿レビュー待ち,"共通レビュー文: cliff, flood, cure, disappointment"
726,flood,洪水；を氾濫させる,"Replace ""flood"" with a clearer phrase if needed.",必要なら「flood」をより明確な表現に置き換える。,"Clarify ""cliff"", ""flood"", ""cure"", and ""disappointment"" in the glossary.",用語集で「cliff」、「flood」、「cure」、「disappointment」を明確にする。,改稿レビュー待ち,"共通レビュー文: cliff, flood, cure, disappointment"
727,cure,を治す；治療,"Replace ""cure"" with a clearer phrase if needed.",必要なら「cure」をより明確な表現に置き換える。,"Clarify ""cliff"", ""flood"", ""cure"", and ""disappointment"" in the glossary.",用語集で「cliff」、「flood」、「cure」、「disappointment」を明確にする。,改稿レビュー待ち,"共通レビュー文: cliff, flood, cure, disappointment"
728,disappointment,失望；がっかりすること,Clarify the disappointment before the next review.,次のレビュー前にdisappointmentを明確にする。,"Clarify ""cliff"", ""flood"", ""cure"", and ""disappointment"" in the glossary.",用語集で「cliff」、「flood」、「cure」、「disappointment」を明確にする。,改稿レビュー待ち,"共通レビュー文: cliff, flood, cure, disappointment"
729,seldom,めったに〜しない,"Replace ""seldom"" with a clearer phrase if needed.",必要なら「seldom」をより明確な表現に置き換える。,"Clarify ""seldom"", ""inform"", ""rob"", and ""bore"" in the glossary.",用語集で「seldom」、「inform」、「rob」、「bore」を明確にする。,改稿レビュー待ち,"共通レビュー文: seldom, inform, rob, bore"
730,inform,に知らせる；に情報を与える,"Replace ""inform"" with a clearer phrase if needed.",必要なら「inform」をより明確な表現に置き換える。,"Clarify ""seldom"", ""inform"", ""rob"", and ""bore"" in the glossary.",用語集で「seldom」、「inform」、「rob」、「bore」を明確にする。,改稿レビュー待ち,"共通レビュー文: seldom, inform, rob, bore"
731,rob,を強奪する；奪う,"Replace ""rob"" with a clearer phrase if needed.",必要なら「rob」をより明確な表現に置き換える。,"Clarify ""seldom"", ""inform"", ""rob"", and ""bore"" in the glossary.",用語集で「seldom」、「inform」、「rob」、「bore」を明確にする。,改稿レビュー待ち,"共通レビュー文: seldom, inform, rob, bore"
732,bore,退屈させる；掘る,"Replace ""bore"" with a clearer phrase if needed.",必要なら「bore」をより明確な表現に置き換える。,"Clarify ""seldom"", ""inform"", ""rob"", and ""bore"" in the glossary.",用語集で「seldom」、「inform」、「rob」、「bore」を明確にする。,改稿レビュー待ち,"共通レビュー文: seldom, inform, rob, bore"
733,vague,漠然とした；あいまいな,"Replace ""vague"" with a clearer phrase if needed.",必要なら「vague」をより明確な表現に置き換える。,"Clarify ""vague"", ""neighbourhood"", ""chase"", and ""nest"" in the glossary.",用語集で「vague」、「neighbourhood」、「chase」、「nest」を明確にする。,改稿レビュー待ち,"共通レビュー文: vague, neighbourhood, chase, nest"
735,neighbourhood,近所；地域,"Replace ""neighbourhood"" with a clearer phrase if needed.",必要なら「neighbourhood」をより明確な表現に置き換える。,"Clarify ""vague"", ""neighbourhood"", ""chase"", and ""nest"" in the glossary.",用語集で「vague」、「neighbourhood」、「chase」、「nest」を明確にする。,改稿レビュー待ち,"共通レビュー文: vague, neighbourhood, chase, nest"
736,chase,を追いかける；追跡,"Replace ""chase"" with a clearer phrase if needed.",必要なら「chase」をより明確な表現に置き換える。,"Clarify ""vague"", ""neighbourhood"", ""chase"", and ""nest"" in the glossary.",用語集で「vague」、「neighbourhood」、「chase」、「nest」を明確にする。,改稿レビュー待ち,"共通レビュー文: vague, neighbourhood, chase, nest"
737,nest,巣；を作る,"Replace ""nest"" with a clearer phrase if needed.",必要なら「nest」をより明確な表現に置き換える。,"Clarify ""vague"", ""neighbourhood"", ""chase"", and ""nest"" in the glossary.",用語集で「vague」、「neighbourhood」、「chase」、「nest」を明確にする。,改稿レビュー待ち,"共通レビュー文: vague, neighbourhood, chase, nest"
738,racial,人種的な,The racial option needs a clearer label.,racialの選択肢には、より明確なラベルが必要だ。,"Clarify ""racial"", ""despair r"", ""alike"", and ""fix"" in the glossary.",用語集で「racial」、「despair r」、「alike」、「fix」を明確にする。,改稿レビュー待ち,"共通レビュー文: racial, despair r, alike, fix"
739,despair r,絶望；希望を失う,"Use ""despair r"" only if the phrase is familiar.",その表現がなじみのある場合だけ「despair r」を使う。,"Clarify ""racial"", ""despair r"", ""alike"", and ""fix"" in the glossary.",用語集で「racial」、「despair r」、「alike」、「fix」を明確にする。,改稿レビュー待ち,"共通レビュー文: racial, despair r, alike, fix"
740,alike,同様に；似ている,"Replace ""alike"" with a clearer phrase if needed.",必要なら「alike」をより明確な表現に置き換える。,"Clarify ""racial"", ""despair r"", ""alike"", and ""fix"" in the glossary.",用語集で「racial」、「despair r」、「alike」、「fix」を明確にする。,改稿レビュー待ち,"共通レビュー文: racial, despair r, alike, fix"
741,fix,を修理する；固定する,"Replace ""fix"" with a clearer phrase if needed.",必要なら「fix」をより明確な表現に置き換える。,"Clarify ""racial"", ""despair r"", ""alike"", and ""fix"" in the glossary.",用語集で「racial」、「despair r」、「alike」、「fix」を明確にする。,改稿レビュー待ち,"共通レビュー文: racial, despair r, alike, fix"
742,bow,お辞儀をする；弓,"Replace ""bow"" with a clearer phrase if needed.",必要なら「bow」をより明確な表現に置き換える。,"Clarify ""bow"", ""hook"", ""embarrassed"", and ""diversity"" in the glossary.",用語集で「bow」、「hook」、「embarrassed」、「diversity」を明確にする。,改稿レビュー待ち,"共通レビュー文: bow, hook, embarrassed, diversity"
743,hook,フック；かぎ,"Replace ""hook"" with a clearer phrase if needed.",必要なら「hook」をより明確な表現に置き換える。,"Clarify ""bow"", ""hook"", ""embarrassed"", and ""diversity"" in the glossary.",用語集で「bow」、「hook」、「embarrassed」、「diversity」を明確にする。,改稿レビュー待ち,"共通レビュー文: bow, hook, embarrassed, diversity"
744,embarrassed,恥ずかしい；きまりが悪い,"Replace ""embarrassed"" with a clearer phrase if needed.",必要なら「embarrassed」をより明確な表現に置き換える。,"Clarify ""bow"", ""hook"", ""embarrassed"", and ""diversity"" in the glossary.",用語集で「bow」、「hook」、「embarrassed」、「diversity」を明確にする。,改稿レビュー待ち,"共通レビュー文: bow, hook, embarrassed, diversity"
745,diversity,多様性,Clarify the diversity before the next review.,次のレビュー前にdiversityを明確にする。,"Clarify ""bow"", ""hook"", ""embarrassed"", and ""diversity"" in the glossary.",用語集で「bow」、「hook」、「embarrassed」、「diversity」を明確にする。,改稿レビュー待ち,"共通レビュー文: bow, hook, embarrassed, diversity"
746,meantime,その間；当面,"Replace ""meantime"" with a clearer phrase if needed.",必要なら「meantime」をより明確な表現に置き換える。,"Clarify ""meantime"", ""celebrate"", ""import"", and ""nightmare"" in the glossary.",用語集で「meantime」、「celebrate」、「import」、「nightmare」を明確にする。,改稿レビュー待ち,"共通レビュー文: meantime, celebrate, import, nightmare"
747,celebrate,を祝う；祝賀する,"Replace ""celebrate"" with a clearer phrase if needed.",必要なら「celebrate」をより明確な表現に置き換える。,"Clarify ""meantime"", ""celebrate"", ""import"", and ""nightmare"" in the glossary.",用語集で「meantime」、「celebrate」、「import」、「nightmare」を明確にする。,改稿レビュー待ち,"共通レビュー文: meantime, celebrate, import, nightmare"
748,import,を輸入する；輸入品,"Replace ""import"" with a clearer phrase if needed.",必要なら「import」をより明確な表現に置き換える。,"Clarify ""meantime"", ""celebrate"", ""import"", and ""nightmare"" in the glossary.",用語集で「meantime」、「celebrate」、「import」、「nightmare」を明確にする。,改稿レビュー待ち,"共通レビュー文: meantime, celebrate, import, nightmare"
749,nightmare,悪夢,"Replace ""nightmare"" with a clearer phrase if needed.",必要なら「nightmare」をより明確な表現に置き換える。,"Clarify ""meantime"", ""celebrate"", ""import"", and ""nightmare"" in the glossary.",用語集で「meantime」、「celebrate」、「import」、「nightmare」を明確にする。,改稿レビュー待ち,"共通レビュー文: meantime, celebrate, import, nightmare"
750,shelf,棚,"Replace ""shelf"" with a clearer phrase if needed.",必要なら「shelf」をより明確な表現に置き換える。,"Clarify ""shelf"", ""liberty"", ""practically"", and ""dreadful"" in the glossary.",用語集で「shelf」、「liberty」、「practically」、「dreadful」を明確にする。,改稿レビュー待ち,"共通レビュー文: shelf, liberty, practically, dreadful"
752,liberty,自由；解放,"Replace ""liberty"" with a clearer phrase if needed.",必要なら「liberty」をより明確な表現に置き換える。,"Clarify ""shelf"", ""liberty"", ""practically"", and ""dreadful"" in the glossary.",用語集で「shelf」、「liberty」、「practically」、「dreadful」を明確にする。,改稿レビュー待ち,"共通レビュー文: shelf, liberty, practically, dreadful"
753,practically,実際に；ほとんど,"Use ""practically"" carefully in helper text.",ヘルプ文では「practically」を慎重に使う。,"Clarify ""shelf"", ""liberty"", ""practically"", and ""dreadful"" in the glossary.",用語集で「shelf」、「liberty」、「practically」、「dreadful」を明確にする。,改稿レビュー待ち,"共通レビュー文: shelf, liberty, practically, dreadful"
754,dreadful,ひどい；恐ろしい,The dreadful option needs a clearer label.,dreadfulの選択肢には、より明確なラベルが必要だ。,"Clarify ""shelf"", ""liberty"", ""practically"", and ""dreadful"" in the glossary.",用語集で「shelf」、「liberty」、「practically」、「dreadful」を明確にする。,改稿レビュー待ち,"共通レビュー文: shelf, liberty, practically, dreadful"
755,charm,魅力；を魅了する,"Replace ""charm"" with a clearer phrase if needed.",必要なら「charm」をより明確な表現に置き換える。,"Clarify ""charm"", ""collar"", ""cupboard"", and ""rod"" in the glossary.",用語集で「charm」、「collar」、「cupboard」、「rod」を明確にする。,改稿レビュー待ち,"共通レビュー文: charm, collar, cupboard, rod"
756,collar,首輪；えり；逮捕する,"Replace ""collar"" with a clearer phrase if needed.",必要なら「collar」をより明確な表現に置き換える。,"Clarify ""eager"", ""collar"", ""sword"", and ""flash"" in the glossary.",用語集で「eager」、「collar」、「sword」、「flash」を明確にする。,改稿レビュー待ち,"共通レビュー文: eager, collar, sword, flash"
757,cupboard,食器棚；戸棚,"Replace ""cupboard"" with a clearer phrase if needed.",必要なら「cupboard」をより明確な表現に置き換える。,"Clarify ""charm"", ""collar"", ""cupboard"", and ""rod"" in the glossary.",用語集で「charm」、「collar」、「cupboard」、「rod」を明確にする。,改稿レビュー待ち,"共通レビュー文: charm, collar, cupboard, rod"
758,rod,棒；釣り竿,"Replace ""rod"" with a clearer phrase if needed.",必要なら「rod」をより明確な表現に置き換える。,"Clarify ""charm"", ""collar"", ""cupboard"", and ""rod"" in the glossary.",用語集で「charm」、「collar」、「cupboard」、「rod」を明確にする。,改稿レビュー待ち,"共通レビュー文: charm, collar, cupboard, rod"
759,eager,熱心な；熱望する,"Replace ""eager"" with a clearer phrase if needed.",必要なら「eager」をより明確な表現に置き換える。,"Clarify ""eager"", ""collar"", ""sword"", and ""flash"" in the glossary.",用語集で「eager」、「collar」、「sword」、「flash」を明確にする。,改稿レビュー待ち,"共通レビュー文: eager, collar, sword, flash"
760,collar,襟；首輪,"Replace ""collar"" with a clearer phrase if needed.",必要なら「collar」をより明確な表現に置き換える。,"Clarify ""eager"", ""collar"", ""sword"", and ""flash"" in the glossary.",用語集で「eager」、「collar」、「sword」、「flash」を明確にする。,改稿レビュー待ち,"共通レビュー文: eager, collar, sword, flash"
761,sword,剣；刀,"Replace ""sword"" with a clearer phrase if needed.",必要なら「sword」をより明確な表現に置き換える。,"Clarify ""eager"", ""collar"", ""sword"", and ""flash"" in the glossary.",用語集で「eager」、「collar」、「sword」、「flash」を明確にする。,改稿レビュー待ち,"共通レビュー文: eager, collar, sword, flash"
762,flash,ひらめく；閃光,"Replace ""flash"" with a clearer phrase if needed.",必要なら「flash」をより明確な表現に置き換える。,"Clarify ""eager"", ""collar"", ""sword"", and ""flash"" in the glossary.",用語集で「eager」、「collar」、「sword」、「flash」を明確にする。,改稿レビュー待ち,"共通レビュー文: eager, collar, sword, flash"
763,loyal,忠実な；誠実な,The loyal option needs a clearer label.,loyalの選択肢には、より明確なラベルが必要だ。,"Clarify ""loyal"", ""wealthy"", ""migration"", and ""cruel"" in the glossary.",用語集で「loyal」、「wealthy」、「migration」、「cruel」を明確にする。,改稿レビュー待ち,"共通レビュー文: loyal, wealthy, migration, cruel"
764,wealthy,裕福な；富裕な,"Replace ""wealthy"" with a clearer phrase if needed.",必要なら「wealthy」をより明確な表現に置き換える。,"Clarify ""loyal"", ""wealthy"", ""migration"", and ""cruel"" in the glossary.",用語集で「loyal」、「wealthy」、「migration」、「cruel」を明確にする。,改稿レビュー待ち,"共通レビュー文: loyal, wealthy, migration, cruel"
765,migration,移住；移動,Clarify the migration before the next review.,次のレビュー前にmigrationを明確にする。,"Clarify ""loyal"", ""wealthy"", ""migration"", and ""cruel"" in the glossary.",用語集で「loyal」、「wealthy」、「migration」、「cruel」を明確にする。,改稿レビュー待ち,"共通レビュー文: loyal, wealthy, migration, cruel"
766,cruel,残酷な；冷酷な,"Replace ""cruel"" with a clearer phrase if needed.",必要なら「cruel」をより明確な表現に置き換える。,"Clarify ""loyal"", ""wealthy"", ""migration"", and ""cruel"" in the glossary.",用語集で「loyal」、「wealthy」、「migration」、「cruel」を明確にする。,改稿レビュー待ち,"共通レビュー文: loyal, wealthy, migration, cruel"
767,organ,臓器；オルガン,"Replace ""organ"" with a clearer phrase if needed.",必要なら「organ」をより明確な表現に置き換える。,"Clarify ""organ"", ""nerve"", ""ambition"", and ""ugly"" in the glossary.",用語集で「organ」、「nerve」、「ambition」、「ugly」を明確にする。,改稿レビュー待ち,"共通レビュー文: organ, nerve, ambition, ugly"
769,nerve,神経；度胸,"Replace ""nerve"" with a clearer phrase if needed.",必要なら「nerve」をより明確な表現に置き換える。,"Clarify ""organ"", ""nerve"", ""ambition"", and ""ugly"" in the glossary.",用語集で「organ」、「nerve」、「ambition」、「ugly」を明確にする。,改稿レビュー待ち,"共通レビュー文: organ, nerve, ambition, ugly"
770,ambition,野心；志,Clarify the ambition before the next review.,次のレビュー前にambitionを明確にする。,"Clarify ""organ"", ""nerve"", ""ambition"", and ""ugly"" in the glossary.",用語集で「organ」、「nerve」、「ambition」、「ugly」を明確にする。,改稿レビュー待ち,"共通レビュー文: organ, nerve, ambition, ugly"
771,ugly,醜い；不快な,"Use ""ugly"" carefully in helper text.",ヘルプ文では「ugly」を慎重に使う。,"Clarify ""organ"", ""nerve"", ""ambition"", and ""ugly"" in the glossary.",用語集で「organ」、「nerve」、「ambition」、「ugly」を明確にする。,改稿レビュー待ち,"共通レビュー文: organ, nerve, ambition, ugly"
772,forgive,を許す,The forgive option needs a clearer label.,forgiveの選択肢には、より明確なラベルが必要だ。,"Clarify ""forgive"", ""bend r"", ""envelope"", and ""neatly"" in the glossary.",用語集で「forgive」、「bend r」、「envelope」、「neatly」を明確にする。,改稿レビュー待ち,"共通レビュー文: forgive, bend r, envelope, neatly"
773,bend r,曲げる；カーブ,"Use ""bend r"" only if the phrase is familiar.",その表現がなじみのある場合だけ「bend r」を使う。,"Clarify ""forgive"", ""bend r"", ""envelope"", and ""neatly"" in the glossary.",用語集で「forgive」、「bend r」、「envelope」、「neatly」を明確にする。,改稿レビュー待ち,"共通レビュー文: forgive, bend r, envelope, neatly"
774,envelope,封筒；を包む,"Replace ""envelope"" with a clearer phrase if needed.",必要なら「envelope」をより明確な表現に置き換える。,"Clarify ""forgive"", ""bend r"", ""envelope"", and ""neatly"" in the glossary.",用語集で「forgive」、「bend r」、「envelope」、「neatly」を明確にする。,改稿レビュー待ち,"共通レビュー文: forgive, bend r, envelope, neatly"
775,neatly,きちんと；巧みに,"Use ""neatly"" carefully in helper text.",ヘルプ文では「neatly」を慎重に使う。,"Clarify ""forgive"", ""bend r"", ""envelope"", and ""neatly"" in the glossary.",用語集で「forgive」、「bend r」、「envelope」、「neatly」を明確にする。,改稿レビュー待ち,"共通レビュー文: forgive, bend r, envelope, neatly"
776,masses,大衆；多数,"Replace ""masses"" with a clearer phrase if needed.",必要なら「masses」をより明確な表現に置き換える。,"Clarify ""masses"", ""ladder"", ""chat"", and ""bold"" in the glossary.",用語集で「masses」、「ladder」、「chat」、「bold」を明確にする。,改稿レビュー待ち,"共通レビュー文: masses, ladder, chat, bold"
777,ladder,はしご；出世の階段,"Replace ""ladder"" with a clearer phrase if needed.",必要なら「ladder」をより明確な表現に置き換える。,"Clarify ""masses"", ""ladder"", ""chat"", and ""bold"" in the glossary.",用語集で「masses」、「ladder」、「chat」、「bold」を明確にする。,改稿レビュー待ち,"共通レビュー文: masses, ladder, chat, bold"
778,chat,雑談する；おしゃべり,"Replace ""chat"" with a clearer phrase if needed.",必要なら「chat」をより明確な表現に置き換える。,"Clarify ""masses"", ""ladder"", ""chat"", and ""bold"" in the glossary.",用語集で「masses」、「ladder」、「chat」、「bold」を明確にする。,改稿レビュー待ち,"共通レビュー文: masses, ladder, chat, bold"
779,bold,大胆な；太字の,"Replace ""bold"" with a clearer phrase if needed.",必要なら「bold」をより明確な表現に置き換える。,"Clarify ""masses"", ""ladder"", ""chat"", and ""bold"" in the glossary.",用語集で「masses」、「ladder」、「chat」、「bold」を明確にする。,改稿レビュー待ち,"共通レビュー文: masses, ladder, chat, bold"
780,burnt,焦げた；燃えた,"Replace ""burnt"" with a clearer phrase if needed.",必要なら「burnt」をより明確な表現に置き換える。,"Clarify ""burnt"", ""useless"", ""lap"", and ""lend"" in the glossary.",用語集で「burnt」、「useless」、「lap」、「lend」を明確にする。,改稿レビュー待ち,"共通レビュー文: burnt, useless, lap, lend"
781,useless,役に立たない,The useless option needs a clearer label.,uselessの選択肢には、より明確なラベルが必要だ。,"Clarify ""burnt"", ""useless"", ""lap"", and ""lend"" in the glossary.",用語集で「burnt」、「useless」、「lap」、「lend」を明確にする。,改稿レビュー待ち,"共通レビュー文: burnt, useless, lap, lend"
782,lap,膝；ひとめぐり,"Replace ""lap"" with a clearer phrase if needed.",必要なら「lap」をより明確な表現に置き換える。,"Clarify ""burnt"", ""useless"", ""lap"", and ""lend"" in the glossary.",用語集で「burnt」、「useless」、「lap」、「lend」を明確にする。,改稿レビュー待ち,"共通レビュー文: burnt, useless, lap, lend"
783,lend,を貸す；を与える,"Replace ""lend"" with a clearer phrase if needed.",必要なら「lend」をより明確な表現に置き換える。,"Clarify ""burnt"", ""useless"", ""lap"", and ""lend"" in the glossary.",用語集で「burnt」、「useless」、「lap」、「lend」を明確にする。,改稿レビュー待ち,"共通レビュー文: burnt, useless, lap, lend"
784,deserve,に値する；ふさわしい,"Replace ""deserve"" with a clearer phrase if needed.",必要なら「deserve」をより明確な表現に置き換える。,"Clarify ""deserve"", ""restriction"", ""defensive"", and ""palm"" in the glossary.",用語集で「deserve」、「restriction」、「defensive」、「palm」を明確にする。,改稿レビュー待ち,"共通レビュー文: deserve, restriction, defensive, palm"
786,restriction,制限；規制,Clarify the restriction before the next review.,次のレビュー前にrestrictionを明確にする。,"Clarify ""deserve"", ""restriction"", ""defensive"", and ""palm"" in the glossary.",用語集で「deserve」、「restriction」、「defensive」、「palm」を明確にする。,改稿レビュー待ち,"共通レビュー文: deserve, restriction, defensive, palm"
787,defensive,防御的な；守りの,The defensive option needs a clearer label.,defensiveの選択肢には、より明確なラベルが必要だ。,"Clarify ""deserve"", ""restriction"", ""defensive"", and ""palm"" in the glossary.",用語集で「deserve」、「restriction」、「defensive」、「palm」を明確にする。,改稿レビュー待ち,"共通レビュー文: deserve, restriction, defensive, palm"
788,palm,手のひら；ヤシの木,"Replace ""palm"" with a clearer phrase if needed.",必要なら「palm」をより明確な表現に置き換える。,"Clarify ""deserve"", ""restriction"", ""defensive"", and ""palm"" in the glossary.",用語集で「deserve」、「restriction」、「defensive」、「palm」を明確にする。,改稿レビュー待ち,"共通レビュー文: deserve, restriction, defensive, palm"
789,summit,首脳会議；頂上,"Replace ""summit"" with a clearer phrase if needed.",必要なら「summit」をより明確な表現に置き換える。,"Clarify ""summit"", ""pretend r"", ""surroundings"", and ""pour"" in the glossary.",用語集で「summit」、「pretend r」、「surroundings」、「pour」を明確にする。,改稿レビュー待ち,"共通レビュー文: summit, pretend r, surroundings, pour"
790,pretend r,のふりをする；pretendする,"Use ""pretend r"" only if the phrase is familiar.",その表現がなじみのある場合だけ「pretend r」を使う。,"Clarify ""summit"", ""pretend r"", ""surroundings"", and ""pour"" in the glossary.",用語集で「summit」、「pretend r」、「surroundings」、「pour」を明確にする。,改稿レビュー待ち,"共通レビュー文: summit, pretend r, surroundings, pour"
791,surroundings,周囲；環境,"Replace ""surroundings"" with a clearer phrase if needed.",必要なら「surroundings」をより明確な表現に置き換える。,"Clarify ""summit"", ""pretend r"", ""surroundings"", and ""pour"" in the glossary.",用語集で「summit」、「pretend r」、「surroundings」、「pour」を明確にする。,改稿レビュー待ち,"共通レビュー文: summit, pretend r, surroundings, pour"
792,pour,を注ぐ；降り注ぐ,"Replace ""pour"" with a clearer phrase if needed.",必要なら「pour」をより明確な表現に置き換える。,"Clarify ""summit"", ""pretend r"", ""surroundings"", and ""pour"" in the glossary.",用語集で「summit」、「pretend r」、「surroundings」、「pour」を明確にする。,改稿レビュー待ち,"共通レビュー文: summit, pretend r, surroundings, pour"
793,needle,針；注射針,"Replace ""needle"" with a clearer phrase if needed.",必要なら「needle」をより明確な表現に置き換える。,"Clarify ""needle"", ""celebration"", ""owe"", and ""lean"" in the glossary.",用語集で「needle」、「celebration」、「owe」、「lean」を明確にする。,改稿レビュー待ち,"共通レビュー文: needle, celebration, owe, lean"
794,celebration,祝賀；祝典,Clarify the celebration before the next review.,次のレビュー前にcelebrationを明確にする。,"Clarify ""needle"", ""celebration"", ""owe"", and ""lean"" in the glossary.",用語集で「needle」、「celebration」、「owe」、「lean」を明確にする。,改稿レビュー待ち,"共通レビュー文: needle, celebration, owe, lean"
795,owe,に借りがある；〜のおかげである,"Replace ""owe"" with a clearer phrase if needed.",必要なら「owe」をより明確な表現に置き換える。,"Clarify ""needle"", ""celebration"", ""owe"", and ""lean"" in the glossary.",用語集で「needle」、「celebration」、「owe」、「lean」を明確にする。,改稿レビュー待ち,"共通レビュー文: needle, celebration, owe, lean"
796,lean,傾く；もたれる；やせた,"Replace ""lean"" with a clearer phrase if needed.",必要なら「lean」をより明確な表現に置き換える。,"Clarify ""needle"", ""celebration"", ""owe"", and ""lean"" in the glossary.",用語集で「needle」、「celebration」、「owe」、「lean」を明確にする。,改稿レビュー待ち,"共通レビュー文: needle, celebration, owe, lean"
797,temper,気性；かんしゃく,"Replace ""temper"" with a clearer phrase if needed.",必要なら「temper」をより明確な表現に置き換える。,"Clarify ""temper"", ""coin"", ""humanity"", and ""mineral"" in the glossary.",用語集で「temper」、「coin」、「humanity」、「mineral」を明確にする。,改稿レビュー待ち,"共通レビュー文: temper, coin, humanity, mineral"
798,coin,硬貨；を作り出す,"Replace ""coin"" with a clearer phrase if needed.",必要なら「coin」をより明確な表現に置き換える。,"Clarify ""temper"", ""coin"", ""humanity"", and ""mineral"" in the glossary.",用語集で「temper」、「coin」、「humanity」、「mineral」を明確にする。,改稿レビュー待ち,"共通レビュー文: temper, coin, humanity, mineral"
799,humanity,人類；人間性,Clarify the humanity before the next review.,次のレビュー前にhumanityを明確にする。,"Clarify ""temper"", ""coin"", ""humanity"", and ""mineral"" in the glossary.",用語集で「temper」、「coin」、「humanity」、「mineral」を明確にする。,改稿レビュー待ち,"共通レビュー文: temper, coin, humanity, mineral"
800,mineral,鉱物；ミネラル,The mineral option needs a clearer label.,mineralの選択肢には、より明確なラベルが必要だ。,"Clarify ""temper"", ""coin"", ""humanity"", and ""mineral"" in the glossary.",用語集で「temper」、「coin」、「humanity」、「mineral」を明確にする。,改稿レビュー待ち,"共通レビュー文: temper, coin, humanity, mineral"
801,bunch,束；群れ,"Replace ""bunch"" with a clearer phrase if needed.",必要なら「bunch」をより明確な表現に置き換える。,"Clarify ""bunch"", ""twist"", ""forehead"", and ""recipe"" in the glossary.",用語集で「bunch」、「twist」、「forehead」、「recipe」を明確にする。,改稿レビュー待ち,"共通レビュー文: bunch, twist, forehead, recipe"
802,twist,ねじる；ひねり；曲げる,"Replace ""twist"" with a clearer phrase if needed.",必要なら「twist」をより明確な表現に置き換える。,"Clarify ""patience"", ""twist"", ""packet r"", and ""fetch"" in the glossary.",用語集で「patience」、「twist」、「packet r」、「fetch」を明確にする。,改稿レビュー待ち,"共通レビュー文: patience, twist, packet r, fetch"
803,forehead,額,"Replace ""forehead"" with a clearer phrase if needed.",必要なら「forehead」をより明確な表現に置き換える。,"Clarify ""bunch"", ""twist"", ""forehead"", and ""recipe"" in the glossary.",用語集で「bunch」、「twist」、「forehead」、「recipe」を明確にする。,改稿レビュー待ち,"共通レビュー文: bunch, twist, forehead, recipe"
804,recipe,レシピ；秘訣,"Replace ""recipe"" with a clearer phrase if needed.",必要なら「recipe」をより明確な表現に置き換える。,"Clarify ""bunch"", ""twist"", ""forehead"", and ""recipe"" in the glossary.",用語集で「bunch」、「twist」、「forehead」、「recipe」を明確にする。,改稿レビュー待ち,"共通レビュー文: bunch, twist, forehead, recipe"
805,patience,忍耐；我慢,Clarify the patience before the next review.,次のレビュー前にpatienceを明確にする。,"Clarify ""patience"", ""twist"", ""packet r"", and ""fetch"" in the glossary.",用語集で「patience」、「twist」、「packet r」、「fetch」を明確にする。,改稿レビュー待ち,"共通レビュー文: patience, twist, packet r, fetch"
806,twist,をねじる；曲がる,"Replace ""twist"" with a clearer phrase if needed.",必要なら「twist」をより明確な表現に置き換える。,"Clarify ""patience"", ""twist"", ""packet r"", and ""fetch"" in the glossary.",用語集で「patience」、「twist」、「packet r」、「fetch」を明確にする。,改稿レビュー待ち,"共通レビュー文: patience, twist, packet r, fetch"
807,packet r,小包；パケット,"Use ""packet r"" only if the phrase is familiar.",その表現がなじみのある場合だけ「packet r」を使う。,"Clarify ""patience"", ""twist"", ""packet r"", and ""fetch"" in the glossary.",用語集で「patience」、「twist」、「packet r」、「fetch」を明確にする。,改稿レビュー待ち,"共通レビュー文: patience, twist, packet r, fetch"
808,fetch,を取ってくる；呼んでくる,"Replace ""fetch"" with a clearer phrase if needed.",必要なら「fetch」をより明確な表現に置き換える。,"Clarify ""patience"", ""twist"", ""packet r"", and ""fetch"" in the glossary.",用語集で「patience」、「twist」、「packet r」、「fetch」を明確にする。,改稿レビュー待ち,"共通レビュー文: patience, twist, packet r, fetch"
809,receipt,領収書；受け取り,"Replace ""receipt"" with a clearer phrase if needed.",必要なら「receipt」をより明確な表現に置き換える。,"Clarify ""receipt"", ""assignment"", ""fry"", and ""miserable"" in the glossary.",用語集で「receipt」、「assignment」、「fry」、「miserable」を明確にする。,改稿レビュー待ち,"共通レビュー文: receipt, assignment, fry, miserable"
810,assignment,課題；任務,Clarify the assignment before the next review.,次のレビュー前にassignmentを明確にする。,"Clarify ""receipt"", ""assignment"", ""fry"", and ""miserable"" in the glossary.",用語集で「receipt」、「assignment」、「fry」、「miserable」を明確にする。,改稿レビュー待ち,"共通レビュー文: receipt, assignment, fry, miserable"
811,fry,を揚げる；を炒める,"Replace ""fry"" with a clearer phrase if needed.",必要なら「fry」をより明確な表現に置き換える。,"Clarify ""receipt"", ""assignment"", ""fry"", and ""miserable"" in the glossary.",用語集で「receipt」、「assignment」、「fry」、「miserable」を明確にする。,改稿レビュー待ち,"共通レビュー文: receipt, assignment, fry, miserable"
812,miserable,みじめな；ひどく不幸な,The miserable option needs a clearer label.,miserableの選択肢には、より明確なラベルが必要だ。,"Clarify ""receipt"", ""assignment"", ""fry"", and ""miserable"" in the glossary.",用語集で「receipt」、「assignment」、「fry」、「miserable」を明確にする。,改稿レビュー待ち,"共通レビュー文: receipt, assignment, fry, miserable"
813,ambassador,大使,"Replace ""ambassador"" with a clearer phrase if needed.",必要なら「ambassador」をより明確な表現に置き換える。,"Clarify ""ambassador"", ""tear"", ""warn"", and ""grin"" in the glossary.",用語集で「ambassador」、「tear」、「warn」、「grin」を明確にする。,改稿レビュー待ち,"共通レビュー文: ambassador, tear, warn, grin"
814,tear,涙；を引き裂く,"Replace ""tear"" with a clearer phrase if needed.",必要なら「tear」をより明確な表現に置き換える。,"Clarify ""ambassador"", ""tear"", ""warn"", and ""grin"" in the glossary.",用語集で「ambassador」、「tear」、「warn」、「grin」を明確にする。,改稿レビュー待ち,"共通レビュー文: ambassador, tear, warn, grin"
815,warn,を警告する；注意する,"Replace ""warn"" with a clearer phrase if needed.",必要なら「warn」をより明確な表現に置き換える。,"Clarify ""ambassador"", ""tear"", ""warn"", and ""grin"" in the glossary.",用語集で「ambassador」、「tear」、「warn」、「grin」を明確にする。,改稿レビュー待ち,"共通レビュー文: ambassador, tear, warn, grin"
816,grin,にっこり笑う；笑顔,"Replace ""grin"" with a clearer phrase if needed.",必要なら「grin」をより明確な表現に置き換える。,"Clarify ""ambassador"", ""tear"", ""warn"", and ""grin"" in the glossary.",用語集で「ambassador」、「tear」、「warn」、「grin」を明確にする。,改稿レビュー待ち,"共通レビュー文: ambassador, tear, warn, grin"
817,fond,好きな；溺愛する,"Replace ""fond"" with a clearer phrase if needed.",必要なら「fond」をより明確な表現に置き換える。,"Clarify ""fond"", ""graduate"", ""signature"", and ""breathe"" in the glossary.",用語集で「fond」、「graduate」、「signature」、「breathe」を明確にする。,改稿レビュー待ち,"共通レビュー文: fond, graduate, signature, breathe"
818,graduate,卒業する；卒業生,"Replace ""graduate"" with a clearer phrase if needed.",必要なら「graduate」をより明確な表現に置き換える。,"Clarify ""fond"", ""graduate"", ""signature"", and ""breathe"" in the glossary.",用語集で「fond」、「graduate」、「signature」、「breathe」を明確にする。,改稿レビュー待ち,"共通レビュー文: fond, graduate, signature, breathe"
824,signature,サイン；特徴,"Replace ""signature"" with a clearer phrase if needed.",必要なら「signature」をより明確な表現に置き換える。,"Clarify ""fond"", ""graduate"", ""signature"", and ""breathe"" in the glossary.",用語集で「fond」、「graduate」、「signature」、「breathe」を明確にする。,改稿レビュー待ち,"共通レビュー文: fond, graduate, signature, breathe"
825,breathe,呼吸する；息をする,"Replace ""breathe"" with a clearer phrase if needed.",必要なら「breathe」をより明確な表現に置き換える。,"Clarify ""fond"", ""graduate"", ""signature"", and ""breathe"" in the glossary.",用語集で「fond」、「graduate」、「signature」、「breathe」を明確にする。,改稿レビュー待ち,"共通レビュー文: fond, graduate, signature, breathe"
826,instinct,本能；直感,"Replace ""instinct"" with a clearer phrase if needed.",必要なら「instinct」をより明確な表現に置き換える。,"Clarify ""instinct"", ""pose"", ""approve"", and ""ashamed"" in the glossary.",用語集で「instinct」、「pose」、「approve」、「ashamed」を明確にする。,改稿レビュー待ち,"共通レビュー文: instinct, pose, approve, ashamed"
827,pose,を提示する；ポーズをとる,"Replace ""pose"" with a clearer phrase if needed.",必要なら「pose」をより明確な表現に置き換える。,"Clarify ""instinct"", ""pose"", ""approve"", and ""ashamed"" in the glossary.",用語集で「instinct」、「pose」、「approve」、「ashamed」を明確にする。,改稿レビュー待ち,"共通レビュー文: instinct, pose, approve, ashamed"
832,approve,を承認する；賛成する,"Replace ""approve"" with a clearer phrase if needed.",必要なら「approve」をより明確な表現に置き換える。,"Clarify ""instinct"", ""pose"", ""approve"", and ""ashamed"" in the glossary.",用語集で「instinct」、「pose」、「approve」、「ashamed」を明確にする。,改稿レビュー待ち,"共通レビュー文: instinct, pose, approve, ashamed"
833,ashamed,恥ずかしい；恥じている,"Replace ""ashamed"" with a clearer phrase if needed.",必要なら「ashamed」をより明確な表現に置き換える。,"Clarify ""instinct"", ""pose"", ""approve"", and ""ashamed"" in the glossary.",用語集で「instinct」、「pose」、「approve」、「ashamed」を明確にする。,改稿レビュー待ち,"共通レビュー文: instinct, pose, approve, ashamed"
834,flour,小麦粉,"Replace ""flour"" with a clearer phrase if needed.",必要なら「flour」をより明確な表現に置き換える。,"Clarify ""flour"", ""appoint"", ""sweet"", and ""occupy"" in the glossary.",用語集で「flour」、「appoint」、「sweet」、「occupy」を明確にする。,改稿レビュー待ち,"共通レビュー文: flour, appoint, sweet, occupy"
835,appoint,を任命する；を指定する,"Replace ""appoint"" with a clearer phrase if needed.",必要なら「appoint」をより明確な表現に置き換える。,"Clarify ""flour"", ""appoint"", ""sweet"", and ""occupy"" in the glossary.",用語集で「flour」、「appoint」、「sweet」、「occupy」を明確にする。,改稿レビュー待ち,"共通レビュー文: flour, appoint, sweet, occupy"
836,sweet,甘い；優しい；キャンディ,"Replace ""sweet"" with a clearer phrase if needed.",必要なら「sweet」をより明確な表現に置き換える。,"Clarify ""flour"", ""appoint"", ""sweet"", and ""occupy"" in the glossary.",用語集で「flour」、「appoint」、「sweet」、「occupy」を明確にする。,改稿レビュー待ち,"共通レビュー文: flour, appoint, sweet, occupy"
837,occupy,を占める；を占有する,"Replace ""occupy"" with a clearer phrase if needed.",必要なら「occupy」をより明確な表現に置き換える。,"Clarify ""flour"", ""appoint"", ""sweet"", and ""occupy"" in the glossary.",用語集で「flour」、「appoint」、「sweet」、「occupy」を明確にする。,改稿レビュー待ち,"共通レビュー文: flour, appoint, sweet, occupy"
838,sack,解雇する；袋,"Replace ""sack"" with a clearer phrase if needed.",必要なら「sack」をより明確な表現に置き換える。,"Clarify ""sack"", ""lid"", ""sweep"", and ""dirt"" in the glossary.",用語集で「sack」、「lid」、「sweep」、「dirt」を明確にする。,改稿レビュー待ち,"共通レビュー文: sack, lid, sweep, dirt"
839,lid,ふた；まぶた,"Replace ""lid"" with a clearer phrase if needed.",必要なら「lid」をより明確な表現に置き換える。,"Clarify ""sack"", ""lid"", ""sweep"", and ""dirt"" in the glossary.",用語集で「sack」、「lid」、「sweep」、「dirt」を明確にする。,改稿レビュー待ち,"共通レビュー文: sack, lid, sweep, dirt"
840,sweep,を掃く；広がる,"Replace ""sweep"" with a clearer phrase if needed.",必要なら「sweep」をより明確な表現に置き換える。,"Clarify ""sack"", ""lid"", ""sweep"", and ""dirt"" in the glossary.",用語集で「sack」、「lid」、「sweep」、「dirt」を明確にする。,改稿レビュー待ち,"共通レビュー文: sack, lid, sweep, dirt"
841,dirt,汚れ；泥；土,"Replace ""dirt"" with a clearer phrase if needed.",必要なら「dirt」をより明確な表現に置き換える。,"Clarify ""horn"", ""cage"", ""wheat"", and ""dirt"" in the glossary.",用語集で「horn」、「cage」、「wheat」、「dirt」を明確にする。,改稿レビュー待ち,"共通レビュー文: horn, cage, wheat, dirt"
842,horn,角；ホーン,"Replace ""horn"" with a clearer phrase if needed.",必要なら「horn」をより明確な表現に置き換える。,"Clarify ""horn"", ""cage"", ""wheat"", and ""dirt"" in the glossary.",用語集で「horn」、「cage」、「wheat」、「dirt」を明確にする。,改稿レビュー待ち,"共通レビュー文: horn, cage, wheat, dirt"
843,cage,かご；檻,"Replace ""cage"" with a clearer phrase if needed.",必要なら「cage」をより明確な表現に置き換える。,"Clarify ""horn"", ""cage"", ""wheat"", and ""dirt"" in the glossary.",用語集で「horn」、「cage」、「wheat」、「dirt」を明確にする。,改稿レビュー待ち,"共通レビュー文: horn, cage, wheat, dirt"
844,wheat,小麦,"Replace ""wheat"" with a clearer phrase if needed.",必要なら「wheat」をより明確な表現に置き換える。,"Clarify ""horn"", ""cage"", ""wheat"", and ""dirt"" in the glossary.",用語集で「horn」、「cage」、「wheat」、「dirt」を明確にする。,改稿レビュー待ち,"共通レビュー文: horn, cage, wheat, dirt"
845,dirt,汚れ；土,"Replace ""dirt"" with a clearer phrase if needed.",必要なら「dirt」をより明確な表現に置き換える。,"Clarify ""horn"", ""cage"", ""wheat"", and ""dirt"" in the glossary.",用語集で「horn」、「cage」、「wheat」、「dirt」を明確にする。,改稿レビュー待ち,"共通レビュー文: horn, cage, wheat, dirt"
846,maths,数学,"Replace ""maths"" with a clearer phrase if needed.",必要なら「maths」をより明確な表現に置き換える。,"Clarify ""maths"", ""researcher"", ""dislike"", and ""scream"" in the glossary.",用語集で「maths」、「researcher」、「dislike」、「scream」を明確にする。,改稿レビュー待ち,"共通レビュー文: maths, researcher, dislike, scream"
847,researcher,研究者,"Replace ""researcher"" with a clearer phrase if needed.",必要なら「researcher」をより明確な表現に置き換える。,"Clarify ""maths"", ""researcher"", ""dislike"", and ""scream"" in the glossary.",用語集で「maths」、「researcher」、「dislike」、「scream」を明確にする。,改稿レビュー待ち,"共通レビュー文: maths, researcher, dislike, scream"
848,dislike,嫌う；嫌悪,"Replace ""dislike"" with a clearer phrase if needed.",必要なら「dislike」をより明確な表現に置き換える。,"Clarify ""maths"", ""researcher"", ""dislike"", and ""scream"" in the glossary.",用語集で「maths」、「researcher」、「dislike」、「scream」を明確にする。,改稿レビュー待ち,"共通レビュー文: maths, researcher, dislike, scream"
849,scream,叫ぶ；絶叫,"Replace ""scream"" with a clearer phrase if needed.",必要なら「scream」をより明確な表現に置き換える。,"Clarify ""maths"", ""researcher"", ""dislike"", and ""scream"" in the glossary.",用語集で「maths」、「researcher」、「dislike」、「scream」を明確にする。,改稿レビュー待ち,"共通レビュー文: maths, researcher, dislike, scream"
850,rude,無礼な；粗野な,"Replace ""rude"" with a clearer phrase if needed.",必要なら「rude」をより明確な表現に置き換える。,"Clarify ""rude"", ""treasure"", ""cruise"", and ""portable"" in the glossary.",用語集で「rude」、「treasure」、「cruise」、「portable」を明確にする。,改稿レビュー待ち,"共通レビュー文: rude, treasure, cruise, portable"
851,treasure,宝物；を大切にする,"Replace ""treasure"" with a clearer phrase if needed.",必要なら「treasure」をより明確な表現に置き換える。,"Clarify ""rude"", ""treasure"", ""cruise"", and ""portable"" in the glossary.",用語集で「rude」、「treasure」、「cruise」、「portable」を明確にする。,改稿レビュー待ち,"共通レビュー文: rude, treasure, cruise, portable"
852,cruise,クルーズする；船旅,"Replace ""cruise"" with a clearer phrase if needed.",必要なら「cruise」をより明確な表現に置き換える。,"Clarify ""rude"", ""treasure"", ""cruise"", and ""portable"" in the glossary.",用語集で「rude」、「treasure」、「cruise」、「portable」を明確にする。,改稿レビュー待ち,"共通レビュー文: rude, treasure, cruise, portable"
854,portable,携帯用の；持ち運べる,The portable option needs a clearer label.,portableの選択肢には、より明確なラベルが必要だ。,"Clarify ""rude"", ""treasure"", ""cruise"", and ""portable"" in the glossary.",用語集で「rude」、「treasure」、「cruise」、「portable」を明確にする。,改稿レビュー待ち,"共通レビュー文: rude, treasure, cruise, portable"
855,lung,肺,"Replace ""lung"" with a clearer phrase if needed.",必要なら「lung」をより明確な表現に置き換える。,"Clarify ""lung"", ""poison"", ""thread"", and ""hence"" in the glossary.",用語集で「lung」、「poison」、「thread」、「hence」を明確にする。,改稿レビュー待ち,"共通レビュー文: lung, poison, thread, hence"
856,poison,毒；を毒殺する,"Replace ""poison"" with a clearer phrase if needed.",必要なら「poison」をより明確な表現に置き換える。,"Clarify ""lung"", ""poison"", ""thread"", and ""hence"" in the glossary.",用語集で「lung」、「poison」、「thread」、「hence」を明確にする。,改稿レビュー待ち,"共通レビュー文: lung, poison, thread, hence"
857,thread,糸；を通す,"Replace ""thread"" with a clearer phrase if needed.",必要なら「thread」をより明確な表現に置き換える。,"Clarify ""lung"", ""poison"", ""thread"", and ""hence"" in the glossary.",用語集で「lung」、「poison」、「thread」、「hence」を明確にする。,改稿レビュー待ち,"共通レビュー文: lung, poison, thread, hence"
858,hence,したがって；だから；ゆえに,Clarify the hence before the next review.,次のレビュー前にhenceを明確にする。,"Clarify ""concept"", ""whereas"", ""noted"", and ""hence"" in the glossary.",用語集で「concept」、「whereas」、「noted」、「hence」を明確にする。,改稿レビュー待ち,"共通レビュー文: concept, whereas, noted, hence"
859,jealous,嫉妬している；やきもちを焼く,The jealous option needs a clearer label.,jealousの選択肢には、より明確なラベルが必要だ。,"Clarify ""jealous"", ""fist"", ""float"", and ""handy"" in the glossary.",用語集で「jealous」、「fist」、「float」、「handy」を明確にする。,改稿レビュー待ち,"共通レビュー文: jealous, fist, float, handy"
860,fist,こぶし,"Replace ""fist"" with a clearer phrase if needed.",必要なら「fist」をより明確な表現に置き換える。,"Clarify ""jealous"", ""fist"", ""float"", and ""handy"" in the glossary.",用語集で「jealous」、「fist」、「float」、「handy」を明確にする。,改稿レビュー待ち,"共通レビュー文: jealous, fist, float, handy"
861,float,浮かぶ；漂う,"Replace ""float"" with a clearer phrase if needed.",必要なら「float」をより明確な表現に置き換える。,"Clarify ""jealous"", ""fist"", ""float"", and ""handy"" in the glossary.",用語集で「jealous」、「fist」、「float」、「handy」を明確にする。,改稿レビュー待ち,"共通レビュー文: jealous, fist, float, handy"
862,handy,便利な；手元にある,"Replace ""handy"" with a clearer phrase if needed.",必要なら「handy」をより明確な表現に置き換える。,"Clarify ""jealous"", ""fist"", ""float"", and ""handy"" in the glossary.",用語集で「jealous」、「fist」、「float」、「handy」を明確にする。,改稿レビュー待ち,"共通レビュー文: jealous, fist, float, handy"
863,accustomed,慣れている；習慣的な,"Replace ""accustomed"" with a clearer phrase if needed.",必要なら「accustomed」をより明確な表現に置き換える。,"Clarify ""accustomed"", ""quit"", ""drawer"", and ""slave"" in the glossary.",用語集で「accustomed」、「quit」、「drawer」、「slave」を明確にする。,改稿レビュー待ち,"共通レビュー文: accustomed, quit, drawer, slave"
864,quit,をやめる；辞職する,"Replace ""quit"" with a clearer phrase if needed.",必要なら「quit」をより明確な表現に置き換える。,"Clarify ""accustomed"", ""quit"", ""drawer"", and ""slave"" in the glossary.",用語集で「accustomed」、「quit」、「drawer」、「slave」を明確にする。,改稿レビュー待ち,"共通レビュー文: accustomed, quit, drawer, slave"
865,drawer,引き出し,"Replace ""drawer"" with a clearer phrase if needed.",必要なら「drawer」をより明確な表現に置き換える。,"Clarify ""accustomed"", ""quit"", ""drawer"", and ""slave"" in the glossary.",用語集で「accustomed」、「quit」、「drawer」、「slave」を明確にする。,改稿レビュー待ち,"共通レビュー文: accustomed, quit, drawer, slave"
866,slave,奴隷；酷使される,"Replace ""slave"" with a clearer phrase if needed.",必要なら「slave」をより明確な表現に置き換える。,"Clarify ""accustomed"", ""quit"", ""drawer"", and ""slave"" in the glossary.",用語集で「accustomed」、「quit」、「drawer」、「slave」を明確にする。,改稿レビュー待ち,"共通レビュー文: accustomed, quit, drawer, slave"
867,threaten,を脅かす；脅す,"Replace ""threaten"" with a clearer phrase if needed.",必要なら「threaten」をより明確な表現に置き換える。,"Clarify ""threaten"", ""ruler"", ""statue"", and ""accompany"" in the glossary.",用語集で「threaten」、「ruler」、「statue」、「accompany」を明確にする。,改稿レビュー待ち,"共通レビュー文: threaten, ruler, statue, accompany"
868,ruler,支配者；定規,"Replace ""ruler"" with a clearer phrase if needed.",必要なら「ruler」をより明確な表現に置き換える。,"Clarify ""threaten"", ""ruler"", ""statue"", and ""accompany"" in the glossary.",用語集で「threaten」、「ruler」、「statue」、「accompany」を明確にする。,改稿レビュー待ち,"共通レビュー文: threaten, ruler, statue, accompany"
869,statue,像；彫像,"Replace ""statue"" with a clearer phrase if needed.",必要なら「statue」をより明確な表現に置き換える。,"Clarify ""threaten"", ""ruler"", ""statue"", and ""accompany"" in the glossary.",用語集で「threaten」、「ruler」、「statue」、「accompany」を明確にする。,改稿レビュー待ち,"共通レビュー文: threaten, ruler, statue, accompany"
871,accompany,に同行する；伴う,"Replace ""accompany"" with a clearer phrase if needed.",必要なら「accompany」をより明確な表現に置き換える。,"Clarify ""threaten"", ""ruler"", ""statue"", and ""accompany"" in the glossary.",用語集で「threaten」、「ruler」、「statue」、「accompany」を明確にする。,改稿レビュー待ち,"共通レビュー文: threaten, ruler, statue, accompany"
872,bury,を埋める；埋葬する,"Replace ""bury"" with a clearer phrase if needed.",必要なら「bury」をより明確な表現に置き換える。,"Clarify ""bury"", ""beast"", ""oppose"", and ""sore"" in the glossary.",用語集で「bury」、「beast」、「oppose」、「sore」を明確にする。,改稿レビュー待ち,"共通レビュー文: bury, beast, oppose, sore"
873,beast,野獣；動物,"Replace ""beast"" with a clearer phrase if needed.",必要なら「beast」をより明確な表現に置き換える。,"Clarify ""bury"", ""beast"", ""oppose"", and ""sore"" in the glossary.",用語集で「bury」、「beast」、「oppose」、「sore」を明確にする。,改稿レビュー待ち,"共通レビュー文: bury, beast, oppose, sore"
874,oppose,反対する,"Replace ""oppose"" with a clearer phrase if needed.",必要なら「oppose」をより明確な表現に置き換える。,"Clarify ""bury"", ""beast"", ""oppose"", and ""sore"" in the glossary.",用語集で「bury」、「beast」、「oppose」、「sore」を明確にする。,改稿レビュー待ち,"共通レビュー文: bury, beast, oppose, sore"
875,sore,痛い；ひりひりする；傷,"Replace ""sore"" with a clearer phrase if needed.",必要なら「sore」をより明確な表現に置き換える。,"Clarify ""bury"", ""beast"", ""oppose"", and ""sore"" in the glossary.",用語集で「bury」、「beast」、「oppose」、「sore」を明確にする。,改稿レビュー待ち,"共通レビュー文: bury, beast, oppose, sore"
876,fog,霧；もや,"Replace ""fog"" with a clearer phrase if needed.",必要なら「fog」をより明確な表現に置き換える。,"Clarify ""fog"", ""beg"", ""swear"", and ""refugee"" in the glossary.",用語集で「fog」、「beg」、「swear」、「refugee」を明確にする。,改稿レビュー待ち,"共通レビュー文: fog, beg, swear, refugee"
877,beg,を懇願する；物乞いをする,"Replace ""beg"" with a clearer phrase if needed.",必要なら「beg」をより明確な表現に置き換える。,"Clarify ""fog"", ""beg"", ""swear"", and ""refugee"" in the glossary.",用語集で「fog」、「beg」、「swear」、「refugee」を明確にする。,改稿レビュー待ち,"共通レビュー文: fog, beg, swear, refugee"
878,swear,誓う；ののしる,"Replace ""swear"" with a clearer phrase if needed.",必要なら「swear」をより明確な表現に置き換える。,"Clarify ""fog"", ""beg"", ""swear"", and ""refugee"" in the glossary.",用語集で「fog」、「beg」、「swear」、「refugee」を明確にする。,改稿レビュー待ち,"共通レビュー文: fog, beg, swear, refugee"
879,refugee,難民,"Replace ""refugee"" with a clearer phrase if needed.",必要なら「refugee」をより明確な表現に置き換える。,"Clarify ""fog"", ""beg"", ""swear"", and ""refugee"" in the glossary.",用語集で「fog」、「beg」、「swear」、「refugee」を明確にする。,改稿レビュー待ち,"共通レビュー文: fog, beg, swear, refugee"
880,lately,最近；近頃,"Use ""lately"" carefully in helper text.",ヘルプ文では「lately」を慎重に使う。,"Clarify ""lately"", ""attach"", ""dismiss"", and ""basement"" in the glossary.",用語集で「lately」、「attach」、「dismiss」、「basement」を明確にする。,改稿レビュー待ち,"共通レビュー文: lately, attach, dismiss, basement"
881,attach,を取り付ける；を添付する,"Replace ""attach"" with a clearer phrase if needed.",必要なら「attach」をより明確な表現に置き換える。,"Clarify ""lately"", ""attach"", ""dismiss"", and ""basement"" in the glossary.",用語集で「lately」、「attach」、「dismiss」、「basement」を明確にする。,改稿レビュー待ち,"共通レビュー文: lately, attach, dismiss, basement"
882,dismiss,を解雇する；を却下する,"Replace ""dismiss"" with a clearer phrase if needed.",必要なら「dismiss」をより明確な表現に置き換える。,"Clarify ""lately"", ""attach"", ""dismiss"", and ""basement"" in the glossary.",用語集で「lately」、「attach」、「dismiss」、「basement」を明確にする。,改稿レビュー待ち,"共通レビュー文: lately, attach, dismiss, basement"
883,basement,地下室,Clarify the basement before the next review.,次のレビュー前にbasementを明確にする。,"Clarify ""lately"", ""attach"", ""dismiss"", and ""basement"" in the glossary.",用語集で「lately」、「attach」、「dismiss」、「basement」を明確にする。,改稿レビュー待ち,"共通レビュー文: lately, attach, dismiss, basement"
884,lightning,稲妻；落雷,"Replace ""lightning"" with a clearer phrase if needed.",必要なら「lightning」をより明確な表現に置き換える。,"Clarify ""lightning"", ""helpless"", ""trunk"", and ""ruin"" in the glossary.",用語集で「lightning」、「helpless」、「trunk」、「ruin」を明確にする。,改稿レビュー待ち,"共通レビュー文: lightning, helpless, trunk, ruin"
885,helpless,無力な；どうしようもない,The helpless option needs a clearer label.,helplessの選択肢には、より明確なラベルが必要だ。,"Clarify ""lightning"", ""helpless"", ""trunk"", and ""ruin"" in the glossary.",用語集で「lightning」、「helpless」、「trunk」、「ruin」を明確にする。,改稿レビュー待ち,"共通レビュー文: lightning, helpless, trunk, ruin"
886,trunk,幹；トランク,"Replace ""trunk"" with a clearer phrase if needed.",必要なら「trunk」をより明確な表現に置き換える。,"Clarify ""lightning"", ""helpless"", ""trunk"", and ""ruin"" in the glossary.",用語集で「lightning」、「helpless」、「trunk」、「ruin」を明確にする。,改稿レビュー待ち,"共通レビュー文: lightning, helpless, trunk, ruin"
888,ruin,台無しにする；遺跡；崩壊,"Replace ""ruin"" with a clearer phrase if needed.",必要なら「ruin」をより明確な表現に置き換える。,"Clarify ""lightning"", ""helpless"", ""trunk"", and ""ruin"" in the glossary.",用語集で「lightning」、「helpless」、「trunk」、「ruin」を明確にする。,改稿レビュー待ち,"共通レビュー文: lightning, helpless, trunk, ruin"
889,cough,咳をする；咳,"Replace ""cough"" with a clearer phrase if needed.",必要なら「cough」をより明確な表現に置き換える。,"Clarify ""cough"", ""thunder"", ""wipe"", and ""insect"" in the glossary.",用語集で「cough」、「thunder」、「wipe」、「insect」を明確にする。,改稿レビュー待ち,"共通レビュー文: cough, thunder, wipe, insect"
890,thunder,雷；雷鳴,"Replace ""thunder"" with a clearer phrase if needed.",必要なら「thunder」をより明確な表現に置き換える。,"Clarify ""cough"", ""thunder"", ""wipe"", and ""insect"" in the glossary.",用語集で「cough」、「thunder」、「wipe」、「insect」を明確にする。,改稿レビュー待ち,"共通レビュー文: cough, thunder, wipe, insect"
891,wipe,を拭く；消す,"Replace ""wipe"" with a clearer phrase if needed.",必要なら「wipe」をより明確な表現に置き換える。,"Clarify ""cough"", ""thunder"", ""wipe"", and ""insect"" in the glossary.",用語集で「cough」、「thunder」、「wipe」、「insect」を明確にする。,改稿レビュー待ち,"共通レビュー文: cough, thunder, wipe, insect"
892,insect,昆虫；虫,"Replace ""insect"" with a clearer phrase if needed.",必要なら「insect」をより明確な表現に置き換える。,"Clarify ""cough"", ""thunder"", ""wipe"", and ""insect"" in the glossary.",用語集で「cough」、「thunder」、「wipe」、「insect」を明確にする。,改稿レビュー待ち,"共通レビュー文: cough, thunder, wipe, insect"
893,denial,否定；否認,The denial option needs a clearer label.,denialの選択肢には、より明確なラベルが必要だ。,"Clarify ""denial"", ""disagree"", ""flock"", and ""bind"" in the glossary.",用語集で「denial」、「disagree」、「flock」、「bind」を明確にする。,改稿レビュー待ち,"共通レビュー文: denial, disagree, flock, bind"
894,disagree,意見が合わない,"Replace ""disagree"" with a clearer phrase if needed.",必要なら「disagree」をより明確な表現に置き換える。,"Clarify ""denial"", ""disagree"", ""flock"", and ""bind"" in the glossary.",用語集で「denial」、「disagree」、「flock」、「bind」を明確にする。,改稿レビュー待ち,"共通レビュー文: denial, disagree, flock, bind"
895,flock,群れ；を群がる,"Replace ""flock"" with a clearer phrase if needed.",必要なら「flock」をより明確な表現に置き換える。,"Clarify ""denial"", ""disagree"", ""flock"", and ""bind"" in the glossary.",用語集で「denial」、「disagree」、「flock」、「bind」を明確にする。,改稿レビュー待ち,"共通レビュー文: denial, disagree, flock, bind"
896,bind,を縛る；義務付ける,"Replace ""bind"" with a clearer phrase if needed.",必要なら「bind」をより明確な表現に置き換える。,"Clarify ""denial"", ""disagree"", ""flock"", and ""bind"" in the glossary.",用語集で「denial」、「disagree」、「flock」、「bind」を明確にする。,改稿レビュー待ち,"共通レビュー文: denial, disagree, flock, bind"
897,whistle,口笛を吹く；笛,"Replace ""whistle"" with a clearer phrase if needed.",必要なら「whistle」をより明確な表現に置き換える。,"Clarify ""whistle"", ""brow"", ""imaginary"", and ""hatch"" in the glossary.",用語集で「whistle」、「brow」、「imaginary」、「hatch」を明確にする。,改稿レビュー待ち,"共通レビュー文: whistle, brow, imaginary, hatch"
898,brow,まゆ；額；丘の頂,"Replace ""brow"" with a clearer phrase if needed.",必要なら「brow」をより明確な表現に置き換える。,"Clarify ""whistle"", ""brow"", ""imaginary"", and ""hatch"" in the glossary.",用語集で「whistle」、「brow」、「imaginary」、「hatch」を明確にする。,改稿レビュー待ち,"共通レビュー文: whistle, brow, imaginary, hatch"
899,imaginary,想像上の；架空の,"Replace ""imaginary"" with a clearer phrase if needed.",必要なら「imaginary」をより明確な表現に置き換える。,"Clarify ""whistle"", ""brow"", ""imaginary"", and ""hatch"" in the glossary.",用語集で「whistle」、「brow」、「imaginary」、「hatch」を明確にする。,改稿レビュー待ち,"共通レビュー文: whistle, brow, imaginary, hatch"
900,hatch,孵化する；ハッチ,"Replace ""hatch"" with a clearer phrase if needed.",必要なら「hatch」をより明確な表現に置き換える。,"Clarify ""whistle"", ""brow"", ""imaginary"", and ""hatch"" in the glossary.",用語集で「whistle」、「brow」、「imaginary」、「hatch」を明確にする。,改稿レビュー待ち,"共通レビュー文: whistle, brow, imaginary, hatch"
901,parcel,小包；区画,"Replace ""parcel"" with a clearer phrase if needed.",必要なら「parcel」をより明確な表現に置き換える。,"Clarify ""parcel"", ""monument"", ""housework"", and ""sometime"" in the glossary.",用語集で「parcel」、「monument」、「housework」、「sometime」を明確にする。,改稿レビュー待ち,"共通レビュー文: parcel, monument, housework, sometime"
902,monument,記念碑；モニュメント,Clarify the monument before the next review.,次のレビュー前にmonumentを明確にする。,"Clarify ""parcel"", ""monument"", ""housework"", and ""sometime"" in the glossary.",用語集で「parcel」、「monument」、「housework」、「sometime」を明確にする。,改稿レビュー待ち,"共通レビュー文: parcel, monument, housework, sometime"
903,housework,家事,"Replace ""housework"" with a clearer phrase if needed.",必要なら「housework」をより明確な表現に置き換える。,"Clarify ""parcel"", ""monument"", ""housework"", and ""sometime"" in the glossary.",用語集で「parcel」、「monument」、「housework」、「sometime」を明確にする。,改稿レビュー待ち,"共通レビュー文: parcel, monument, housework, sometime"
905,sometime,いつか；かつての,"Replace ""sometime"" with a clearer phrase if needed.",必要なら「sometime」をより明確な表現に置き換える。,"Clarify ""parcel"", ""monument"", ""housework"", and ""sometime"" in the glossary.",用語集で「parcel」、「monument」、「housework」、「sometime」を明確にする。,改稿レビュー待ち,"共通レビュー文: parcel, monument, housework, sometime"
906,bullet,弾丸；箇条書き,"Replace ""bullet"" with a clearer phrase if needed.",必要なら「bullet」をより明確な表現に置き換える。,"Clarify ""bullet"", ""painfully"", ""wander"", and ""selfish"" in the glossary.",用語集で「bullet」、「painfully」、「wander」、「selfish」を明確にする。,改稿レビュー待ち,"共通レビュー文: bullet, painfully, wander, selfish"
907,painfully,苦痛なほど；つらく,"Use ""painfully"" carefully in helper text.",ヘルプ文では「painfully」を慎重に使う。,"Clarify ""bullet"", ""painfully"", ""wander"", and ""selfish"" in the glossary.",用語集で「bullet」、「painfully」、「wander」、「selfish」を明確にする。,改稿レビュー待ち,"共通レビュー文: bullet, painfully, wander, selfish"
908,wander,さまよう；放浪する,"Replace ""wander"" with a clearer phrase if needed.",必要なら「wander」をより明確な表現に置き換える。,"Clarify ""bullet"", ""painfully"", ""wander"", and ""selfish"" in the glossary.",用語集で「bullet」、「painfully」、「wander」、「selfish」を明確にする。,改稿レビュー待ち,"共通レビュー文: bullet, painfully, wander, selfish"
910,selfish,利己的な；自分勝手な,"Replace ""selfish"" with a clearer phrase if needed.",必要なら「selfish」をより明確な表現に置き換える。,"Clarify ""bullet"", ""painfully"", ""wander"", and ""selfish"" in the glossary.",用語集で「bullet」、「painfully」、「wander」、「selfish」を明確にする。,改稿レビュー待ち,"共通レビュー文: bullet, painfully, wander, selfish"
911,weigh,の重さを量る；検討する,"Replace ""weigh"" with a clearer phrase if needed.",必要なら「weigh」をより明確な表現に置き換える。,"Clarify ""weigh"", ""melt"", ""entertain"", and ""rumour"" in the glossary.",用語集で「weigh」、「melt」、「entertain」、「rumour」を明確にする。,改稿レビュー待ち,"共通レビュー文: weigh, melt, entertain, rumour"
912,melt,溶ける；を溶かす,"Replace ""melt"" with a clearer phrase if needed.",必要なら「melt」をより明確な表現に置き換える。,"Clarify ""weigh"", ""melt"", ""entertain"", and ""rumour"" in the glossary.",用語集で「weigh」、「melt」、「entertain」、「rumour」を明確にする。,改稿レビュー待ち,"共通レビュー文: weigh, melt, entertain, rumour"
913,entertain,を楽しませる；もてなす,"Replace ""entertain"" with a clearer phrase if needed.",必要なら「entertain」をより明確な表現に置き換える。,"Clarify ""weigh"", ""melt"", ""entertain"", and ""rumour"" in the glossary.",用語集で「weigh」、「melt」、「entertain」、「rumour」を明確にする。,改稿レビュー待ち,"共通レビュー文: weigh, melt, entertain, rumour"
914,rumour,うわさ；風聞,"Replace ""rumour"" with a clearer phrase if needed.",必要なら「rumour」をより明確な表現に置き換える。,"Clarify ""weigh"", ""melt"", ""entertain"", and ""rumour"" in the glossary.",用語集で「weigh」、「melt」、「entertain」、「rumour」を明確にする。,改稿レビュー待ち,"共通レビュー文: weigh, melt, entertain, rumour"
915,attendant,付き添い；随伴する,"Replace ""attendant"" with a clearer phrase if needed.",必要なら「attendant」をより明確な表現に置き換える。,"Clarify ""attendant"", ""jar"", ""chimney"", and ""insult"" in the glossary.",用語集で「attendant」、「jar」、「chimney」、「insult」を明確にする。,改稿レビュー待ち,"共通レビュー文: attendant, jar, chimney, insult"
916,jar,瓶；耳障りな音,"Replace ""jar"" with a clearer phrase if needed.",必要なら「jar」をより明確な表現に置き換える。,"Clarify ""attendant"", ""jar"", ""chimney"", and ""insult"" in the glossary.",用語集で「attendant」、「jar」、「chimney」、「insult」を明確にする。,改稿レビュー待ち,"共通レビュー文: attendant, jar, chimney, insult"
917,chimney,煙突,"Replace ""chimney"" with a clearer phrase if needed.",必要なら「chimney」をより明確な表現に置き換える。,"Clarify ""attendant"", ""jar"", ""chimney"", and ""insult"" in the glossary.",用語集で「attendant」、「jar」、「chimney」、「insult」を明確にする。,改稿レビュー待ち,"共通レビュー文: attendant, jar, chimney, insult"
918,insult,を侮辱する；侮辱,"Replace ""insult"" with a clearer phrase if needed.",必要なら「insult」をより明確な表現に置き換える。,"Clarify ""attendant"", ""jar"", ""chimney"", and ""insult"" in the glossary.",用語集で「attendant」、「jar」、「chimney」、「insult」を明確にする。,改稿レビュー待ち,"共通レビュー文: attendant, jar, chimney, insult"
919,backwards,後ろ向きに；逆に,"Replace ""backwards"" with a clearer phrase if needed.",必要なら「backwards」をより明確な表現に置き換える。,"Clarify ""backwards"", ""disappearance"", ""luggage"", and ""sour"" in the glossary.",用語集で「backwards」、「disappearance」、「luggage」、「sour」を明確にする。,改稿レビュー待ち,"共通レビュー文: backwards, disappearance, luggage, sour"
920,disappearance,消失；行方不明,Clarify the disappearance before the next review.,次のレビュー前にdisappearanceを明確にする。,"Clarify ""backwards"", ""disappearance"", ""luggage"", and ""sour"" in the glossary.",用語集で「backwards」、「disappearance」、「luggage」、「sour」を明確にする。,改稿レビュー待ち,"共通レビュー文: backwards, disappearance, luggage, sour"
922,luggage,荷物；手荷物,"Replace ""luggage"" with a clearer phrase if needed.",必要なら「luggage」をより明確な表現に置き換える。,"Clarify ""backwards"", ""disappearance"", ""luggage"", and ""sour"" in the glossary.",用語集で「backwards」、「disappearance」、「luggage」、「sour」を明確にする。,改稿レビュー待ち,"共通レビュー文: backwards, disappearance, luggage, sour"
923,sour,酸っぱい,"Replace ""sour"" with a clearer phrase if needed.",必要なら「sour」をより明確な表現に置き換える。,"Clarify ""backwards"", ""disappearance"", ""luggage"", and ""sour"" in the glossary.",用語集で「backwards」、「disappearance」、「luggage」、「sour」を明確にする。,改稿レビュー待ち,"共通レビュー文: backwards, disappearance, luggage, sour"
924,spoil,を台無しにする；を甘やかす,"Replace ""spoil"" with a clearer phrase if needed.",必要なら「spoil」をより明確な表現に置き換える。,"Clarify ""spoil"", ""impress"", ""translate"", and ""puzzle"" in the glossary.",用語集で「spoil」、「impress」、「translate」、「puzzle」を明確にする。,改稿レビュー待ち,"共通レビュー文: spoil, impress, translate, puzzle"
925,impress,に感銘を与える,"Replace ""impress"" with a clearer phrase if needed.",必要なら「impress」をより明確な表現に置き換える。,"Clarify ""spoil"", ""impress"", ""translate"", and ""puzzle"" in the glossary.",用語集で「spoil」、「impress」、「translate」、「puzzle」を明確にする。,改稿レビュー待ち,"共通レビュー文: spoil, impress, translate, puzzle"
927,translate,を翻訳する；移す,"Replace ""translate"" with a clearer phrase if needed.",必要なら「translate」をより明確な表現に置き換える。,"Clarify ""spoil"", ""impress"", ""translate"", and ""puzzle"" in the glossary.",用語集で「spoil」、「impress」、「translate」、「puzzle」を明確にする。,改稿レビュー待ち,"共通レビュー文: spoil, impress, translate, puzzle"
928,puzzle,パズル；を当惑させる,"Replace ""puzzle"" with a clearer phrase if needed.",必要なら「puzzle」をより明確な表現に置き換える。,"Clarify ""spoil"", ""impress"", ""translate"", and ""puzzle"" in the glossary.",用語集で「spoil」、「impress」、「translate」、「puzzle」を明確にする。,改稿レビュー待ち,"共通レビュー文: spoil, impress, translate, puzzle"
929,stove,ストーブ；コンロ,"Replace ""stove"" with a clearer phrase if needed.",必要なら「stove」をより明確な表現に置き換える。,"Clarify ""stove"", ""bark"", ""swell"", and ""wallet"" in the glossary.",用語集で「stove」、「bark」、「swell」、「wallet」を明確にする。,改稿レビュー待ち,"共通レビュー文: stove, bark, swell, wallet"
930,bark,吠える；樹皮,"Replace ""bark"" with a clearer phrase if needed.",必要なら「bark」をより明確な表現に置き換える。,"Clarify ""stove"", ""bark"", ""swell"", and ""wallet"" in the glossary.",用語集で「stove」、「bark」、「swell」、「wallet」を明確にする。,改稿レビュー待ち,"共通レビュー文: stove, bark, swell, wallet"
931,swell,膨らむ；腫れる,"Replace ""swell"" with a clearer phrase if needed.",必要なら「swell」をより明確な表現に置き換える。,"Clarify ""stove"", ""bark"", ""swell"", and ""wallet"" in the glossary.",用語集で「stove」、「bark」、「swell」、「wallet」を明確にする。,改稿レビュー待ち,"共通レビュー文: stove, bark, swell, wallet"
932,wallet,財布,"Replace ""wallet"" with a clearer phrase if needed.",必要なら「wallet」をより明確な表現に置き換える。,"Clarify ""stove"", ""bark"", ""swell"", and ""wallet"" in the glossary.",用語集で「stove」、「bark」、「swell」、「wallet」を明確にする。,改稿レビュー待ち,"共通レビュー文: stove, bark, swell, wallet"
933,quarrel,口論；けんかする,"Replace ""quarrel"" with a clearer phrase if needed.",必要なら「quarrel」をより明確な表現に置き換える。,"Clarify ""quarrel"", ""careless"", ""greet"", and ""bless"" in the glossary.",用語集で「quarrel」、「careless」、「greet」、「bless」を明確にする。,改稿レビュー待ち,"共通レビュー文: quarrel, careless, greet, bless"
934,careless,不注意な；無頓着な,The careless option needs a clearer label.,carelessの選択肢には、より明確なラベルが必要だ。,"Clarify ""quarrel"", ""careless"", ""greet"", and ""bless"" in the glossary.",用語集で「quarrel」、「careless」、「greet」、「bless」を明確にする。,改稿レビュー待ち,"共通レビュー文: quarrel, careless, greet, bless"
935,greet,を迎える；挨拶する,"Replace ""greet"" with a clearer phrase if needed.",必要なら「greet」をより明確な表現に置き換える。,"Clarify ""quarrel"", ""careless"", ""greet"", and ""bless"" in the glossary.",用語集で「quarrel」、「careless」、「greet」、「bless」を明確にする。,改稿レビュー待ち,"共通レビュー文: quarrel, careless, greet, bless"
936,bless,を祝福する,The bless option needs a clearer label.,blessの選択肢には、より明確なラベルが必要だ。,"Clarify ""quarrel"", ""careless"", ""greet"", and ""bless"" in the glossary.",用語集で「quarrel」、「careless」、「greet」、「bless」を明確にする。,改稿レビュー待ち,"共通レビュー文: quarrel, careless, greet, bless"
937,scare,を怖がらせる；恐怖,"Replace ""scare"" with a clearer phrase if needed.",必要なら「scare」をより明確な表現に置き換える。,"Clarify ""scare"", ""farther"", ""spill"", and ""feather"" in the glossary.",用語集で「scare」、「farther」、「spill」、「feather」を明確にする。,改稿レビュー待ち,"共通レビュー文: scare, farther, spill, feather"
939,farther,より遠くに；さらに,"Replace ""farther"" with a clearer phrase if needed.",必要なら「farther」をより明確な表現に置き換える。,"Clarify ""scare"", ""farther"", ""spill"", and ""feather"" in the glossary.",用語集で「scare」、「farther」、「spill」、「feather」を明確にする。,改稿レビュー待ち,"共通レビュー文: scare, farther, spill, feather"
940,spill,をこぼす；流出,"Replace ""spill"" with a clearer phrase if needed.",必要なら「spill」をより明確な表現に置き換える。,"Clarify ""scare"", ""farther"", ""spill"", and ""feather"" in the glossary.",用語集で「scare」、「farther」、「spill」、「feather」を明確にする。,改稿レビュー待ち,"共通レビュー文: scare, farther, spill, feather"
941,feather,羽根；羽毛,"Replace ""feather"" with a clearer phrase if needed.",必要なら「feather」をより明確な表現に置き換える。,"Clarify ""scare"", ""farther"", ""spill"", and ""feather"" in the glossary.",用語集で「scare」、「farther」、「spill」、「feather」を明確にする。,改稿レビュー待ち,"共通レビュー文: scare, farther, spill, feather"
942,crush,を押しつぶす；失恋,"Replace ""crush"" with a clearer phrase if needed.",必要なら「crush」をより明確な表現に置き換える。,"Clarify ""crush"", ""shrug r"", ""vase"", and ""surround"" in the glossary.",用語集で「crush」、「shrug r」、「vase」、「surround」を明確にする。,改稿レビュー待ち,"共通レビュー文: crush, shrug r, vase, surround"
943,shrug r,肩をすくめる,"Use ""shrug r"" only if the phrase is familiar.",その表現がなじみのある場合だけ「shrug r」を使う。,"Clarify ""crush"", ""shrug r"", ""vase"", and ""surround"" in the glossary.",用語集で「crush」、「shrug r」、「vase」、「surround」を明確にする。,改稿レビュー待ち,"共通レビュー文: crush, shrug r, vase, surround"
944,vase,花瓶,"Replace ""vase"" with a clearer phrase if needed.",必要なら「vase」をより明確な表現に置き換える。,"Clarify ""crush"", ""shrug r"", ""vase"", and ""surround"" in the glossary.",用語集で「crush」、「shrug r」、「vase」、「surround」を明確にする。,改稿レビュー待ち,"共通レビュー文: crush, shrug r, vase, surround"
945,surround,を囲む；取り巻く,"Replace ""surround"" with a clearer phrase if needed.",必要なら「surround」をより明確な表現に置き換える。,"Clarify ""crush"", ""shrug r"", ""vase"", and ""surround"" in the glossary.",用語集で「crush」、「shrug r」、「vase」、「surround」を明確にする。,改稿レビュー待ち,"共通レビュー文: crush, shrug r, vase, surround"
946,punish,を罰する；を懲らしめる,"Replace ""punish"" with a clearer phrase if needed.",必要なら「punish」をより明確な表現に置き換える。,"Clarify ""punish"", ""sincere"", ""anyhow"", and ""interrupt"" in the glossary.",用語集で「punish」、「sincere」、「anyhow」、「interrupt」を明確にする。,改稿レビュー待ち,"共通レビュー文: punish, sincere, anyhow, interrupt"
947,sincere,誠実な,"Replace ""sincere"" with a clearer phrase if needed.",必要なら「sincere」をより明確な表現に置き換える。,"Clarify ""punish"", ""sincere"", ""anyhow"", and ""interrupt"" in the glossary.",用語集で「punish」、「sincere」、「anyhow」、「interrupt」を明確にする。,改稿レビュー待ち,"共通レビュー文: punish, sincere, anyhow, interrupt"
948,anyhow,とにかく；どうにせよ,"Replace ""anyhow"" with a clearer phrase if needed.",必要なら「anyhow」をより明確な表現に置き換える。,"Clarify ""punish"", ""sincere"", ""anyhow"", and ""interrupt"" in the glossary.",用語集で「punish」、「sincere」、「anyhow」、「interrupt」を明確にする。,改稿レビュー待ち,"共通レビュー文: punish, sincere, anyhow, interrupt"
949,interrupt,を中断する；割り込む,"Replace ""interrupt"" with a clearer phrase if needed.",必要なら「interrupt」をより明確な表現に置き換える。,"Clarify ""punish"", ""sincere"", ""anyhow"", and ""interrupt"" in the glossary.",用語集で「punish」、「sincere」、「anyhow」、「interrupt」を明確にする。,改稿レビュー待ち,"共通レビュー文: punish, sincere, anyhow, interrupt"
950,reference,参照；言及,Clarify the reference before the next review.,次のレビュー前にreferenceを明確にする。,"Clarify ""reference"", ""advert"", ""unite"", and ""boast"" in the glossary.",用語集で「reference」、「advert」、「unite」、「boast」を明確にする。,改稿レビュー待ち,"共通レビュー文: reference, advert, unite, boast"
951,advert,広告；を言及する,"Replace ""advert"" with a clearer phrase if needed.",必要なら「advert」をより明確な表現に置き換える。,"Clarify ""reference"", ""advert"", ""unite"", and ""boast"" in the glossary.",用語集で「reference」、「advert」、「unite」、「boast」を明確にする。,改稿レビュー待ち,"共通レビュー文: reference, advert, unite, boast"
952,unite,を統一する；団結する,"Replace ""unite"" with a clearer phrase if needed.",必要なら「unite」をより明確な表現に置き換える。,"Clarify ""reference"", ""advert"", ""unite"", and ""boast"" in the glossary.",用語集で「reference」、「advert」、「unite」、「boast」を明確にする。,改稿レビュー待ち,"共通レビュー文: reference, advert, unite, boast"
953,boast,自慢する；誇る,"Replace ""boast"" with a clearer phrase if needed.",必要なら「boast」をより明確な表現に置き換える。,"Clarify ""reference"", ""advert"", ""unite"", and ""boast"" in the glossary.",用語集で「reference」、「advert」、「unite」、「boast」を明確にする。,改稿レビュー待ち,"共通レビュー文: reference, advert, unite, boast"
954,scissors,はさみ,"Replace ""scissors"" with a clearer phrase if needed.",必要なら「scissors」をより明確な表現に置き換える。,"Clarify ""scissors"", ""frighten"", ""inspire"", and ""comb"" in the glossary.",用語集で「scissors」、「frighten」、「inspire」、「comb」を明確にする。,改稿レビュー待ち,"共通レビュー文: scissors, frighten, inspire, comb"
956,frighten,を怖がらせる,"Replace ""frighten"" with a clearer phrase if needed.",必要なら「frighten」をより明確な表現に置き換える。,"Clarify ""scissors"", ""frighten"", ""inspire"", and ""comb"" in the glossary.",用語集で「scissors」、「frighten」、「inspire」、「comb」を明確にする。,改稿レビュー待ち,"共通レビュー文: scissors, frighten, inspire, comb"
957,inspire,を鼓舞する；を刺激する,"Replace ""inspire"" with a clearer phrase if needed.",必要なら「inspire」をより明確な表現に置き換える。,"Clarify ""scissors"", ""frighten"", ""inspire"", and ""comb"" in the glossary.",用語集で「scissors」、「frighten」、「inspire」、「comb」を明確にする。,改稿レビュー待ち,"共通レビュー文: scissors, frighten, inspire, comb"
958,comb,くしで梳かす；くし,"Replace ""comb"" with a clearer phrase if needed.",必要なら「comb」をより明確な表現に置き換える。,"Clarify ""scissors"", ""frighten"", ""inspire"", and ""comb"" in the glossary.",用語集で「scissors」、「frighten」、「inspire」、「comb」を明確にする。,改稿レビュー待ち,"共通レビュー文: scissors, frighten, inspire, comb"
959,vinegar,酢,"Replace ""vinegar"" with a clearer phrase if needed.",必要なら「vinegar」をより明確な表現に置き換える。,"Clarify ""vinegar"", ""tailor"", ""invent"", and ""eyebrow"" in the glossary.",用語集で「vinegar」、「tailor」、「invent」、「eyebrow」を明確にする。,改稿レビュー待ち,"共通レビュー文: vinegar, tailor, invent, eyebrow"
960,tailor,仕立てる；調整する,"Replace ""tailor"" with a clearer phrase if needed.",必要なら「tailor」をより明確な表現に置き換える。,"Clarify ""vinegar"", ""tailor"", ""invent"", and ""eyebrow"" in the glossary.",用語集で「vinegar」、「tailor」、「invent」、「eyebrow」を明確にする。,改稿レビュー待ち,"共通レビュー文: vinegar, tailor, invent, eyebrow"
961,invent,を発明する；を作り出す,"Replace ""invent"" with a clearer phrase if needed.",必要なら「invent」をより明確な表現に置き換える。,"Clarify ""vinegar"", ""tailor"", ""invent"", and ""eyebrow"" in the glossary.",用語集で「vinegar」、「tailor」、「invent」、「eyebrow」を明確にする。,改稿レビュー待ち,"共通レビュー文: vinegar, tailor, invent, eyebrow"
962,eyebrow,眉毛,"Replace ""eyebrow"" with a clearer phrase if needed.",必要なら「eyebrow」をより明確な表現に置き換える。,"Clarify ""vinegar"", ""tailor"", ""invent"", and ""eyebrow"" in the glossary.",用語集で「vinegar」、「tailor」、「invent」、「eyebrow」を明確にする。,改稿レビュー待ち,"共通レビュー文: vinegar, tailor, invent, eyebrow"
963,murmur,つぶやく；ぶつぶつ言う,"Replace ""murmur"" with a clearer phrase if needed.",必要なら「murmur」をより明確な表現に置き換える。,"Clarify ""murmur"", ""plead"", ""courageous"", and ""educate"" in the glossary.",用語集で「murmur」、「plead」、「courageous」、「educate」を明確にする。,改稿レビュー待ち,"共通レビュー文: murmur, plead, courageous, educate"
964,plead,懇願する；訴える,"Replace ""plead"" with a clearer phrase if needed.",必要なら「plead」をより明確な表現に置き換える。,"Clarify ""murmur"", ""plead"", ""courageous"", and ""educate"" in the glossary.",用語集で「murmur」、「plead」、「courageous」、「educate」を明確にする。,改稿レビュー待ち,"共通レビュー文: murmur, plead, courageous, educate"
965,courageous,勇敢な；勇気ある,The courageous option needs a clearer label.,courageousの選択肢には、より明確なラベルが必要だ。,"Clarify ""murmur"", ""plead"", ""courageous"", and ""educate"" in the glossary.",用語集で「murmur」、「plead」、「courageous」、「educate」を明確にする。,改稿レビュー待ち,"共通レビュー文: murmur, plead, courageous, educate"
966,educate,を教育する；を啓発する,"Replace ""educate"" with a clearer phrase if needed.",必要なら「educate」をより明確な表現に置き換える。,"Clarify ""murmur"", ""plead"", ""courageous"", and ""educate"" in the glossary.",用語集で「murmur」、「plead」、「courageous」、「educate」を明確にする。,改稿レビュー待ち,"共通レビュー文: murmur, plead, courageous, educate"
967,brilliance,輝き；卓越した才能,Clarify the brilliance before the next review.,次のレビュー前にbrillianceを明確にする。,"Clarify ""brilliance"", ""drown"", ""weep"", and ""immigrant"" in the glossary.",用語集で「brilliance」、「drown」、「weep」、「immigrant」を明確にする。,改稿レビュー待ち,"共通レビュー文: brilliance, drown, weep, immigrant"
968,drown,溺れる；をおぼれさせる,"Replace ""drown"" with a clearer phrase if needed.",必要なら「drown」をより明確な表現に置き換える。,"Clarify ""brilliance"", ""drown"", ""weep"", and ""immigrant"" in the glossary.",用語集で「brilliance」、「drown」、「weep」、「immigrant」を明確にする。,改稿レビュー待ち,"共通レビュー文: brilliance, drown, weep, immigrant"
969,weep,泣く；しずくを垂らす,"Replace ""weep"" with a clearer phrase if needed.",必要なら「weep」をより明確な表現に置き換える。,"Clarify ""brilliance"", ""drown"", ""weep"", and ""immigrant"" in the glossary.",用語集で「brilliance」、「drown」、「weep」、「immigrant」を明確にする。,改稿レビュー待ち,"共通レビュー文: brilliance, drown, weep, immigrant"
970,immigrant,移民；移住者,"Replace ""immigrant"" with a clearer phrase if needed.",必要なら「immigrant」をより明確な表現に置き換える。,"Clarify ""brilliance"", ""drown"", ""weep"", and ""immigrant"" in the glossary.",用語集で「brilliance」、「drown」、「weep」、「immigrant」を明確にする。,改稿レビュー待ち,"共通レビュー文: brilliance, drown, weep, immigrant"
971,mushroom,キノコ；急増する,"Replace ""mushroom"" with a clearer phrase if needed.",必要なら「mushroom」をより明確な表現に置き換える。,"Clarify ""mushroom"", ""offend"", ""refrigerator"", and ""apologise"" in the glossary.",用語集で「mushroom」、「offend」、「refrigerator」、「apologise」を明確にする。,改稿レビュー待ち,"共通レビュー文: mushroom, offend, refrigerator, apologise"
973,offend,を傷つける；違反する,"Replace ""offend"" with a clearer phrase if needed.",必要なら「offend」をより明確な表現に置き換える。,"Clarify ""mushroom"", ""offend"", ""refrigerator"", and ""apologise"" in the glossary.",用語集で「mushroom」、「offend」、「refrigerator」、「apologise」を明確にする。,改稿レビュー待ち,"共通レビュー文: mushroom, offend, refrigerator, apologise"
974,refrigerator,冷蔵庫,"Replace ""refrigerator"" with a clearer phrase if needed.",必要なら「refrigerator」をより明確な表現に置き換える。,"Clarify ""mushroom"", ""offend"", ""refrigerator"", and ""apologise"" in the glossary.",用語集で「mushroom」、「offend」、「refrigerator」、「apologise」を明確にする。,改稿レビュー待ち,"共通レビュー文: mushroom, offend, refrigerator, apologise"
975,apologise,謝罪する,"Replace ""apologise"" with a clearer phrase if needed.",必要なら「apologise」をより明確な表現に置き換える。,"Clarify ""mushroom"", ""offend"", ""refrigerator"", and ""apologise"" in the glossary.",用語集で「mushroom」、「offend」、「refrigerator」、「apologise」を明確にする。,改稿レビュー待ち,"共通レビュー文: mushroom, offend, refrigerator, apologise"
976,anymore,もはや；これ以上,"Replace ""anymore"" with a clearer phrase if needed.",必要なら「anymore」をより明確な表現に置き換える。,"Clarify ""anymore"", ""bravery"", ""thirsty"", and ""shady"" in the glossary.",用語集で「anymore」、「bravery」、「thirsty」、「shady」を明確にする。,改稿レビュー待ち,"共通レビュー文: anymore, bravery, thirsty, shady"
977,bravery,勇敢さ；勇気,"Replace ""bravery"" with a clearer phrase if needed.",必要なら「bravery」をより明確な表現に置き換える。,"Clarify ""anymore"", ""bravery"", ""thirsty"", and ""shady"" in the glossary.",用語集で「anymore」、「bravery」、「thirsty」、「shady」を明確にする。,改稿レビュー待ち,"共通レビュー文: anymore, bravery, thirsty, shady"
978,thirsty,のどが渇いた,"Replace ""thirsty"" with a clearer phrase if needed.",必要なら「thirsty」をより明確な表現に置き換える。,"Clarify ""anymore"", ""bravery"", ""thirsty"", and ""shady"" in the glossary.",用語集で「anymore」、「bravery」、「thirsty」、「shady」を明確にする。,改稿レビュー待ち,"共通レビュー文: anymore, bravery, thirsty, shady"
979,shady,日陰の；怪しい,"Replace ""shady"" with a clearer phrase if needed.",必要なら「shady」をより明確な表現に置き換える。,"Clarify ""anymore"", ""bravery"", ""thirsty"", and ""shady"" in the glossary.",用語集で「anymore」、「bravery」、「thirsty」、「shady」を明確にする。,改稿レビュー待ち,"共通レビュー文: anymore, bravery, thirsty, shady"
980,atlas,地図帳,"Replace ""atlas"" with a clearer phrase if needed.",必要なら「atlas」をより明確な表現に置き換える。,"Clarify ""atlas"", ""intentional"", ""tremble"", and ""carve"" in the glossary.",用語集で「atlas」、「intentional」、「tremble」、「carve」を明確にする。,改稿レビュー待ち,"共通レビュー文: atlas, intentional, tremble, carve"
981,intentional,故意の；意図的な,The intentional option needs a clearer label.,intentionalの選択肢には、より明確なラベルが必要だ。,"Clarify ""atlas"", ""intentional"", ""tremble"", and ""carve"" in the glossary.",用語集で「atlas」、「intentional」、「tremble」、「carve」を明確にする。,改稿レビュー待ち,"共通レビュー文: atlas, intentional, tremble, carve"
982,tremble,震える；おののく,"Replace ""tremble"" with a clearer phrase if needed.",必要なら「tremble」をより明確な表現に置き換える。,"Clarify ""atlas"", ""intentional"", ""tremble"", and ""carve"" in the glossary.",用語集で「atlas」、「intentional」、「tremble」、「carve」を明確にする。,改稿レビュー待ち,"共通レビュー文: atlas, intentional, tremble, carve"
983,carve,を彫る；切り分ける,"Replace ""carve"" with a clearer phrase if needed.",必要なら「carve」をより明確な表現に置き換える。,"Clarify ""atlas"", ""intentional"", ""tremble"", and ""carve"" in the glossary.",用語集で「atlas」、「intentional」、「tremble」、「carve」を明確にする。,改稿レビュー待ち,"共通レビュー文: atlas, intentional, tremble, carve"
984,kitten,子猫,"Replace ""kitten"" with a clearer phrase if needed.",必要なら「kitten」をより明確な表現に置き換える。,"Clarify ""kitten"", ""valuables"", ""yell"", and ""excite"" in the glossary.",用語集で「kitten」、「valuables」、「yell」、「excite」を明確にする。,改稿レビュー待ち,"共通レビュー文: kitten, valuables, yell, excite"
985,valuables,貴重品,"Replace ""valuables"" with a clearer phrase if needed.",必要なら「valuables」をより明確な表現に置き換える。,"Clarify ""kitten"", ""valuables"", ""yell"", and ""excite"" in the glossary.",用語集で「kitten」、「valuables」、「yell」、「excite」を明確にする。,改稿レビュー待ち,"共通レビュー文: kitten, valuables, yell, excite"
986,yell,叫ぶ；怒鳴る,"Replace ""yell"" with a clearer phrase if needed.",必要なら「yell」をより明確な表現に置き換える。,"Clarify ""kitten"", ""valuables"", ""yell"", and ""excite"" in the glossary.",用語集で「kitten」、「valuables」、「yell」、「excite」を明確にする。,改稿レビュー待ち,"共通レビュー文: kitten, valuables, yell, excite"
987,excite,を興奮させる；を刺激する,"Replace ""excite"" with a clearer phrase if needed.",必要なら「excite」をより明確な表現に置き換える。,"Clarify ""kitten"", ""valuables"", ""yell"", and ""excite"" in the glossary.",用語集で「kitten」、「valuables」、「yell」、「excite」を明確にする。,改稿レビュー待ち,"共通レビュー文: kitten, valuables, yell, excite"
988,sightseeing,観光,"Replace ""sightseeing"" with a clearer phrase if needed.",必要なら「sightseeing」をより明確な表現に置き換える。,"Clarify ""sightseeing"", ""tale"", ""backyard"", and ""grandchild"" in the glossary.",用語集で「sightseeing」、「tale」、「backyard」、「grandchild」を明確にする。,改稿レビュー待ち,"共通レビュー文: sightseeing, tale, backyard, grandchild"
990,tale,物語；話,"Replace ""tale"" with a clearer phrase if needed.",必要なら「tale」をより明確な表現に置き換える。,"Clarify ""sightseeing"", ""tale"", ""backyard"", and ""grandchild"" in the glossary.",用語集で「sightseeing」、「tale」、「backyard」、「grandchild」を明確にする。,改稿レビュー待ち,"共通レビュー文: sightseeing, tale, backyard, grandchild"
991,backyard,裏庭,"Replace ""backyard"" with a clearer phrase if needed.",必要なら「backyard」をより明確な表現に置き換える。,"Clarify ""sightseeing"", ""tale"", ""backyard"", and ""grandchild"" in the glossary.",用語集で「sightseeing」、「tale」、「backyard」、「grandchild」を明確にする。,改稿レビュー待ち,"共通レビュー文: sightseeing, tale, backyard, grandchild"
992,grandchild,孫,"Replace ""grandchild"" with a clearer phrase if needed.",必要なら「grandchild」をより明確な表現に置き換える。,"Clarify ""sightseeing"", ""tale"", ""backyard"", and ""grandchild"" in the glossary.",用語集で「sightseeing」、「tale」、「backyard」、「grandchild」を明確にする。,改稿レビュー待ち,"共通レビュー文: sightseeing, tale, backyard, grandchild"
993,inhabitant,住民；居住者,"Replace ""inhabitant"" with a clearer phrase if needed.",必要なら「inhabitant」をより明確な表現に置き換える。,"Clarify ""inhabitant"", ""symbolise"", ""admire"", and ""exclaim"" in the glossary.",用語集で「inhabitant」、「symbolise」、「admire」、「exclaim」を明確にする。,改稿レビュー待ち,"共通レビュー文: inhabitant, symbolise, admire, exclaim"
994,symbolise,を象徴する,"Replace ""symbolise"" with a clearer phrase if needed.",必要なら「symbolise」をより明確な表現に置き換える。,"Clarify ""inhabitant"", ""symbolise"", ""admire"", and ""exclaim"" in the glossary.",用語集で「inhabitant」、「symbolise」、「admire」、「exclaim」を明確にする。,改稿レビュー待ち,"共通レビュー文: inhabitant, symbolise, admire, exclaim"
995,admire,を称賛する；感嘆する,"Replace ""admire"" with a clearer phrase if needed.",必要なら「admire」をより明確な表現に置き換える。,"Clarify ""inhabitant"", ""symbolise"", ""admire"", and ""exclaim"" in the glossary.",用語集で「inhabitant」、「symbolise」、「admire」、「exclaim」を明確にする。,改稿レビュー待ち,"共通レビュー文: inhabitant, symbolise, admire, exclaim"
996,exclaim,叫ぶ；を声高に言う,"Replace ""exclaim"" with a clearer phrase if needed.",必要なら「exclaim」をより明確な表現に置き換える。,"Clarify ""inhabitant"", ""symbolise"", ""admire"", and ""exclaim"" in the glossary.",用語集で「inhabitant」、「symbolise」、「admire」、「exclaim」を明確にする。,改稿レビュー待ち,"共通レビュー文: inhabitant, symbolise, admire, exclaim"
997,well-behaved,行儀の良い；おとなしい,"Replace ""well-behaved"" with a clearer phrase if needed.",必要なら「well-behaved」をより明確な表現に置き換える。,"Clarify ""well-behaved"", ""firefighter"", ""civil engineering"", and ""account"" in the glossary.",用語集で「well-behaved」、「firefighter」、「civil engineering」、「account」を明確にする。,改稿レビュー待ち,"共通レビュー文: well-behaved, firefighter, civil engineering, account"
998,firefighter,消防士,"Replace ""firefighter"" with a clearer phrase if needed.",必要なら「firefighter」をより明確な表現に置き換える。,"Clarify ""well-behaved"", ""firefighter"", ""civil engineering"", and ""account"" in the glossary.",用語集で「well-behaved」、「firefighter」、「civil engineering」、「account」を明確にする。,改稿レビュー待ち,"共通レビュー文: well-behaved, firefighter, civil engineering, account"
1000,civil engineering,土木工学,"Use ""civil engineering"" only if the phrase is familiar.",その表現がなじみのある場合だけ「civil engineering」を使う。,"Clarify ""well-behaved"", ""firefighter"", ""civil engineering"", and ""account"" in the glossary.",用語集で「well-behaved」、「firefighter」、「civil engineering」、「account」を明確にする。,改稿レビュー待ち,"共通レビュー文: well-behaved, firefighter, civil engineering, account"
1001,account,説明する；口座；報告書,"Replace ""account"" with a clearer phrase if needed.",必要なら「account」をより明確な表現に置き換える。,"Clarify ""well-behaved"", ""firefighter"", ""civil engineering"", and ""account"" in the glossary.",用語集で「well-behaved」、「firefighter」、「civil engineering」、「account」を明確にする。,改稿レビュー待ち,"共通レビュー文: well-behaved, firefighter, civil engineering, account"
1002,behaviour,行動；振る舞い,"Replace ""behaviour"" with a clearer phrase if needed.",必要なら「behaviour」をより明確な表現に置き換える。,"Clarify ""behaviour"", ""scheme"", ""appropriate"", and ""extent"" in the glossary.",用語集で「behaviour」、「scheme」、「appropriate」、「extent」を明確にする。,改稿レビュー待ち,"共通レビュー文: behaviour, scheme, appropriate, extent"
1003,scheme,計画；策略,"Replace ""scheme"" with a clearer phrase if needed.",必要なら「scheme」をより明確な表現に置き換える。,"Clarify ""behaviour"", ""scheme"", ""appropriate"", and ""extent"" in the glossary.",用語集で「behaviour」、「scheme」、「appropriate」、「extent」を明確にする。,改稿レビュー待ち,"共通レビュー文: behaviour, scheme, appropriate, extent"
1004,appropriate,適切な；ふさわしい,"Replace ""appropriate"" with a clearer phrase if needed.",必要なら「appropriate」をより明確な表現に置き換える。,"Clarify ""behaviour"", ""scheme"", ""appropriate"", and ""extent"" in the glossary.",用語集で「behaviour」、「scheme」、「appropriate」、「extent」を明確にする。,改稿レビュー待ち,"共通レビュー文: behaviour, scheme, appropriate, extent"
1007,extent,程度；範囲；広がり,"Replace ""extent"" with a clearer phrase if needed.",必要なら「extent」をより明確な表現に置き換える。,"Clarify ""behaviour"", ""scheme"", ""appropriate"", and ""extent"" in the glossary.",用語集で「behaviour」、「scheme」、「appropriate」、「extent」を明確にする。,改稿レビュー待ち,"共通レビュー文: behaviour, scheme, appropriate, extent"
1011,status,地位；状態,A status message gives users a means to recover.,ステータスメッセージはユーザーが復旧する手段になる。,A status message gives users a means to recover.,ステータスメッセージはユーザーが復旧する手段になる。,改稿レビュー待ち,"共通例文: means, status"
1012,related,関連した；関係する,"Replace ""related"" with a clearer phrase if needed.",必要なら「related」をより明確な表現に置き換える。,"Clarify ""related"", ""alternative"", ""regional"", and ""conservative"" in the glossary.",用語集で「related」、「alternative」、「regional」、「conservative」を明確にする。,改稿レビュー待ち,"共通レビュー文: related, alternative, regional, conservative"
1013,alternative,代替の；選択肢,The alternative option needs a clearer label.,alternativeの選択肢には、より明確なラベルが必要だ。,"Clarify ""related"", ""alternative"", ""regional"", and ""conservative"" in the glossary.",用語集で「related」、「alternative」、「regional」、「conservative」を明確にする。,改稿レビュー待ち,"共通レビュー文: related, alternative, regional, conservative"
1016,survey,調査；調査する,Keep each survey question neutral.,各アンケート質問を中立に保つ。,Keep each survey question neutral.,各アンケート質問を中立に保つ。,改稿レビュー待ち,"共通例文: survey, question"
1017,regional,地域の；地方の,The regional option needs a clearer label.,regionalの選択肢には、より明確なラベルが必要だ。,"Clarify ""related"", ""alternative"", ""regional"", and ""conservative"" in the glossary.",用語集で「related」、「alternative」、「regional」、「conservative」を明確にする。,改稿レビュー待ち,"共通レビュー文: related, alternative, regional, conservative"
1018,conservative,保守的な；控えめな,The conservative option needs a clearer label.,conservativeの選択肢には、より明確なラベルが必要だ。,"Clarify ""related"", ""alternative"", ""regional"", and ""conservative"" in the glossary.",用語集で「related」、「alternative」、「regional」、「conservative」を明確にする。,改稿レビュー待ち,"共通レビュー文: related, alternative, regional, conservative"
1019,legislation,立法；法律,Clarify the legislation before the next review.,次のレビュー前にlegislationを明確にする。,"Clarify ""legislation"", ""administration"", ""procedure"", and ""discipline"" in the glossary.",用語集で「legislation」、「administration」、「procedure」、「discipline」を明確にする。,改稿レビュー待ち,"共通レビュー文: legislation, administration, procedure, discipline"
1020,administration,管理；政府；行政；投与,Clarify the administration before the next review.,次のレビュー前にadministrationを明確にする。,"Clarify ""legislation"", ""administration"", ""procedure"", and ""discipline"" in the glossary.",用語集で「legislation」、「administration」、「procedure」、「discipline」を明確にする。,改稿レビュー待ち,"共通レビュー文: legislation, administration, procedure, discipline"
1023,procedure,手順；手続き,"Replace ""procedure"" with a clearer phrase if needed.",必要なら「procedure」をより明確な表現に置き換える。,"Clarify ""legislation"", ""administration"", ""procedure"", and ""discipline"" in the glossary.",用語集で「legislation」、「administration」、「procedure」、「discipline」を明確にする。,改稿レビュー待ち,"共通レビュー文: legislation, administration, procedure, discipline"
1024,discipline,規律；分野,"Replace ""discipline"" with a clearer phrase if needed.",必要なら「discipline」をより明確な表現に置き換える。,"Clarify ""legislation"", ""administration"", ""procedure"", and ""discipline"" in the glossary.",用語集で「legislation」、「administration」、「procedure」、「discipline」を明確にする。,改稿レビュー待ち,"共通レビュー文: legislation, administration, procedure, discipline"
1025,elderly,高齢の；年配の,"Use ""elderly"" carefully in helper text.",ヘルプ文では「elderly」を慎重に使う。,"Clarify ""elderly"", ""reduction"", ""atmosphere"", and ""decline"" in the glossary.",用語集で「elderly」、「reduction」、「atmosphere」、「decline」を明確にする。,改稿レビュー待ち,"共通レビュー文: elderly, reduction, atmosphere, decline"
1026,reduction,削減；減少,Clarify the reduction before the next review.,次のレビュー前にreductionを明確にする。,"Clarify ""elderly"", ""reduction"", ""atmosphere"", and ""decline"" in the glossary.",用語集で「elderly」、「reduction」、「atmosphere」、「decline」を明確にする。,改稿レビュー待ち,"共通レビュー文: elderly, reduction, atmosphere, decline"
1027,atmosphere,大気；雰囲気；空気,"Replace ""atmosphere"" with a clearer phrase if needed.",必要なら「atmosphere」をより明確な表現に置き換える。,"Clarify ""elderly"", ""reduction"", ""atmosphere"", and ""decline"" in the glossary.",用語集で「elderly」、「reduction」、「atmosphere」、「decline」を明確にする。,改稿レビュー待ち,"共通レビュー文: elderly, reduction, atmosphere, decline"
1028,decline,減少する；断る,"Replace ""decline"" with a clearer phrase if needed.",必要なら「decline」をより明確な表現に置き換える。,"Clarify ""elderly"", ""reduction"", ""atmosphere"", and ""decline"" in the glossary.",用語集で「elderly」、「reduction」、「atmosphere」、「decline」を明確にする。,改稿レビュー待ち,"共通レビュー文: elderly, reduction, atmosphere, decline"
1032,contemporary,現代の；同時代の人,"Replace ""contemporary"" with a clearer phrase if needed.",必要なら「contemporary」をより明確な表現に置き換える。,"Clarify ""contemporary"", ""inflation"", ""fundamental"", and ""crucial"" in the glossary.",用語集で「contemporary」、「inflation」、「fundamental」、「crucial」を明確にする。,改稿レビュー待ち,"共通レビュー文: contemporary, inflation, fundamental, crucial"
1033,inflation,インフレ；膨張,Clarify the inflation before the next review.,次のレビュー前にinflationを明確にする。,"Clarify ""contemporary"", ""inflation"", ""fundamental"", and ""crucial"" in the glossary.",用語集で「contemporary」、「inflation」、「fundamental」、「crucial」を明確にする。,改稿レビュー待ち,"共通レビュー文: contemporary, inflation, fundamental, crucial"
1034,fundamental,基本的な,The fundamental option needs a clearer label.,fundamentalの選択肢には、より明確なラベルが必要だ。,"Clarify ""contemporary"", ""inflation"", ""fundamental"", and ""crucial"" in the glossary.",用語集で「contemporary」、「inflation」、「fundamental」、「crucial」を明確にする。,改稿レビュー待ち,"共通レビュー文: contemporary, inflation, fundamental, crucial"
1035,crucial,重要な；決定的な,The crucial option needs a clearer label.,crucialの選択肢には、より明確なラベルが必要だ。,"Clarify ""contemporary"", ""inflation"", ""fundamental"", and ""crucial"" in the glossary.",用語集で「contemporary」、「inflation」、「fundamental」、「crucial」を明確にする。,改稿レビュー待ち,"共通レビュー文: contemporary, inflation, fundamental, crucial"
1038,aspect,側面；局面,"Replace ""aspect"" with a clearer phrase if needed.",必要なら「aspect」をより明確な表現に置き換える。,"Clarify ""aspect"", ""cope"", ""extensive"", and ""candidate"" in the glossary.",用語集で「aspect」、「cope」、「extensive」、「candidate」を明確にする。,改稿レビュー待ち,"共通レビュー文: aspect, cope, extensive, candidate"
1039,cope,対処する；うまくやっていく,"Replace ""cope"" with a clearer phrase if needed.",必要なら「cope」をより明確な表現に置き換える。,"Clarify ""aspect"", ""cope"", ""extensive"", and ""candidate"" in the glossary.",用語集で「aspect」、「cope」、「extensive」、「candidate」を明確にする。,改稿レビュー待ち,"共通レビュー文: aspect, cope, extensive, candidate"
1040,extensive,広範な；大規模な,The extensive option needs a clearer label.,extensiveの選択肢には、より明確なラベルが必要だ。,"Clarify ""aspect"", ""cope"", ""extensive"", and ""candidate"" in the glossary.",用語集で「aspect」、「cope」、「extensive」、「candidate」を明確にする。,改稿レビュー待ち,"共通レビュー文: aspect, cope, extensive, candidate"
1041,candidate,候補者,"Replace ""candidate"" with a clearer phrase if needed.",必要なら「candidate」をより明確な表現に置き換える。,"Clarify ""aspect"", ""cope"", ""extensive"", and ""candidate"" in the glossary.",用語集で「aspect」、「cope」、「extensive」、「candidate」を明確にする。,改稿レビュー待ち,"共通レビュー文: aspect, cope, extensive, candidate"
1042,conventional,従来の；慣習的な,The conventional option needs a clearer label.,conventionalの選択肢には、より明確なラベルが必要だ。,"Clarify ""conventional"", ""occasionally"", ""recession"", and ""competitive"" in the glossary.",用語集で「conventional」、「occasionally」、「recession」、「competitive」を明確にする。,改稿レビュー待ち,"共通レビュー文: conventional, occasionally, recession, competitive"
1043,occasionally,時々；たまに,"Use ""occasionally"" carefully in helper text.",ヘルプ文では「occasionally」を慎重に使う。,"Clarify ""conventional"", ""occasionally"", ""recession"", and ""competitive"" in the glossary.",用語集で「conventional」、「occasionally」、「recession」、「competitive」を明確にする。,改稿レビュー待ち,"共通レビュー文: conventional, occasionally, recession, competitive"
1044,recession,景気後退,Clarify the recession before the next review.,次のレビュー前にrecessionを明確にする。,"Clarify ""conventional"", ""occasionally"", ""recession"", and ""competitive"" in the glossary.",用語集で「conventional」、「occasionally」、「recession」、「competitive」を明確にする。,改稿レビュー待ち,"共通レビュー文: conventional, occasionally, recession, competitive"
1045,competitive,競争の；競争力のある,The competitive option needs a clearer label.,competitiveの選択肢には、より明確なラベルが必要だ。,"Clarify ""conventional"", ""occasionally"", ""recession"", and ""competitive"" in the glossary.",用語集で「conventional」、「occasionally」、「recession」、「competitive」を明確にする。,改稿レビュー待ち,"共通レビュー文: conventional, occasionally, recession, competitive"
1046,outcome,結果,"Replace ""outcome"" with a clearer phrase if needed.",必要なら「outcome」をより明確な表現に置き換える。,"Clarify ""outcome"", ""federal"", ""acceptable"", and ""ward"" in the glossary.",用語集で「outcome」、「federal」、「acceptable」、「ward」を明確にする。,改稿レビュー待ち,"共通レビュー文: outcome, federal, acceptable, ward"
1047,federal,連邦の；連邦制の,The federal option needs a clearer label.,federalの選択肢には、より明確なラベルが必要だ。,"Clarify ""outcome"", ""federal"", ""acceptable"", and ""ward"" in the glossary.",用語集で「outcome」、「federal」、「acceptable」、「ward」を明確にする。,改稿レビュー待ち,"共通レビュー文: outcome, federal, acceptable, ward"
1048,acceptable,受け入れられる；許容できる,The acceptable option needs a clearer label.,acceptableの選択肢には、より明確なラベルが必要だ。,"Clarify ""outcome"", ""federal"", ""acceptable"", and ""ward"" in the glossary.",用語集で「outcome」、「federal」、「acceptable」、「ward」を明確にする。,改稿レビュー待ち,"共通レビュー文: outcome, federal, acceptable, ward"
1050,ward,区；病棟；を守る,"Replace ""ward"" with a clearer phrase if needed.",必要なら「ward」をより明確な表現に置き換える。,"Clarify ""outcome"", ""federal"", ""acceptable"", and ""ward"" in the glossary.",用語集で「outcome」、「federal」、「acceptable」、「ward」を明確にする。,改稿レビュー待ち,"共通レビュー文: outcome, federal, acceptable, ward"
1051,supreme,最高の；至高の,"Replace ""supreme"" with a clearer phrase if needed.",必要なら「supreme」をより明確な表現に置き換える。,"Clarify ""supreme"", ""genuine"", ""widespread"", and ""dispute"" in the glossary.",用語集で「supreme」、「genuine」、「widespread」、「dispute」を明確にする。,改稿レビュー待ち,"共通レビュー文: supreme, genuine, widespread, dispute"
1052,genuine,本物の；誠実な,"Replace ""genuine"" with a clearer phrase if needed.",必要なら「genuine」をより明確な表現に置き換える。,"Clarify ""supreme"", ""genuine"", ""widespread"", and ""dispute"" in the glossary.",用語集で「supreme」、「genuine」、「widespread」、「dispute」を明確にする。,改稿レビュー待ち,"共通レビュー文: supreme, genuine, widespread, dispute"
1053,widespread,広く行き渡った；普及した,"Replace ""widespread"" with a clearer phrase if needed.",必要なら「widespread」をより明確な表現に置き換える。,"Clarify ""supreme"", ""genuine"", ""widespread"", and ""dispute"" in the glossary.",用語集で「supreme」、「genuine」、「widespread」、「dispute」を明確にする。,改稿レビュー待ち,"共通レビュー文: supreme, genuine, widespread, dispute"
1054,dispute,紛争；反論する,"Replace ""dispute"" with a clearer phrase if needed.",必要なら「dispute」をより明確な表現に置き換える。,"Clarify ""supreme"", ""genuine"", ""widespread"", and ""dispute"" in the glossary.",用語集で「supreme」、「genuine」、「widespread」、「dispute」を明確にする。,改稿レビュー待ち,"共通レビュー文: supreme, genuine, widespread, dispute"
1055,numerous,多数の；数多くの,The numerous option needs a clearer label.,numerousの選択肢には、より明確なラベルが必要だ。,"Clarify ""numerous"", ""distinct"", ""launch"", and ""prospect"" in the glossary.",用語集で「numerous」、「distinct」、「launch」、「prospect」を明確にする。,改稿レビュー待ち,"共通レビュー文: numerous, distinct, launch, prospect"
1056,distinct,明確な；異なる,"Replace ""distinct"" with a clearer phrase if needed.",必要なら「distinct」をより明確な表現に置き換える。,"Clarify ""numerous"", ""distinct"", ""launch"", and ""prospect"" in the glossary.",用語集で「numerous」、「distinct」、「launch」、「prospect」を明確にする。,改稿レビュー待ち,"共通レビュー文: numerous, distinct, launch, prospect"
1057,launch,を開始する；打ち上げる,"Replace ""launch"" with a clearer phrase if needed.",必要なら「launch」をより明確な表現に置き換える。,"Clarify ""numerous"", ""distinct"", ""launch"", and ""prospect"" in the glossary.",用語集で「numerous」、「distinct」、「launch」、「prospect」を明確にする。,改稿レビュー待ち,"共通レビュー文: numerous, distinct, launch, prospect"
1058,prospect,見通し；展望,"Replace ""prospect"" with a clearer phrase if needed.",必要なら「prospect」をより明確な表現に置き換える。,"Clarify ""numerous"", ""distinct"", ""launch"", and ""prospect"" in the glossary.",用語集で「numerous」、「distinct」、「launch」、「prospect」を明確にする。,改稿レビュー待ち,"共通レビュー文: numerous, distinct, launch, prospect"
1059,register,を登録する；記録する,"Replace ""register"" with a clearer phrase if needed.",必要なら「register」をより明確な表現に置き換える。,"Clarify ""register"", ""routine"", ""assumption"", and ""concentrate"" in the glossary.",用語集で「register」、「routine」、「assumption」、「concentrate」を明確にする。,改稿レビュー待ち,"共通レビュー文: register, routine, assumption, concentrate"
1060,routine,日常の；決まりきった,"Replace ""routine"" with a clearer phrase if needed.",必要なら「routine」をより明確な表現に置き換える。,"Clarify ""register"", ""routine"", ""assumption"", and ""concentrate"" in the glossary.",用語集で「register」、「routine」、「assumption」、「concentrate」を明確にする。,改稿レビュー待ち,"共通レビュー文: register, routine, assumption, concentrate"
1061,consistent,一貫した；矛盾のない,Use consistent components across the flow.,フロー全体で一貫したコンポーネントを使う。,Use consistent components across the flow.,フロー全体で一貫したコンポーネントを使う。,改稿レビュー待ち,"共通例文: consistent, component"
1062,assumption,仮定；前提,Clarify the assumption before the next review.,次のレビュー前にassumptionを明確にする。,"Clarify ""register"", ""routine"", ""assumption"", and ""concentrate"" in the glossary.",用語集で「register」、「routine」、「assumption」、「concentrate」を明確にする。,改稿レビュー待ち,"共通レビュー文: register, routine, assumption, concentrate"
1063,concentrate,集中する；濃縮する,"Replace ""concentrate"" with a clearer phrase if needed.",必要なら「concentrate」をより明確な表現に置き換える。,"Clarify ""register"", ""routine"", ""assumption"", and ""concentrate"" in the glossary.",用語集で「register」、「routine」、「assumption」、「concentrate」を明確にする。,改稿レビュー待ち,"共通レビュー文: register, routine, assumption, concentrate"
1064,guarantee,保証する,"Replace ""guarantee"" with a clearer phrase if needed.",必要なら「guarantee」をより明確な表現に置き換える。,"Clarify ""guarantee"", ""outstanding"", ""draft"", and ""precise"" in the glossary.",用語集で「guarantee」、「outstanding」、「draft」、「precise」を明確にする。,改稿レビュー待ち,"共通レビュー文: guarantee, outstanding, draft, precise"
1065,outstanding,傑出した；未払いの,"Replace ""outstanding"" with a clearer phrase if needed.",必要なら「outstanding」をより明確な表現に置き換える。,"Clarify ""guarantee"", ""outstanding"", ""draft"", and ""precise"" in the glossary.",用語集で「guarantee」、「outstanding」、「draft」、「precise」を明確にする。,改稿レビュー待ち,"共通レビュー文: guarantee, outstanding, draft, precise"
1066,draft,草案；下書き；を起草する,"Replace ""draft"" with a clearer phrase if needed.",必要なら「draft」をより明確な表現に置き換える。,"Clarify ""guarantee"", ""outstanding"", ""draft"", and ""precise"" in the glossary.",用語集で「guarantee」、「outstanding」、「draft」、「precise」を明確にする。,改稿レビュー待ち,"共通レビュー文: guarantee, outstanding, draft, precise"
1067,precise,正確な；厳密な,"Replace ""precise"" with a clearer phrase if needed.",必要なら「precise」をより明確な表現に置き換える。,"Clarify ""guarantee"", ""outstanding"", ""draft"", and ""precise"" in the glossary.",用語集で「guarantee」、「outstanding」、「draft」、「precise」を明確にする。,改稿レビュー待ち,"共通レビュー文: guarantee, outstanding, draft, precise"
1068,chamber,部屋；議院；会議所,"Replace ""chamber"" with a clearer phrase if needed.",必要なら「chamber」をより明確な表現に置き換える。,"Clarify ""chamber"", ""poll"", ""approximately"", and ""architecture"" in the glossary.",用語集で「chamber」、「poll」、「approximately」、「architecture」を明確にする。,改稿レビュー待ち,"共通レビュー文: chamber, poll, approximately, architecture"
1069,poll,世論調査；投票,"Replace ""poll"" with a clearer phrase if needed.",必要なら「poll」をより明確な表現に置き換える。,"Clarify ""chamber"", ""poll"", ""approximately"", and ""architecture"" in the glossary.",用語集で「chamber」、「poll」、「approximately」、「architecture」を明確にする。,改稿レビュー待ち,"共通レビュー文: chamber, poll, approximately, architecture"
1070,approximately,おおよそ；約,"Use ""approximately"" carefully in helper text.",ヘルプ文では「approximately」を慎重に使う。,"Clarify ""chamber"", ""poll"", ""approximately"", and ""architecture"" in the glossary.",用語集で「chamber」、「poll」、「approximately」、「architecture」を明確にする。,改稿レビュー待ち,"共通レビュー文: chamber, poll, approximately, architecture"
1071,architecture,建築；構造,"Replace ""architecture"" with a clearer phrase if needed.",必要なら「architecture」をより明確な表現に置き換える。,"Clarify ""chamber"", ""poll"", ""approximately"", and ""architecture"" in the glossary.",用語集で「chamber」、「poll」、「approximately」、「architecture」を明確にする。,改稿レビュー待ち,"共通レビュー文: chamber, poll, approximately, architecture"
1072,frequency,頻度；周波数,"Replace ""frequency"" with a clearer phrase if needed.",必要なら「frequency」をより明確な表現に置き換える。,"Clarify ""frequency"", ""unity"", ""readily"", and ""heading"" in the glossary.",用語集で「frequency」、「unity」、「readily」、「heading」を明確にする。,改稿レビュー待ち,"共通レビュー文: frequency, unity, readily, heading"
1073,unity,統一；団結,Clarify the unity before the next review.,次のレビュー前にunityを明確にする。,"Clarify ""frequency"", ""unity"", ""readily"", and ""heading"" in the glossary.",用語集で「frequency」、「unity」、「readily」、「heading」を明確にする。,改稿レビュー待ち,"共通レビュー文: frequency, unity, readily, heading"
1074,readily,すぐに；快く,"Use ""readily"" carefully in helper text.",ヘルプ文では「readily」を慎重に使う。,"Clarify ""frequency"", ""unity"", ""readily"", and ""heading"" in the glossary.",用語集で「frequency」、「unity」、「readily」、「heading」を明確にする。,改稿レビュー待ち,"共通レビュー文: frequency, unity, readily, heading"
1075,heading,見出し；進路,"Replace ""heading"" with a clearer phrase if needed.",必要なら「heading」をより明確な表現に置き換える。,"Clarify ""frequency"", ""unity"", ""readily"", and ""heading"" in the glossary.",用語集で「frequency」、「unity」、「readily」、「heading」を明確にする。,改稿レビュー待ち,"共通レビュー文: frequency, unity, readily, heading"
1077,inevitable,避けられない；必然の,The inevitable option needs a clearer label.,inevitableの選択肢には、より明確なラベルが必要だ。,"Clarify ""inevitable"", ""laboratory"", ""headquarters"", and ""contribute"" in the glossary.",用語集で「inevitable」、「laboratory」、「headquarters」、「contribute」を明確にする。,改稿レビュー待ち,"共通レビュー文: inevitable, laboratory, headquarters, contribute"
1078,laboratory,実験室；研究所,"Replace ""laboratory"" with a clearer phrase if needed.",必要なら「laboratory」をより明確な表現に置き換える。,"Clarify ""inevitable"", ""laboratory"", ""headquarters"", and ""contribute"" in the glossary.",用語集で「inevitable」、「laboratory」、「headquarters」、「contribute」を明確にする。,改稿レビュー待ち,"共通レビュー文: inevitable, laboratory, headquarters, contribute"
1079,headquarters,本社；司令部,"Replace ""headquarters"" with a clearer phrase if needed.",必要なら「headquarters」をより明確な表現に置き換える。,"Clarify ""inevitable"", ""laboratory"", ""headquarters"", and ""contribute"" in the glossary.",用語集で「inevitable」、「laboratory」、「headquarters」、「contribute」を明確にする。,改稿レビュー待ち,"共通レビュー文: inevitable, laboratory, headquarters, contribute"
1080,contribute,貢献する；寄付する,"Replace ""contribute"" with a clearer phrase if needed.",必要なら「contribute」をより明確な表現に置き換える。,"Clarify ""inevitable"", ""laboratory"", ""headquarters"", and ""contribute"" in the glossary.",用語集で「inevitable」、「laboratory」、「headquarters」、「contribute」を明確にする。,改稿レビュー待ち,"共通レビュー文: inevitable, laboratory, headquarters, contribute"
1081,surgery,外科手術；診察室,"Replace ""surgery"" with a clearer phrase if needed.",必要なら「surgery」をより明確な表現に置き換える。,"Clarify ""surgery"", ""rear"", ""acquisition"", and ""replacement"" in the glossary.",用語集で「surgery」、「rear」、「acquisition」、「replacement」を明確にする。,改稿レビュー待ち,"共通レビュー文: surgery, rear, acquisition, replacement"
1082,rear,後ろ；を育てる,"Replace ""rear"" with a clearer phrase if needed.",必要なら「rear」をより明確な表現に置き換える。,"Clarify ""surgery"", ""rear"", ""acquisition"", and ""replacement"" in the glossary.",用語集で「surgery」、「rear」、「acquisition」、「replacement」を明確にする。,改稿レビュー待ち,"共通レビュー文: surgery, rear, acquisition, replacement"
1084,acquisition,取得；習得,Clarify the acquisition before the next review.,次のレビュー前にacquisitionを明確にする。,"Clarify ""surgery"", ""rear"", ""acquisition"", and ""replacement"" in the glossary.",用語集で「surgery」、「rear」、「acquisition」、「replacement」を明確にする。,改稿レビュー待ち,"共通レビュー文: surgery, rear, acquisition, replacement"
1085,replacement,交換；後継者,Clarify the replacement before the next review.,次のレビュー前にreplacementを明確にする。,"Clarify ""surgery"", ""rear"", ""acquisition"", and ""replacement"" in the glossary.",用語集で「surgery」、「rear」、「acquisition」、「replacement」を明確にする。,改稿レビュー待ち,"共通レビュー文: surgery, rear, acquisition, replacement"
1086,concrete,具体的な；コンクリート,"Replace ""concrete"" with a clearer phrase if needed.",必要なら「concrete」をより明確な表現に置き換える。,"Clarify ""concrete"", ""burden"", ""reveal"", and ""mission"" in the glossary.",用語集で「concrete」、「burden」、「reveal」、「mission」を明確にする。,改稿レビュー待ち,"共通レビュー文: concrete, burden, reveal, mission"
1087,burden,負担；重荷,"Replace ""burden"" with a clearer phrase if needed.",必要なら「burden」をより明確な表現に置き換える。,"Clarify ""concrete"", ""burden"", ""reveal"", and ""mission"" in the glossary.",用語集で「concrete」、「burden」、「reveal」、「mission」を明確にする。,改稿レビュー待ち,"共通レビュー文: concrete, burden, reveal, mission"
1088,reveal,明らかにする,The reveal option needs a clearer label.,revealの選択肢には、より明確なラベルが必要だ。,"Clarify ""concrete"", ""burden"", ""reveal"", and ""mission"" in the glossary.",用語集で「concrete」、「burden」、「reveal」、「mission」を明確にする。,改稿レビュー待ち,"共通レビュー文: concrete, burden, reveal, mission"
1089,mission,使命；任務,Clarify the mission before the next review.,次のレビュー前にmissionを明確にする。,"Clarify ""concrete"", ""burden"", ""reveal"", and ""mission"" in the glossary.",用語集で「concrete」、「burden」、「reveal」、「mission」を明確にする。,改稿レビュー待ち,"共通レビュー文: concrete, burden, reveal, mission"
1091,collapse,崩壊する；倒れる,"Replace ""collapse"" with a clearer phrase if needed.",必要なら「collapse」をより明確な表現に置き換える。,"Clarify ""collapse"", ""retain"", ""consequently"", and ""strain"" in the glossary.",用語集で「collapse」、「retain」、「consequently」、「strain」を明確にする。,改稿レビュー待ち,"共通レビュー文: collapse, retain, consequently, strain"
1092,retain,保持する,"Replace ""retain"" with a clearer phrase if needed.",必要なら「retain」をより明確な表現に置き換える。,"Clarify ""collapse"", ""retain"", ""consequently"", and ""strain"" in the glossary.",用語集で「collapse」、「retain」、「consequently」、「strain」を明確にする。,改稿レビュー待ち,"共通レビュー文: collapse, retain, consequently, strain"
1093,consequently,その結果；したがって,"Use ""consequently"" carefully in helper text.",ヘルプ文では「consequently」を慎重に使う。,"Clarify ""collapse"", ""retain"", ""consequently"", and ""strain"" in the glossary.",用語集で「collapse」、「retain」、「consequently」、「strain」を明確にする。,改稿レビュー待ち,"共通レビュー文: collapse, retain, consequently, strain"
1094,strain,緊張；負担；を緊張させる,"Replace ""strain"" with a clearer phrase if needed.",必要なら「strain」をより明確な表現に置き換える。,"Clarify ""collapse"", ""retain"", ""consequently"", and ""strain"" in the glossary.",用語集で「collapse」、「retain」、「consequently」、「strain」を明確にする。,改稿レビュー待ち,"共通レビュー文: collapse, retain, consequently, strain"
1095,gross,総計の；ひどい,"Replace ""gross"" with a clearer phrase if needed.",必要なら「gross」をより明確な表現に置き換える。,"Clarify ""gross"", ""ultimate"", ""desperate"", and ""define"" in the glossary.",用語集で「gross」、「ultimate」、「desperate」、「define」を明確にする。,改稿レビュー待ち,"共通レビュー文: gross, ultimate, desperate, define"
1096,ultimate,最終的な；究極の,"Replace ""ultimate"" with a clearer phrase if needed.",必要なら「ultimate」をより明確な表現に置き換える。,"Clarify ""gross"", ""ultimate"", ""desperate"", and ""define"" in the glossary.",用語集で「gross」、「ultimate」、「desperate」、「define」を明確にする。,改稿レビュー待ち,"共通レビュー文: gross, ultimate, desperate, define"
1097,desperate,必死の；絶望的な,"Replace ""desperate"" with a clearer phrase if needed.",必要なら「desperate」をより明確な表現に置き換える。,"Clarify ""gross"", ""ultimate"", ""desperate"", and ""define"" in the glossary.",用語集で「gross」、「ultimate」、「desperate」、「define」を明確にする。,改稿レビュー待ち,"共通レビュー文: gross, ultimate, desperate, define"
1098,define,定義する；明確にする,"Replace ""define"" with a clearer phrase if needed.",必要なら「define」をより明確な表現に置き換える。,"Clarify ""gross"", ""ultimate"", ""desperate"", and ""define"" in the glossary.",用語集で「gross」、「ultimate」、「desperate」、「define」を明確にする。,改稿レビュー待ち,"共通レビュー文: gross, ultimate, desperate, define"
1100,flexible,柔軟な,The flexible option needs a clearer label.,flexibleの選択肢には、より明確なラベルが必要だ。,"Clarify ""flexible"", ""transition"", ""ethnic"", and ""destruction"" in the glossary.",用語集で「flexible」、「transition」、「ethnic」、「destruction」を明確にする。,改稿レビュー待ち,"共通レビュー文: flexible, transition, ethnic, destruction"
1102,transition,移行；変化,Clarify the transition before the next review.,次のレビュー前にtransitionを明確にする。,"Clarify ""flexible"", ""transition"", ""ethnic"", and ""destruction"" in the glossary.",用語集で「flexible」、「transition」、「ethnic」、「destruction」を明確にする。,改稿レビュー待ち,"共通レビュー文: flexible, transition, ethnic, destruction"
1103,ethnic,民族の；エスニックな,The ethnic option needs a clearer label.,ethnicの選択肢には、より明確なラベルが必要だ。,"Clarify ""flexible"", ""transition"", ""ethnic"", and ""destruction"" in the glossary.",用語集で「flexible」、「transition」、「ethnic」、「destruction」を明確にする。,改稿レビュー待ち,"共通レビュー文: flexible, transition, ethnic, destruction"
1104,destruction,破壊；破滅,Clarify the destruction before the next review.,次のレビュー前にdestructionを明確にする。,"Clarify ""flexible"", ""transition"", ""ethnic"", and ""destruction"" in the glossary.",用語集で「flexible」、「transition」、「ethnic」、「destruction」を明確にする。,改稿レビュー待ち,"共通レビュー文: flexible, transition, ethnic, destruction"
1105,intense,強烈な；激しい,"Replace ""intense"" with a clearer phrase if needed.",必要なら「intense」をより明確な表現に置き換える。,"Clarify ""intense"", ""rational"", ""historic"", and ""accordingly"" in the glossary.",用語集で「intense」、「rational」、「historic」、「accordingly」を明確にする。,改稿レビュー待ち,"共通レビュー文: intense, rational, historic, accordingly"
1106,rational,合理的な,The rational option needs a clearer label.,rationalの選択肢には、より明確なラベルが必要だ。,"Clarify ""intense"", ""rational"", ""historic"", and ""accordingly"" in the glossary.",用語集で「intense」、「rational」、「historic」、「accordingly」を明確にする。,改稿レビュー待ち,"共通レビュー文: intense, rational, historic, accordingly"
1107,historic,歴史上重要な,The historic option needs a clearer label.,historicの選択肢には、より明確なラベルが必要だ。,"Clarify ""intense"", ""rational"", ""historic"", and ""accordingly"" in the glossary.",用語集で「intense」、「rational」、「historic」、「accordingly」を明確にする。,改稿レビュー待ち,"共通レビュー文: intense, rational, historic, accordingly"
1108,accordingly,それに応じて；したがって,"Use ""accordingly"" carefully in helper text.",ヘルプ文では「accordingly」を慎重に使う。,"Clarify ""intense"", ""rational"", ""historic"", and ""accordingly"" in the glossary.",用語集で「intense」、「rational」、「historic」、「accordingly」を明確にする。,改稿レビュー待ち,"共通レビュー文: intense, rational, historic, accordingly"
1109,petrol,ガソリン,"Replace ""petrol"" with a clearer phrase if needed.",必要なら「petrol」をより明確な表現に置き換える。,"Clarify ""petrol"", ""prominent"", ""acute"", and ""modest"" in the glossary.",用語集で「petrol」、「prominent」、「acute」、「modest」を明確にする。,改稿レビュー待ち,"共通レビュー文: petrol, prominent, acute, modest"
1110,prominent,著名な；目立つ,"Replace ""prominent"" with a clearer phrase if needed.",必要なら「prominent」をより明確な表現に置き換える。,"Clarify ""petrol"", ""prominent"", ""acute"", and ""modest"" in the glossary.",用語集で「petrol」、「prominent」、「acute」、「modest」を明確にする。,改稿レビュー待ち,"共通レビュー文: petrol, prominent, acute, modest"
1111,acute,鋭い；深刻な,"Replace ""acute"" with a clearer phrase if needed.",必要なら「acute」をより明確な表現に置き換える。,"Clarify ""petrol"", ""prominent"", ""acute"", and ""modest"" in the glossary.",用語集で「petrol」、「prominent」、「acute」、「modest」を明確にする。,改稿レビュー待ち,"共通レビュー文: petrol, prominent, acute, modest"
1112,modest,謙虚な；控えめな,"Replace ""modest"" with a clearer phrase if needed.",必要なら「modest」をより明確な表現に置き換える。,"Clarify ""petrol"", ""prominent"", ""acute"", and ""modest"" in the glossary.",用語集で「petrol」、「prominent」、「acute」、「modest」を明確にする。,改稿レビュー待ち,"共通レビュー文: petrol, prominent, acute, modest"
1113,profile,輪郭；プロフィール,Do not ask for income unless it is required.,必要でない限り収入を尋ねない。,Do not ask for income unless it is required.,必要でない限り収入を尋ねない。,改稿レビュー待ち,"共通例文: income, profile"
1114,facility,施設；設備,Clarify the facility before the next review.,次のレビュー前にfacilityを明確にする。,"Clarify ""facility"", ""gaze r"", ""mutual"", and ""barely"" in the glossary.",用語集で「facility」、「gaze r」、「mutual」、「barely」を明確にする。,改稿レビュー待ち,"共通レビュー文: facility, gaze r, mutual, barely"
1115,gaze r,じっと見る；凝視,"Use ""gaze r"" only if the phrase is familiar.",その表現がなじみのある場合だけ「gaze r」を使う。,"Clarify ""facility"", ""gaze r"", ""mutual"", and ""barely"" in the glossary.",用語集で「facility」、「gaze r」、「mutual」、「barely」を明確にする。,改稿レビュー待ち,"共通レビュー文: facility, gaze r, mutual, barely"
1116,mutual,相互の；共通の,The mutual option needs a clearer label.,mutualの選択肢には、より明確なラベルが必要だ。,"Clarify ""facility"", ""gaze r"", ""mutual"", and ""barely"" in the glossary.",用語集で「facility」、「gaze r」、「mutual」、「barely」を明確にする。,改稿レビュー待ち,"共通レビュー文: facility, gaze r, mutual, barely"
1117,barely,かろうじて；ほとんど〜ない,"Use ""barely"" carefully in helper text.",ヘルプ文では「barely」を慎重に使う。,"Clarify ""facility"", ""gaze r"", ""mutual"", and ""barely"" in the glossary.",用語集で「facility」、「gaze r」、「mutual」、「barely」を明確にする。,改稿レビュー待ち,"共通レビュー文: facility, gaze r, mutual, barely"
1118,era,時代；年代,"Replace ""era"" with a clearer phrase if needed.",必要なら「era」をより明確な表現に置き換える。,"Clarify ""era"", ""phenomenon"", ""superior"", and ""uncertainty"" in the glossary.",用語集で「era」、「phenomenon」、「superior」、「uncertainty」を明確にする。,改稿レビュー待ち,"共通レビュー文: era, phenomenon, superior, uncertainty"
1119,phenomenon,現象,"Replace ""phenomenon"" with a clearer phrase if needed.",必要なら「phenomenon」をより明確な表現に置き換える。,"Clarify ""era"", ""phenomenon"", ""superior"", and ""uncertainty"" in the glossary.",用語集で「era」、「phenomenon」、「superior」、「uncertainty」を明確にする。,改稿レビュー待ち,"共通レビュー文: era, phenomenon, superior, uncertainty"
1120,superior,優れた；上位の,"Replace ""superior"" with a clearer phrase if needed.",必要なら「superior」をより明確な表現に置き換える。,"Clarify ""era"", ""phenomenon"", ""superior"", and ""uncertainty"" in the glossary.",用語集で「era」、「phenomenon」、「superior」、「uncertainty」を明確にする。,改稿レビュー待ち,"共通レビュー文: era, phenomenon, superior, uncertainty"
1121,uncertainty,不確実性；不確かさ,"Replace ""uncertainty"" with a clearer phrase if needed.",必要なら「uncertainty」をより明確な表現に置き換える。,"Clarify ""era"", ""phenomenon"", ""superior"", and ""uncertainty"" in the glossary.",用語集で「era」、「phenomenon」、「superior」、「uncertainty」を明確にする。,改稿レビュー待ち,"共通レビュー文: era, phenomenon, superior, uncertainty"
1122,preference,好み；優先,Clarify the preference before the next review.,次のレビュー前にpreferenceを明確にする。,"Clarify ""preference"", ""namely"", ""allowance"", and ""bulk"" in the glossary.",用語集で「preference」、「namely」、「allowance」、「bulk」を明確にする。,改稿レビュー待ち,"共通レビュー文: preference, namely, allowance, bulk"
1123,namely,すなわち；つまり,"Use ""namely"" carefully in helper text.",ヘルプ文では「namely」を慎重に使う。,"Clarify ""preference"", ""namely"", ""allowance"", and ""bulk"" in the glossary.",用語集で「preference」、「namely」、「allowance」、「bulk」を明確にする。,改稿レビュー待ち,"共通レビュー文: preference, namely, allowance, bulk"
1124,allowance,手当；小遣い,Clarify the allowance before the next review.,次のレビュー前にallowanceを明確にする。,"Clarify ""preference"", ""namely"", ""allowance"", and ""bulk"" in the glossary.",用語集で「preference」、「namely」、「allowance」、「bulk」を明確にする。,改稿レビュー待ち,"共通レビュー文: preference, namely, allowance, bulk"
1125,bulk,大部分；体積；かさ,"Replace ""bulk"" with a clearer phrase if needed.",必要なら「bulk」をより明確な表現に置き換える。,"Clarify ""preference"", ""namely"", ""allowance"", and ""bulk"" in the glossary.",用語集で「preference」、「namely」、「allowance」、「bulk」を明確にする。,改稿レビュー待ち,"共通レビュー文: preference, namely, allowance, bulk"
1126,proceed,進む；続ける,"Replace ""proceed"" with a clearer phrase if needed.",必要なら「proceed」をより明確な表現に置き換える。,"Clarify ""proceed"", ""typically"", ""yield"", and ""stake"" in the glossary.",用語集で「proceed」、「typically」、「yield」、「stake」を明確にする。,改稿レビュー待ち,"共通レビュー文: proceed, typically, yield, stake"
1127,typically,典型的に；通常,"Use ""typically"" carefully in helper text.",ヘルプ文では「typically」を慎重に使う。,"Clarify ""proceed"", ""typically"", ""yield"", and ""stake"" in the glossary.",用語集で「proceed」、「typically」、「yield」、「stake」を明確にする。,改稿レビュー待ち,"共通レビュー文: proceed, typically, yield, stake"
1128,yield,生み出す；収量,"Replace ""yield"" with a clearer phrase if needed.",必要なら「yield」をより明確な表現に置き換える。,"Clarify ""proceed"", ""typically"", ""yield"", and ""stake"" in the glossary.",用語集で「proceed」、「typically」、「yield」、「stake」を明確にする。,改稿レビュー待ち,"共通レビュー文: proceed, typically, yield, stake"
1129,stake,賭け金；杭；関心,"Replace ""stake"" with a clearer phrase if needed.",必要なら「stake」をより明確な表現に置き換える。,"Clarify ""proceed"", ""typically"", ""yield"", and ""stake"" in the glossary.",用語集で「proceed」、「typically」、「yield」、「stake」を明確にする。,改稿レビュー待ち,"共通レビュー文: proceed, typically, yield, stake"
1130,desirable,望ましい,The desirable option needs a clearer label.,desirableの選択肢には、より明確なラベルが必要だ。,"Clarify ""desirable"", ""shed"", ""plot"", and ""thoroughly"" in the glossary.",用語集で「desirable」、「shed」、「plot」、「thoroughly」を明確にする。,改稿レビュー待ち,"共通レビュー文: desirable, shed, plot, thoroughly"
1131,shed,を流す；小屋,"Replace ""shed"" with a clearer phrase if needed.",必要なら「shed」をより明確な表現に置き換える。,"Clarify ""desirable"", ""shed"", ""plot"", and ""thoroughly"" in the glossary.",用語集で「desirable」、「shed」、「plot」、「thoroughly」を明確にする。,改稿レビュー待ち,"共通レビュー文: desirable, shed, plot, thoroughly"
1132,plot,陰謀；敷地；を計画する,"Replace ""plot"" with a clearer phrase if needed.",必要なら「plot」をより明確な表現に置き換える。,"Clarify ""desirable"", ""shed"", ""plot"", and ""thoroughly"" in the glossary.",用語集で「desirable」、「shed」、「plot」、「thoroughly」を明確にする。,改稿レビュー待ち,"共通レビュー文: desirable, shed, plot, thoroughly"
1134,thoroughly,徹底的に；完全に,"Use ""thoroughly"" carefully in helper text.",ヘルプ文では「thoroughly」を慎重に使う。,"Clarify ""desirable"", ""shed"", ""plot"", and ""thoroughly"" in the glossary.",用語集で「desirable」、「shed」、「plot」、「thoroughly」を明確にする。,改稿レビュー待ち,"共通レビュー文: desirable, shed, plot, thoroughly"
1135,chemistry,化学；相性,"Replace ""chemistry"" with a clearer phrase if needed.",必要なら「chemistry」をより明確な表現に置き換える。,"Clarify ""chemistry"", ""declaration"", ""crystal"", and ""deposit"" in the glossary.",用語集で「chemistry」、「declaration」、「crystal」、「deposit」を明確にする。,改稿レビュー待ち,"共通レビュー文: chemistry, declaration, crystal, deposit"
1136,declaration,宣言；申告,Clarify the declaration before the next review.,次のレビュー前にdeclarationを明確にする。,"Clarify ""chemistry"", ""declaration"", ""crystal"", and ""deposit"" in the glossary.",用語集で「chemistry」、「declaration」、「crystal」、「deposit」を明確にする。,改稿レビュー待ち,"共通レビュー文: chemistry, declaration, crystal, deposit"
1137,crystal,水晶；結晶,The crystal option needs a clearer label.,crystalの選択肢には、より明確なラベルが必要だ。,"Clarify ""chemistry"", ""declaration"", ""crystal"", and ""deposit"" in the glossary.",用語集で「chemistry」、「declaration」、「crystal」、「deposit」を明確にする。,改稿レビュー待ち,"共通レビュー文: chemistry, declaration, crystal, deposit"
1139,deposit,預金；堆積物；を預ける,"Replace ""deposit"" with a clearer phrase if needed.",必要なら「deposit」をより明確な表現に置き換える。,"Clarify ""chemistry"", ""declaration"", ""crystal"", and ""deposit"" in the glossary.",用語集で「chemistry」、「declaration」、「crystal」、「deposit」を明確にする。,改稿レビュー待ち,"共通レビュー文: chemistry, declaration, crystal, deposit"
1140,acquire,習得する；取得する,"Replace ""acquire"" with a clearer phrase if needed.",必要なら「acquire」をより明確な表現に置き換える。,"Clarify ""acquire"", ""pressing"", ""artificial"", and ""magnificent"" in the glossary.",用語集で「acquire」、「pressing」、「artificial」、「magnificent」を明確にする。,改稿レビュー待ち,"共通レビュー文: acquire, pressing, artificial, magnificent"
1141,pressing,差し迫った；重要な,"Replace ""pressing"" with a clearer phrase if needed.",必要なら「pressing」をより明確な表現に置き換える。,"Clarify ""acquire"", ""pressing"", ""artificial"", and ""magnificent"" in the glossary.",用語集で「acquire」、「pressing」、「artificial」、「magnificent」を明確にする。,改稿レビュー待ち,"共通レビュー文: acquire, pressing, artificial, magnificent"
1142,artificial,人工的な；不自然な,The artificial option needs a clearer label.,artificialの選択肢には、より明確なラベルが必要だ。,"Clarify ""acquire"", ""pressing"", ""artificial"", and ""magnificent"" in the glossary.",用語集で「acquire」、「pressing」、「artificial」、「magnificent」を明確にする。,改稿レビュー待ち,"共通レビュー文: acquire, pressing, artificial, magnificent"
1143,magnificent,壮大な；素晴らしい,"Replace ""magnificent"" with a clearer phrase if needed.",必要なら「magnificent」をより明確な表現に置き換える。,"Clarify ""acquire"", ""pressing"", ""artificial"", and ""magnificent"" in the glossary.",用語集で「acquire」、「pressing」、「artificial」、「magnificent」を明確にする。,改稿レビュー待ち,"共通レビュー文: acquire, pressing, artificial, magnificent"
1144,distinguish,区別する；識別する,"Replace ""distinguish"" with a clearer phrase if needed.",必要なら「distinguish」をより明確な表現に置き換える。,"Clarify ""distinguish"", ""reluctant"", ""physically"", and ""resist"" in the glossary.",用語集で「distinguish」、「reluctant」、「physically」、「resist」を明確にする。,改稿レビュー待ち,"共通レビュー文: distinguish, reluctant, physically, resist"
1145,reluctant,気が進まない；嫌がる,"Replace ""reluctant"" with a clearer phrase if needed.",必要なら「reluctant」をより明確な表現に置き換える。,"Clarify ""distinguish"", ""reluctant"", ""physically"", and ""resist"" in the glossary.",用語集で「distinguish」、「reluctant」、「physically」、「resist」を明確にする。,改稿レビュー待ち,"共通レビュー文: distinguish, reluctant, physically, resist"
1146,physically,身体的に；物理的に,"Use ""physically"" carefully in helper text.",ヘルプ文では「physically」を慎重に使う。,"Clarify ""distinguish"", ""reluctant"", ""physically"", and ""resist"" in the glossary.",用語集で「distinguish」、「reluctant」、「physically」、「resist」を明確にする。,改稿レビュー待ち,"共通レビュー文: distinguish, reluctant, physically, resist"
1148,resist,に抵抗する；耐える,"Replace ""resist"" with a clearer phrase if needed.",必要なら「resist」をより明確な表現に置き換える。,"Clarify ""distinguish"", ""reluctant"", ""physically"", and ""resist"" in the glossary.",用語集で「distinguish」、「reluctant」、「physically」、「resist」を明確にする。,改稿レビュー待ち,"共通レビュー文: distinguish, reluctant, physically, resist"
1150,unfair,不公平な,"Replace ""unfair"" with a clearer phrase if needed.",必要なら「unfair」をより明確な表現に置き換える。,"Clarify ""unfair"", ""damp"", ""impose"", and ""alter"" in the glossary.",用語集で「unfair」、「damp」、「impose」、「alter」を明確にする。,改稿レビュー待ち,"共通レビュー文: unfair, damp, impose, alter"
1151,damp,湿った；湿気,"Replace ""damp"" with a clearer phrase if needed.",必要なら「damp」をより明確な表現に置き換える。,"Clarify ""unfair"", ""damp"", ""impose"", and ""alter"" in the glossary.",用語集で「unfair」、「damp」、「impose」、「alter」を明確にする。,改稿レビュー待ち,"共通レビュー文: unfair, damp, impose, alter"
1152,impose,課す；強制する,"Replace ""impose"" with a clearer phrase if needed.",必要なら「impose」をより明確な表現に置き換える。,"Clarify ""unfair"", ""damp"", ""impose"", and ""alter"" in the glossary.",用語集で「unfair」、「damp」、「impose」、「alter」を明確にする。,改稿レビュー待ち,"共通レビュー文: unfair, damp, impose, alter"
1153,alter,を変える；改める,"Replace ""alter"" with a clearer phrase if needed.",必要なら「alter」をより明確な表現に置き換える。,"Clarify ""unfair"", ""damp"", ""impose"", and ""alter"" in the glossary.",用語集で「unfair」、「damp」、「impose」、「alter」を明確にする。,改稿レビュー待ち,"共通レビュー文: unfair, damp, impose, alter"
1154,mature,成熟した；大人になる,"Replace ""mature"" with a clearer phrase if needed.",必要なら「mature」をより明確な表現に置き換える。,"Clarify ""mature"", ""virtue"", ""gear"", and ""demonstration"" in the glossary.",用語集で「mature」、「virtue」、「gear」、「demonstration」を明確にする。,改稿レビュー待ち,"共通レビュー文: mature, virtue, gear, demonstration"
1155,virtue,美徳；長所,"Replace ""virtue"" with a clearer phrase if needed.",必要なら「virtue」をより明確な表現に置き換える。,"Clarify ""mature"", ""virtue"", ""gear"", and ""demonstration"" in the glossary.",用語集で「mature」、「virtue」、「gear」、「demonstration」を明確にする。,改稿レビュー待ち,"共通レビュー文: mature, virtue, gear, demonstration"
1157,gear,ギア；装備,"Replace ""gear"" with a clearer phrase if needed.",必要なら「gear」をより明確な表現に置き換える。,"Clarify ""mature"", ""virtue"", ""gear"", and ""demonstration"" in the glossary.",用語集で「mature」、「virtue」、「gear」、「demonstration」を明確にする。,改稿レビュー待ち,"共通レビュー文: mature, virtue, gear, demonstration"
1158,demonstration,デモ；実演；証明,Clarify the demonstration before the next review.,次のレビュー前にdemonstrationを明確にする。,"Clarify ""mature"", ""virtue"", ""gear"", and ""demonstration"" in the glossary.",用語集で「mature」、「virtue」、「gear」、「demonstration」を明確にする。,改稿レビュー待ち,"共通レビュー文: mature, virtue, gear, demonstration"
1159,substitute,代替する；置き換える,"Replace ""substitute"" with a clearer phrase if needed.",必要なら「substitute」をより明確な表現に置き換える。,"Clarify ""substitute"", ""chip"", ""primitive"", and ""consensus"" in the glossary.",用語集で「substitute」、「chip」、「primitive」、「consensus」を明確にする。,改稿レビュー待ち,"共通レビュー文: substitute, chip, primitive, consensus"
1160,chip,かけら；チップ；欠く,"Replace ""chip"" with a clearer phrase if needed.",必要なら「chip」をより明確な表現に置き換える。,"Clarify ""substitute"", ""chip"", ""primitive"", and ""consensus"" in the glossary.",用語集で「substitute」、「chip」、「primitive」、「consensus」を明確にする。,改稿レビュー待ち,"共通レビュー文: substitute, chip, primitive, consensus"
1162,primitive,原始的な,The primitive option needs a clearer label.,primitiveの選択肢には、より明確なラベルが必要だ。,"Clarify ""substitute"", ""chip"", ""primitive"", and ""consensus"" in the glossary.",用語集で「substitute」、「chip」、「primitive」、「consensus」を明確にする。,改稿レビュー待ち,"共通レビュー文: substitute, chip, primitive, consensus"
1163,consensus,合意；コンセンサス,"Replace ""consensus"" with a clearer phrase if needed.",必要なら「consensus」をより明確な表現に置き換える。,"Clarify ""substitute"", ""chip"", ""primitive"", and ""consensus"" in the glossary.",用語集で「substitute」、「chip」、「primitive」、「consensus」を明確にする。,改稿レビュー待ち,"共通レビュー文: substitute, chip, primitive, consensus"
1164,lifetime,生涯；一生,"Replace ""lifetime"" with a clearer phrase if needed.",必要なら「lifetime」をより明確な表現に置き換える。,"Clarify ""lifetime"", ""instance"", ""grain"", and ""manufacturer"" in the glossary.",用語集で「lifetime」、「instance」、「grain」、「manufacturer」を明確にする。,改稿レビュー待ち,"共通レビュー文: lifetime, instance, grain, manufacturer"
1165,instance,例；事例,Clarify the instance before the next review.,次のレビュー前にinstanceを明確にする。,"Clarify ""lifetime"", ""instance"", ""grain"", and ""manufacturer"" in the glossary.",用語集で「lifetime」、「instance」、「grain」、「manufacturer」を明確にする。,改稿レビュー待ち,"共通レビュー文: lifetime, instance, grain, manufacturer"
1166,grain,穀物；粒,"Replace ""grain"" with a clearer phrase if needed.",必要なら「grain」をより明確な表現に置き換える。,"Clarify ""lifetime"", ""instance"", ""grain"", and ""manufacturer"" in the glossary.",用語集で「lifetime」、「instance」、「grain」、「manufacturer」を明確にする。,改稿レビュー待ち,"共通レビュー文: lifetime, instance, grain, manufacturer"
1167,manufacturer,製造業者；メーカー,"Replace ""manufacturer"" with a clearer phrase if needed.",必要なら「manufacturer」をより明確な表現に置き換える。,"Clarify ""lifetime"", ""instance"", ""grain"", and ""manufacturer"" in the glossary.",用語集で「lifetime」、「instance」、「grain」、「manufacturer」を明確にする。,改稿レビュー待ち,"共通レビュー文: lifetime, instance, grain, manufacturer"
1168,progressive,進歩的な；漸進的な,The progressive option needs a clearer label.,progressiveの選択肢には、より明確なラベルが必要だ。,"Clarify ""progressive"", ""expand"", ""tragedy"", and ""resolve"" in the glossary.",用語集で「progressive」、「expand」、「tragedy」、「resolve」を明確にする。,改稿レビュー待ち,"共通レビュー文: progressive, expand, tragedy, resolve"
1169,expand,拡大する；広げる,"Replace ""expand"" with a clearer phrase if needed.",必要なら「expand」をより明確な表現に置き換える。,"Clarify ""progressive"", ""expand"", ""tragedy"", and ""resolve"" in the glossary.",用語集で「progressive」、「expand」、「tragedy」、「resolve」を明確にする。,改稿レビュー待ち,"共通レビュー文: progressive, expand, tragedy, resolve"
1170,tragedy,悲劇,"Replace ""tragedy"" with a clearer phrase if needed.",必要なら「tragedy」をより明確な表現に置き換える。,"Clarify ""progressive"", ""expand"", ""tragedy"", and ""resolve"" in the glossary.",用語集で「progressive」、「expand」、「tragedy」、「resolve」を明確にする。,改稿レビュー待ち,"共通レビュー文: progressive, expand, tragedy, resolve"
1171,resolve,解決する；決意する,"Replace ""resolve"" with a clearer phrase if needed.",必要なら「resolve」をより明確な表現に置き換える。,"Clarify ""progressive"", ""expand"", ""tragedy"", and ""resolve"" in the glossary.",用語集で「progressive」、「expand」、「tragedy」、「resolve」を明確にする。,改稿レビュー待ち,"共通レビュー文: progressive, expand, tragedy, resolve"
1173,excessive,過度の；過剰な,The excessive option needs a clearer label.,excessiveの選択肢には、より明確なラベルが必要だ。,"Clarify ""excessive"", ""suicide"", ""pre"", and ""preserve"" in the glossary.",用語集で「excessive」、「suicide」、「pre」、「preserve」を明確にする。,改稿レビュー待ち,"共通レビュー文: excessive, suicide, pre, preserve"
1174,suicide,自殺,"Replace ""suicide"" with a clearer phrase if needed.",必要なら「suicide」をより明確な表現に置き換える。,"Clarify ""excessive"", ""suicide"", ""pre"", and ""preserve"" in the glossary.",用語集で「excessive」、「suicide」、「pre」、「preserve」を明確にする。,改稿レビュー待ち,"共通レビュー文: excessive, suicide, pre, preserve"
1175,pre,〜の前の,"Replace ""pre"" with a clearer phrase if needed.",必要なら「pre」をより明確な表現に置き換える。,"Clarify ""excessive"", ""suicide"", ""pre"", and ""preserve"" in the glossary.",用語集で「excessive」、「suicide」、「pre」、「preserve」を明確にする。,改稿レビュー待ち,"共通レビュー文: excessive, suicide, pre, preserve"
1177,preserve,保存する；維持する,"Replace ""preserve"" with a clearer phrase if needed.",必要なら「preserve」をより明確な表現に置き換える。,"Clarify ""excessive"", ""suicide"", ""pre"", and ""preserve"" in the glossary.",用語集で「excessive」、「suicide」、「pre」、「preserve」を明確にする。,改稿レビュー待ち,"共通レビュー文: excessive, suicide, pre, preserve"
1178,tender,やさしい；柔らかい；提供する,"Replace ""tender"" with a clearer phrase if needed.",必要なら「tender」をより明確な表現に置き換える。,"Clarify ""tender"", ""encounter r"", ""remedy"", and ""glory"" in the glossary.",用語集で「tender」、「encounter r」、「remedy」、「glory」を明確にする。,改稿レビュー待ち,"共通レビュー文: tender, encounter r, remedy, glory"
1179,encounter r,に出会う；遭遇,"Use ""encounter r"" only if the phrase is familiar.",その表現がなじみのある場合だけ「encounter r」を使う。,"Clarify ""tender"", ""encounter r"", ""remedy"", and ""glory"" in the glossary.",用語集で「tender」、「encounter r」、「remedy」、「glory」を明確にする。,改稿レビュー待ち,"共通レビュー文: tender, encounter r, remedy, glory"
1180,remedy,remedyを；治療法,"Replace ""remedy"" with a clearer phrase if needed.",必要なら「remedy」をより明確な表現に置き換える。,"Clarify ""tender"", ""encounter r"", ""remedy"", and ""glory"" in the glossary.",用語集で「tender」、「encounter r」、「remedy」、「glory」を明確にする。,改稿レビュー待ち,"共通レビュー文: tender, encounter r, remedy, glory"
1181,glory,栄光；輝かしさ,"Replace ""glory"" with a clearer phrase if needed.",必要なら「glory」をより明確な表現に置き換える。,"Clarify ""tender"", ""encounter r"", ""remedy"", and ""glory"" in the glossary.",用語集で「tender」、「encounter r」、「remedy」、「glory」を明確にする。,改稿レビュー待ち,"共通レビュー文: tender, encounter r, remedy, glory"
1182,steadily,着実に；安定して,"Use ""steadily"" carefully in helper text.",ヘルプ文では「steadily」を慎重に使う。,"Clarify ""steadily"", ""colleague"", ""constitute"", and ""contrary"" in the glossary.",用語集で「steadily」、「colleague」、「constitute」、「contrary」を明確にする。,改稿レビュー待ち,"共通レビュー文: steadily, colleague, constitute, contrary"
1184,colleague,同僚,"Replace ""colleague"" with a clearer phrase if needed.",必要なら「colleague」をより明確な表現に置き換える。,"Clarify ""steadily"", ""colleague"", ""constitute"", and ""contrary"" in the glossary.",用語集で「steadily」、「colleague」、「constitute」、「contrary」を明確にする。,改稿レビュー待ち,"共通レビュー文: steadily, colleague, constitute, contrary"
1185,constitute,構成する；設立する,"Replace ""constitute"" with a clearer phrase if needed.",必要なら「constitute」をより明確な表現に置き換える。,"Clarify ""steadily"", ""colleague"", ""constitute"", and ""contrary"" in the glossary.",用語集で「steadily」、「colleague」、「constitute」、「contrary」を明確にする。,改稿レビュー待ち,"共通レビュー文: steadily, colleague, constitute, contrary"
1186,contrary,反対の；逆の,"Replace ""contrary"" with a clearer phrase if needed.",必要なら「contrary」をより明確な表現に置き換える。,"Clarify ""steadily"", ""colleague"", ""constitute"", and ""contrary"" in the glossary.",用語集で「steadily」、「colleague」、「constitute」、「contrary」を明確にする。,改稿レビュー待ち,"共通レビュー文: steadily, colleague, constitute, contrary"
1187,chaos,混乱；無秩序,"Replace ""chaos"" with a clearer phrase if needed.",必要なら「chaos」をより明確な表現に置き換える。,"Clarify ""chaos"", ""clay"", ""faint"", and ""invest"" in the glossary.",用語集で「chaos」、「clay」、「faint」、「invest」を明確にする。,改稿レビュー待ち,"共通レビュー文: chaos, clay, faint, invest"
1188,clay,粘土,"Replace ""clay"" with a clearer phrase if needed.",必要なら「clay」をより明確な表現に置き換える。,"Clarify ""chaos"", ""clay"", ""faint"", and ""invest"" in the glossary.",用語集で「chaos」、「clay」、「faint」、「invest」を明確にする。,改稿レビュー待ち,"共通レビュー文: chaos, clay, faint, invest"
1189,faint,かすかな；気絶する,"Replace ""faint"" with a clearer phrase if needed.",必要なら「faint」をより明確な表現に置き換える。,"Clarify ""chaos"", ""clay"", ""faint"", and ""invest"" in the glossary.",用語集で「chaos」、「clay」、「faint」、「invest」を明確にする。,改稿レビュー待ち,"共通レビュー文: chaos, clay, faint, invest"
1190,invest,を投資する；従事させる,"Replace ""invest"" with a clearer phrase if needed.",必要なら「invest」をより明確な表現に置き換える。,"Clarify ""chaos"", ""clay"", ""faint"", and ""invest"" in the glossary.",用語集で「chaos」、「clay」、「faint」、「invest」を明確にする。,改稿レビュー待ち,"共通レビュー文: chaos, clay, faint, invest"
1191,scarcely,ほとんど〜ない；やっと,"Use ""scarcely"" carefully in helper text.",ヘルプ文では「scarcely」を慎重に使う。,"Clarify ""scarcely"", ""nowadays"", ""illustrate"", and ""steep"" in the glossary.",用語集で「scarcely」、「nowadays」、「illustrate」、「steep」を明確にする。,改稿レビュー待ち,"共通レビュー文: scarcely, nowadays, illustrate, steep"
1192,nowadays,今日では；現代では,"Replace ""nowadays"" with a clearer phrase if needed.",必要なら「nowadays」をより明確な表現に置き換える。,"Clarify ""scarcely"", ""nowadays"", ""illustrate"", and ""steep"" in the glossary.",用語集で「scarcely」、「nowadays」、「illustrate」、「steep」を明確にする。,改稿レビュー待ち,"共通レビュー文: scarcely, nowadays, illustrate, steep"
1193,illustrate,を説明する；を図解する,"Replace ""illustrate"" with a clearer phrase if needed.",必要なら「illustrate」をより明確な表現に置き換える。,"Clarify ""scarcely"", ""nowadays"", ""illustrate"", and ""steep"" in the glossary.",用語集で「scarcely」、「nowadays」、「illustrate」、「steep」を明確にする。,改稿レビュー待ち,"共通レビュー文: scarcely, nowadays, illustrate, steep"
1194,steep,急勾配の；急激な,"Replace ""steep"" with a clearer phrase if needed.",必要なら「steep」をより明確な表現に置き換える。,"Clarify ""scarcely"", ""nowadays"", ""illustrate"", and ""steep"" in the glossary.",用語集で「scarcely」、「nowadays」、「illustrate」、「steep」を明確にする。,改稿レビュー待ち,"共通レビュー文: scarcely, nowadays, illustrate, steep"
1195,implement,実施する；実行する,Clarify the implement before the next review.,次のレビュー前にimplementを明確にする。,"Clarify ""implement"", ""wisdom"", ""fierce"", and ""discharge"" in the glossary.",用語集で「implement」、「wisdom」、「fierce」、「discharge」を明確にする。,改稿レビュー待ち,"共通レビュー文: implement, wisdom, fierce, discharge"
1196,wisdom,知恵；賢明さ,"Replace ""wisdom"" with a clearer phrase if needed.",必要なら「wisdom」をより明確な表現に置き換える。,"Clarify ""implement"", ""wisdom"", ""fierce"", and ""discharge"" in the glossary.",用語集で「implement」、「wisdom」、「fierce」、「discharge」を明確にする。,改稿レビュー待ち,"共通レビュー文: implement, wisdom, fierce, discharge"
1197,fierce,猛烈な；激しい,"Replace ""fierce"" with a clearer phrase if needed.",必要なら「fierce」をより明確な表現に置き換える。,"Clarify ""implement"", ""wisdom"", ""fierce"", and ""discharge"" in the glossary.",用語集で「implement」、「wisdom」、「fierce」、「discharge」を明確にする。,改稿レビュー待ち,"共通レビュー文: implement, wisdom, fierce, discharge"
1198,discharge,を解放する；放電；排出,"Replace ""discharge"" with a clearer phrase if needed.",必要なら「discharge」をより明確な表現に置き換える。,"Clarify ""implement"", ""wisdom"", ""fierce"", and ""discharge"" in the glossary.",用語集で「implement」、「wisdom」、「fierce」、「discharge」を明確にする。,改稿レビュー待ち,"共通レビュー文: implement, wisdom, fierce, discharge"
1199,regardless,それでも；〜にかかわらず,The regardless option needs a clearer label.,regardlessの選択肢には、より明確なラベルが必要だ。,"Clarify ""regardless"", ""forecast"", ""withdraw"", and ""exploration"" in the glossary.",用語集で「regardless」、「forecast」、「withdraw」、「exploration」を明確にする。,改稿レビュー待ち,"共通レビュー文: regardless, forecast, withdraw, exploration"
1200,forecast,予測する；予報,"Replace ""forecast"" with a clearer phrase if needed.",必要なら「forecast」をより明確な表現に置き換える。,"Clarify ""regardless"", ""forecast"", ""withdraw"", and ""exploration"" in the glossary.",用語集で「regardless」、「forecast」、「withdraw」、「exploration」を明確にする。,改稿レビュー待ち,"共通レビュー文: regardless, forecast, withdraw, exploration"
1201,withdraw,撤退する；引き出す；取り下げる,"Replace ""withdraw"" with a clearer phrase if needed.",必要なら「withdraw」をより明確な表現に置き換える。,"Clarify ""regardless"", ""forecast"", ""withdraw"", and ""exploration"" in the glossary.",用語集で「regardless」、「forecast」、「withdraw」、「exploration」を明確にする。,改稿レビュー待ち,"共通レビュー文: regardless, forecast, withdraw, exploration"
1202,exploration,探索；探検,Clarify the exploration before the next review.,次のレビュー前にexplorationを明確にする。,"Clarify ""regardless"", ""forecast"", ""withdraw"", and ""exploration"" in the glossary.",用語集で「regardless」、「forecast」、「withdraw」、「exploration」を明確にする。,改稿レビュー待ち,"共通レビュー文: regardless, forecast, withdraw, exploration"
1203,equality,平等；均等,Clarify the equality before the next review.,次のレビュー前にequalityを明確にする。,"Clarify ""equality"", ""ambitious"", ""grasp"", and ""harsh"" in the glossary.",用語集で「equality」、「ambitious」、「grasp」、「harsh」を明確にする。,改稿レビュー待ち,"共通レビュー文: equality, ambitious, grasp, harsh"
1204,ambitious,野心的な,The ambitious option needs a clearer label.,ambitiousの選択肢には、より明確なラベルが必要だ。,"Clarify ""equality"", ""ambitious"", ""grasp"", and ""harsh"" in the glossary.",用語集で「equality」、「ambitious」、「grasp」、「harsh」を明確にする。,改稿レビュー待ち,"共通レビュー文: equality, ambitious, grasp, harsh"
1205,grasp,をつかむ；理解する,"Replace ""grasp"" with a clearer phrase if needed.",必要なら「grasp」をより明確な表現に置き換える。,"Clarify ""equality"", ""ambitious"", ""grasp"", and ""harsh"" in the glossary.",用語集で「equality」、「ambitious」、「grasp」、「harsh」を明確にする。,改稿レビュー待ち,"共通レビュー文: equality, ambitious, grasp, harsh"
1206,harsh,過酷な；厳しい,"Replace ""harsh"" with a clearer phrase if needed.",必要なら「harsh」をより明確な表現に置き換える。,"Clarify ""equality"", ""ambitious"", ""grasp"", and ""harsh"" in the glossary.",用語集で「equality」、「ambitious」、「grasp」、「harsh」を明確にする。,改稿レビュー待ち,"共通レビュー文: equality, ambitious, grasp, harsh"
1207,sympathetic,同情的な；共感する,The sympathetic option needs a clearer label.,sympatheticの選択肢には、より明確なラベルが必要だ。,"Clarify ""sympathetic"", ""moderate"", ""shortage"", and ""shelter"" in the glossary.",用語集で「sympathetic」、「moderate」、「shortage」、「shelter」を明確にする。,改稿レビュー待ち,"共通レビュー文: sympathetic, moderate, shortage, shelter"
1208,moderate,穏やかな；適度な；緩和する,"Replace ""moderate"" with a clearer phrase if needed.",必要なら「moderate」をより明確な表現に置き換える。,"Clarify ""sympathetic"", ""moderate"", ""shortage"", and ""shelter"" in the glossary.",用語集で「sympathetic」、「moderate」、「shortage」、「shelter」を明確にする。,改稿レビュー待ち,"共通レビュー文: sympathetic, moderate, shortage, shelter"
1209,shortage,不足；欠乏,"Replace ""shortage"" with a clearer phrase if needed.",必要なら「shortage」をより明確な表現に置き換える。,"Clarify ""sympathetic"", ""moderate"", ""shortage"", and ""shelter"" in the glossary.",用語集で「sympathetic」、「moderate」、「shortage」、「shelter」を明確にする。,改稿レビュー待ち,"共通レビュー文: sympathetic, moderate, shortage, shelter"
1210,shelter,避難所；を保護する,"Replace ""shelter"" with a clearer phrase if needed.",必要なら「shelter」をより明確な表現に置き換える。,"Clarify ""sympathetic"", ""moderate"", ""shortage"", and ""shelter"" in the glossary.",用語集で「sympathetic」、「moderate」、「shortage」、「shelter」を明確にする。,改稿レビュー待ち,"共通レビュー文: sympathetic, moderate, shortage, shelter"
1211,myth,神話；作り話,"Replace ""myth"" with a clearer phrase if needed.",必要なら「myth」をより明確な表現に置き換える。,"Clarify ""myth"", ""quote"", ""imply"", and ""favourable"" in the glossary.",用語集で「myth」、「quote」、「imply」、「favourable」を明確にする。,改稿レビュー待ち,"共通レビュー文: myth, quote, imply, favourable"
1213,quote,を引用する；見積もり,"Replace ""quote"" with a clearer phrase if needed.",必要なら「quote」をより明確な表現に置き換える。,"Clarify ""myth"", ""quote"", ""imply"", and ""favourable"" in the glossary.",用語集で「myth」、「quote」、「imply」、「favourable」を明確にする。,改稿レビュー待ち,"共通レビュー文: myth, quote, imply, favourable"
1214,imply,意味する；暗示する,"Use ""imply"" carefully in helper text.",ヘルプ文では「imply」を慎重に使う。,"Clarify ""myth"", ""quote"", ""imply"", and ""favourable"" in the glossary.",用語集で「myth」、「quote」、「imply」、「favourable」を明確にする。,改稿レビュー待ち,"共通レビュー文: myth, quote, imply, favourable"
1215,favourable,好意的な；有利な,The favourable option needs a clearer label.,favourableの選択肢には、より明確なラベルが必要だ。,"Clarify ""myth"", ""quote"", ""imply"", and ""favourable"" in the glossary.",用語集で「myth」、「quote」、「imply」、「favourable」を明確にする。,改稿レビュー待ち,"共通レビュー文: myth, quote, imply, favourable"
1216,offensive,攻撃的な；不快な,The offensive option needs a clearer label.,offensiveの選択肢には、より明確なラベルが必要だ。,"Clarify ""offensive"", ""conclude"", ""breakdown"", and ""passive"" in the glossary.",用語集で「offensive」、「conclude」、「breakdown」、「passive」を明確にする。,改稿レビュー待ち,"共通レビュー文: offensive, conclude, breakdown, passive"
1217,conclude,結論を下す,"Replace ""conclude"" with a clearer phrase if needed.",必要なら「conclude」をより明確な表現に置き換える。,"Clarify ""offensive"", ""conclude"", ""breakdown"", and ""passive"" in the glossary.",用語集で「offensive」、「conclude」、「breakdown」、「passive」を明確にする。,改稿レビュー待ち,"共通レビュー文: offensive, conclude, breakdown, passive"
1218,breakdown,故障；崩壊；内訳,"Replace ""breakdown"" with a clearer phrase if needed.",必要なら「breakdown」をより明確な表現に置き換える。,"Clarify ""offensive"", ""conclude"", ""breakdown"", and ""passive"" in the glossary.",用語集で「offensive」、「conclude」、「breakdown」、「passive」を明確にする。,改稿レビュー待ち,"共通レビュー文: offensive, conclude, breakdown, passive"
1220,passive,受動的な；消極的な,The passive option needs a clearer label.,passiveの選択肢には、より明確なラベルが必要だ。,"Clarify ""offensive"", ""conclude"", ""breakdown"", and ""passive"" in the glossary.",用語集で「offensive」、「conclude」、「breakdown」、「passive」を明確にする。,改稿レビュー待ち,"共通レビュー文: offensive, conclude, breakdown, passive"
1221,opponent,相手；反対者,"Replace ""opponent"" with a clearer phrase if needed.",必要なら「opponent」をより明確な表現に置き換える。,"Clarify ""opponent"", ""remark"", ""construct"", and ""vessel"" in the glossary.",用語集で「opponent」、「remark」、「construct」、「vessel」を明確にする。,改稿レビュー待ち,"共通レビュー文: opponent, remark, construct, vessel"
1222,remark,を述べる；発言,"Replace ""remark"" with a clearer phrase if needed.",必要なら「remark」をより明確な表現に置き換える。,"Clarify ""opponent"", ""remark"", ""construct"", and ""vessel"" in the glossary.",用語集で「opponent」、「remark」、「construct」、「vessel」を明確にする。,改稿レビュー待ち,"共通レビュー文: opponent, remark, construct, vessel"
1224,construct,構築する；建設する,"Replace ""construct"" with a clearer phrase if needed.",必要なら「construct」をより明確な表現に置き換える。,"Clarify ""opponent"", ""remark"", ""construct"", and ""vessel"" in the glossary.",用語集で「opponent」、「remark」、「construct」、「vessel」を明確にする。,改稿レビュー待ち,"共通レビュー文: opponent, remark, construct, vessel"
1225,vessel,船舶；容器；血管,"Replace ""vessel"" with a clearer phrase if needed.",必要なら「vessel」をより明確な表現に置き換える。,"Clarify ""opponent"", ""remark"", ""construct"", and ""vessel"" in the glossary.",用語集で「opponent」、「remark」、「construct」、「vessel」を明確にする。,改稿レビュー待ち,"共通レビュー文: opponent, remark, construct, vessel"
1226,immense,巨大な；莫大な,"Replace ""immense"" with a clearer phrase if needed.",必要なら「immense」をより明確な表現に置き換える。,"Clarify ""immense"", ""peculiar"", ""capture"", and ""productive"" in the glossary.",用語集で「immense」、「peculiar」、「capture」、「productive」を明確にする。,改稿レビュー待ち,"共通レビュー文: immense, peculiar, capture, productive"
1227,peculiar,独特の；奇妙な；特有の,"Replace ""peculiar"" with a clearer phrase if needed.",必要なら「peculiar」をより明確な表現に置き換える。,"Clarify ""immense"", ""peculiar"", ""capture"", and ""productive"" in the glossary.",用語集で「immense」、「peculiar」、「capture」、「productive」を明確にする。,改稿レビュー待ち,"共通レビュー文: immense, peculiar, capture, productive"
1229,capture,捕える；記録する,"Replace ""capture"" with a clearer phrase if needed.",必要なら「capture」をより明確な表現に置き換える。,"Clarify ""immense"", ""peculiar"", ""capture"", and ""productive"" in the glossary.",用語集で「immense」、「peculiar」、「capture」、「productive」を明確にする。,改稿レビュー待ち,"共通レビュー文: immense, peculiar, capture, productive"
1230,productive,生産的な；有益な,The productive option needs a clearer label.,productiveの選択肢には、より明確なラベルが必要だ。,"Clarify ""immense"", ""peculiar"", ""capture"", and ""productive"" in the glossary.",用語集で「immense」、「peculiar」、「capture」、「productive」を明確にする。,改稿レビュー待ち,"共通レビュー文: immense, peculiar, capture, productive"
1231,shallow,浅い；表面的な,"Replace ""shallow"" with a clearer phrase if needed.",必要なら「shallow」をより明確な表現に置き換える。,"Clarify ""shallow"", ""record"", ""handful"", and ""fatal"" in the glossary.",用語集で「shallow」、「record」、「handful」、「fatal」を明確にする。,改稿レビュー待ち,"共通レビュー文: shallow, record, handful, fatal"
1232,record,記録；記録する；最高記録,"Replace ""record"" with a clearer phrase if needed.",必要なら「record」をより明確な表現に置き換える。,"Clarify ""shallow"", ""record"", ""handful"", and ""fatal"" in the glossary.",用語集で「shallow」、「record」、「handful」、「fatal」を明確にする。,改稿レビュー待ち,"共通レビュー文: shallow, record, handful, fatal"
1233,handful,一握り；少数,The handful option needs a clearer label.,handfulの選択肢には、より明確なラベルが必要だ。,"Clarify ""shallow"", ""record"", ""handful"", and ""fatal"" in the glossary.",用語集で「shallow」、「record」、「handful」、「fatal」を明確にする。,改稿レビュー待ち,"共通レビュー文: shallow, record, handful, fatal"
1234,fatal,致命的な；死をもたらす,The fatal option needs a clearer label.,fatalの選択肢には、より明確なラベルが必要だ。,"Clarify ""shallow"", ""record"", ""handful"", and ""fatal"" in the glossary.",用語集で「shallow」、「record」、「handful」、「fatal」を明確にする。,改稿レビュー待ち,"共通レビュー文: shallow, record, handful, fatal"
1235,predict,予測する,"Replace ""predict"" with a clearer phrase if needed.",必要なら「predict」をより明確な表現に置き換える。,"Clarify ""predict"", ""commit"", ""trail"", and ""breeze"" in the glossary.",用語集で「predict」、「commit」、「trail」、「breeze」を明確にする。,改稿レビュー待ち,"共通レビュー文: predict, commit, trail, breeze"
1236,commit,約束する；委ねる,"Replace ""commit"" with a clearer phrase if needed.",必要なら「commit」をより明確な表現に置き換える。,"Clarify ""predict"", ""commit"", ""trail"", and ""breeze"" in the glossary.",用語集で「predict」、「commit」、「trail」、「breeze」を明確にする。,改稿レビュー待ち,"共通レビュー文: predict, commit, trail, breeze"
1238,trail,跡；を追跡する,"Replace ""trail"" with a clearer phrase if needed.",必要なら「trail」をより明確な表現に置き換える。,"Clarify ""predict"", ""commit"", ""trail"", and ""breeze"" in the glossary.",用語集で「predict」、「commit」、「trail」、「breeze」を明確にする。,改稿レビュー待ち,"共通レビュー文: predict, commit, trail, breeze"
1240,breeze,そよ風；簡単なこと,"Replace ""breeze"" with a clearer phrase if needed.",必要なら「breeze」をより明確な表現に置き換える。,"Clarify ""predict"", ""commit"", ""trail"", and ""breeze"" in the glossary.",用語集で「predict」、「commit」、「trail」、「breeze」を明確にする。,改稿レビュー待ち,"共通レビュー文: predict, commit, trail, breeze"
1241,detect,検出する；発見する,"Replace ""detect"" with a clearer phrase if needed.",必要なら「detect」をより明確な表現に置き換える。,"Clarify ""detect"", ""interpret"", ""urge"", and ""caution"" in the glossary.",用語集で「detect」、「interpret」、「urge」、「caution」を明確にする。,改稿レビュー待ち,"共通レビュー文: detect, interpret, urge, caution"
1242,interpret,解釈する；通訳する,"Replace ""interpret"" with a clearer phrase if needed.",必要なら「interpret」をより明確な表現に置き換える。,"Clarify ""detect"", ""interpret"", ""urge"", and ""caution"" in the glossary.",用語集で「detect」、「interpret」、「urge」、「caution」を明確にする。,改稿レビュー待ち,"共通レビュー文: detect, interpret, urge, caution"
1243,urge,を促す；強い衝動,"Replace ""urge"" with a clearer phrase if needed.",必要なら「urge」をより明確な表現に置き換える。,"Clarify ""detect"", ""interpret"", ""urge"", and ""caution"" in the glossary.",用語集で「detect」、「interpret」、「urge」、「caution」を明確にする。,改稿レビュー待ち,"共通レビュー文: detect, interpret, urge, caution"
1244,caution,注意；警告,Clarify the caution before the next review.,次のレビュー前にcautionを明確にする。,"Clarify ""detect"", ""interpret"", ""urge"", and ""caution"" in the glossary.",用語集で「detect」、「interpret」、「urge」、「caution」を明確にする。,改稿レビュー待ち,"共通レビュー文: detect, interpret, urge, caution"
1245,prejudice,偏見；予断,"Replace ""prejudice"" with a clearer phrase if needed.",必要なら「prejudice」をより明確な表現に置き換える。,"Clarify ""prejudice"", ""negotiate"", ""abandon"", and ""fantasy"" in the glossary.",用語集で「prejudice」、「negotiate」、「abandon」、「fantasy」を明確にする。,改稿レビュー待ち,"共通レビュー文: prejudice, negotiate, abandon, fantasy"
1246,negotiate,交渉する,"Replace ""negotiate"" with a clearer phrase if needed.",必要なら「negotiate」をより明確な表現に置き換える。,"Clarify ""prejudice"", ""negotiate"", ""abandon"", and ""fantasy"" in the glossary.",用語集で「prejudice」、「negotiate」、「abandon」、「fantasy」を明確にする。,改稿レビュー待ち,"共通レビュー文: prejudice, negotiate, abandon, fantasy"
1247,abandon,放棄する；断念する,"Replace ""abandon"" with a clearer phrase if needed.",必要なら「abandon」をより明確な表現に置き換える。,"Clarify ""prejudice"", ""negotiate"", ""abandon"", and ""fantasy"" in the glossary.",用語集で「prejudice」、「negotiate」、「abandon」、「fantasy」を明確にする。,改稿レビュー待ち,"共通レビュー文: prejudice, negotiate, abandon, fantasy"
1248,fantasy,空想；幻想,"Replace ""fantasy"" with a clearer phrase if needed.",必要なら「fantasy」をより明確な表現に置き換える。,"Clarify ""prejudice"", ""negotiate"", ""abandon"", and ""fantasy"" in the glossary.",用語集で「prejudice」、「negotiate」、「abandon」、「fantasy」を明確にする。,改稿レビュー待ち,"共通レビュー文: prejudice, negotiate, abandon, fantasy"
1249,analyse,を分析する,"Replace ""analyse"" with a clearer phrase if needed.",必要なら「analyse」をより明確な表現に置き換える。,"Clarify ""analyse"", ""founder"", ""qualify"", and ""sacred"" in the glossary.",用語集で「analyse」、「founder」、「qualify」、「sacred」を明確にする。,改稿レビュー待ち,"共通レビュー文: analyse, founder, qualify, sacred"
1250,founder,創設者；沈没する,"Replace ""founder"" with a clearer phrase if needed.",必要なら「founder」をより明確な表現に置き換える。,"Clarify ""analyse"", ""founder"", ""qualify"", and ""sacred"" in the glossary.",用語集で「analyse」、「founder」、「qualify」、「sacred」を明確にする。,改稿レビュー待ち,"共通レビュー文: analyse, founder, qualify, sacred"
1251,qualify,資格を得る；を修飾する,"Replace ""qualify"" with a clearer phrase if needed.",必要なら「qualify」をより明確な表現に置き換える。,"Clarify ""analyse"", ""founder"", ""qualify"", and ""sacred"" in the glossary.",用語集で「analyse」、「founder」、「qualify」、「sacred」を明確にする。,改稿レビュー待ち,"共通レビュー文: analyse, founder, qualify, sacred"
1253,sacred,神聖な；聖なる,"Replace ""sacred"" with a clearer phrase if needed.",必要なら「sacred」をより明確な表現に置き換える。,"Clarify ""analyse"", ""founder"", ""qualify"", and ""sacred"" in the glossary.",用語集で「analyse」、「founder」、「qualify」、「sacred」を明確にする。,改稿レビュー待ち,"共通レビュー文: analyse, founder, qualify, sacred"
1254,pavement,歩道；舗道,Clarify the pavement before the next review.,次のレビュー前にpavementを明確にする。,"Clarify ""pavement"", ""stem"", ""bang"", and ""organise"" in the glossary.",用語集で「pavement」、「stem」、「bang」、「organise」を明確にする。,改稿レビュー待ち,"共通レビュー文: pavement, stem, bang, organise"
1255,stem,茎；語幹；を食い止める,"Replace ""stem"" with a clearer phrase if needed.",必要なら「stem」をより明確な表現に置き換える。,"Clarify ""pavement"", ""stem"", ""bang"", and ""organise"" in the glossary.",用語集で「pavement」、「stem」、「bang」、「organise」を明確にする。,改稿レビュー待ち,"共通レビュー文: pavement, stem, bang, organise"
1256,bang,どん；爆発；強くぶつける,"Replace ""bang"" with a clearer phrase if needed.",必要なら「bang」をより明確な表現に置き換える。,"Clarify ""pavement"", ""stem"", ""bang"", and ""organise"" in the glossary.",用語集で「pavement」、「stem」、「bang」、「organise」を明確にする。,改稿レビュー待ち,"共通レビュー文: pavement, stem, bang, organise"
1257,organise,を組織する；整理する,"Replace ""organise"" with a clearer phrase if needed.",必要なら「organise」をより明確な表現に置き換える。,"Clarify ""pavement"", ""stem"", ""bang"", and ""organise"" in the glossary.",用語集で「pavement」、「stem」、「bang」、「organise」を明確にする。,改稿レビュー待ち,"共通レビュー文: pavement, stem, bang, organise"
1258,pursuit,追求；追跡,"Replace ""pursuit"" with a clearer phrase if needed.",必要なら「pursuit」をより明確な表現に置き換える。,"Clarify ""pursuit"", ""react"", ""tense"", and ""drift"" in the glossary.",用語集で「pursuit」、「react」、「tense」、「drift」を明確にする。,改稿レビュー待ち,"共通レビュー文: pursuit, react, tense, drift"
1259,react,反応する,"Replace ""react"" with a clearer phrase if needed.",必要なら「react」をより明確な表現に置き換える。,"Clarify ""pursuit"", ""react"", ""tense"", and ""drift"" in the glossary.",用語集で「pursuit」、「react」、「tense」、「drift」を明確にする。,改稿レビュー待ち,"共通レビュー文: pursuit, react, tense, drift"
1260,tense,緊張した；時制,"Replace ""tense"" with a clearer phrase if needed.",必要なら「tense」をより明確な表現に置き換える。,"Clarify ""pursuit"", ""react"", ""tense"", and ""drift"" in the glossary.",用語集で「pursuit」、「react」、「tense」、「drift」を明確にする。,改稿レビュー待ち,"共通レビュー文: pursuit, react, tense, drift"
1262,drift,漂流する；傾向,"Replace ""drift"" with a clearer phrase if needed.",必要なら「drift」をより明確な表現に置き換える。,"Clarify ""pursuit"", ""react"", ""tense"", and ""drift"" in the glossary.",用語集で「pursuit」、「react」、「tense」、「drift」を明確にする。,改稿レビュー待ち,"共通レビュー文: pursuit, react, tense, drift"
1263,unpleasant,不快な；嫌な,"Replace ""unpleasant"" with a clearer phrase if needed.",必要なら「unpleasant」をより明確な表現に置き換える。,"Clarify ""unpleasant"", ""ash"", ""log"", and ""jewellery"" in the glossary.",用語集で「unpleasant」、「ash」、「log」、「jewellery」を明確にする。,改稿レビュー待ち,"共通レビュー文: unpleasant, ash, log, jewellery"
1264,ash,灰；燃え滓,"Replace ""ash"" with a clearer phrase if needed.",必要なら「ash」をより明確な表現に置き換える。,"Clarify ""unpleasant"", ""ash"", ""log"", and ""jewellery"" in the glossary.",用語集で「unpleasant」、「ash」、「log」、「jewellery」を明確にする。,改稿レビュー待ち,"共通レビュー文: unpleasant, ash, log, jewellery"
1265,log,丸太；記録する,"Replace ""log"" with a clearer phrase if needed.",必要なら「log」をより明確な表現に置き換える。,"Clarify ""unpleasant"", ""ash"", ""log"", and ""jewellery"" in the glossary.",用語集で「unpleasant」、「ash」、「log」、「jewellery」を明確にする。,改稿レビュー待ち,"共通レビュー文: unpleasant, ash, log, jewellery"
1266,jewellery,宝石類；アクセサリー,"Replace ""jewellery"" with a clearer phrase if needed.",必要なら「jewellery」をより明確な表現に置き換える。,"Clarify ""unpleasant"", ""ash"", ""log"", and ""jewellery"" in the glossary.",用語集で「unpleasant」、「ash」、「log」、「jewellery」を明確にする。,改稿レビュー待ち,"共通レビュー文: unpleasant, ash, log, jewellery"
1267,consist,から成る；一致する,"Replace ""consist"" with a clearer phrase if needed.",必要なら「consist」をより明確な表現に置き換える。,"Clarify ""consist"", ""submit"", ""sustain"", and ""convert"" in the glossary.",用語集で「consist」、「submit」、「sustain」、「convert」を明確にする。,改稿レビュー待ち,"共通レビュー文: consist, submit, sustain, convert"
1268,submit,提出する；服従する,"Replace ""submit"" with a clearer phrase if needed.",必要なら「submit」をより明確な表現に置き換える。,"Clarify ""consist"", ""submit"", ""sustain"", and ""convert"" in the glossary.",用語集で「consist」、「submit」、「sustain」、「convert」を明確にする。,改稿レビュー待ち,"共通レビュー文: consist, submit, sustain, convert"
1269,sustain,維持する,"Replace ""sustain"" with a clearer phrase if needed.",必要なら「sustain」をより明確な表現に置き換える。,"Clarify ""consist"", ""submit"", ""sustain"", and ""convert"" in the glossary.",用語集で「consist」、「submit」、「sustain」、「convert」を明確にする。,改稿レビュー待ち,"共通レビュー文: consist, submit, sustain, convert"
1270,convert,変換する；転換する,"Replace ""convert"" with a clearer phrase if needed.",必要なら「convert」をより明確な表現に置き換える。,"Clarify ""consist"", ""submit"", ""sustain"", and ""convert"" in the glossary.",用語集で「consist」、「submit」、「sustain」、「convert」を明確にする。,改稿レビュー待ち,"共通レビュー文: consist, submit, sustain, convert"
1271,legend,伝説；凡例,"Replace ""legend"" with a clearer phrase if needed.",必要なら「legend」をより明確な表現に置き換える。,"Clarify ""legend"", ""horizontal"", ""sphere"", and ""swift"" in the glossary.",用語集で「legend」、「horizontal」、「sphere」、「swift」を明確にする。,改稿レビュー待ち,"共通レビュー文: legend, horizontal, sphere, swift"
1272,horizontal,水平の；横の,The horizontal option needs a clearer label.,horizontalの選択肢には、より明確なラベルが必要だ。,"Clarify ""legend"", ""horizontal"", ""sphere"", and ""swift"" in the glossary.",用語集で「legend」、「horizontal」、「sphere」、「swift」を明確にする。,改稿レビュー待ち,"共通レビュー文: legend, horizontal, sphere, swift"
1274,sphere,球体；範囲,"Replace ""sphere"" with a clearer phrase if needed.",必要なら「sphere」をより明確な表現に置き換える。,"Clarify ""legend"", ""horizontal"", ""sphere"", and ""swift"" in the glossary.",用語集で「legend」、「horizontal」、「sphere」、「swift」を明確にする。,改稿レビュー待ち,"共通レビュー文: legend, horizontal, sphere, swift"
1275,swift,素早い；迅速な,"Replace ""swift"" with a clearer phrase if needed.",必要なら「swift」をより明確な表現に置き換える。,"Clarify ""legend"", ""horizontal"", ""sphere"", and ""swift"" in the glossary.",用語集で「legend」、「horizontal」、「sphere」、「swift」を明確にする。,改稿レビュー待ち,"共通レビュー文: legend, horizontal, sphere, swift"
1276,compound,複合の；化合物,"Replace ""compound"" with a clearer phrase if needed.",必要なら「compound」をより明確な表現に置き換える。,"Clarify ""compound"", ""rage"", ""incredible"", and ""convince"" in the glossary.",用語集で「compound」、「rage」、「incredible」、「convince」を明確にする。,改稿レビュー待ち,"共通レビュー文: compound, rage, incredible, convince"
1277,rage,激怒；を猛威をふるう,"Replace ""rage"" with a clearer phrase if needed.",必要なら「rage」をより明確な表現に置き換える。,"Clarify ""compound"", ""rage"", ""incredible"", and ""convince"" in the glossary.",用語集で「compound」、「rage」、「incredible」、「convince」を明確にする。,改稿レビュー待ち,"共通レビュー文: compound, rage, incredible, convince"
1278,incredible,信じられない；素晴らしい,The incredible option needs a clearer label.,incredibleの選択肢には、より明確なラベルが必要だ。,"Clarify ""compound"", ""rage"", ""incredible"", and ""convince"" in the glossary.",用語集で「compound」、「rage」、「incredible」、「convince」を明確にする。,改稿レビュー待ち,"共通レビュー文: compound, rage, incredible, convince"
1279,convince,説得する；確信させる,"Replace ""convince"" with a clearer phrase if needed.",必要なら「convince」をより明確な表現に置き換える。,"Clarify ""compound"", ""rage"", ""incredible"", and ""convince"" in the glossary.",用語集で「compound」、「rage」、「incredible」、「convince」を明確にする。,改稿レビュー待ち,"共通レビュー文: compound, rage, incredible, convince"
1280,upright,まっすぐな；正直な,"Replace ""upright"" with a clearer phrase if needed.",必要なら「upright」をより明確な表現に置き換える。,"Clarify ""upright"", ""associate"", ""retreat"", and ""strengthen"" in the glossary.",用語集で「upright」、「associate」、「retreat」、「strengthen」を明確にする。,改稿レビュー待ち,"共通レビュー文: upright, associate, retreat, strengthen"
1281,associate,を関連付ける；仲間,"Replace ""associate"" with a clearer phrase if needed.",必要なら「associate」をより明確な表現に置き換える。,"Clarify ""upright"", ""associate"", ""retreat"", and ""strengthen"" in the glossary.",用語集で「upright」、「associate」、「retreat」、「strengthen」を明確にする。,改稿レビュー待ち,"共通レビュー文: upright, associate, retreat, strengthen"
1282,retreat,を後退する；撤退,"Replace ""retreat"" with a clearer phrase if needed.",必要なら「retreat」をより明確な表現に置き換える。,"Clarify ""upright"", ""associate"", ""retreat"", and ""strengthen"" in the glossary.",用語集で「upright」、「associate」、「retreat」、「strengthen」を明確にする。,改稿レビュー待ち,"共通レビュー文: upright, associate, retreat, strengthen"
1283,strengthen,強化する,"Replace ""strengthen"" with a clearer phrase if needed.",必要なら「strengthen」をより明確な表現に置き換える。,"Clarify ""upright"", ""associate"", ""retreat"", and ""strengthen"" in the glossary.",用語集で「upright」、「associate」、「retreat」、「strengthen」を明確にする。,改稿レビュー待ち,"共通レビュー文: upright, associate, retreat, strengthen"
1284,highlight,際立たせる；強調する,"Replace ""highlight"" with a clearer phrase if needed.",必要なら「highlight」をより明確な表現に置き換える。,"Clarify ""highlight"", ""seemingly"", ""fame"", and ""respectable"" in the glossary.",用語集で「highlight」、「seemingly」、「fame」、「respectable」を明確にする。,改稿レビュー待ち,"共通レビュー文: highlight, seemingly, fame, respectable"
1285,seemingly,一見；外見上は,"Use ""seemingly"" carefully in helper text.",ヘルプ文では「seemingly」を慎重に使う。,"Clarify ""highlight"", ""seemingly"", ""fame"", and ""respectable"" in the glossary.",用語集で「highlight」、「seemingly」、「fame」、「respectable」を明確にする。,改稿レビュー待ち,"共通レビュー文: highlight, seemingly, fame, respectable"
1286,fame,名声,"Replace ""fame"" with a clearer phrase if needed.",必要なら「fame」をより明確な表現に置き換える。,"Clarify ""highlight"", ""seemingly"", ""fame"", and ""respectable"" in the glossary.",用語集で「highlight」、「seemingly」、「fame」、「respectable」を明確にする。,改稿レビュー待ち,"共通レビュー文: highlight, seemingly, fame, respectable"
1287,respectable,立派な；品行方正な,The respectable option needs a clearer label.,respectableの選択肢には、より明確なラベルが必要だ。,"Clarify ""highlight"", ""seemingly"", ""fame"", and ""respectable"" in the glossary.",用語集で「highlight」、「seemingly」、「fame」、「respectable」を明確にする。,改稿レビュー待ち,"共通レビュー文: highlight, seemingly, fame, respectable"
1288,consult,に相談する,"Replace ""consult"" with a clearer phrase if needed.",必要なら「consult」をより明確な表現に置き換える。,"Clarify ""consult"", ""likewise"", ""outlook"", and ""engage"" in the glossary.",用語集で「consult」、「likewise」、「outlook」、「engage」を明確にする。,改稿レビュー待ち,"共通レビュー文: consult, likewise, outlook, engage"
1289,likewise,同様に；また,"Replace ""likewise"" with a clearer phrase if needed.",必要なら「likewise」をより明確な表現に置き換える。,"Clarify ""consult"", ""likewise"", ""outlook"", and ""engage"" in the glossary.",用語集で「consult」、「likewise」、「outlook」、「engage」を明確にする。,改稿レビュー待ち,"共通レビュー文: consult, likewise, outlook, engage"
1290,outlook,見通し；見解,"Replace ""outlook"" with a clearer phrase if needed.",必要なら「outlook」をより明確な表現に置き換える。,"Clarify ""consult"", ""likewise"", ""outlook"", and ""engage"" in the glossary.",用語集で「consult」、「likewise」、「outlook」、「engage」を明確にする。,改稿レビュー待ち,"共通レビュー文: consult, likewise, outlook, engage"
1291,engage,従事する；参加する,"Replace ""engage"" with a clearer phrase if needed.",必要なら「engage」をより明確な表現に置き換える。,"Clarify ""consult"", ""likewise"", ""outlook"", and ""engage"" in the glossary.",用語集で「consult」、「likewise」、「outlook」、「engage」を明確にする。,改稿レビュー待ち,"共通レビュー文: consult, likewise, outlook, engage"
1292,vice,悪習；万力,"Replace ""vice"" with a clearer phrase if needed.",必要なら「vice」をより明確な表現に置き換える。,"Clarify ""vice"", ""fulfil"", ""drag"", and ""stir"" in the glossary.",用語集で「vice」、「fulfil」、「drag」、「stir」を明確にする。,改稿レビュー待ち,"共通レビュー文: vice, fulfil, drag, stir"
1293,fulfil,を果たす；実現する,"Replace ""fulfil"" with a clearer phrase if needed.",必要なら「fulfil」をより明確な表現に置き換える。,"Clarify ""vice"", ""fulfil"", ""drag"", and ""stir"" in the glossary.",用語集で「vice」、「fulfil」、「drag」、「stir」を明確にする。,改稿レビュー待ち,"共通レビュー文: vice, fulfil, drag, stir"
1294,drag,を引きずる；引きずること,"Replace ""drag"" with a clearer phrase if needed.",必要なら「drag」をより明確な表現に置き換える。,"Clarify ""vice"", ""fulfil"", ""drag"", and ""stir"" in the glossary.",用語集で「vice」、「fulfil」、「drag」、「stir」を明確にする。,改稿レビュー待ち,"共通レビュー文: vice, fulfil, drag, stir"
1295,stir,をかき混ぜる；刺激する,"Replace ""stir"" with a clearer phrase if needed.",必要なら「stir」をより明確な表現に置き換える。,"Clarify ""vice"", ""fulfil"", ""drag"", and ""stir"" in the glossary.",用語集で「vice」、「fulfil」、「drag」、「stir」を明確にする。,改稿レビュー待ち,"共通レビュー文: vice, fulfil, drag, stir"
1296,lump,塊；でこぼこ,"Replace ""lump"" with a clearer phrase if needed.",必要なら「lump」をより明確な表現に置き換える。,"Clarify ""lump"", ""rating"", ""advertisement"", and ""width"" in the glossary.",用語集で「lump」、「rating」、「advertisement」、「width」を明確にする。,改稿レビュー待ち,"共通レビュー文: lump, rating, advertisement, width"
1297,rating,評価；格付け,"Replace ""rating"" with a clearer phrase if needed.",必要なら「rating」をより明確な表現に置き換える。,"Clarify ""lump"", ""rating"", ""advertisement"", and ""width"" in the glossary.",用語集で「lump」、「rating」、「advertisement」、「width」を明確にする。,改稿レビュー待ち,"共通レビュー文: lump, rating, advertisement, width"
1298,advertisement,広告,Clarify the advertisement before the next review.,次のレビュー前にadvertisementを明確にする。,"Clarify ""lump"", ""rating"", ""advertisement"", and ""width"" in the glossary.",用語集で「lump」、「rating」、「advertisement」、「width」を明確にする。,改稿レビュー待ち,"共通レビュー文: lump, rating, advertisement, width"
1299,width,幅；広さ,"Replace ""width"" with a clearer phrase if needed.",必要なら「width」をより明確な表現に置き換える。,"Clarify ""lump"", ""rating"", ""advertisement"", and ""width"" in the glossary.",用語集で「lump」、「rating」、「advertisement」、「width」を明確にする。,改稿レビュー待ち,"共通レビュー文: lump, rating, advertisement, width"
1300,accord,一致；協定,"Replace ""accord"" with a clearer phrase if needed.",必要なら「accord」をより明確な表現に置き換える。,"Clarify ""accord"", ""disadvantage"", ""drain"", and ""ignorance"" in the glossary.",用語集で「accord」、「disadvantage」、「drain」、「ignorance」を明確にする。,改稿レビュー待ち,"共通レビュー文: accord, disadvantage, drain, ignorance"
1302,disadvantage,不利；欠点,"Replace ""disadvantage"" with a clearer phrase if needed.",必要なら「disadvantage」をより明確な表現に置き換える。,"Clarify ""accord"", ""disadvantage"", ""drain"", and ""ignorance"" in the glossary.",用語集で「accord」、「disadvantage」、「drain」、「ignorance」を明確にする。,改稿レビュー待ち,"共通レビュー文: accord, disadvantage, drain, ignorance"
1303,drain,を排水する；排水溝,"Replace ""drain"" with a clearer phrase if needed.",必要なら「drain」をより明確な表現に置き換える。,"Clarify ""accord"", ""disadvantage"", ""drain"", and ""ignorance"" in the glossary.",用語集で「accord」、「disadvantage」、「drain」、「ignorance」を明確にする。,改稿レビュー待ち,"共通レビュー文: accord, disadvantage, drain, ignorance"
1304,ignorance,無知；無学,Clarify the ignorance before the next review.,次のレビュー前にignoranceを明確にする。,"Clarify ""accord"", ""disadvantage"", ""drain"", and ""ignorance"" in the glossary.",用語集で「accord」、「disadvantage」、「drain」、「ignorance」を明確にする。,改稿レビュー待ち,"共通レビュー文: accord, disadvantage, drain, ignorance"
1305,harvest,収穫する；収穫,"Replace ""harvest"" with a clearer phrase if needed.",必要なら「harvest」をより明確な表現に置き換える。,"Clarify ""harvest"", ""tutor"", ""apparatus"", and ""restrict"" in the glossary.",用語集で「harvest」、「tutor」、「apparatus」、「restrict」を明確にする。,改稿レビュー待ち,"共通レビュー文: harvest, tutor, apparatus, restrict"
1306,tutor,家庭教師；個別指導する,"Replace ""tutor"" with a clearer phrase if needed.",必要なら「tutor」をより明確な表現に置き換える。,"Clarify ""harvest"", ""tutor"", ""apparatus"", and ""restrict"" in the glossary.",用語集で「harvest」、「tutor」、「apparatus」、「restrict」を明確にする。,改稿レビュー待ち,"共通レビュー文: harvest, tutor, apparatus, restrict"
1307,apparatus,装置；器具,"Replace ""apparatus"" with a clearer phrase if needed.",必要なら「apparatus」をより明確な表現に置き換える。,"Clarify ""harvest"", ""tutor"", ""apparatus"", and ""restrict"" in the glossary.",用語集で「harvest」、「tutor」、「apparatus」、「restrict」を明確にする。,改稿レビュー待ち,"共通レビュー文: harvest, tutor, apparatus, restrict"
1308,restrict,制限する,"Replace ""restrict"" with a clearer phrase if needed.",必要なら「restrict」をより明確な表現に置き換える。,"Clarify ""harvest"", ""tutor"", ""apparatus"", and ""restrict"" in the glossary.",用語集で「harvest」、「tutor」、「apparatus」、「restrict」を明確にする。,改稿レビュー待ち,"共通レビュー文: harvest, tutor, apparatus, restrict"
1309,critic,批評家；批判者,The critic option needs a clearer label.,criticの選択肢には、より明確なラベルが必要だ。,"Clarify ""critic"", ""destination"", ""clue"", and ""evaluate"" in the glossary.",用語集で「critic」、「destination」、「clue」、「evaluate」を明確にする。,改稿レビュー待ち,"共通レビュー文: critic, destination, clue, evaluate"
1310,destination,目的地；行先,Clarify the destination before the next review.,次のレビュー前にdestinationを明確にする。,"Clarify ""critic"", ""destination"", ""clue"", and ""evaluate"" in the glossary.",用語集で「critic」、「destination」、「clue」、「evaluate」を明確にする。,改稿レビュー待ち,"共通レビュー文: critic, destination, clue, evaluate"
1311,clue,手がかり,"Replace ""clue"" with a clearer phrase if needed.",必要なら「clue」をより明確な表現に置き換える。,"Clarify ""critic"", ""destination"", ""clue"", and ""evaluate"" in the glossary.",用語集で「critic」、「destination」、「clue」、「evaluate」を明確にする。,改稿レビュー待ち,"共通レビュー文: critic, destination, clue, evaluate"
1312,evaluate,評価する,"Replace ""evaluate"" with a clearer phrase if needed.",必要なら「evaluate」をより明確な表現に置き換える。,"Clarify ""critic"", ""destination"", ""clue"", and ""evaluate"" in the glossary.",用語集で「critic」、「destination」、「clue」、「evaluate」を明確にする。,改稿レビュー待ち,"共通レビュー文: critic, destination, clue, evaluate"
1313,poorly,不十分に；体調が悪い,"Use ""poorly"" carefully in helper text.",ヘルプ文では「poorly」を慎重に使う。,"Clarify ""poorly"", ""sacrifice"", ""curiosity"", and ""mercy"" in the glossary.",用語集で「poorly」、「sacrifice」、「curiosity」、「mercy」を明確にする。,改稿レビュー待ち,"共通レビュー文: poorly, sacrifice, curiosity, mercy"
1314,sacrifice,犠牲；を犠牲にする,"Replace ""sacrifice"" with a clearer phrase if needed.",必要なら「sacrifice」をより明確な表現に置き換える。,"Clarify ""poorly"", ""sacrifice"", ""curiosity"", and ""mercy"" in the glossary.",用語集で「poorly」、「sacrifice」、「curiosity」、「mercy」を明確にする。,改稿レビュー待ち,"共通レビュー文: poorly, sacrifice, curiosity, mercy"
1317,curiosity,好奇心,Clarify the curiosity before the next review.,次のレビュー前にcuriosityを明確にする。,"Clarify ""poorly"", ""sacrifice"", ""curiosity"", and ""mercy"" in the glossary.",用語集で「poorly」、「sacrifice」、「curiosity」、「mercy」を明確にする。,改稿レビュー待ち,"共通レビュー文: poorly, sacrifice, curiosity, mercy"
1318,mercy,慈悲；恩恵,"Replace ""mercy"" with a clearer phrase if needed.",必要なら「mercy」をより明確な表現に置き換える。,"Clarify ""poorly"", ""sacrifice"", ""curiosity"", and ""mercy"" in the glossary.",用語集で「poorly」、「sacrifice」、「curiosity」、「mercy」を明確にする。,改稿レビュー待ち,"共通レビュー文: poorly, sacrifice, curiosity, mercy"
1319,halfway,中間の；中途で,"Replace ""halfway"" with a clearer phrase if needed.",必要なら「halfway」をより明確な表現に置き換える。,"Clarify ""halfway"", ""surrender"", ""hollow"", and ""gradual"" in the glossary.",用語集で「halfway」、「surrender」、「hollow」、「gradual」を明確にする。,改稿レビュー待ち,"共通レビュー文: halfway, surrender, hollow, gradual"
1320,surrender,降伏する；引き渡す,"Replace ""surrender"" with a clearer phrase if needed.",必要なら「surrender」をより明確な表現に置き換える。,"Clarify ""halfway"", ""surrender"", ""hollow"", and ""gradual"" in the glossary.",用語集で「halfway」、「surrender」、「hollow」、「gradual」を明確にする。,改稿レビュー待ち,"共通レビュー文: halfway, surrender, hollow, gradual"
1321,hollow,空洞の；くぼみ,"Replace ""hollow"" with a clearer phrase if needed.",必要なら「hollow」をより明確な表現に置き換える。,"Clarify ""halfway"", ""surrender"", ""hollow"", and ""gradual"" in the glossary.",用語集で「halfway」、「surrender」、「hollow」、「gradual」を明確にする。,改稿レビュー待ち,"共通レビュー文: halfway, surrender, hollow, gradual"
1322,gradual,段階的な；徐々の,The gradual option needs a clearer label.,gradualの選択肢には、より明確なラベルが必要だ。,"Clarify ""halfway"", ""surrender"", ""hollow"", and ""gradual"" in the glossary.",用語集で「halfway」、「surrender」、「hollow」、「gradual」を明確にする。,改稿レビュー待ち,"共通レビュー文: halfway, surrender, hollow, gradual"
1323,expedition h,遠征；探検,"Use ""expedition h"" only if the phrase is familiar.",その表現がなじみのある場合だけ「expedition h」を使う。,"Clarify ""expedition h"", ""mist"", ""bitterly"", and ""surgeon"" in the glossary.",用語集で「expedition h」、「mist」、「bitterly」、「surgeon」を明確にする。,改稿レビュー待ち,"共通レビュー文: expedition h, mist, bitterly, surgeon"
1324,mist,霧；かすみ,"Replace ""mist"" with a clearer phrase if needed.",必要なら「mist」をより明確な表現に置き換える。,"Clarify ""expedition h"", ""mist"", ""bitterly"", and ""surgeon"" in the glossary.",用語集で「expedition h」、「mist」、「bitterly」、「surgeon」を明確にする。,改稿レビュー待ち,"共通レビュー文: expedition h, mist, bitterly, surgeon"
1326,bitterly,ひどく；激しく,"Use ""bitterly"" carefully in helper text.",ヘルプ文では「bitterly」を慎重に使う。,"Clarify ""expedition h"", ""mist"", ""bitterly"", and ""surgeon"" in the glossary.",用語集で「expedition h」、「mist」、「bitterly」、「surgeon」を明確にする。,改稿レビュー待ち,"共通レビュー文: expedition h, mist, bitterly, surgeon"
1327,surgeon,外科医,"Replace ""surgeon"" with a clearer phrase if needed.",必要なら「surgeon」をより明確な表現に置き換える。,"Clarify ""expedition h"", ""mist"", ""bitterly"", and ""surgeon"" in the glossary.",用語集で「expedition h」、「mist」、「bitterly」、「surgeon」を明確にする。,改稿レビュー待ち,"共通レビュー文: expedition h, mist, bitterly, surgeon"
1328,blade,刃；葉,"Replace ""blade"" with a clearer phrase if needed.",必要なら「blade」をより明確な表現に置き換える。,"Clarify ""blade"", ""genius"", ""wicked"", and ""decay"" in the glossary.",用語集で「blade」、「genius」、「wicked」、「decay」を明確にする。,改稿レビュー待ち,"共通レビュー文: blade, genius, wicked, decay"
1329,genius,天才；卓越した才能,"Replace ""genius"" with a clearer phrase if needed.",必要なら「genius」をより明確な表現に置き換える。,"Clarify ""blade"", ""genius"", ""wicked"", and ""decay"" in the glossary.",用語集で「blade」、「genius」、「wicked」、「decay」を明確にする。,改稿レビュー待ち,"共通レビュー文: blade, genius, wicked, decay"
1330,wicked,邪悪な；悪い,"Replace ""wicked"" with a clearer phrase if needed.",必要なら「wicked」をより明確な表現に置き換える。,"Clarify ""blade"", ""genius"", ""wicked"", and ""decay"" in the glossary.",用語集で「blade」、「genius」、「wicked」、「decay」を明確にする。,改稿レビュー待ち,"共通レビュー文: blade, genius, wicked, decay"
1331,decay,腐敗；衰退；腐る,"Replace ""decay"" with a clearer phrase if needed.",必要なら「decay」をより明確な表現に置き換える。,"Clarify ""blade"", ""genius"", ""wicked"", and ""decay"" in the glossary.",用語集で「blade」、「genius」、「wicked」、「decay」を明確にする。,改稿レビュー待ち,"共通レビュー文: blade, genius, wicked, decay"
1333,invention,発明；創作,Clarify the invention before the next review.,次のレビュー前にinventionを明確にする。,"Clarify ""invention"", ""stimulate"", ""imaginative"", and ""tidy"" in the glossary.",用語集で「invention」、「stimulate」、「imaginative」、「tidy」を明確にする。,改稿レビュー待ち,"共通レビュー文: invention, stimulate, imaginative, tidy"
1334,stimulate,刺激する；活性化する,"Replace ""stimulate"" with a clearer phrase if needed.",必要なら「stimulate」をより明確な表現に置き換える。,"Clarify ""invention"", ""stimulate"", ""imaginative"", and ""tidy"" in the glossary.",用語集で「invention」、「stimulate」、「imaginative」、「tidy」を明確にする。,改稿レビュー待ち,"共通レビュー文: invention, stimulate, imaginative, tidy"
1335,imaginative,想像力豊かな,The imaginative option needs a clearer label.,imaginativeの選択肢には、より明確なラベルが必要だ。,"Clarify ""invention"", ""stimulate"", ""imaginative"", and ""tidy"" in the glossary.",用語集で「invention」、「stimulate」、「imaginative」、「tidy」を明確にする。,改稿レビュー待ち,"共通レビュー文: invention, stimulate, imaginative, tidy"
1336,tidy,きちんとした；整頓する,"Replace ""tidy"" with a clearer phrase if needed.",必要なら「tidy」をより明確な表現に置き換える。,"Clarify ""invention"", ""stimulate"", ""imaginative"", and ""tidy"" in the glossary.",用語集で「invention」、「stimulate」、「imaginative」、「tidy」を明確にする。,改稿レビュー待ち,"共通レビュー文: invention, stimulate, imaginative, tidy"
1338,leap,跳躍する；急増,"Replace ""leap"" with a clearer phrase if needed.",必要なら「leap」をより明確な表現に置き換える。,"Clarify ""leap"", ""cease"", ""flame"", and ""adapt"" in the glossary.",用語集で「leap」、「cease」、「flame」、「adapt」を明確にする。,改稿レビュー待ち,"共通レビュー文: leap, cease, flame, adapt"
1339,cease,止める；終わる,"Replace ""cease"" with a clearer phrase if needed.",必要なら「cease」をより明確な表現に置き換える。,"Clarify ""leap"", ""cease"", ""flame"", and ""adapt"" in the glossary.",用語集で「leap」、「cease」、「flame」、「adapt」を明確にする。,改稿レビュー待ち,"共通レビュー文: leap, cease, flame, adapt"
1340,flame,炎；情熱,"Replace ""flame"" with a clearer phrase if needed.",必要なら「flame」をより明確な表現に置き換える。,"Clarify ""leap"", ""cease"", ""flame"", and ""adapt"" in the glossary.",用語集で「leap」、「cease」、「flame」、「adapt」を明確にする。,改稿レビュー待ち,"共通レビュー文: leap, cease, flame, adapt"
1342,adapt,を適応させる,"Replace ""adapt"" with a clearer phrase if needed.",必要なら「adapt」をより明確な表現に置き換える。,"Clarify ""leap"", ""cease"", ""flame"", and ""adapt"" in the glossary.",用語集で「leap」、「cease」、「flame」、「adapt」を明確にする。,改稿レビュー待ち,"共通レビュー文: leap, cease, flame, adapt"
1344,spray,スプレー；を噴霧する,"Replace ""spray"" with a clearer phrase if needed.",必要なら「spray」をより明確な表現に置き換える。,"Clarify ""spray"", ""mighty"", ""dominate"", and ""vivid"" in the glossary.",用語集で「spray」、「mighty」、「dominate」、「vivid」を明確にする。,改稿レビュー待ち,"共通レビュー文: spray, mighty, dominate, vivid"
1345,mighty,強力な；偉大な,"Replace ""mighty"" with a clearer phrase if needed.",必要なら「mighty」をより明確な表現に置き換える。,"Clarify ""spray"", ""mighty"", ""dominate"", and ""vivid"" in the glossary.",用語集で「spray」、「mighty」、「dominate」、「vivid」を明確にする。,改稿レビュー待ち,"共通レビュー文: spray, mighty, dominate, vivid"
1346,dominate,支配する,"Replace ""dominate"" with a clearer phrase if needed.",必要なら「dominate」をより明確な表現に置き換える。,"Clarify ""spray"", ""mighty"", ""dominate"", and ""vivid"" in the glossary.",用語集で「spray」、「mighty」、「dominate」、「vivid」を明確にする。,改稿レビュー待ち,"共通レビュー文: spray, mighty, dominate, vivid"
1347,vivid,鮮やかな；生き生きとした,"Replace ""vivid"" with a clearer phrase if needed.",必要なら「vivid」をより明確な表現に置き換える。,"Clarify ""spray"", ""mighty"", ""dominate"", and ""vivid"" in the glossary.",用語集で「spray」、「mighty」、「dominate」、「vivid」を明確にする。,改稿レビュー待ち,"共通レビュー文: spray, mighty, dominate, vivid"
1348,frost,霜；寒さ,"Replace ""frost"" with a clearer phrase if needed.",必要なら「frost」をより明確な表現に置き換える。,"Clarify ""frost"", ""squeeze"", ""unwilling"", and ""emphasise"" in the glossary.",用語集で「frost」、「squeeze」、「unwilling」、「emphasise」を明確にする。,改稿レビュー待ち,"共通レビュー文: frost, squeeze, unwilling, emphasise"
1349,squeeze,を絞る；を絞り出す,"Replace ""squeeze"" with a clearer phrase if needed.",必要なら「squeeze」をより明確な表現に置き換える。,"Clarify ""frost"", ""squeeze"", ""unwilling"", and ""emphasise"" in the glossary.",用語集で「frost」、「squeeze」、「unwilling」、「emphasise」を明確にする。,改稿レビュー待ち,"共通レビュー文: frost, squeeze, unwilling, emphasise"
1350,unwilling,気が進まない；嫌々の,"Replace ""unwilling"" with a clearer phrase if needed.",必要なら「unwilling」をより明確な表現に置き換える。,"Clarify ""frost"", ""squeeze"", ""unwilling"", and ""emphasise"" in the glossary.",用語集で「frost」、「squeeze」、「unwilling」、「emphasise」を明確にする。,改稿レビュー待ち,"共通レビュー文: frost, squeeze, unwilling, emphasise"
1351,emphasise,を強調する,"Replace ""emphasise"" with a clearer phrase if needed.",必要なら「emphasise」をより明確な表現に置き換える。,"Clarify ""frost"", ""squeeze"", ""unwilling"", and ""emphasise"" in the glossary.",用語集で「frost」、「squeeze」、「unwilling」、「emphasise」を明確にする。,改稿レビュー待ち,"共通レビュー文: frost, squeeze, unwilling, emphasise"
1352,transaction,取引；処理；経過,Clarify the transaction before the next review.,次のレビュー前にtransactionを明確にする。,"Clarify ""transaction"", ""jury"", ""liable"", and ""gene"" in the glossary.",用語集で「transaction」、「jury」、「liable」、「gene」を明確にする。,改稿レビュー待ち,"共通レビュー文: transaction, jury, liable, gene"
1353,vacuum,真空；掃除機,"Replace ""vacuum"" with a clearer phrase if needed.",必要なら「vacuum」をより明確な表現に置き換える。,"Clarify ""transaction"", ""vacuum"", ""transform"", and ""declare"" in the glossary.",用語集で「transaction」、「vacuum」、「transform」、「declare」を明確にする。,改稿レビュー待ち,"共通レビュー文: transaction, vacuum, transform, declare"
1354,transform,変革する；変換する,"Replace ""transform"" with a clearer phrase if needed.",必要なら「transform」をより明確な表現に置き換える。,"Clarify ""transaction"", ""vacuum"", ""transform"", and ""declare"" in the glossary.",用語集で「transaction」、「vacuum」、「transform」、「declare」を明確にする。,改稿レビュー待ち,"共通レビュー文: transaction, vacuum, transform, declare"
1355,declare,を宣言する；申告する,"Replace ""declare"" with a clearer phrase if needed.",必要なら「declare」をより明確な表現に置き換える。,"Clarify ""transaction"", ""vacuum"", ""transform"", and ""declare"" in the glossary.",用語集で「transaction」、「vacuum」、「transform」、「declare」を明確にする。,改稿レビュー待ち,"共通レビュー文: transaction, vacuum, transform, declare"
1356,fold,折る；たたむ；折り目,"Replace ""fold"" with a clearer phrase if needed.",必要なら「fold」をより明確な表現に置き換える。,"Clarify ""fold"", ""dairy"", ""scent"", and ""assure"" in the glossary.",用語集で「fold」、「dairy」、「scent」、「assure」を明確にする。,改稿レビュー待ち,"共通レビュー文: fold, dairy, scent, assure"
1357,dairy,乳製品の；酪農場,"Replace ""dairy"" with a clearer phrase if needed.",必要なら「dairy」をより明確な表現に置き換える。,"Clarify ""fold"", ""dairy"", ""scent"", and ""assure"" in the glossary.",用語集で「fold」、「dairy」、「scent」、「assure」を明確にする。,改稿レビュー待ち,"共通レビュー文: fold, dairy, scent, assure"
1358,scent,香り；嗅覚,"Replace ""scent"" with a clearer phrase if needed.",必要なら「scent」をより明確な表現に置き換える。,"Clarify ""fold"", ""dairy"", ""scent"", and ""assure"" in the glossary.",用語集で「fold」、「dairy」、「scent」、「assure」を明確にする。,改稿レビュー待ち,"共通レビュー文: fold, dairy, scent, assure"
1360,assure,保証する；確信させる,"Replace ""assure"" with a clearer phrase if needed.",必要なら「assure」をより明確な表現に置き換える。,"Clarify ""fold"", ""dairy"", ""scent"", and ""assure"" in the glossary.",用語集で「fold」、「dairy」、「scent」、「assure」を明確にする。,改稿レビュー待ち,"共通レビュー文: fold, dairy, scent, assure"
1361,derive,引き出す；派生する,The derive option needs a clearer label.,deriveの選択肢には、より明確なラベルが必要だ。,"Clarify ""derive"", ""quantitative"", ""glow"", and ""dense"" in the glossary.",用語集で「derive」、「quantitative」、「glow」、「dense」を明確にする。,改稿レビュー待ち,"共通レビュー文: derive, quantitative, glow, dense"
1362,quantitative,量的な,The quantitative option needs a clearer label.,quantitativeの選択肢には、より明確なラベルが必要だ。,"Clarify ""derive"", ""quantitative"", ""glow"", and ""dense"" in the glossary.",用語集で「derive」、「quantitative」、「glow」、「dense」を明確にする。,改稿レビュー待ち,"共通レビュー文: derive, quantitative, glow, dense"
1363,glow,輝く；白熱光,"Replace ""glow"" with a clearer phrase if needed.",必要なら「glow」をより明確な表現に置き換える。,"Clarify ""derive"", ""quantitative"", ""glow"", and ""dense"" in the glossary.",用語集で「derive」、「quantitative」、「glow」、「dense」を明確にする。,改稿レビュー待ち,"共通レビュー文: derive, quantitative, glow, dense"
1364,dense,密集した；濃い,"Replace ""dense"" with a clearer phrase if needed.",必要なら「dense」をより明確な表現に置き換える。,"Clarify ""derive"", ""quantitative"", ""glow"", and ""dense"" in the glossary.",用語集で「derive」、「quantitative」、「glow」、「dense」を明確にする。,改稿レビュー待ち,"共通レビュー文: derive, quantitative, glow, dense"
1365,illusion,幻想；錯覚,Clarify the illusion before the next review.,次のレビュー前にillusionを明確にする。,"Clarify ""illusion"", ""frontier"", ""barrel"", and ""inferior"" in the glossary.",用語集で「illusion」、「frontier」、「barrel」、「inferior」を明確にする。,改稿レビュー待ち,"共通レビュー文: illusion, frontier, barrel, inferior"
1367,frontier,国境；最前線,"Replace ""frontier"" with a clearer phrase if needed.",必要なら「frontier」をより明確な表現に置き換える。,"Clarify ""illusion"", ""frontier"", ""barrel"", and ""inferior"" in the glossary.",用語集で「illusion」、「frontier」、「barrel」、「inferior」を明確にする。,改稿レビュー待ち,"共通レビュー文: illusion, frontier, barrel, inferior"
1368,barrel,樽；銃身,"Replace ""barrel"" with a clearer phrase if needed.",必要なら「barrel」をより明確な表現に置き換える。,"Clarify ""illusion"", ""frontier"", ""barrel"", and ""inferior"" in the glossary.",用語集で「illusion」、「frontier」、「barrel」、「inferior」を明確にする。,改稿レビュー待ち,"共通レビュー文: illusion, frontier, barrel, inferior"
1371,inferior,下位の；劣った,"Replace ""inferior"" with a clearer phrase if needed.",必要なら「inferior」をより明確な表現に置き換える。,"Clarify ""illusion"", ""frontier"", ""barrel"", and ""inferior"" in the glossary.",用語集で「illusion」、「frontier」、「barrel」、「inferior」を明確にする。,改稿レビュー待ち,"共通レビュー文: illusion, frontier, barrel, inferior"
1372,peer,同僚；じっと見る,"Replace ""peer"" with a clearer phrase if needed.",必要なら「peer」をより明確な表現に置き換える。,"Clarify ""peer"", ""container"", ""token"", and ""scrap"" in the glossary.",用語集で「peer」、「container」、「token」、「scrap」を明確にする。,改稿レビュー待ち,"共通レビュー文: peer, container, token, scrap"
1374,container,容器；コンテナ,"Replace ""container"" with a clearer phrase if needed.",必要なら「container」をより明確な表現に置き換える。,"Clarify ""peer"", ""container"", ""token"", and ""scrap"" in the glossary.",用語集で「peer」、「container」、「token」、「scrap」を明確にする。,改稿レビュー待ち,"共通レビュー文: peer, container, token, scrap"
1375,token,しるし；代用貨幣,"Replace ""token"" with a clearer phrase if needed.",必要なら「token」をより明確な表現に置き換える。,"Clarify ""peer"", ""container"", ""token"", and ""scrap"" in the glossary.",用語集で「peer」、「container」、「token」、「scrap」を明確にする。,改稿レビュー待ち,"共通レビュー文: peer, container, token, scrap"
1376,scrap,くず；廃棄する,"Replace ""scrap"" with a clearer phrase if needed.",必要なら「scrap」をより明確な表現に置き換える。,"Clarify ""peer"", ""container"", ""token"", and ""scrap"" in the glossary.",用語集で「peer」、「container」、「token」、「scrap」を明確にする。,改稿レビュー待ち,"共通レビュー文: peer, container, token, scrap"
1377,stall,を遅らせる；屋台,"Replace ""stall"" with a clearer phrase if needed.",必要なら「stall」をより明確な表現に置き換える。,"Clarify ""stall"", ""creativity"", ""prompt"", and ""harmful"" in the glossary.",用語集で「stall」、「creativity」、「prompt」、「harmful」を明確にする。,改稿レビュー待ち,"共通レビュー文: stall, creativity, prompt, harmful"
1378,creativity,創造性,Clarify the creativity before the next review.,次のレビュー前にcreativityを明確にする。,"Clarify ""stall"", ""creativity"", ""prompt"", and ""harmful"" in the glossary.",用語集で「stall」、「creativity」、「prompt」、「harmful」を明確にする。,改稿レビュー待ち,"共通レビュー文: stall, creativity, prompt, harmful"
1379,prompt,促す；迅速な,"Replace ""prompt"" with a clearer phrase if needed.",必要なら「prompt」をより明確な表現に置き換える。,"Clarify ""stall"", ""creativity"", ""prompt"", and ""harmful"" in the glossary.",用語集で「stall」、「creativity」、「prompt」、「harmful」を明確にする。,改稿レビュー待ち,"共通レビュー文: stall, creativity, prompt, harmful"
1380,harmful,有害な,The harmful option needs a clearer label.,harmfulの選択肢には、より明確なラベルが必要だ。,"Clarify ""stall"", ""creativity"", ""prompt"", and ""harmful"" in the glossary.",用語集で「stall」、「creativity」、「prompt」、「harmful」を明確にする。,改稿レビュー待ち,"共通レビュー文: stall, creativity, prompt, harmful"
1381,sticky,粘着性の；べたべたする,"Replace ""sticky"" with a clearer phrase if needed.",必要なら「sticky」をより明確な表現に置き換える。,"Clarify ""sticky"", ""similarity"", ""absorb"", and ""deadly"" in the glossary.",用語集で「sticky」、「similarity」、「absorb」、「deadly」を明確にする。,改稿レビュー待ち,"共通レビュー文: sticky, similarity, absorb, deadly"
1383,similarity,類似点；似ていること,Clarify the similarity before the next review.,次のレビュー前にsimilarityを明確にする。,"Clarify ""sticky"", ""similarity"", ""absorb"", and ""deadly"" in the glossary.",用語集で「sticky」、「similarity」、「absorb」、「deadly」を明確にする。,改稿レビュー待ち,"共通レビュー文: sticky, similarity, absorb, deadly"
1384,absorb,を吸収する,"Replace ""absorb"" with a clearer phrase if needed.",必要なら「absorb」をより明確な表現に置き換える。,"Clarify ""sticky"", ""similarity"", ""absorb"", and ""deadly"" in the glossary.",用語集で「sticky」、「similarity」、「absorb」、「deadly」を明確にする。,改稿レビュー待ち,"共通レビュー文: sticky, similarity, absorb, deadly"
1385,deadly,致命的な；猛烈に,"Use ""deadly"" carefully in helper text.",ヘルプ文では「deadly」を慎重に使う。,"Clarify ""sticky"", ""similarity"", ""absorb"", and ""deadly"" in the glossary.",用語集で「sticky」、「similarity」、「absorb」、「deadly」を明確にする。,改稿レビュー待ち,"共通レビュー文: sticky, similarity, absorb, deadly"
1386,graphic,図解の；鮮明な,The graphic option needs a clearer label.,graphicの選択肢には、より明確なラベルが必要だ。,"Clarify ""graphic"", ""humble"", ""radically"", and ""organism"" in the glossary.",用語集で「graphic」、「humble」、「radically」、「organism」を明確にする。,改稿レビュー待ち,"共通レビュー文: graphic, humble, radically, organism"
1387,humble,謙虚な；卑しい,"Replace ""humble"" with a clearer phrase if needed.",必要なら「humble」をより明確な表現に置き換える。,"Clarify ""graphic"", ""humble"", ""radically"", and ""organism"" in the glossary.",用語集で「graphic」、「humble」、「radically」、「organism」を明確にする。,改稿レビュー待ち,"共通レビュー文: graphic, humble, radically, organism"
1388,radically,抜本的に；根本的に,"Use ""radically"" carefully in helper text.",ヘルプ文では「radically」を慎重に使う。,"Clarify ""graphic"", ""humble"", ""radically"", and ""organism"" in the glossary.",用語集で「graphic」、「humble」、「radically」、「organism」を明確にする。,改稿レビュー待ち,"共通レビュー文: graphic, humble, radically, organism"
1389,organism,生物；有機体,"Replace ""organism"" with a clearer phrase if needed.",必要なら「organism」をより明確な表現に置き換える。,"Clarify ""graphic"", ""humble"", ""radically"", and ""organism"" in the glossary.",用語集で「graphic」、「humble」、「radically」、「organism」を明確にする。,改稿レビュー待ち,"共通レビュー文: graphic, humble, radically, organism"
1390,install,を設置する；就任させる,"Replace ""install"" with a clearer phrase if needed.",必要なら「install」をより明確な表現に置き換える。,"Clarify ""install"", ""heap"", ""snap"", and ""destiny"" in the glossary.",用語集で「install」、「heap」、「snap」、「destiny」を明確にする。,改稿レビュー待ち,"共通レビュー文: install, heap, snap, destiny"
1392,heap,山積み；大量,"Replace ""heap"" with a clearer phrase if needed.",必要なら「heap」をより明確な表現に置き換える。,"Clarify ""install"", ""heap"", ""snap"", and ""destiny"" in the glossary.",用語集で「install」、「heap」、「snap」、「destiny」を明確にする。,改稿レビュー待ち,"共通レビュー文: install, heap, snap, destiny"
1393,snap,パチンと折れる；怒鳴る,"Replace ""snap"" with a clearer phrase if needed.",必要なら「snap」をより明確な表現に置き換える。,"Clarify ""install"", ""heap"", ""snap"", and ""destiny"" in the glossary.",用語集で「install」、「heap」、「snap」、「destiny」を明確にする。,改稿レビュー待ち,"共通レビュー文: install, heap, snap, destiny"
1394,destiny,運命,"Replace ""destiny"" with a clearer phrase if needed.",必要なら「destiny」をより明確な表現に置き換える。,"Clarify ""install"", ""heap"", ""snap"", and ""destiny"" in the glossary.",用語集で「install」、「heap」、「snap」、「destiny」を明確にする。,改稿レビュー待ち,"共通レビュー文: install, heap, snap, destiny"
1395,scarce,乏しい；不足した,"Replace ""scarce"" with a clearer phrase if needed.",必要なら「scarce」をより明確な表現に置き換える。,"Clarify ""scarce"", ""envy"", ""modify"", and ""slender"" in the glossary.",用語集で「scarce」、「envy」、「modify」、「slender」を明確にする。,改稿レビュー待ち,"共通レビュー文: scarce, envy, modify, slender"
1396,envy,嫉妬；羨む,"Replace ""envy"" with a clearer phrase if needed.",必要なら「envy」をより明確な表現に置き換える。,"Clarify ""scarce"", ""envy"", ""modify"", and ""slender"" in the glossary.",用語集で「scarce」、「envy」、「modify」、「slender」を明確にする。,改稿レビュー待ち,"共通レビュー文: scarce, envy, modify, slender"
1397,modify,変更する；修正する,"Replace ""modify"" with a clearer phrase if needed.",必要なら「modify」をより明確な表現に置き換える。,"Clarify ""scarce"", ""envy"", ""modify"", and ""slender"" in the glossary.",用語集で「scarce」、「envy」、「modify」、「slender」を明確にする。,改稿レビュー待ち,"共通レビュー文: scarce, envy, modify, slender"
1398,slender,細い；わずかな,"Replace ""slender"" with a clearer phrase if needed.",必要なら「slender」をより明確な表現に置き換える。,"Clarify ""scarce"", ""envy"", ""modify"", and ""slender"" in the glossary.",用語集で「scarce」、「envy」、「modify」、「slender」を明確にする。,改稿レビュー待ち,"共通レビュー文: scarce, envy, modify, slender"
1399,tribe,部族；グループ,"Replace ""tribe"" with a clearer phrase if needed.",必要なら「tribe」をより明確な表現に置き換える。,"Clarify ""tribe"", ""obey"", ""dip"", and ""elementary"" in the glossary.",用語集で「tribe」、「obey」、「dip」、「elementary」を明確にする。,改稿レビュー待ち,"共通レビュー文: tribe, obey, dip, elementary"
1401,obey,に従う；服従する,"Replace ""obey"" with a clearer phrase if needed.",必要なら「obey」をより明確な表現に置き換える。,"Clarify ""tribe"", ""obey"", ""dip"", and ""elementary"" in the glossary.",用語集で「tribe」、「obey」、「dip」、「elementary」を明確にする。,改稿レビュー待ち,"共通レビュー文: tribe, obey, dip, elementary"
1402,dip,を浸す；下がる；急落,"Replace ""dip"" with a clearer phrase if needed.",必要なら「dip」をより明確な表現に置き換える。,"Clarify ""tribe"", ""obey"", ""dip"", and ""elementary"" in the glossary.",用語集で「tribe」、「obey」、「dip」、「elementary」を明確にする。,改稿レビュー待ち,"共通レビュー文: tribe, obey, dip, elementary"
1403,elementary,初歩の；基本的な,"Replace ""elementary"" with a clearer phrase if needed.",必要なら「elementary」をより明確な表現に置き換える。,"Clarify ""tribe"", ""obey"", ""dip"", and ""elementary"" in the glossary.",用語集で「tribe」、「obey」、「dip」、「elementary」を明確にする。,改稿レビュー待ち,"共通レビュー文: tribe, obey, dip, elementary"
1404,dusty,ほこりっぽい,"Replace ""dusty"" with a clearer phrase if needed.",必要なら「dusty」をより明確な表現に置き換える。,"Clarify ""dusty"", ""confront"", ""rub"", and ""upward"" in the glossary.",用語集で「dusty」、「confront」、「rub」、「upward」を明確にする。,改稿レビュー待ち,"共通レビュー文: dusty, confront, rub, upward"
1406,confront,直面する；立ち向かう,"Replace ""confront"" with a clearer phrase if needed.",必要なら「confront」をより明確な表現に置き換える。,"Clarify ""dusty"", ""confront"", ""rub"", and ""upward"" in the glossary.",用語集で「dusty」、「confront」、「rub」、「upward」を明確にする。,改稿レビュー待ち,"共通レビュー文: dusty, confront, rub, upward"
1407,rub,をこする；摩擦,"Replace ""rub"" with a clearer phrase if needed.",必要なら「rub」をより明確な表現に置き換える。,"Clarify ""dusty"", ""confront"", ""rub"", and ""upward"" in the glossary.",用語集で「dusty」、「confront」、「rub」、「upward」を明確にする。,改稿レビュー待ち,"共通レビュー文: dusty, confront, rub, upward"
1408,upward,上向きの；上昇する,"Replace ""upward"" with a clearer phrase if needed.",必要なら「upward」をより明確な表現に置き換える。,"Clarify ""dusty"", ""confront"", ""rub"", and ""upward"" in the glossary.",用語集で「dusty」、「confront」、「rub」、「upward」を明確にする。,改稿レビュー待ち,"共通レビュー文: dusty, confront, rub, upward"
1409,assert,を断言する；主張する,"Replace ""assert"" with a clearer phrase if needed.",必要なら「assert」をより明確な表現に置き換える。,"Clarify ""assert"", ""particle"", ""triple"", and ""voyage"" in the glossary.",用語集で「assert」、「particle」、「triple」、「voyage」を明確にする。,改稿レビュー待ち,"共通レビュー文: assert, particle, triple, voyage"
1410,particle,粒子；素粒子,"Replace ""particle"" with a clearer phrase if needed.",必要なら「particle」をより明確な表現に置き換える。,"Clarify ""assert"", ""particle"", ""triple"", and ""voyage"" in the glossary.",用語集で「assert」、「particle」、「triple」、「voyage」を明確にする。,改稿レビュー待ち,"共通レビュー文: assert, particle, triple, voyage"
1411,triple,3倍の；3つの,"Replace ""triple"" with a clearer phrase if needed.",必要なら「triple」をより明確な表現に置き換える。,"Clarify ""assert"", ""particle"", ""triple"", and ""voyage"" in the glossary.",用語集で「assert」、「particle」、「triple」、「voyage」を明確にする。,改稿レビュー待ち,"共通レビュー文: assert, particle, triple, voyage"
1412,voyage,航海；旅,"Replace ""voyage"" with a clearer phrase if needed.",必要なら「voyage」をより明確な表現に置き換える。,"Clarify ""assert"", ""particle"", ""triple"", and ""voyage"" in the glossary.",用語集で「assert」、「particle」、「triple」、「voyage」を明確にする。,改稿レビュー待ち,"共通レビュー文: assert, particle, triple, voyage"
1413,scholar,学者；奨学生,"Replace ""scholar"" with a clearer phrase if needed.",必要なら「scholar」をより明確な表現に置き換える。,"Clarify ""scholar"", ""jealousy"", ""foam"", and ""herd"" in the glossary.",用語集で「scholar」、「jealousy」、「foam」、「herd」を明確にする。,改稿レビュー待ち,"共通レビュー文: scholar, jealousy, foam, herd"
1415,jealousy,嫉妬；妬み,"Replace ""jealousy"" with a clearer phrase if needed.",必要なら「jealousy」をより明確な表現に置き換える。,"Clarify ""scholar"", ""jealousy"", ""foam"", and ""herd"" in the glossary.",用語集で「scholar」、「jealousy」、「foam」、「herd」を明確にする。,改稿レビュー待ち,"共通レビュー文: scholar, jealousy, foam, herd"
1416,foam,泡；泡立つ,"Replace ""foam"" with a clearer phrase if needed.",必要なら「foam」をより明確な表現に置き換える。,"Clarify ""scholar"", ""jealousy"", ""foam"", and ""herd"" in the glossary.",用語集で「scholar」、「jealousy」、「foam」、「herd」を明確にする。,改稿レビュー待ち,"共通レビュー文: scholar, jealousy, foam, herd"
1417,herd,群れ；を集める,"Replace ""herd"" with a clearer phrase if needed.",必要なら「herd」をより明確な表現に置き換える。,"Clarify ""scholar"", ""jealousy"", ""foam"", and ""herd"" in the glossary.",用語集で「scholar」、「jealousy」、「foam」、「herd」を明確にする。,改稿レビュー待ち,"共通レビュー文: scholar, jealousy, foam, herd"
1418,markedly,著しく；明らかに,"Use ""markedly"" carefully in helper text.",ヘルプ文では「markedly」を慎重に使う。,"Clarify ""markedly"", ""flourish"", ""apt"", and ""deed"" in the glossary.",用語集で「markedly」、「flourish」、「apt」、「deed」を明確にする。,改稿レビュー待ち,"共通レビュー文: markedly, flourish, apt, deed"
1419,flourish,繁栄する；栄える,"Replace ""flourish"" with a clearer phrase if needed.",必要なら「flourish」をより明確な表現に置き換える。,"Clarify ""markedly"", ""flourish"", ""apt"", and ""deed"" in the glossary.",用語集で「markedly」、「flourish」、「apt」、「deed」を明確にする。,改稿レビュー待ち,"共通レビュー文: markedly, flourish, apt, deed"
1420,apt,適切な；〜しがちな,"Replace ""apt"" with a clearer phrase if needed.",必要なら「apt」をより明確な表現に置き換える。,"Clarify ""markedly"", ""flourish"", ""apt"", and ""deed"" in the glossary.",用語集で「markedly」、「flourish」、「apt」、「deed」を明確にする。,改稿レビュー待ち,"共通レビュー文: markedly, flourish, apt, deed"
1422,deed,行為；証書,"Replace ""deed"" with a clearer phrase if needed.",必要なら「deed」をより明確な表現に置き換える。,"Clarify ""markedly"", ""flourish"", ""apt"", and ""deed"" in the glossary.",用語集で「markedly」、「flourish」、「apt」、「deed」を明確にする。,改稿レビュー待ち,"共通レビュー文: markedly, flourish, apt, deed"
1423,prescription,処方箋；規則,Clarify the prescription before the next review.,次のレビュー前にprescriptionを明確にする。,"Clarify ""prescription"", ""headline"", ""famine"", and ""gloomy"" in the glossary.",用語集で「prescription」、「headline」、「famine」、「gloomy」を明確にする。,改稿レビュー待ち,"共通レビュー文: prescription, headline, famine, gloomy"
1425,headline,見出し；ヘッドライン,"Replace ""headline"" with a clearer phrase if needed.",必要なら「headline」をより明確な表現に置き換える。,"Clarify ""prescription"", ""headline"", ""famine"", and ""gloomy"" in the glossary.",用語集で「prescription」、「headline」、「famine」、「gloomy」を明確にする。,改稿レビュー待ち,"共通レビュー文: prescription, headline, famine, gloomy"
1426,famine,飢饉；深刻な食料不足,"Replace ""famine"" with a clearer phrase if needed.",必要なら「famine」をより明確な表現に置き換える。,"Clarify ""prescription"", ""headline"", ""famine"", and ""gloomy"" in the glossary.",用語集で「prescription」、「headline」、「famine」、「gloomy」を明確にする。,改稿レビュー待ち,"共通レビュー文: prescription, headline, famine, gloomy"
1427,gloomy,暗い；憂鬱な,"Replace ""gloomy"" with a clearer phrase if needed.",必要なら「gloomy」をより明確な表現に置き換える。,"Clarify ""prescription"", ""headline"", ""famine"", and ""gloomy"" in the glossary.",用語集で「prescription」、「headline」、「famine」、「gloomy」を明確にする。,改稿レビュー待ち,"共通レビュー文: prescription, headline, famine, gloomy"
1428,header,見出し；ヘッダー,"Replace ""header"" with a clearer phrase if needed.",必要なら「header」をより明確な表現に置き換える。,"Clarify ""header"", ""regulate"", ""dive"", and ""limb"" in the glossary.",用語集で「header」、「regulate」、「dive」、「limb」を明確にする。,改稿レビュー待ち,"共通レビュー文: header, regulate, dive, limb"
1429,regulate,規制する,"Replace ""regulate"" with a clearer phrase if needed.",必要なら「regulate」をより明確な表現に置き換える。,"Clarify ""header"", ""regulate"", ""dive"", and ""limb"" in the glossary.",用語集で「header」、「regulate」、「dive」、「limb」を明確にする。,改稿レビュー待ち,"共通レビュー文: header, regulate, dive, limb"
1430,dive,飛び込む；急降下,The dive option needs a clearer label.,diveの選択肢には、より明確なラベルが必要だ。,"Clarify ""header"", ""regulate"", ""dive"", and ""limb"" in the glossary.",用語集で「header」、「regulate」、「dive」、「limb」を明確にする。,改稿レビュー待ち,"共通レビュー文: header, regulate, dive, limb"
1431,limb,手足；枝,"Replace ""limb"" with a clearer phrase if needed.",必要なら「limb」をより明確な表現に置き換える。,"Clarify ""header"", ""regulate"", ""dive"", and ""limb"" in the glossary.",用語集で「header」、「regulate」、「dive」、「limb」を明確にする。,改稿レビュー待ち,"共通レビュー文: header, regulate, dive, limb"
1432,disgust,嫌悪感；をうんざりさせる,"Replace ""disgust"" with a clearer phrase if needed.",必要なら「disgust」をより明確な表現に置き換える。,"Clarify ""disgust"", ""earnest"", ""conductor"", and ""undergraduate"" in the glossary.",用語集で「disgust」、「earnest」、「conductor」、「undergraduate」を明確にする。,改稿レビュー待ち,"共通レビュー文: disgust, earnest, conductor, undergraduate"
1433,earnest,まじめな；真剣な,"Replace ""earnest"" with a clearer phrase if needed.",必要なら「earnest」をより明確な表現に置き換える。,"Clarify ""disgust"", ""earnest"", ""conductor"", and ""undergraduate"" in the glossary.",用語集で「disgust」、「earnest」、「conductor」、「undergraduate」を明確にする。,改稿レビュー待ち,"共通レビュー文: disgust, earnest, conductor, undergraduate"
1434,conductor,指揮者；車掌；導体,"Replace ""conductor"" with a clearer phrase if needed.",必要なら「conductor」をより明確な表現に置き換える。,"Clarify ""disgust"", ""earnest"", ""conductor"", and ""undergraduate"" in the glossary.",用語集で「disgust」、「earnest」、「conductor」、「undergraduate」を明確にする。,改稿レビュー待ち,"共通レビュー文: disgust, earnest, conductor, undergraduate"
1435,undergraduate,学部生；大学生,"Replace ""undergraduate"" with a clearer phrase if needed.",必要なら「undergraduate」をより明確な表現に置き換える。,"Clarify ""disgust"", ""earnest"", ""conductor"", and ""undergraduate"" in the glossary.",用語集で「disgust」、「earnest」、「conductor」、「undergraduate」を明確にする。,改稿レビュー待ち,"共通レビュー文: disgust, earnest, conductor, undergraduate"
1436,ripe,熟した；円熟した,"Replace ""ripe"" with a clearer phrase if needed.",必要なら「ripe」をより明確な表現に置き換える。,"Clarify ""ripe"", ""tomb"", ""distribute"", and ""muddy"" in the glossary.",用語集で「ripe」、「tomb」、「distribute」、「muddy」を明確にする。,改稿レビュー待ち,"共通レビュー文: ripe, tomb, distribute, muddy"
1438,tomb,墓；墓石,"Replace ""tomb"" with a clearer phrase if needed.",必要なら「tomb」をより明確な表現に置き換える。,"Clarify ""ripe"", ""tomb"", ""distribute"", and ""muddy"" in the glossary.",用語集で「ripe」、「tomb」、「distribute」、「muddy」を明確にする。,改稿レビュー待ち,"共通レビュー文: ripe, tomb, distribute, muddy"
1439,distribute,配布する；分配する,"Replace ""distribute"" with a clearer phrase if needed.",必要なら「distribute」をより明確な表現に置き換える。,"Clarify ""ripe"", ""tomb"", ""distribute"", and ""muddy"" in the glossary.",用語集で「ripe」、「tomb」、「distribute」、「muddy」を明確にする。,改稿レビュー待ち,"共通レビュー文: ripe, tomb, distribute, muddy"
1440,muddy,泥だらけの；不明瞭な,"Replace ""muddy"" with a clearer phrase if needed.",必要なら「muddy」をより明確な表現に置き換える。,"Clarify ""ripe"", ""tomb"", ""distribute"", and ""muddy"" in the glossary.",用語集で「ripe」、「tomb」、「distribute」、「muddy」を明確にする。,改稿レビュー待ち,"共通レビュー文: ripe, tomb, distribute, muddy"
1441,circumstance,状況；事情,Clarify the circumstance before the next review.,次のレビュー前にcircumstanceを明確にする。,"Clarify ""circumstance"", ""anchor"", ""expose"", and ""govern"" in the glossary.",用語集で「circumstance」、「anchor」、「expose」、「govern」を明確にする。,改稿レビュー待ち,"共通レビュー文: circumstance, anchor, expose, govern"
1442,anchor,いかり；固定する,"Replace ""anchor"" with a clearer phrase if needed.",必要なら「anchor」をより明確な表現に置き換える。,"Clarify ""circumstance"", ""anchor"", ""expose"", and ""govern"" in the glossary.",用語集で「circumstance」、「anchor」、「expose」、「govern」を明確にする。,改稿レビュー待ち,"共通レビュー文: circumstance, anchor, expose, govern"
1443,expose,さらす；暴露する,"Replace ""expose"" with a clearer phrase if needed.",必要なら「expose」をより明確な表現に置き換える。,"Clarify ""circumstance"", ""anchor"", ""expose"", and ""govern"" in the glossary.",用語集で「circumstance」、「anchor」、「expose」、「govern」を明確にする。,改稿レビュー待ち,"共通レビュー文: circumstance, anchor, expose, govern"
1444,govern,を統治する；支配する,"Replace ""govern"" with a clearer phrase if needed.",必要なら「govern」をより明確な表現に置き換える。,"Clarify ""circumstance"", ""anchor"", ""expose"", and ""govern"" in the glossary.",用語集で「circumstance」、「anchor」、「expose」、「govern」を明確にする。,改稿レビュー待ち,"共通レビュー文: circumstance, anchor, expose, govern"
1445,seize,を捕まえる；掌握する,"Replace ""seize"" with a clearer phrase if needed.",必要なら「seize」をより明確な表現に置き換える。,"Clarify ""seize"", ""sting"", ""spark"", and ""resemble"" in the glossary.",用語集で「seize」、「sting」、「spark」、「resemble」を明確にする。,改稿レビュー待ち,"共通レビュー文: seize, sting, spark, resemble"
1446,sting,を刺す；刺すような痛み,"Replace ""sting"" with a clearer phrase if needed.",必要なら「sting」をより明確な表現に置き換える。,"Clarify ""seize"", ""sting"", ""spark"", and ""resemble"" in the glossary.",用語集で「seize」、「sting」、「spark」、「resemble」を明確にする。,改稿レビュー待ち,"共通レビュー文: seize, sting, spark, resemble"
1447,spark,火花；を引き起こす,"Replace ""spark"" with a clearer phrase if needed.",必要なら「spark」をより明確な表現に置き換える。,"Clarify ""seize"", ""sting"", ""spark"", and ""resemble"" in the glossary.",用語集で「seize」、「sting」、「spark」、「resemble」を明確にする。,改稿レビュー待ち,"共通レビュー文: seize, sting, spark, resemble"
1448,resemble,似ている,"Replace ""resemble"" with a clearer phrase if needed.",必要なら「resemble」をより明確な表現に置き換える。,"Clarify ""seize"", ""sting"", ""spark"", and ""resemble"" in the glossary.",用語集で「seize」、「sting」、「spark」、「resemble」を明確にする。,改稿レビュー待ち,"共通レビュー文: seize, sting, spark, resemble"
1449,hesitate,ためらう；躊躇する,"Replace ""hesitate"" with a clearer phrase if needed.",必要なら「hesitate」をより明確な表現に置き換える。,"Clarify ""hesitate"", ""bloom"", ""sorrow"", and ""multiply"" in the glossary.",用語集で「hesitate」、「bloom」、「sorrow」、「multiply」を明確にする。,改稿レビュー待ち,"共通レビュー文: hesitate, bloom, sorrow, multiply"
1450,bloom,花咲く；開花,"Replace ""bloom"" with a clearer phrase if needed.",必要なら「bloom」をより明確な表現に置き換える。,"Clarify ""hesitate"", ""bloom"", ""sorrow"", and ""multiply"" in the glossary.",用語集で「hesitate」、「bloom」、「sorrow」、「multiply」を明確にする。,改稿レビュー待ち,"共通レビュー文: hesitate, bloom, sorrow, multiply"
1451,sorrow,悲しみ；悲痛,"Replace ""sorrow"" with a clearer phrase if needed.",必要なら「sorrow」をより明確な表現に置き換える。,"Clarify ""hesitate"", ""bloom"", ""sorrow"", and ""multiply"" in the glossary.",用語集で「hesitate」、「bloom」、「sorrow」、「multiply」を明確にする。,改稿レビュー待ち,"共通レビュー文: hesitate, bloom, sorrow, multiply"
1452,multiply,を増やす,"Use ""multiply"" carefully in helper text.",ヘルプ文では「multiply」を慎重に使う。,"Clarify ""hesitate"", ""bloom"", ""sorrow"", and ""multiply"" in the glossary.",用語集で「hesitate」、「bloom」、「sorrow」、「multiply」を明確にする。,改稿レビュー待ち,"共通レビュー文: hesitate, bloom, sorrow, multiply"
1454,endure,に耐える；持続する,"Replace ""endure"" with a clearer phrase if needed.",必要なら「endure」をより明確な表現に置き換える。,"Clarify ""endure"", ""physician"", ""heal"", and ""fade"" in the glossary.",用語集で「endure」、「physician」、「heal」、「fade」を明確にする。,改稿レビュー待ち,"共通レビュー文: endure, physician, heal, fade"
1455,physician,医師；内科医,"Replace ""physician"" with a clearer phrase if needed.",必要なら「physician」をより明確な表現に置き換える。,"Clarify ""endure"", ""physician"", ""heal"", and ""fade"" in the glossary.",用語集で「endure」、「physician」、「heal」、「fade」を明確にする。,改稿レビュー待ち,"共通レビュー文: endure, physician, heal, fade"
1456,heal,を癒す；回復する,The heal option needs a clearer label.,healの選択肢には、より明確なラベルが必要だ。,"Clarify ""endure"", ""physician"", ""heal"", and ""fade"" in the glossary.",用語集で「endure」、「physician」、「heal」、「fade」を明確にする。,改稿レビュー待ち,"共通レビュー文: endure, physician, heal, fade"
1457,fade,色あせる；消えていく,"Replace ""fade"" with a clearer phrase if needed.",必要なら「fade」をより明確な表現に置き換える。,"Clarify ""endure"", ""physician"", ""heal"", and ""fade"" in the glossary.",用語集で「endure」、「physician」、「heal」、「fade」を明確にする。,改稿レビュー待ち,"共通レビュー文: endure, physician, heal, fade"
1458,discourage,を落胆させる；思いとどまらせる,"Replace ""discourage"" with a clearer phrase if needed.",必要なら「discourage」をより明確な表現に置き換える。,"Clarify ""discourage"", ""thrill"", ""weed"", and ""flee"" in the glossary.",用語集で「discourage」、「thrill」、「weed」、「flee」を明確にする。,改稿レビュー待ち,"共通レビュー文: discourage, thrill, weed, flee"
1459,thrill,スリル；をわくわくさせる,"Replace ""thrill"" with a clearer phrase if needed.",必要なら「thrill」をより明確な表現に置き換える。,"Clarify ""discourage"", ""thrill"", ""weed"", and ""flee"" in the glossary.",用語集で「discourage」、「thrill」、「weed」、「flee」を明確にする。,改稿レビュー待ち,"共通レビュー文: discourage, thrill, weed, flee"
1461,weed,雑草；を除草する,"Replace ""weed"" with a clearer phrase if needed.",必要なら「weed」をより明確な表現に置き換える。,"Clarify ""discourage"", ""thrill"", ""weed"", and ""flee"" in the glossary.",用語集で「discourage」、「thrill」、「weed」、「flee」を明確にする。,改稿レビュー待ち,"共通レビュー文: discourage, thrill, weed, flee"
1463,flee,逃げる；逃亡する,"Replace ""flee"" with a clearer phrase if needed.",必要なら「flee」をより明確な表現に置き換える。,"Clarify ""discourage"", ""thrill"", ""weed"", and ""flee"" in the glossary.",用語集で「discourage」、「thrill」、「weed」、「flee」を明確にする。,改稿レビュー待ち,"共通レビュー文: discourage, thrill, weed, flee"
1464,criticise,を批判する,"Replace ""criticise"" with a clearer phrase if needed.",必要なら「criticise」をより明確な表現に置き換える。,"Clarify ""criticise"", ""poisonous"", ""enclose"", and ""depart"" in the glossary.",用語集で「criticise」、「poisonous」、「enclose」、「depart」を明確にする。,改稿レビュー待ち,"共通レビュー文: criticise, poisonous, enclose, depart"
1465,poisonous,有毒な,The poisonous option needs a clearer label.,poisonousの選択肢には、より明確なラベルが必要だ。,"Clarify ""criticise"", ""poisonous"", ""enclose"", and ""depart"" in the glossary.",用語集で「criticise」、「poisonous」、「enclose」、「depart」を明確にする。,改稿レビュー待ち,"共通レビュー文: criticise, poisonous, enclose, depart"
1466,enclose,を囲む；同封する,"Replace ""enclose"" with a clearer phrase if needed.",必要なら「enclose」をより明確な表現に置き換える。,"Clarify ""criticise"", ""poisonous"", ""enclose"", and ""depart"" in the glossary.",用語集で「criticise」、「poisonous」、「enclose」、「depart」を明確にする。,改稿レビュー待ち,"共通レビュー文: criticise, poisonous, enclose, depart"
1467,depart,出発する；去る,"Replace ""depart"" with a clearer phrase if needed.",必要なら「depart」をより明確な表現に置き換える。,"Clarify ""criticise"", ""poisonous"", ""enclose"", and ""depart"" in the glossary.",用語集で「criticise」、「poisonous」、「enclose」、「depart」を明確にする。,改稿レビュー待ち,"共通レビュー文: criticise, poisonous, enclose, depart"
1468,bud,芽；つぼみ,"Replace ""bud"" with a clearer phrase if needed.",必要なら「bud」をより明確な表現に置き換える。,"Clarify ""bud"", ""cheat"", ""crawl"", and ""weaken"" in the glossary.",用語集で「bud」、「cheat」、「crawl」、「weaken」を明確にする。,改稿レビュー待ち,"共通レビュー文: bud, cheat, crawl, weaken"
1470,cheat,ずる；詐欺師；をだます,"Replace ""cheat"" with a clearer phrase if needed.",必要なら「cheat」をより明確な表現に置き換える。,"Clarify ""bud"", ""cheat"", ""crawl"", and ""weaken"" in the glossary.",用語集で「bud」、「cheat」、「crawl」、「weaken」を明確にする。,改稿レビュー待ち,"共通レビュー文: bud, cheat, crawl, weaken"
1471,crawl,はい回る；這う,"Replace ""crawl"" with a clearer phrase if needed.",必要なら「crawl」をより明確な表現に置き換える。,"Clarify ""bud"", ""cheat"", ""crawl"", and ""weaken"" in the glossary.",用語集で「bud」、「cheat」、「crawl」、「weaken」を明確にする。,改稿レビュー待ち,"共通レビュー文: bud, cheat, crawl, weaken"
1472,weaken,を弱める；弱くなる,"Replace ""weaken"" with a clearer phrase if needed.",必要なら「weaken」をより明確な表現に置き換える。,"Clarify ""bud"", ""cheat"", ""crawl"", and ""weaken"" in the glossary.",用語集で「bud」、「cheat」、「crawl」、「weaken」を明確にする。,改稿レビュー待ち,"共通レビュー文: bud, cheat, crawl, weaken"
1473,decorate,を飾る；装飾する,"Replace ""decorate"" with a clearer phrase if needed.",必要なら「decorate」をより明確な表現に置き換える。,"Clarify ""decorate"", ""inherit"", ""athlete"", and ""explode"" in the glossary.",用語集で「decorate」、「inherit」、「athlete」、「explode」を明確にする。,改稿レビュー待ち,"共通レビュー文: decorate, inherit, athlete, explode"
1474,inherit,を受け継ぐ；相続する,"Replace ""inherit"" with a clearer phrase if needed.",必要なら「inherit」をより明確な表現に置き換える。,"Clarify ""decorate"", ""inherit"", ""athlete"", and ""explode"" in the glossary.",用語集で「decorate」、「inherit」、「athlete」、「explode」を明確にする。,改稿レビュー待ち,"共通レビュー文: decorate, inherit, athlete, explode"
1475,athlete,運動選手；アスリート,"Replace ""athlete"" with a clearer phrase if needed.",必要なら「athlete」をより明確な表現に置き換える。,"Clarify ""decorate"", ""inherit"", ""athlete"", and ""explode"" in the glossary.",用語集で「decorate」、「inherit」、「athlete」、「explode」を明確にする。,改稿レビュー待ち,"共通レビュー文: decorate, inherit, athlete, explode"
1477,explode,爆発する；急増する,"Replace ""explode"" with a clearer phrase if needed.",必要なら「explode」をより明確な表現に置き換える。,"Clarify ""decorate"", ""inherit"", ""athlete"", and ""explode"" in the glossary.",用語集で「decorate」、「inherit」、「athlete」、「explode」を明確にする。,改稿レビュー待ち,"共通レビュー文: decorate, inherit, athlete, explode"
1478,vain,うぬぼれた；無駄な,"Replace ""vain"" with a clearer phrase if needed.",必要なら「vain」をより明確な表現に置き換える。,"Clarify ""vain"", ""instruct"", ""accuse"", and ""postpone"" in the glossary.",用語集で「vain」、「instruct」、「accuse」、「postpone」を明確にする。,改稿レビュー待ち,"共通レビュー文: vain, instruct, accuse, postpone"
1479,instruct,を指導する；命令する,"Replace ""instruct"" with a clearer phrase if needed.",必要なら「instruct」をより明確な表現に置き換える。,"Clarify ""vain"", ""instruct"", ""accuse"", and ""postpone"" in the glossary.",用語集で「vain」、「instruct」、「accuse」、「postpone」を明確にする。,改稿レビュー待ち,"共通レビュー文: vain, instruct, accuse, postpone"
1480,accuse,を告発する,"Replace ""accuse"" with a clearer phrase if needed.",必要なら「accuse」をより明確な表現に置き換える。,"Clarify ""vain"", ""instruct"", ""accuse"", and ""postpone"" in the glossary.",用語集で「vain」、「instruct」、「accuse」、「postpone」を明確にする。,改稿レビュー待ち,"共通レビュー文: vain, instruct, accuse, postpone"
1481,postpone,を延期する,"Replace ""postpone"" with a clearer phrase if needed.",必要なら「postpone」をより明確な表現に置き換える。,"Clarify ""vain"", ""instruct"", ""accuse"", and ""postpone"" in the glossary.",用語集で「vain」、「instruct」、「accuse」、「postpone」を明確にする。,改稿レビュー待ち,"共通レビュー文: vain, instruct, accuse, postpone"
1482,ancestor,祖先；先祖,"Replace ""ancestor"" with a clearer phrase if needed.",必要なら「ancestor」をより明確な表現に置き換える。,"Clarify ""ancestor"", ""betray"", ""weave"", and ""scatter"" in the glossary.",用語集で「ancestor」、「betray」、「weave」、「scatter」を明確にする。,改稿レビュー待ち,"共通レビュー文: ancestor, betray, weave, scatter"
1484,betray,を裏切る；漏らす,"Replace ""betray"" with a clearer phrase if needed.",必要なら「betray」をより明確な表現に置き換える。,"Clarify ""ancestor"", ""betray"", ""weave"", and ""scatter"" in the glossary.",用語集で「ancestor」、「betray」、「weave」、「scatter」を明確にする。,改稿レビュー待ち,"共通レビュー文: ancestor, betray, weave, scatter"
1485,weave,を織る；縫うように進む,"Replace ""weave"" with a clearer phrase if needed.",必要なら「weave」をより明確な表現に置き換える。,"Clarify ""ancestor"", ""betray"", ""weave"", and ""scatter"" in the glossary.",用語集で「ancestor」、「betray」、「weave」、「scatter」を明確にする。,改稿レビュー待ち,"共通レビュー文: ancestor, betray, weave, scatter"
1486,scatter,を散らばらせる；散乱,"Replace ""scatter"" with a clearer phrase if needed.",必要なら「scatter」をより明確な表現に置き換える。,"Clarify ""ancestor"", ""betray"", ""weave"", and ""scatter"" in the glossary.",用語集で「ancestor」、「betray」、「weave」、「scatter」を明確にする。,改稿レビュー待ち,"共通レビュー文: ancestor, betray, weave, scatter"
1487,vanish,消える；姿を消す,"Replace ""vanish"" with a clearer phrase if needed.",必要なら「vanish」をより明確な表現に置き換える。,"Clarify ""vanish"", ""pronounce"", ""starve"", and ""accomplish"" in the glossary.",用語集で「vanish」、「pronounce」、「starve」、「accomplish」を明確にする。,改稿レビュー待ち,"共通レビュー文: vanish, pronounce, starve, accomplish"
1488,pronounce,を発音する；宣告する,"Replace ""pronounce"" with a clearer phrase if needed.",必要なら「pronounce」をより明確な表現に置き換える。,"Clarify ""vanish"", ""pronounce"", ""starve"", and ""accomplish"" in the glossary.",用語集で「vanish」、「pronounce」、「starve」、「accomplish」を明確にする。,改稿レビュー待ち,"共通レビュー文: vanish, pronounce, starve, accomplish"
1489,starve,餓死する；飢える,"Replace ""starve"" with a clearer phrase if needed.",必要なら「starve」をより明確な表現に置き換える。,"Clarify ""vanish"", ""pronounce"", ""starve"", and ""accomplish"" in the glossary.",用語集で「vanish」、「pronounce」、「starve」、「accomplish」を明確にする。,改稿レビュー待ち,"共通レビュー文: vanish, pronounce, starve, accomplish"
1491,accomplish,達成する；成し遂げる,"Replace ""accomplish"" with a clearer phrase if needed.",必要なら「accomplish」をより明確な表現に置き換える。,"Clarify ""vanish"", ""pronounce"", ""starve"", and ""accomplish"" in the glossary.",用語集で「vanish」、「pronounce」、「starve」、「accomplish」を明確にする。,改稿レビュー待ち,"共通レビュー文: vanish, pronounce, starve, accomplish"
1492,imitate,をまねる；模倣する,"Replace ""imitate"" with a clearer phrase if needed.",必要なら「imitate」をより明確な表現に置き換える。,"Clarify ""imitate"", ""prolong"", ""amuse"", and ""trash"" in the glossary.",用語集で「imitate」、「prolong」、「amuse」、「trash」を明確にする。,改稿レビュー待ち,"共通レビュー文: imitate, prolong, amuse, trash"
1493,prolong,を延長する,"Replace ""prolong"" with a clearer phrase if needed.",必要なら「prolong」をより明確な表現に置き換える。,"Clarify ""imitate"", ""prolong"", ""amuse"", and ""trash"" in the glossary.",用語集で「imitate」、「prolong」、「amuse」、「trash」を明確にする。,改稿レビュー待ち,"共通レビュー文: imitate, prolong, amuse, trash"
1494,amuse,を楽しませる,"Replace ""amuse"" with a clearer phrase if needed.",必要なら「amuse」をより明確な表現に置き換える。,"Clarify ""imitate"", ""prolong"", ""amuse"", and ""trash"" in the glossary.",用語集で「imitate」、「prolong」、「amuse」、「trash」を明確にする。,改稿レビュー待ち,"共通レビュー文: imitate, prolong, amuse, trash"
1495,trash,ごみ；を捨てる,"Replace ""trash"" with a clearer phrase if needed.",必要なら「trash」をより明確な表現に置き換える。,"Clarify ""imitate"", ""prolong"", ""amuse"", and ""trash"" in the glossary.",用語集で「imitate」、「prolong」、「amuse」、「trash」を明確にする。,改稿レビュー待ち,"共通レビュー文: imitate, prolong, amuse, trash"
1496,embarrass,を当惑させる,"Replace ""embarrass"" with a clearer phrase if needed.",必要なら「embarrass」をより明確な表現に置き換える。,"Clarify ""embarrass"", ""underlie"", ""disappoint"", and ""fasten"" in the glossary.",用語集で「embarrass」、「underlie」、「disappoint」、「fasten」を明確にする。,改稿レビュー待ち,"共通レビュー文: embarrass, underlie, disappoint, fasten"
1498,underlie,の基礎をなす；の下にある,"Replace ""underlie"" with a clearer phrase if needed.",必要なら「underlie」をより明確な表現に置き換える。,"Clarify ""embarrass"", ""underlie"", ""disappoint"", and ""fasten"" in the glossary.",用語集で「embarrass」、「underlie」、「disappoint」、「fasten」を明確にする。,改稿レビュー待ち,"共通レビュー文: embarrass, underlie, disappoint, fasten"
1499,disappoint,を失望させる,"Replace ""disappoint"" with a clearer phrase if needed.",必要なら「disappoint」をより明確な表現に置き換える。,"Clarify ""embarrass"", ""underlie"", ""disappoint"", and ""fasten"" in the glossary.",用語集で「embarrass」、「underlie」、「disappoint」、「fasten」を明確にする。,改稿レビュー待ち,"共通レビュー文: embarrass, underlie, disappoint, fasten"
1500,fasten,を固定する；締める,"Replace ""fasten"" with a clearer phrase if needed.",必要なら「fasten」をより明確な表現に置き換える。,"Clarify ""embarrass"", ""underlie"", ""disappoint"", and ""fasten"" in the glossary.",用語集で「embarrass」、「underlie」、「disappoint」、「fasten」を明確にする。,改稿レビュー待ち,"共通レビュー文: embarrass, underlie, disappoint, fasten"
1501,provided,〜という条件で,"Replace ""provided"" with a clearer phrase if needed.",必要なら「provided」をより明確な表現に置き換える。,"Clarify ""provided"", ""environmental"", ""relevant"", and ""currently"" in the glossary.",用語集で「provided」、「environmental」、「relevant」、「currently」を明確にする。,改稿レビュー待ち,"共通レビュー文: provided, environmental, relevant, currently"
1502,environmental,環境の,The environmental option needs a clearer label.,environmentalの選択肢には、より明確なラベルが必要だ。,"Clarify ""provided"", ""environmental"", ""relevant"", and ""currently"" in the glossary.",用語集で「provided」、「environmental」、「relevant」、「currently」を明確にする。,改稿レビュー待ち,"共通レビュー文: provided, environmental, relevant, currently"
1503,relevant,関連する；適切な,"Replace ""relevant"" with a clearer phrase if needed.",必要なら「relevant」をより明確な表現に置き換える。,"Clarify ""provided"", ""environmental"", ""relevant"", and ""currently"" in the glossary.",用語集で「provided」、「environmental」、「relevant」、「currently」を明確にする。,改稿レビュー待ち,"共通レビュー文: provided, environmental, relevant, currently"
1504,currently,現在；今のところ,"Use ""currently"" carefully in helper text.",ヘルプ文では「currently」を慎重に使う。,"Clarify ""provided"", ""environmental"", ""relevant"", and ""currently"" in the glossary.",用語集で「provided」、「environmental」、「relevant」、「currently」を明確にする。,改稿レビュー待ち,"共通レビュー文: provided, environmental, relevant, currently"
1505,concept,概念；考え,"Replace ""concept"" with a clearer phrase if needed.",必要なら「concept」をより明確な表現に置き換える。,"Clarify ""concept"", ""whereas"", ""noted"", and ""hence"" in the glossary.",用語集で「concept」、「whereas」、「noted」、「hence」を明確にする。,改稿レビュー待ち,"共通レビュー文: concept, whereas, noted, hence"
1506,whereas,一方で；〜であるのに対して,"Replace ""whereas"" with a clearer phrase if needed.",必要なら「whereas」をより明確な表現に置き換える。,"Clarify ""concept"", ""whereas"", ""noted"", and ""hence"" in the glossary.",用語集で「concept」、「whereas」、「noted」、「hence」を明確にする。,改稿レビュー待ち,"共通レビュー文: concept, whereas, noted, hence"
1507,noted,著名な；注目された,"Replace ""noted"" with a clearer phrase if needed.",必要なら「noted」をより明確な表現に置き換える。,"Clarify ""concept"", ""whereas"", ""noted"", and ""hence"" in the glossary.",用語集で「concept」、「whereas」、「noted」、「hence」を明確にする。,改稿レビュー待ち,"共通レビュー文: concept, whereas, noted, hence"
1508,hence,それゆえ；ここから,Clarify the hence before the next review.,次のレビュー前にhenceを明確にする。,"Clarify ""concept"", ""whereas"", ""noted"", and ""hence"" in the glossary.",用語集で「concept」、「whereas」、「noted」、「hence」を明確にする。,改稿レビュー待ち,"共通レビュー文: concept, whereas, noted, hence"
1509,pension,年金,Clarify the pension before the next review.,次のレビュー前にpensionを明確にする。,"Clarify ""pension"", ""equivalent"", ""virtually"", and ""sequence"" in the glossary.",用語集で「pension」、「equivalent」、「virtually」、「sequence」を明確にする。,改稿レビュー待ち,"共通レビュー文: pension, equivalent, virtually, sequence"
1510,equivalent,同等の；相当する,"Replace ""equivalent"" with a clearer phrase if needed.",必要なら「equivalent」をより明確な表現に置き換える。,"Clarify ""pension"", ""equivalent"", ""virtually"", and ""sequence"" in the glossary.",用語集で「pension」、「equivalent」、「virtually」、「sequence」を明確にする。,改稿レビュー待ち,"共通レビュー文: pension, equivalent, virtually, sequence"
1511,virtually,実質的に；ほとんど,"Use ""virtually"" carefully in helper text.",ヘルプ文では「virtually」を慎重に使う。,"Clarify ""pension"", ""equivalent"", ""virtually"", and ""sequence"" in the glossary.",用語集で「pension」、「equivalent」、「virtually」、「sequence」を明確にする。,改稿レビュー待ち,"共通レビュー文: pension, equivalent, virtually, sequence"
1513,sequence,順序；連続,Clarify the sequence before the next review.,次のレビュー前にsequenceを明確にする。,"Clarify ""pension"", ""equivalent"", ""virtually"", and ""sequence"" in the glossary.",用語集で「pension」、「equivalent」、「virtually」、「sequence」を明確にする。,改稿レビュー待ち,"共通レビュー文: pension, equivalent, virtually, sequence"
1514,revenue,収益；歳入,"Replace ""revenue"" with a clearer phrase if needed.",必要なら「revenue」をより明確な表現に置き換える。,"Clarify ""revenue"", ""voluntary"", ""informed"", and ""lifespan"" in the glossary.",用語集で「revenue」、「voluntary」、「informed」、「lifespan」を明確にする。,改稿レビュー待ち,"共通レビュー文: revenue, voluntary, informed, lifespan"
1515,voluntary,自発的な；任意の,"Replace ""voluntary"" with a clearer phrase if needed.",必要なら「voluntary」をより明確な表現に置き換える。,"Clarify ""revenue"", ""voluntary"", ""informed"", and ""lifespan"" in the glossary.",用語集で「revenue」、「voluntary」、「informed」、「lifespan」を明確にする。,改稿レビュー待ち,"共通レビュー文: revenue, voluntary, informed, lifespan"
1516,informed,情報を持った；知識のある,"Replace ""informed"" with a clearer phrase if needed.",必要なら「informed」をより明確な表現に置き換える。,"Clarify ""revenue"", ""voluntary"", ""informed"", and ""lifespan"" in the glossary.",用語集で「revenue」、「voluntary」、「informed」、「lifespan」を明確にする。,改稿レビュー待ち,"共通レビュー文: revenue, voluntary, informed, lifespan"
1517,lifespan,寿命；存続期間,"Replace ""lifespan"" with a clearer phrase if needed.",必要なら「lifespan」をより明確な表現に置き換える。,"Clarify ""revenue"", ""voluntary"", ""informed"", and ""lifespan"" in the glossary.",用語集で「revenue」、「voluntary」、「informed」、「lifespan」を明確にする。,改稿レビュー待ち,"共通レビュー文: revenue, voluntary, informed, lifespan"
1518,subsequently,その後に；続いて,"Use ""subsequently"" carefully in helper text.",ヘルプ文では「subsequently」を慎重に使う。,"Clarify ""subsequently"", ""comprehensive"", ""adequate"", and ""regime"" in the glossary.",用語集で「subsequently」、「comprehensive」、「adequate」、「regime」を明確にする。,改稿レビュー待ち,"共通レビュー文: subsequently, comprehensive, adequate, regime"
1520,comprehensive,包括的な；総合的な,The comprehensive option needs a clearer label.,comprehensiveの選択肢には、より明確なラベルが必要だ。,"Clarify ""subsequently"", ""comprehensive"", ""adequate"", and ""regime"" in the glossary.",用語集で「subsequently」、「comprehensive」、「adequate」、「regime」を明確にする。,改稿レビュー待ち,"共通レビュー文: subsequently, comprehensive, adequate, regime"
1521,adequate,適切な；十分な,"Replace ""adequate"" with a clearer phrase if needed.",必要なら「adequate」をより明確な表現に置き換える。,"Clarify ""subsequently"", ""comprehensive"", ""adequate"", and ""regime"" in the glossary.",用語集で「subsequently」、「comprehensive」、「adequate」、「regime」を明確にする。,改稿レビュー待ち,"共通レビュー文: subsequently, comprehensive, adequate, regime"
1522,regime,体制；政権,"Replace ""regime"" with a clearer phrase if needed.",必要なら「regime」をより明確な表現に置き換える。,"Clarify ""subsequently"", ""comprehensive"", ""adequate"", and ""regime"" in the glossary.",用語集で「subsequently」、「comprehensive」、「adequate」、「regime」を明確にする。,改稿レビュー待ち,"共通レビュー文: subsequently, comprehensive, adequate, regime"
1523,scope,範囲；領域,"Replace ""scope"" with a clearer phrase if needed.",必要なら「scope」をより明確な表現に置き換える。,"Clarify ""scope"", ""personnel"", ""respectively"", and ""alongside"" in the glossary.",用語集で「scope」、「personnel」、「respectively」、「alongside」を明確にする。,改稿レビュー待ち,"共通レビュー文: scope, personnel, respectively, alongside"
1524,personnel,人員；職員,"Replace ""personnel"" with a clearer phrase if needed.",必要なら「personnel」をより明確な表現に置き換える。,"Clarify ""scope"", ""personnel"", ""respectively"", and ""alongside"" in the glossary.",用語集で「scope」、「personnel」、「respectively」、「alongside」を明確にする。,改稿レビュー待ち,"共通レビュー文: scope, personnel, respectively, alongside"
1525,respectively,それぞれ,"Use ""respectively"" carefully in helper text.",ヘルプ文では「respectively」を慎重に使う。,"Clarify ""scope"", ""personnel"", ""respectively"", and ""alongside"" in the glossary.",用語集で「scope」、「personnel」、「respectively」、「alongside」を明確にする。,改稿レビュー待ち,"共通レビュー文: scope, personnel, respectively, alongside"
1526,alongside,〜と並んで；〜と一緒に,"Replace ""alongside"" with a clearer phrase if needed.",必要なら「alongside」をより明確な表現に置き換える。,"Clarify ""scope"", ""personnel"", ""respectively"", and ""alongside"" in the glossary.",用語集で「scope」、「personnel」、「respectively」、「alongside」を明確にする。,改稿レビュー待ち,"共通レビュー文: scope, personnel, respectively, alongside"
1527,presumably,おそらく；推定では,"Use ""presumably"" carefully in helper text.",ヘルプ文では「presumably」を慎重に使う。,"Clarify ""presumably"", ""earnings"", ""statistics"", and ""ownership"" in the glossary.",用語集で「presumably」、「earnings」、「statistics」、「ownership」を明確にする。,改稿レビュー待ち,"共通レビュー文: presumably, earnings, statistics, ownership"
1528,earnings,収入；賃金,"Replace ""earnings"" with a clearer phrase if needed.",必要なら「earnings」をより明確な表現に置き換える。,"Clarify ""presumably"", ""earnings"", ""statistics"", and ""ownership"" in the glossary.",用語集で「presumably」、「earnings」、「statistics」、「ownership」を明確にする。,改稿レビュー待ち,"共通レビュー文: presumably, earnings, statistics, ownership"
1529,statistics,統計；統計学,"Replace ""statistics"" with a clearer phrase if needed.",必要なら「statistics」をより明確な表現に置き換える。,"Clarify ""presumably"", ""earnings"", ""statistics"", and ""ownership"" in the glossary.",用語集で「presumably」、「earnings」、「statistics」、「ownership」を明確にする。,改稿レビュー待ち,"共通レビュー文: presumably, earnings, statistics, ownership"
1530,ownership,所有権；所有,"Replace ""ownership"" with a clearer phrase if needed.",必要なら「ownership」をより明確な表現に置き換える。,"Clarify ""presumably"", ""earnings"", ""statistics"", and ""ownership"" in the glossary.",用語集で「presumably」、「earnings」、「statistics」、「ownership」を明確にする。,改稿レビュー待ち,"共通レビュー文: presumably, earnings, statistics, ownership"
1532,inevitably,必然的に；避けられず,"Use ""inevitably"" carefully in helper text.",ヘルプ文では「inevitably」を慎重に使う。,"Clarify ""inevitably"", ""perspective"", ""clinical"", and ""theoretical"" in the glossary.",用語集で「inevitably」、「perspective」、「clinical」、「theoretical」を明確にする。,改稿レビュー待ち,"共通レビュー文: inevitably, perspective, clinical, theoretical"
1533,perspective,視点；展望,The perspective option needs a clearer label.,perspectiveの選択肢には、より明確なラベルが必要だ。,"Clarify ""inevitably"", ""perspective"", ""clinical"", and ""theoretical"" in the glossary.",用語集で「inevitably」、「perspective」、「clinical」、「theoretical」を明確にする。,改稿レビュー待ち,"共通レビュー文: inevitably, perspective, clinical, theoretical"
1534,clinical,臨床の；冷静な,The clinical option needs a clearer label.,clinicalの選択肢には、より明確なラベルが必要だ。,"Clarify ""inevitably"", ""perspective"", ""clinical"", and ""theoretical"" in the glossary.",用語集で「inevitably」、「perspective」、「clinical」、「theoretical」を明確にする。,改稿レビュー待ち,"共通レビュー文: inevitably, perspective, clinical, theoretical"
1535,theoretical,理論的な,The theoretical option needs a clearer label.,theoreticalの選択肢には、より明確なラベルが必要だ。,"Clarify ""inevitably"", ""perspective"", ""clinical"", and ""theoretical"" in the glossary.",用語集で「inevitably」、「perspective」、「clinical」、「theoretical」を明確にする。,改稿レビュー待ち,"共通レビュー文: inevitably, perspective, clinical, theoretical"
1536,residential,住宅の；居住の,The residential option needs a clearer label.,residentialの選択肢には、より明確なラベルが必要だ。,"Clarify ""residential"", ""certificate"", ""turnover"", and ""furthermore"" in the glossary.",用語集で「residential」、「certificate」、「turnover」、「furthermore」を明確にする。,改稿レビュー待ち,"共通レビュー文: residential, certificate, turnover, furthermore"
1537,certificate,証明書；資格,"Replace ""certificate"" with a clearer phrase if needed.",必要なら「certificate」をより明確な表現に置き換える。,"Clarify ""residential"", ""certificate"", ""turnover"", and ""furthermore"" in the glossary.",用語集で「residential」、「certificate」、「turnover」、「furthermore」を明確にする。,改稿レビュー待ち,"共通レビュー文: residential, certificate, turnover, furthermore"
1538,turnover,売上高；離職率,"Replace ""turnover"" with a clearer phrase if needed.",必要なら「turnover」をより明確な表現に置き換える。,"Clarify ""residential"", ""certificate"", ""turnover"", and ""furthermore"" in the glossary.",用語集で「residential」、「certificate」、「turnover」、「furthermore」を明確にする。,改稿レビュー待ち,"共通レビュー文: residential, certificate, turnover, furthermore"
1539,furthermore,さらに；その上,"Replace ""furthermore"" with a clearer phrase if needed.",必要なら「furthermore」をより明確な表現に置き換える。,"Clarify ""residential"", ""certificate"", ""turnover"", and ""furthermore"" in the glossary.",用語集で「residential」、「certificate」、「turnover」、「furthermore」を明確にする。,改稿レビュー待ち,"共通レビュー文: residential, certificate, turnover, furthermore"
1540,considerably,かなり；相当に,"Use ""considerably"" carefully in helper text.",ヘルプ文では「considerably」を慎重に使う。,"Clarify ""considerably"", ""ratio"", ""deliberately"", and ""assess"" in the glossary.",用語集で「considerably」、「ratio」、「deliberately」、「assess」を明確にする。,改稿レビュー待ち,"共通レビュー文: considerably, ratio, deliberately, assess"
1541,ratio,比率；割合,"Replace ""ratio"" with a clearer phrase if needed.",必要なら「ratio」をより明確な表現に置き換える。,"Clarify ""considerably"", ""ratio"", ""deliberately"", and ""assess"" in the glossary.",用語集で「considerably」、「ratio」、「deliberately」、「assess」を明確にする。,改稿レビュー待ち,"共通レビュー文: considerably, ratio, deliberately, assess"
1543,deliberately,故意に；慎重に,"Use ""deliberately"" carefully in helper text.",ヘルプ文では「deliberately」を慎重に使う。,"Clarify ""considerably"", ""ratio"", ""deliberately"", and ""assess"" in the glossary.",用語集で「considerably」、「ratio」、「deliberately」、「assess」を明確にする。,改稿レビュー待ち,"共通レビュー文: considerably, ratio, deliberately, assess"
1544,assess,評価する；査定する,"Replace ""assess"" with a clearer phrase if needed.",必要なら「assess」をより明確な表現に置き換える。,"Clarify ""considerably"", ""ratio"", ""deliberately"", and ""assess"" in the glossary.",用語集で「considerably」、「ratio」、「deliberately」、「assess」を明確にする。,改稿レビュー待ち,"共通レビュー文: considerably, ratio, deliberately, assess"
1545,formula,公式；処方,"Replace ""formula"" with a clearer phrase if needed.",必要なら「formula」をより明確な表現に置き換える。,"Clarify ""formula"", ""expertise"", ""collective"", and ""binding"" in the glossary.",用語集で「formula」、「expertise」、「collective」、「binding」を明確にする。,改稿レビュー待ち,"共通レビュー文: formula, expertise, collective, binding"
1546,expertise,専門知識；専門技術,"Replace ""expertise"" with a clearer phrase if needed.",必要なら「expertise」をより明確な表現に置き換える。,"Clarify ""formula"", ""expertise"", ""collective"", and ""binding"" in the glossary.",用語集で「formula」、「expertise」、「collective」、「binding」を明確にする。,改稿レビュー待ち,"共通レビュー文: formula, expertise, collective, binding"
1547,collective,集団的な；共同体,The collective option needs a clearer label.,collectiveの選択肢には、より明確なラベルが必要だ。,"Clarify ""formula"", ""expertise"", ""collective"", and ""binding"" in the glossary.",用語集で「formula」、「expertise」、「collective」、「binding」を明確にする。,改稿レビュー待ち,"共通レビュー文: formula, expertise, collective, binding"
1548,binding,拘束力のある；製本,"Replace ""binding"" with a clearer phrase if needed.",必要なら「binding」をより明確な表現に置き換える。,"Clarify ""formula"", ""expertise"", ""collective"", and ""binding"" in the glossary.",用語集で「formula」、「expertise」、「collective」、「binding」を明確にする。,改稿レビュー待ち,"共通レビュー文: formula, expertise, collective, binding"
1549,premier,首相；最重要の,"Replace ""premier"" with a clearer phrase if needed.",必要なら「premier」をより明確な表現に置き換える。,"Clarify ""premier"", ""equation"", ""sue"", and ""notably"" in the glossary.",用語集で「premier」、「equation」、「sue」、「notably」を明確にする。,改稿レビュー待ち,"共通レビュー文: premier, equation, sue, notably"
1550,equation,方程式；等式,Clarify the equation before the next review.,次のレビュー前にequationを明確にする。,"Clarify ""premier"", ""equation"", ""sue"", and ""notably"" in the glossary.",用語集で「premier」、「equation」、「sue」、「notably」を明確にする。,改稿レビュー待ち,"共通レビュー文: premier, equation, sue, notably"
1552,sue,を訴える；訴訟を起こす,"Replace ""sue"" with a clearer phrase if needed.",必要なら「sue」をより明確な表現に置き換える。,"Clarify ""premier"", ""equation"", ""sue"", and ""notably"" in the glossary.",用語集で「premier」、「equation」、「sue」、「notably」を明確にする。,改稿レビュー待ち,"共通レビュー文: premier, equation, sue, notably"
1553,notably,特に；著しく,"Use ""notably"" carefully in helper text.",ヘルプ文では「notably」を慎重に使う。,"Clarify ""premier"", ""equation"", ""sue"", and ""notably"" in the glossary.",用語集で「premier」、「equation」、「sue」、「notably」を明確にする。,改稿レビュー待ち,"共通レビュー文: premier, equation, sue, notably"
1554,deficit,赤字；欠乏,"Replace ""deficit"" with a clearer phrase if needed.",必要なら「deficit」をより明確な表現に置き換える。,"Clarify ""deficit"", ""agenda"", ""indication"", and ""valid"" in the glossary.",用語集で「deficit」、「agenda」、「indication」、「valid」を明確にする。,改稿レビュー待ち,"共通レビュー文: deficit, agenda, indication, valid"
1555,agenda,議題；課題,"Replace ""agenda"" with a clearer phrase if needed.",必要なら「agenda」をより明確な表現に置き換える。,"Clarify ""deficit"", ""agenda"", ""indication"", and ""valid"" in the glossary.",用語集で「deficit」、「agenda」、「indication」、「valid」を明確にする。,改稿レビュー待ち,"共通レビュー文: deficit, agenda, indication, valid"
1556,indication,兆候；指示,Clarify the indication before the next review.,次のレビュー前にindicationを明確にする。,"Clarify ""spit"", ""indication"", ""commence"", and ""dye"" in the glossary.",用語集で「spit」、「indication」、「commence」、「dye」を明確にする。,改稿レビュー待ち,"共通レビュー文: spit, indication, commence, dye"
1557,valid,有効な；妥当な,"Replace ""valid"" with a clearer phrase if needed.",必要なら「valid」をより明確な表現に置き換える。,"Clarify ""deficit"", ""agenda"", ""indication"", and ""valid"" in the glossary.",用語集で「deficit」、「agenda」、「indication」、「valid」を明確にする。,改稿レビュー待ち,"共通レビュー文: deficit, agenda, indication, valid"
1558,transaction,取引；処理,Clarify the transaction before the next review.,次のレビュー前にtransactionを明確にする。,"Clarify ""transaction"", ""jury"", ""liable"", and ""gene"" in the glossary.",用語集で「transaction」、「jury」、「liable」、「gene」を明確にする。,改稿レビュー待ち,"共通レビュー文: transaction, jury, liable, gene"
1559,jury,陪審員,"Replace ""jury"" with a clearer phrase if needed.",必要なら「jury」をより明確な表現に置き換える。,"Clarify ""transaction"", ""jury"", ""liable"", and ""gene"" in the glossary.",用語集で「transaction」、「jury」、「liable」、「gene」を明確にする。,改稿レビュー待ち,"共通レビュー文: transaction, jury, liable, gene"
1561,liable,責任がある；〜しやすい,The liable option needs a clearer label.,liableの選択肢には、より明確なラベルが必要だ。,"Clarify ""transaction"", ""jury"", ""liable"", and ""gene"" in the glossary.",用語集で「transaction」、「jury」、「liable」、「gene」を明確にする。,改稿レビュー待ち,"共通レビュー文: transaction, jury, liable, gene"
1562,gene,遺伝子,"Replace ""gene"" with a clearer phrase if needed.",必要なら「gene」をより明確な表現に置き換える。,"Clarify ""transaction"", ""jury"", ""liable"", and ""gene"" in the glossary.",用語集で「transaction」、「jury」、「liable」、「gene」を明確にする。,改稿レビュー待ち,"共通レビュー文: transaction, jury, liable, gene"
1563,coverage,報道；補償範囲,"Replace ""coverage"" with a clearer phrase if needed.",必要なら「coverage」をより明確な表現に置き換える。,"Clarify ""coverage"", ""lease"", ""reliable"", and ""rubbish"" in the glossary.",用語集で「coverage」、「lease」、「reliable」、「rubbish」を明確にする。,改稿レビュー待ち,"共通レビュー文: coverage, lease, reliable, rubbish"
1564,lease,賃貸契約；を賃貸する,"Replace ""lease"" with a clearer phrase if needed.",必要なら「lease」をより明確な表現に置き換える。,"Clarify ""coverage"", ""lease"", ""reliable"", and ""rubbish"" in the glossary.",用語集で「coverage」、「lease」、「reliable」、「rubbish」を明確にする。,改稿レビュー待ち,"共通レビュー文: coverage, lease, reliable, rubbish"
1565,reliable,信頼できる,The reliable option needs a clearer label.,reliableの選択肢には、より明確なラベルが必要だ。,"Clarify ""coverage"", ""lease"", ""reliable"", and ""rubbish"" in the glossary.",用語集で「coverage」、「lease」、「reliable」、「rubbish」を明確にする。,改稿レビュー待ち,"共通レビュー文: coverage, lease, reliable, rubbish"
1566,rubbish,ごみ；くだらない,"Replace ""rubbish"" with a clearer phrase if needed.",必要なら「rubbish」をより明確な表現に置き換える。,"Clarify ""coverage"", ""lease"", ""reliable"", and ""rubbish"" in the glossary.",用語集で「coverage」、「lease」、「reliable」、「rubbish」を明確にする。,改稿レビュー待ち,"共通レビュー文: coverage, lease, reliable, rubbish"
1567,satisfactory,満足のいく,"Replace ""satisfactory"" with a clearer phrase if needed.",必要なら「satisfactory」をより明確な表現に置き換える。,"Clarify ""satisfactory"", ""identical"", ""fleet"", and ""pregnant"" in the glossary.",用語集で「satisfactory」、「identical」、「fleet」、「pregnant」を明確にする。,改稿レビュー待ち,"共通レビュー文: satisfactory, identical, fleet, pregnant"
1568,identical,同一の；全く同じ,The identical option needs a clearer label.,identicalの選択肢には、より明確なラベルが必要だ。,"Clarify ""satisfactory"", ""identical"", ""fleet"", and ""pregnant"" in the glossary.",用語集で「satisfactory」、「identical」、「fleet」、「pregnant」を明確にする。,改稿レビュー待ち,"共通レビュー文: satisfactory, identical, fleet, pregnant"
1570,fleet,艦隊；車両群；素早い,"Replace ""fleet"" with a clearer phrase if needed.",必要なら「fleet」をより明確な表現に置き換える。,"Clarify ""satisfactory"", ""identical"", ""fleet"", and ""pregnant"" in the glossary.",用語集で「satisfactory」、「identical」、「fleet」、「pregnant」を明確にする。,改稿レビュー待ち,"共通レビュー文: satisfactory, identical, fleet, pregnant"
1571,pregnant,妊娠した；意味深な,"Replace ""pregnant"" with a clearer phrase if needed.",必要なら「pregnant」をより明確な表現に置き換える。,"Clarify ""satisfactory"", ""identical"", ""fleet"", and ""pregnant"" in the glossary.",用語集で「satisfactory」、「identical」、「fleet」、「pregnant」を明確にする。,改稿レビュー待ち,"共通レビュー文: satisfactory, identical, fleet, pregnant"
1572,tackle,に取り組む；タックル,"Replace ""tackle"" with a clearer phrase if needed.",必要なら「tackle」をより明確な表現に置き換える。,"Clarify ""tackle"", ""retail"", ""fabric"", and ""exclusive"" in the glossary.",用語集で「tackle」、「retail」、「fabric」、「exclusive」を明確にする。,改稿レビュー待ち,"共通レビュー文: tackle, retail, fabric, exclusive"
1573,retail,小売；小売りで,"Replace ""retail"" with a clearer phrase if needed.",必要なら「retail」をより明確な表現に置き換える。,"Clarify ""tackle"", ""retail"", ""fabric"", and ""exclusive"" in the glossary.",用語集で「tackle」、「retail」、「fabric」、「exclusive」を明確にする。,改稿レビュー待ち,"共通レビュー文: tackle, retail, fabric, exclusive"
1574,fabric,生地；構造,The fabric option needs a clearer label.,fabricの選択肢には、より明確なラベルが必要だ。,"Clarify ""fabric"", ""unavoidable"", ""agreeable"", and ""cosmetic"" in the glossary.",用語集で「fabric」、「unavoidable」、「agreeable」、「cosmetic」を明確にする。,改稿レビュー待ち,"共通レビュー文: fabric, unavoidable, agreeable, cosmetic"
1575,exclusive,独占的な；高級な,The exclusive option needs a clearer label.,exclusiveの選択肢には、より明確なラベルが必要だ。,"Clarify ""tackle"", ""retail"", ""fabric"", and ""exclusive"" in the glossary.",用語集で「tackle」、「retail」、「fabric」、「exclusive」を明確にする。,改稿レビュー待ち,"共通レビュー文: tackle, retail, fabric, exclusive"
1576,boost,を高める；押し上げる,"Replace ""boost"" with a clearer phrase if needed.",必要なら「boost」をより明確な表現に置き換える。,"Clarify ""boost"", ""guardian"", ""reset"", and ""asset"" in the glossary.",用語集で「boost」、「guardian」、「reset」、「asset」を明確にする。,改稿レビュー待ち,"共通レビュー文: boost, guardian, reset, asset"
1577,guardian,保護者；守護者,"Replace ""guardian"" with a clearer phrase if needed.",必要なら「guardian」をより明確な表現に置き換える。,"Clarify ""boost"", ""guardian"", ""reset"", and ""asset"" in the glossary.",用語集で「boost」、「guardian」、「reset」、「asset」を明確にする。,改稿レビュー待ち,"共通レビュー文: boost, guardian, reset, asset"
1578,reset,リセットする；再設定する,"Replace ""reset"" with a clearer phrase if needed.",必要なら「reset」をより明確な表現に置き換える。,"Clarify ""boost"", ""guardian"", ""reset"", and ""asset"" in the glossary.",用語集で「boost」、「guardian」、「reset」、「asset」を明確にする。,改稿レビュー待ち,"共通レビュー文: boost, guardian, reset, asset"
1579,asset,資産；財産,"Replace ""asset"" with a clearer phrase if needed.",必要なら「asset」をより明確な表現に置き換える。,"Clarify ""boost"", ""guardian"", ""reset"", and ""asset"" in the glossary.",用語集で「boost」、「guardian」、「reset」、「asset」を明確にする。,改稿レビュー待ち,"共通レビュー文: boost, guardian, reset, asset"
1580,sheer,純粋な；断崖の,"Replace ""sheer"" with a clearer phrase if needed.",必要なら「sheer」をより明確な表現に置き換える。,"Clarify ""sheer"", ""conviction"", ""backing"", and ""institutional"" in the glossary.",用語集で「sheer」、「conviction」、「backing」、「institutional」を明確にする。,改稿レビュー待ち,"共通レビュー文: sheer, conviction, backing, institutional"
1581,conviction,確信；有罪判決,Clarify the conviction before the next review.,次のレビュー前にconvictionを明確にする。,"Clarify ""sheer"", ""conviction"", ""backing"", and ""institutional"" in the glossary.",用語集で「sheer」、「conviction」、「backing」、「institutional」を明確にする。,改稿レビュー待ち,"共通レビュー文: sheer, conviction, backing, institutional"
1582,backing,支持；後援,"Replace ""backing"" with a clearer phrase if needed.",必要なら「backing」をより明確な表現に置き換える。,"Clarify ""sheer"", ""conviction"", ""backing"", and ""institutional"" in the glossary.",用語集で「sheer」、「conviction」、「backing」、「institutional」を明確にする。,改稿レビュー待ち,"共通レビュー文: sheer, conviction, backing, institutional"
1583,institutional,制度的な；機関の,The institutional option needs a clearer label.,institutionalの選択肢には、より明確なラベルが必要だ。,"Clarify ""sheer"", ""conviction"", ""backing"", and ""institutional"" in the glossary.",用語集で「sheer」、「conviction」、「backing」、「institutional」を明確にする。,改稿レビュー待ち,"共通レビュー文: sheer, conviction, backing, institutional"
1584,tremendous,ものすごい；素晴らしい,The tremendous option needs a clearer label.,tremendousの選択肢には、より明確なラベルが必要だ。,"Clarify ""tremendous"", ""generate"", ""spectacular"", and ""controversy"" in the glossary.",用語集で「tremendous」、「generate」、「spectacular」、「controversy」を明確にする。,改稿レビュー待ち,"共通レビュー文: tremendous, generate, spectacular, controversy"
1586,generate,生み出す,"Replace ""generate"" with a clearer phrase if needed.",必要なら「generate」をより明確な表現に置き換える。,"Clarify ""tremendous"", ""generate"", ""spectacular"", and ""controversy"" in the glossary.",用語集で「tremendous」、「generate」、「spectacular」、「controversy」を明確にする。,改稿レビュー待ち,"共通レビュー文: tremendous, generate, spectacular, controversy"
1588,spectacular,壮観な；目覚ましい,"Replace ""spectacular"" with a clearer phrase if needed.",必要なら「spectacular」をより明確な表現に置き換える。,"Clarify ""tremendous"", ""generate"", ""spectacular"", and ""controversy"" in the glossary.",用語集で「tremendous」、「generate」、「spectacular」、「controversy」を明確にする。,改稿レビュー待ち,"共通レビュー文: tremendous, generate, spectacular, controversy"
1589,controversy,論争；論争的な問題,"Replace ""controversy"" with a clearer phrase if needed.",必要なら「controversy」をより明確な表現に置き換える。,"Clarify ""tremendous"", ""generate"", ""spectacular"", and ""controversy"" in the glossary.",用語集で「tremendous」、「generate」、「spectacular」、「controversy」を明確にする。,改稿レビュー待ち,"共通レビュー文: tremendous, generate, spectacular, controversy"
1590,comparable,匹敵する；同等の,The comparable option needs a clearer label.,comparableの選択肢には、より明確なラベルが必要だ。,"Clarify ""comparable"", ""successive"", ""continental"", and ""foster"" in the glossary.",用語集で「comparable」、「successive」、「continental」、「foster」を明確にする。,改稿レビュー待ち,"共通レビュー文: comparable, successive, continental, foster"
1591,successive,連続した；次々の,The successive option needs a clearer label.,successiveの選択肢には、より明確なラベルが必要だ。,"Clarify ""comparable"", ""successive"", ""continental"", and ""foster"" in the glossary.",用語集で「comparable」、「successive」、「continental」、「foster」を明確にする。,改稿レビュー待ち,"共通レビュー文: comparable, successive, continental, foster"
1592,continental,大陸の,The continental option needs a clearer label.,continentalの選択肢には、より明確なラベルが必要だ。,"Clarify ""comparable"", ""successive"", ""continental"", and ""foster"" in the glossary.",用語集で「comparable」、「successive」、「continental」、「foster」を明確にする。,改稿レビュー待ち,"共通レビュー文: comparable, successive, continental, foster"
1593,foster,育てる；促進する,"Replace ""foster"" with a clearer phrase if needed.",必要なら「foster」をより明確な表現に置き換える。,"Clarify ""comparable"", ""successive"", ""continental"", and ""foster"" in the glossary.",用語集で「comparable」、「successive」、「continental」、「foster」を明確にする。,改稿レビュー待ち,"共通レビュー文: comparable, successive, continental, foster"
1594,circular,循環する；円形の,"Replace ""circular"" with a clearer phrase if needed.",必要なら「circular」をより明確な表現に置き換える。,"Clarify ""circular"", ""gathering"", ""duration"", and ""terminal"" in the glossary.",用語集で「circular」、「gathering」、「duration」、「terminal」を明確にする。,改稿レビュー待ち,"共通レビュー文: circular, gathering, duration, terminal"
1595,gathering,集まり；収穫,"Replace ""gathering"" with a clearer phrase if needed.",必要なら「gathering」をより明確な表現に置き換える。,"Clarify ""circular"", ""gathering"", ""duration"", and ""terminal"" in the glossary.",用語集で「circular」、「gathering」、「duration」、「terminal」を明確にする。,改稿レビュー待ち,"共通レビュー文: circular, gathering, duration, terminal"
1596,duration,継続期間；持続時間,Clarify the duration before the next review.,次のレビュー前にdurationを明確にする。,"Clarify ""circular"", ""gathering"", ""duration"", and ""terminal"" in the glossary.",用語集で「circular」、「gathering」、「duration」、「terminal」を明確にする。,改稿レビュー待ち,"共通レビュー文: circular, gathering, duration, terminal"
1597,terminal,末期の；終着駅,The terminal option needs a clearer label.,terminalの選択肢には、より明確なラベルが必要だ。,"Clarify ""circular"", ""gathering"", ""duration"", and ""terminal"" in the glossary.",用語集で「circular」、「gathering」、「duration」、「terminal」を明確にする。,改稿レビュー待ち,"共通レビュー文: circular, gathering, duration, terminal"
1598,genetic,遺伝的な,The genetic option needs a clearer label.,geneticの選択肢には、より明確なラベルが必要だ。,"Clarify ""genetic"", ""forum"", ""fraud"", and ""intensive"" in the glossary.",用語集で「genetic」、「forum」、「fraud」、「intensive」を明確にする。,改稿レビュー待ち,"共通レビュー文: genetic, forum, fraud, intensive"
1599,forum,討論会；掲示板,"Replace ""forum"" with a clearer phrase if needed.",必要なら「forum」をより明確な表現に置き換える。,"Clarify ""genetic"", ""forum"", ""fraud"", and ""intensive"" in the glossary.",用語集で「genetic」、「forum」、「fraud」、「intensive」を明確にする。,改稿レビュー待ち,"共通レビュー文: genetic, forum, fraud, intensive"
1600,fraud,詐欺；不正,"Replace ""fraud"" with a clearer phrase if needed.",必要なら「fraud」をより明確な表現に置き換える。,"Clarify ""genetic"", ""forum"", ""fraud"", and ""intensive"" in the glossary.",用語集で「genetic」、「forum」、「fraud」、「intensive」を明確にする。,改稿レビュー待ち,"共通レビュー文: genetic, forum, fraud, intensive"
1601,intensive,集中的な；徹底的な,The intensive option needs a clearer label.,intensiveの選択肢には、より明確なラベルが必要だ。,"Clarify ""genetic"", ""forum"", ""fraud"", and ""intensive"" in the glossary.",用語集で「genetic」、「forum」、「fraud」、「intensive」を明確にする。,改稿レビュー待ち,"共通レビュー文: genetic, forum, fraud, intensive"
1602,terrace,テラス；段地,"Replace ""terrace"" with a clearer phrase if needed.",必要なら「terrace」をより明確な表現に置き換える。,"Clarify ""terrace"", ""decent"", ""subtle"", and ""subsidiary"" in the glossary.",用語集で「terrace」、「decent」、「subtle」、「subsidiary」を明確にする。,改稿レビュー待ち,"共通レビュー文: terrace, decent, subtle, subsidiary"
1603,decent,まともな；適切な,"Replace ""decent"" with a clearer phrase if needed.",必要なら「decent」をより明確な表現に置き換える。,"Clarify ""terrace"", ""decent"", ""subtle"", and ""subsidiary"" in the glossary.",用語集で「terrace」、「decent」、「subtle」、「subsidiary」を明確にする。,改稿レビュー待ち,"共通レビュー文: terrace, decent, subtle, subsidiary"
1604,subtle,微妙な；繊細な,"Replace ""subtle"" with a clearer phrase if needed.",必要なら「subtle」をより明確な表現に置き換える。,"Clarify ""terrace"", ""decent"", ""subtle"", and ""subsidiary"" in the glossary.",用語集で「terrace」、「decent」、「subtle」、「subsidiary」を明確にする。,改稿レビュー待ち,"共通レビュー文: terrace, decent, subtle, subsidiary"
1606,subsidiary,補助的な；子会社,"Replace ""subsidiary"" with a clearer phrase if needed.",必要なら「subsidiary」をより明確な表現に置き換える。,"Clarify ""terrace"", ""decent"", ""subtle"", and ""subsidiary"" in the glossary.",用語集で「terrace」、「decent」、「subtle」、「subsidiary」を明確にする。,改稿レビュー待ち,"共通レビュー文: terrace, decent, subtle, subsidiary"
1607,commonwealth,連邦；共和国,"Replace ""commonwealth"" with a clearer phrase if needed.",必要なら「commonwealth」をより明確な表現に置き換える。,"Clarify ""commonwealth"", ""simultaneously"", ""exceptional"", and ""enquiry"" in the glossary.",用語集で「commonwealth」、「simultaneously」、「exceptional」、「enquiry」を明確にする。,改稿レビュー待ち,"共通レビュー文: commonwealth, simultaneously, exceptional, enquiry"
1608,simultaneously,同時に,"Use ""simultaneously"" carefully in helper text.",ヘルプ文では「simultaneously」を慎重に使う。,"Clarify ""commonwealth"", ""simultaneously"", ""exceptional"", and ""enquiry"" in the glossary.",用語集で「commonwealth」、「simultaneously」、「exceptional」、「enquiry」を明確にする。,改稿レビュー待ち,"共通レビュー文: commonwealth, simultaneously, exceptional, enquiry"
1609,exceptional,例外的な；並外れた,The exceptional option needs a clearer label.,exceptionalの選択肢には、より明確なラベルが必要だ。,"Clarify ""commonwealth"", ""simultaneously"", ""exceptional"", and ""enquiry"" in the glossary.",用語集で「commonwealth」、「simultaneously」、「exceptional」、「enquiry」を明確にする。,改稿レビュー待ち,"共通レビュー文: commonwealth, simultaneously, exceptional, enquiry"
1610,enquiry,問い合わせ；調査,"Replace ""enquiry"" with a clearer phrase if needed.",必要なら「enquiry」をより明確な表現に置き換える。,"Clarify ""commonwealth"", ""simultaneously"", ""exceptional"", and ""enquiry"" in the glossary.",用語集で「commonwealth」、「simultaneously」、「exceptional」、「enquiry」を明確にする。,改稿レビュー待ち,"共通レビュー文: commonwealth, simultaneously, exceptional, enquiry"
1611,diagnosis,診断,"Replace ""diagnosis"" with a clearer phrase if needed.",必要なら「diagnosis」をより明確な表現に置き換える。,"Clarify ""diagnosis"", ""theft"", ""compulsory"", and ""supervision"" in the glossary.",用語集で「diagnosis」、「theft」、「compulsory」、「supervision」を明確にする。,改稿レビュー待ち,"共通レビュー文: diagnosis, theft, compulsory, supervision"
1612,theft,盗難；盗み,"Replace ""theft"" with a clearer phrase if needed.",必要なら「theft」をより明確な表現に置き換える。,"Clarify ""diagnosis"", ""theft"", ""compulsory"", and ""supervision"" in the glossary.",用語集で「diagnosis」、「theft」、「compulsory」、「supervision」を明確にする。,改稿レビュー待ち,"共通レビュー文: diagnosis, theft, compulsory, supervision"
1613,compulsory,強制的な；義務的な,"Replace ""compulsory"" with a clearer phrase if needed.",必要なら「compulsory」をより明確な表現に置き換える。,"Clarify ""diagnosis"", ""theft"", ""compulsory"", and ""supervision"" in the glossary.",用語集で「diagnosis」、「theft」、「compulsory」、「supervision」を明確にする。,改稿レビュー待ち,"共通レビュー文: diagnosis, theft, compulsory, supervision"
1615,supervision,監督；管理,Clarify the supervision before the next review.,次のレビュー前にsupervisionを明確にする。,"Clarify ""diagnosis"", ""theft"", ""compulsory"", and ""supervision"" in the glossary.",用語集で「diagnosis」、「theft」、「compulsory」、「supervision」を明確にする。,改稿レビュー待ち,"共通レビュー文: diagnosis, theft, compulsory, supervision"
1616,narrative,物語；語り,The narrative option needs a clearer label.,narrativeの選択肢には、より明確なラベルが必要だ。,"Clarify ""narrative"", ""domain"", ""prior"", and ""metropolitan"" in the glossary.",用語集で「narrative」、「domain」、「prior」、「metropolitan」を明確にする。,改稿レビュー待ち,"共通レビュー文: narrative, domain, prior, metropolitan"
1617,domain,分野；領域；ドメイン,"Replace ""domain"" with a clearer phrase if needed.",必要なら「domain」をより明確な表現に置き換える。,"Clarify ""narrative"", ""domain"", ""prior"", and ""metropolitan"" in the glossary.",用語集で「narrative」、「domain」、「prior」、「metropolitan」を明確にする。,改稿レビュー待ち,"共通レビュー文: narrative, domain, prior, metropolitan"
1618,prior,前の；優先する,"Replace ""prior"" with a clearer phrase if needed.",必要なら「prior」をより明確な表現に置き換える。,"Clarify ""narrative"", ""domain"", ""prior"", and ""metropolitan"" in the glossary.",用語集で「narrative」、「domain」、「prior」、「metropolitan」を明確にする。,改稿レビュー待ち,"共通レビュー文: narrative, domain, prior, metropolitan"
1619,metropolitan,大都市の；首都の,"Replace ""metropolitan"" with a clearer phrase if needed.",必要なら「metropolitan」をより明確な表現に置き換える。,"Clarify ""narrative"", ""domain"", ""prior"", and ""metropolitan"" in the glossary.",用語集で「narrative」、「domain」、「prior」、「metropolitan」を明確にする。,改稿レビュー待ち,"共通レビュー文: narrative, domain, prior, metropolitan"
1620,dose,服用量；一定量,"Replace ""dose"" with a clearer phrase if needed.",必要なら「dose」をより明確な表現に置き換える。,"Clarify ""dose"", ""monopoly"", ""fluid"", and ""accessible"" in the glossary.",用語集で「dose」、「monopoly」、「fluid」、「accessible」を明確にする。,改稿レビュー待ち,"共通レビュー文: dose, monopoly, fluid, accessible"
1621,monopoly,独占；専売,"Use ""monopoly"" carefully in helper text.",ヘルプ文では「monopoly」を慎重に使う。,"Clarify ""dose"", ""monopoly"", ""fluid"", and ""accessible"" in the glossary.",用語集で「dose」、「monopoly」、「fluid」、「accessible」を明確にする。,改稿レビュー待ち,"共通レビュー文: dose, monopoly, fluid, accessible"
1622,fluid,流動体；流動的な,"Replace ""fluid"" with a clearer phrase if needed.",必要なら「fluid」をより明確な表現に置き換える。,"Clarify ""dose"", ""monopoly"", ""fluid"", and ""accessible"" in the glossary.",用語集で「dose」、「monopoly」、「fluid」、「accessible」を明確にする。,改稿レビュー待ち,"共通レビュー文: dose, monopoly, fluid, accessible"
1624,accessible,アクセスしやすい,The accessible option needs a clearer label.,accessibleの選択肢には、より明確なラベルが必要だ。,"Clarify ""dose"", ""monopoly"", ""fluid"", and ""accessible"" in the glossary.",用語集で「dose」、「monopoly」、「fluid」、「accessible」を明確にする。,改稿レビュー待ち,"共通レビュー文: dose, monopoly, fluid, accessible"
1625,hostile,敵対的な,"Replace ""hostile"" with a clearer phrase if needed.",必要なら「hostile」をより明確な表現に置き換える。,"Clarify ""hostile"", ""prey"", ""dimension"", and ""worship"" in the glossary.",用語集で「hostile」、「prey」、「dimension」、「worship」を明確にする。,改稿レビュー待ち,"共通レビュー文: hostile, prey, dimension, worship"
1626,prey,獲物；餌食,"Replace ""prey"" with a clearer phrase if needed.",必要なら「prey」をより明確な表現に置き換える。,"Clarify ""hostile"", ""prey"", ""dimension"", and ""worship"" in the glossary.",用語集で「hostile」、「prey」、「dimension」、「worship」を明確にする。,改稿レビュー待ち,"共通レビュー文: hostile, prey, dimension, worship"
1627,dimension,次元；側面,Clarify the dimension before the next review.,次のレビュー前にdimensionを明確にする。,"Clarify ""hostile"", ""prey"", ""dimension"", and ""worship"" in the glossary.",用語集で「hostile」、「prey」、「dimension」、「worship」を明確にする。,改稿レビュー待ち,"共通レビュー文: hostile, prey, dimension, worship"
1628,worship,を崇拝する；礼拝,"Replace ""worship"" with a clearer phrase if needed.",必要なら「worship」をより明確な表現に置き換える。,"Clarify ""hostile"", ""prey"", ""dimension"", and ""worship"" in the glossary.",用語集で「hostile」、「prey」、「dimension」、「worship」を明確にする。,改稿レビュー待ち,"共通レビュー文: hostile, prey, dimension, worship"
1629,forthcoming,近刊の；協力的な,"Replace ""forthcoming"" with a clearer phrase if needed.",必要なら「forthcoming」をより明確な表現に置き換える。,"Clarify ""forthcoming"", ""elaborate"", ""fitness"", and ""magnetic"" in the glossary.",用語集で「forthcoming」、「elaborate」、「fitness」、「magnetic」を明確にする。,改稿レビュー待ち,"共通レビュー文: forthcoming, elaborate, fitness, magnetic"
1630,elaborate,精巧な；詳しく述べる,"Replace ""elaborate"" with a clearer phrase if needed.",必要なら「elaborate」をより明確な表現に置き換える。,"Clarify ""forthcoming"", ""elaborate"", ""fitness"", and ""magnetic"" in the glossary.",用語集で「forthcoming」、「elaborate」、「fitness」、「magnetic」を明確にする。,改稿レビュー待ち,"共通レビュー文: forthcoming, elaborate, fitness, magnetic"
1631,fitness,健康；適切さ,Clarify the fitness before the next review.,次のレビュー前にfitnessを明確にする。,"Clarify ""forthcoming"", ""elaborate"", ""fitness"", and ""magnetic"" in the glossary.",用語集で「forthcoming」、「elaborate」、「fitness」、「magnetic」を明確にする。,改稿レビュー待ち,"共通レビュー文: forthcoming, elaborate, fitness, magnetic"
1633,magnetic,磁気の；魅力的な,The magnetic option needs a clearer label.,magneticの選択肢には、より明確なラベルが必要だ。,"Clarify ""forthcoming"", ""elaborate"", ""fitness"", and ""magnetic"" in the glossary.",用語集で「forthcoming」、「elaborate」、「fitness」、「magnetic」を明確にする。,改稿レビュー待ち,"共通レビュー文: forthcoming, elaborate, fitness, magnetic"
1634,verbal,言語の；口頭の,The verbal option needs a clearer label.,verbalの選択肢には、より明確なラベルが必要だ。,"Clarify ""verbal"", ""awkward"", ""circulation"", and ""virus"" in the glossary.",用語集で「verbal」、「awkward」、「circulation」、「virus」を明確にする。,改稿レビュー待ち,"共通レビュー文: verbal, awkward, circulation, virus"
1635,awkward,ぎこちない；困難な,"Replace ""awkward"" with a clearer phrase if needed.",必要なら「awkward」をより明確な表現に置き換える。,"Clarify ""verbal"", ""awkward"", ""circulation"", and ""virus"" in the glossary.",用語集で「verbal」、「awkward」、「circulation」、「virus」を明確にする。,改稿レビュー待ち,"共通レビュー文: verbal, awkward, circulation, virus"
1636,circulation,循環；流通,Clarify the circulation before the next review.,次のレビュー前にcirculationを明確にする。,"Clarify ""verbal"", ""awkward"", ""circulation"", and ""virus"" in the glossary.",用語集で「verbal」、「awkward」、「circulation」、「virus」を明確にする。,改稿レビュー待ち,"共通レビュー文: verbal, awkward, circulation, virus"
1637,virus,ウイルス,"Replace ""virus"" with a clearer phrase if needed.",必要なら「virus」をより明確な表現に置き換える。,"Clarify ""verbal"", ""awkward"", ""circulation"", and ""virus"" in the glossary.",用語集で「verbal」、「awkward」、「circulation」、「virus」を明確にする。,改稿レビュー待ち,"共通レビュー文: verbal, awkward, circulation, virus"
1638,fraction,分数；一部,Clarify the fraction before the next review.,次のレビュー前にfractionを明確にする。,"Clarify ""fraction"", ""extract"", ""tourism"", and ""acknowledge"" in the glossary.",用語集で「fraction」、「extract」、「tourism」、「acknowledge」を明確にする。,改稿レビュー待ち,"共通レビュー文: fraction, extract, tourism, acknowledge"
1639,extract,抽出する；引き出す,"Replace ""extract"" with a clearer phrase if needed.",必要なら「extract」をより明確な表現に置き換える。,"Clarify ""fraction"", ""extract"", ""tourism"", and ""acknowledge"" in the glossary.",用語集で「fraction」、「extract」、「tourism」、「acknowledge」を明確にする。,改稿レビュー待ち,"共通レビュー文: fraction, extract, tourism, acknowledge"
1640,tourism,観光業,"Replace ""tourism"" with a clearer phrase if needed.",必要なら「tourism」をより明確な表現に置き換える。,"Clarify ""fraction"", ""extract"", ""tourism"", and ""acknowledge"" in the glossary.",用語集で「fraction」、「extract」、「tourism」、「acknowledge」を明確にする。,改稿レビュー待ち,"共通レビュー文: fraction, extract, tourism, acknowledge"
1641,acknowledge,認識する；感謝する,"Replace ""acknowledge"" with a clearer phrase if needed.",必要なら「acknowledge」をより明確な表現に置き換える。,"Clarify ""fraction"", ""extract"", ""tourism"", and ""acknowledge"" in the glossary.",用語集で「fraction」、「extract」、「tourism」、「acknowledge」を明確にする。,改稿レビュー待ち,"共通レビュー文: fraction, extract, tourism, acknowledge"
1642,worthwhile,やりがいのある；価値のある,"Replace ""worthwhile"" with a clearer phrase if needed.",必要なら「worthwhile」をより明確な表現に置き換える。,"Clarify ""worthwhile"", ""distress"", ""stimulus"", and ""ritual"" in the glossary.",用語集で「worthwhile」、「distress」、「stimulus」、「ritual」を明確にする。,改稿レビュー待ち,"共通レビュー文: worthwhile, distress, stimulus, ritual"
1643,distress,苦悩；苦痛；を苦しめる,"Replace ""distress"" with a clearer phrase if needed.",必要なら「distress」をより明確な表現に置き換える。,"Clarify ""worthwhile"", ""distress"", ""stimulus"", and ""ritual"" in the glossary.",用語集で「worthwhile」、「distress」、「stimulus」、「ritual」を明確にする。,改稿レビュー待ち,"共通レビュー文: worthwhile, distress, stimulus, ritual"
1644,stimulus,刺激；促進要因,"Replace ""stimulus"" with a clearer phrase if needed.",必要なら「stimulus」をより明確な表現に置き換える。,"Clarify ""worthwhile"", ""distress"", ""stimulus"", and ""ritual"" in the glossary.",用語集で「worthwhile」、「distress」、「stimulus」、「ritual」を明確にする。,改稿レビュー待ち,"共通レビュー文: worthwhile, distress, stimulus, ritual"
1645,ritual,儀式；慣例,The ritual option needs a clearer label.,ritualの選択肢には、より明確なラベルが必要だ。,"Clarify ""worthwhile"", ""distress"", ""stimulus"", and ""ritual"" in the glossary.",用語集で「worthwhile」、「distress」、「stimulus」、「ritual」を明確にする。,改稿レビュー待ち,"共通レビュー文: worthwhile, distress, stimulus, ritual"
1646,supplement,補う；サプリメント,Clarify the supplement before the next review.,次のレビュー前にsupplementを明確にする。,"Clarify ""supplement"", ""fortnight"", ""enhance"", and ""profound"" in the glossary.",用語集で「supplement」、「fortnight」、「enhance」、「profound」を明確にする。,改稿レビュー待ち,"共通レビュー文: supplement, fortnight, enhance, profound"
1647,fortnight,2週間,"Replace ""fortnight"" with a clearer phrase if needed.",必要なら「fortnight」をより明確な表現に置き換える。,"Clarify ""supplement"", ""fortnight"", ""enhance"", and ""profound"" in the glossary.",用語集で「supplement」、「fortnight」、「enhance」、「profound」を明確にする。,改稿レビュー待ち,"共通レビュー文: supplement, fortnight, enhance, profound"
1648,enhance,高める；向上させる,Clarify the enhance before the next review.,次のレビュー前にenhanceを明確にする。,"Clarify ""supplement"", ""fortnight"", ""enhance"", and ""profound"" in the glossary.",用語集で「supplement」、「fortnight」、「enhance」、「profound」を明確にする。,改稿レビュー待ち,"共通レビュー文: supplement, fortnight, enhance, profound"
1649,profound,深い；重大な,"Replace ""profound"" with a clearer phrase if needed.",必要なら「profound」をより明確な表現に置き換える。,"Clarify ""supplement"", ""fortnight"", ""enhance"", and ""profound"" in the glossary.",用語集で「supplement」、「fortnight」、「enhance」、「profound」を明確にする。,改稿レビュー待ち,"共通レビュー文: supplement, fortnight, enhance, profound"
1650,rigid,厳格な；硬い,"Replace ""rigid"" with a clearer phrase if needed.",必要なら「rigid」をより明確な表現に置き換える。,"Clarify ""rigid"", ""bias"", ""beneficial"", and ""proposition"" in the glossary.",用語集で「rigid」、「bias」、「beneficial」、「proposition」を明確にする。,改稿レビュー待ち,"共通レビュー文: rigid, bias, beneficial, proposition"
1651,insight,洞察；理解,Turn interview notes into clear insights.,インタビューメモを明確な洞察に変える。,Turn interview notes into clear insights.,インタビューメモを明確な洞察に変える。,改稿レビュー待ち,"共通例文: interview, insight"
1652,bias,偏見；バイアス,"Replace ""bias"" with a clearer phrase if needed.",必要なら「bias」をより明確な表現に置き換える。,"Clarify ""rigid"", ""bias"", ""beneficial"", and ""proposition"" in the glossary.",用語集で「rigid」、「bias」、「beneficial」、「proposition」を明確にする。,改稿レビュー待ち,"共通レビュー文: rigid, bias, beneficial, proposition"
1653,beneficial,有益な；ためになる,The beneficial option needs a clearer label.,beneficialの選択肢には、より明確なラベルが必要だ。,"Clarify ""rigid"", ""bias"", ""beneficial"", and ""proposition"" in the glossary.",用語集で「rigid」、「bias」、「beneficial」、「proposition」を明確にする。,改稿レビュー待ち,"共通レビュー文: rigid, bias, beneficial, proposition"
1654,proposition,提案；命題,Clarify the proposition before the next review.,次のレビュー前にpropositionを明確にする。,"Clarify ""rigid"", ""bias"", ""beneficial"", and ""proposition"" in the glossary.",用語集で「rigid」、「bias」、「beneficial」、「proposition」を明確にする。,改稿レビュー待ち,"共通レビュー文: rigid, bias, beneficial, proposition"
1655,accommodate,適応する；収容する,"Replace ""accommodate"" with a clearer phrase if needed.",必要なら「accommodate」をより明確な表現に置き換える。,"Clarify ""accommodate"", ""divine"", ""neighbouring"", and ""applicant"" in the glossary.",用語集で「accommodate」、「divine」、「neighbouring」、「applicant」を明確にする。,改稿レビュー待ち,"共通レビュー文: accommodate, divine, neighbouring, applicant"
1656,divine,神聖な；を予言する,"Replace ""divine"" with a clearer phrase if needed.",必要なら「divine」をより明確な表現に置き換える。,"Clarify ""accommodate"", ""divine"", ""neighbouring"", and ""applicant"" in the glossary.",用語集で「accommodate」、「divine」、「neighbouring」、「applicant」を明確にする。,改稿レビュー待ち,"共通レビュー文: accommodate, divine, neighbouring, applicant"
1658,neighbouring,隣接する,"Replace ""neighbouring"" with a clearer phrase if needed.",必要なら「neighbouring」をより明確な表現に置き換える。,"Clarify ""accommodate"", ""divine"", ""neighbouring"", and ""applicant"" in the glossary.",用語集で「accommodate」、「divine」、「neighbouring」、「applicant」を明確にする。,改稿レビュー待ち,"共通レビュー文: accommodate, divine, neighbouring, applicant"
1659,applicant,志願者；応募者,"Replace ""applicant"" with a clearer phrase if needed.",必要なら「applicant」をより明確な表現に置き換える。,"Clarify ""accommodate"", ""divine"", ""neighbouring"", and ""applicant"" in the glossary.",用語集で「accommodate」、「divine」、「neighbouring」、「applicant」を明確にする。,改稿レビュー待ち,"共通レビュー文: accommodate, divine, neighbouring, applicant"
1660,certainty,確実性；確信,"Replace ""certainty"" with a clearer phrase if needed.",必要なら「certainty」をより明確な表現に置き換える。,"Clarify ""certainty"", ""crude"", ""prospective"", and ""clash"" in the glossary.",用語集で「certainty」、「crude」、「prospective」、「clash」を明確にする。,改稿レビュー待ち,"共通レビュー文: certainty, crude, prospective, clash"
1661,crude,粗雑な；原油,"Replace ""crude"" with a clearer phrase if needed.",必要なら「crude」をより明確な表現に置き換える。,"Clarify ""certainty"", ""crude"", ""prospective"", and ""clash"" in the glossary.",用語集で「certainty」、「crude」、「prospective」、「clash」を明確にする。,改稿レビュー待ち,"共通レビュー文: certainty, crude, prospective, clash"
1662,prospective,将来の；見込みのある,The prospective option needs a clearer label.,prospectiveの選択肢には、より明確なラベルが必要だ。,"Clarify ""certainty"", ""crude"", ""prospective"", and ""clash"" in the glossary.",用語集で「certainty」、「crude」、「prospective」、「clash」を明確にする。,改稿レビュー待ち,"共通レビュー文: certainty, crude, prospective, clash"
1663,clash,衝突する；激突,"Replace ""clash"" with a clearer phrase if needed.",必要なら「clash」をより明確な表現に置き換える。,"Clarify ""certainty"", ""crude"", ""prospective"", and ""clash"" in the glossary.",用語集で「certainty」、「crude」、「prospective」、「clash」を明確にする。,改稿レビュー待ち,"共通レビュー文: certainty, crude, prospective, clash"
1664,objection,反対；異議,Clarify the objection before the next review.,次のレビュー前にobjectionを明確にする。,"Clarify ""objection"", ""diverse"", ""inherent"", and ""incentive"" in the glossary.",用語集で「objection」、「diverse」、「inherent」、「incentive」を明確にする。,改稿レビュー待ち,"共通レビュー文: objection, diverse, inherent, incentive"
1665,diverse,多様な,"Replace ""diverse"" with a clearer phrase if needed.",必要なら「diverse」をより明確な表現に置き換える。,"Clarify ""objection"", ""diverse"", ""inherent"", and ""incentive"" in the glossary.",用語集で「objection」、「diverse」、「inherent」、「incentive」を明確にする。,改稿レビュー待ち,"共通レビュー文: objection, diverse, inherent, incentive"
1667,inherent,固有の；本質的な,"Replace ""inherent"" with a clearer phrase if needed.",必要なら「inherent」をより明確な表現に置き換える。,"Clarify ""objection"", ""diverse"", ""inherent"", and ""incentive"" in the glossary.",用語集で「objection」、「diverse」、「inherent」、「incentive」を明確にする。,改稿レビュー待ち,"共通レビュー文: objection, diverse, inherent, incentive"
1668,incentive,誘因；動機付け,The incentive option needs a clearer label.,incentiveの選択肢には、より明確なラベルが必要だ。,"Clarify ""objection"", ""diverse"", ""inherent"", and ""incentive"" in the glossary.",用語集で「objection」、「diverse」、「inherent」、「incentive」を明確にする。,改稿レビュー待ち,"共通レビュー文: objection, diverse, inherent, incentive"
1669,selective,選択的な,The selective option needs a clearer label.,selectiveの選択肢には、より明確なラベルが必要だ。,"Clarify ""selective"", ""nonetheless"", ""ridge"", and ""counsel"" in the glossary.",用語集で「selective」、「nonetheless」、「ridge」、「counsel」を明確にする。,改稿レビュー待ち,"共通レビュー文: selective, nonetheless, ridge, counsel"
1670,nonetheless,それにもかかわらず,The nonetheless option needs a clearer label.,nonethelessの選択肢には、より明確なラベルが必要だ。,"Clarify ""selective"", ""nonetheless"", ""ridge"", and ""counsel"" in the glossary.",用語集で「selective」、「nonetheless」、「ridge」、「counsel」を明確にする。,改稿レビュー待ち,"共通レビュー文: selective, nonetheless, ridge, counsel"
1671,ridge,尾根；隆起,"Replace ""ridge"" with a clearer phrase if needed.",必要なら「ridge」をより明確な表現に置き換える。,"Clarify ""selective"", ""nonetheless"", ""ridge"", and ""counsel"" in the glossary.",用語集で「selective」、「nonetheless」、「ridge」、「counsel」を明確にする。,改稿レビュー待ち,"共通レビュー文: selective, nonetheless, ridge, counsel"
1672,counsel,助言；弁護士,"Replace ""counsel"" with a clearer phrase if needed.",必要なら「counsel」をより明確な表現に置き換える。,"Clarify ""selective"", ""nonetheless"", ""ridge"", and ""counsel"" in the glossary.",用語集で「selective」、「nonetheless」、「ridge」、「counsel」を明確にする。,改稿レビュー待ち,"共通レビュー文: selective, nonetheless, ridge, counsel"
1673,handicap,ハンディキャップ；不利な条件,"Replace ""handicap"" with a clearer phrase if needed.",必要なら「handicap」をより明確な表現に置き換える。,"Clarify ""handicap"", ""lasting"", ""continuity"", and ""diameter"" in the glossary.",用語集で「handicap」、「lasting」、「continuity」、「diameter」を明確にする。,改稿レビュー待ち,"共通レビュー文: handicap, lasting, continuity, diameter"
1674,lasting,永続的な；長続きする,"Replace ""lasting"" with a clearer phrase if needed.",必要なら「lasting」をより明確な表現に置き換える。,"Clarify ""handicap"", ""lasting"", ""continuity"", and ""diameter"" in the glossary.",用語集で「handicap」、「lasting」、「continuity」、「diameter」を明確にする。,改稿レビュー待ち,"共通レビュー文: handicap, lasting, continuity, diameter"
1675,continuity,連続性；継続性,Clarify the continuity before the next review.,次のレビュー前にcontinuityを明確にする。,"Clarify ""handicap"", ""lasting"", ""continuity"", and ""diameter"" in the glossary.",用語集で「handicap」、「lasting」、「continuity」、「diameter」を明確にする。,改稿レビュー待ち,"共通レビュー文: handicap, lasting, continuity, diameter"
1676,diameter,直径,"Replace ""diameter"" with a clearer phrase if needed.",必要なら「diameter」をより明確な表現に置き換える。,"Clarify ""handicap"", ""lasting"", ""continuity"", and ""diameter"" in the glossary.",用語集で「handicap」、「lasting」、「continuity」、「diameter」を明確にする。,改稿レビュー待ち,"共通レビュー文: handicap, lasting, continuity, diameter"
1677,faculty,能力；学部；教員,"Replace ""faculty"" with a clearer phrase if needed.",必要なら「faculty」をより明確な表現に置き換える。,"Clarify ""faculty"", ""competent"", ""persistent"", and ""probe"" in the glossary.",用語集で「faculty」、「competent」、「persistent」、「probe」を明確にする。,改稿レビュー待ち,"共通レビュー文: faculty, competent, persistent, probe"
1678,competent,有能な,"Replace ""competent"" with a clearer phrase if needed.",必要なら「competent」をより明確な表現に置き換える。,"Clarify ""faculty"", ""competent"", ""persistent"", and ""probe"" in the glossary.",用語集で「faculty」、「competent」、「persistent」、「probe」を明確にする。,改稿レビュー待ち,"共通レビュー文: faculty, competent, persistent, probe"
1679,persistent,執拗な；持続的な,"Replace ""persistent"" with a clearer phrase if needed.",必要なら「persistent」をより明確な表現に置き換える。,"Clarify ""faculty"", ""competent"", ""persistent"", and ""probe"" in the glossary.",用語集で「faculty」、「competent」、「persistent」、「probe」を明確にする。,改稿レビュー待ち,"共通レビュー文: faculty, competent, persistent, probe"
1680,probe,を調査する；探針,"Replace ""probe"" with a clearer phrase if needed.",必要なら「probe」をより明確な表現に置き換える。,"Clarify ""faculty"", ""competent"", ""persistent"", and ""probe"" in the glossary.",用語集で「faculty」、「competent」、「persistent」、「probe」を明確にする。,改稿レビュー待ち,"共通レビュー文: faculty, competent, persistent, probe"
1681,gravity,重力；重大さ,Clarify the gravity before the next review.,次のレビュー前にgravityを明確にする。,"Clarify ""gravity"", ""obscure"", ""intimate"", and ""warrant"" in the glossary.",用語集で「gravity」、「obscure」、「intimate」、「warrant」を明確にする。,改稿レビュー待ち,"共通レビュー文: gravity, obscure, intimate, warrant"
1683,obscure,不明瞭にする,"Replace ""obscure"" with a clearer phrase if needed.",必要なら「obscure」をより明確な表現に置き換える。,"Clarify ""gravity"", ""obscure"", ""intimate"", and ""warrant"" in the glossary.",用語集で「gravity」、「obscure」、「intimate」、「warrant」を明確にする。,改稿レビュー待ち,"共通レビュー文: gravity, obscure, intimate, warrant"
1685,intimate,親密な；打ち明ける,"Replace ""intimate"" with a clearer phrase if needed.",必要なら「intimate」をより明確な表現に置き換える。,"Clarify ""gravity"", ""obscure"", ""intimate"", and ""warrant"" in the glossary.",用語集で「gravity」、「obscure」、「intimate」、「warrant」を明確にする。,改稿レビュー待ち,"共通レビュー文: gravity, obscure, intimate, warrant"
1686,warrant,を正当化する；令状,"Replace ""warrant"" with a clearer phrase if needed.",必要なら「warrant」をより明確な表現に置き換える。,"Clarify ""gravity"", ""obscure"", ""intimate"", and ""warrant"" in the glossary.",用語集で「gravity」、「obscure」、「intimate」、「warrant」を明確にする。,改稿レビュー待ち,"共通レビュー文: gravity, obscure, intimate, warrant"
1687,motorway,高速道路,"Replace ""motorway"" with a clearer phrase if needed.",必要なら「motorway」をより明確な表現に置き換える。,"Clarify ""motorway"", ""blast"", ""ethical"", and ""reasoning"" in the glossary.",用語集で「motorway」、「blast」、「ethical」、「reasoning」を明確にする。,改稿レビュー待ち,"共通レビュー文: motorway, blast, ethical, reasoning"
1688,blast,爆発；突風；激しく吹く,"Replace ""blast"" with a clearer phrase if needed.",必要なら「blast」をより明確な表現に置き換える。,"Clarify ""motorway"", ""blast"", ""ethical"", and ""reasoning"" in the glossary.",用語集で「motorway」、「blast」、「ethical」、「reasoning」を明確にする。,改稿レビュー待ち,"共通レビュー文: motorway, blast, ethical, reasoning"
1689,ethical,倫理的な,The ethical option needs a clearer label.,ethicalの選択肢には、より明確なラベルが必要だ。,"Clarify ""motorway"", ""blast"", ""ethical"", and ""reasoning"" in the glossary.",用語集で「motorway」、「blast」、「ethical」、「reasoning」を明確にする。,改稿レビュー待ち,"共通レビュー文: motorway, blast, ethical, reasoning"
1692,reasoning,推論；思考,"Replace ""reasoning"" with a clearer phrase if needed.",必要なら「reasoning」をより明確な表現に置き換える。,"Clarify ""motorway"", ""blast"", ""ethical"", and ""reasoning"" in the glossary.",用語集で「motorway」、「blast」、「ethical」、「reasoning」を明確にする。,改稿レビュー待ち,"共通レビュー文: motorway, blast, ethical, reasoning"
1693,utility,有用性；公共事業,Clarify the utility before the next review.,次のレビュー前にutilityを明確にする。,"Clarify ""utility"", ""descent"", ""realm"", and ""hardy"" in the glossary.",用語集で「utility」、「descent」、「realm」、「hardy」を明確にする。,改稿レビュー待ち,"共通レビュー文: utility, descent, realm, hardy"
1694,descent,下降；血統,"Replace ""descent"" with a clearer phrase if needed.",必要なら「descent」をより明確な表現に置き換える。,"Clarify ""utility"", ""descent"", ""realm"", and ""hardy"" in the glossary.",用語集で「utility」、「descent」、「realm」、「hardy」を明確にする。,改稿レビュー待ち,"共通レビュー文: utility, descent, realm, hardy"
1695,realm,領域；王国,"Replace ""realm"" with a clearer phrase if needed.",必要なら「realm」をより明確な表現に置き換える。,"Clarify ""utility"", ""descent"", ""realm"", and ""hardy"" in the glossary.",用語集で「utility」、「descent」、「realm」、「hardy」を明確にする。,改稿レビュー待ち,"共通レビュー文: utility, descent, realm, hardy"
1696,hardy,頑丈な；耐寒性の,"Replace ""hardy"" with a clearer phrase if needed.",必要なら「hardy」をより明確な表現に置き換える。,"Clarify ""utility"", ""descent"", ""realm"", and ""hardy"" in the glossary.",用語集で「utility」、「descent」、「realm」、「hardy」を明確にする。,改稿レビュー待ち,"共通レビュー文: utility, descent, realm, hardy"
1697,innovative,革新的な,The innovative option needs a clearer label.,innovativeの選択肢には、より明確なラベルが必要だ。,"Clarify ""innovative"", ""foul"", ""queue"", and ""patent"" in the glossary.",用語集で「innovative」、「foul」、「queue」、「patent」を明確にする。,改稿レビュー待ち,"共通レビュー文: innovative, foul, queue, patent"
1699,foul,汚い；反則,"Replace ""foul"" with a clearer phrase if needed.",必要なら「foul」をより明確な表現に置き換える。,"Clarify ""innovative"", ""foul"", ""queue"", and ""patent"" in the glossary.",用語集で「innovative」、「foul」、「queue」、「patent」を明確にする。,改稿レビュー待ち,"共通レビュー文: innovative, foul, queue, patent"
1700,queue,列；行列を作る,"Replace ""queue"" with a clearer phrase if needed.",必要なら「queue」をより明確な表現に置き換える。,"Clarify ""innovative"", ""foul"", ""queue"", and ""patent"" in the glossary.",用語集で「innovative」、「foul」、「queue」、「patent」を明確にする。,改稿レビュー待ち,"共通レビュー文: innovative, foul, queue, patent"
1701,patent,特許；明白な,"Replace ""patent"" with a clearer phrase if needed.",必要なら「patent」をより明確な表現に置き換える。,"Clarify ""innovative"", ""foul"", ""queue"", and ""patent"" in the glossary.",用語集で「innovative」、「foul」、「queue」、「patent」を明確にする。,改稿レビュー待ち,"共通レビュー文: innovative, foul, queue, patent"
1702,grammatical,文法的な,The grammatical option needs a clearer label.,grammaticalの選択肢には、より明確なラベルが必要だ。,"Clarify ""grammatical"", ""motive"", ""glimpse"", and ""prestige"" in the glossary.",用語集で「grammatical」、「motive」、「glimpse」、「prestige」を明確にする。,改稿レビュー待ち,"共通レビュー文: grammatical, motive, glimpse, prestige"
1703,motive,動機；理由,The motive option needs a clearer label.,motiveの選択肢には、より明確なラベルが必要だ。,"Clarify ""grammatical"", ""motive"", ""glimpse"", and ""prestige"" in the glossary.",用語集で「grammatical」、「motive」、「glimpse」、「prestige」を明確にする。,改稿レビュー待ち,"共通レビュー文: grammatical, motive, glimpse, prestige"
1704,glimpse,ちらりと見る；一瞥,"Replace ""glimpse"" with a clearer phrase if needed.",必要なら「glimpse」をより明確な表現に置き換える。,"Clarify ""grammatical"", ""motive"", ""glimpse"", and ""prestige"" in the glossary.",用語集で「grammatical」、「motive」、「glimpse」、「prestige」を明確にする。,改稿レビュー待ち,"共通レビュー文: grammatical, motive, glimpse, prestige"
1706,prestige,名声；威信,"Replace ""prestige"" with a clearer phrase if needed.",必要なら「prestige」をより明確な表現に置き換える。,"Clarify ""grammatical"", ""motive"", ""glimpse"", and ""prestige"" in the glossary.",用語集で「grammatical」、「motive」、「glimpse」、「prestige」を明確にする。,改稿レビュー待ち,"共通レビュー文: grammatical, motive, glimpse, prestige"
1707,sideways,横に；斜めに,"Replace ""sideways"" with a clearer phrase if needed.",必要なら「sideways」をより明確な表現に置き換える。,"Clarify ""sideways"", ""nuisance"", ""resign"", and ""vigorous"" in the glossary.",用語集で「sideways」、「nuisance」、「resign」、「vigorous」を明確にする。,改稿レビュー待ち,"共通レビュー文: sideways, nuisance, resign, vigorous"
1708,nuisance,迷惑；邪魔,Clarify the nuisance before the next review.,次のレビュー前にnuisanceを明確にする。,"Clarify ""sideways"", ""nuisance"", ""resign"", and ""vigorous"" in the glossary.",用語集で「sideways」、「nuisance」、「resign」、「vigorous」を明確にする。,改稿レビュー待ち,"共通レビュー文: sideways, nuisance, resign, vigorous"
1709,resign,を辞任する；あきらめる,"Replace ""resign"" with a clearer phrase if needed.",必要なら「resign」をより明確な表現に置き換える。,"Clarify ""sideways"", ""nuisance"", ""resign"", and ""vigorous"" in the glossary.",用語集で「sideways」、「nuisance」、「resign」、「vigorous」を明確にする。,改稿レビュー待ち,"共通レビュー文: sideways, nuisance, resign, vigorous"
1710,vigorous,活力のある；精力的な,The vigorous option needs a clearer label.,vigorousの選択肢には、より明確なラベルが必要だ。,"Clarify ""vigorous"", ""bodily"", ""infinite"", and ""commodity"" in the glossary.",用語集で「vigorous」、「bodily」、「infinite」、「commodity」を明確にする。,改稿レビュー待ち,"共通レビュー文: vigorous, bodily, infinite, commodity"
1711,outbreak,勃発；流行,"Replace ""outbreak"" with a clearer phrase if needed.",必要なら「outbreak」をより明確な表現に置き換える。,"Clarify ""outbreak"", ""cluster"", ""fragment"", and ""offspring"" in the glossary.",用語集で「outbreak」、「cluster」、「fragment」、「offspring」を明確にする。,改稿レビュー待ち,"共通レビュー文: outbreak, cluster, fragment, offspring"
1713,cluster,集まる；群れ,"Replace ""cluster"" with a clearer phrase if needed.",必要なら「cluster」をより明確な表現に置き換える。,"Clarify ""outbreak"", ""cluster"", ""fragment"", and ""offspring"" in the glossary.",用語集で「outbreak」、「cluster」、「fragment」、「offspring」を明確にする。,改稿レビュー待ち,"共通レビュー文: outbreak, cluster, fragment, offspring"
1714,fragment,断片；分裂する,Clarify the fragment before the next review.,次のレビュー前にfragmentを明確にする。,"Clarify ""outbreak"", ""cluster"", ""fragment"", and ""offspring"" in the glossary.",用語集で「outbreak」、「cluster」、「fragment」、「offspring」を明確にする。,改稿レビュー待ち,"共通レビュー文: outbreak, cluster, fragment, offspring"
1715,offspring,子供；子孫,"Replace ""offspring"" with a clearer phrase if needed.",必要なら「offspring」をより明確な表現に置き換える。,"Clarify ""outbreak"", ""cluster"", ""fragment"", and ""offspring"" in the glossary.",用語集で「outbreak」、「cluster」、「fragment」、「offspring」を明確にする。,改稿レビュー待ち,"共通レビュー文: outbreak, cluster, fragment, offspring"
1716,vigorous,活力のある；精力的な,The vigorous option needs a clearer label.,vigorousの選択肢には、より明確なラベルが必要だ。,"Clarify ""vigorous"", ""bodily"", ""infinite"", and ""commodity"" in the glossary.",用語集で「vigorous」、「bodily」、「infinite」、「commodity」を明確にする。,改稿レビュー待ち,"共通レビュー文: vigorous, bodily, infinite, commodity"
1717,bodily,身体的な；肉体の,"Use ""bodily"" carefully in helper text.",ヘルプ文では「bodily」を慎重に使う。,"Clarify ""vigorous"", ""bodily"", ""infinite"", and ""commodity"" in the glossary.",用語集で「vigorous」、「bodily」、「infinite」、「commodity」を明確にする。,改稿レビュー待ち,"共通レビュー文: vigorous, bodily, infinite, commodity"
1718,infinite,無限の,"Replace ""infinite"" with a clearer phrase if needed.",必要なら「infinite」をより明確な表現に置き換える。,"Clarify ""vigorous"", ""bodily"", ""infinite"", and ""commodity"" in the glossary.",用語集で「vigorous」、「bodily」、「infinite」、「commodity」を明確にする。,改稿レビュー待ち,"共通レビュー文: vigorous, bodily, infinite, commodity"
1720,commodity,商品,Clarify the commodity before the next review.,次のレビュー前にcommodityを明確にする。,"Clarify ""vigorous"", ""bodily"", ""infinite"", and ""commodity"" in the glossary.",用語集で「vigorous」、「bodily」、「infinite」、「commodity」を明確にする。,改稿レビュー待ち,"共通レビュー文: vigorous, bodily, infinite, commodity"
1721,instrumental,重要な役割を果たす；器楽の,The instrumental option needs a clearer label.,instrumentalの選択肢には、より明確なラベルが必要だ。,"Clarify ""instrumental"", ""lone"", ""burial"", and ""metaphor"" in the glossary.",用語集で「instrumental」、「lone」、「burial」、「metaphor」を明確にする。,改稿レビュー待ち,"共通レビュー文: instrumental, lone, burial, metaphor"
1722,lone,孤独な；一人の,"Replace ""lone"" with a clearer phrase if needed.",必要なら「lone」をより明確な表現に置き換える。,"Clarify ""instrumental"", ""lone"", ""burial"", and ""metaphor"" in the glossary.",用語集で「instrumental」、「lone」、「burial」、「metaphor」を明確にする。,改稿レビュー待ち,"共通レビュー文: instrumental, lone, burial, metaphor"
1723,burial,埋葬,The burial option needs a clearer label.,burialの選択肢には、より明確なラベルが必要だ。,"Clarify ""instrumental"", ""lone"", ""burial"", and ""metaphor"" in the glossary.",用語集で「instrumental」、「lone」、「burial」、「metaphor」を明確にする。,改稿レビュー待ち,"共通レビュー文: instrumental, lone, burial, metaphor"
1724,metaphor,比喩；メタファー,"Replace ""metaphor"" with a clearer phrase if needed.",必要なら「metaphor」をより明確な表現に置き換える。,"Clarify ""instrumental"", ""lone"", ""burial"", and ""metaphor"" in the glossary.",用語集で「instrumental」、「lone」、「burial」、「metaphor」を明確にする。,改稿レビュー待ち,"共通レビュー文: instrumental, lone, burial, metaphor"
1725,fossil,化石,"Replace ""fossil"" with a clearer phrase if needed.",必要なら「fossil」をより明確な表現に置き換える。,"Clarify ""fossil"", ""trivial"", ""astonish"", and ""cargo"" in the glossary.",用語集で「fossil」、「trivial」、「astonish」、「cargo」を明確にする。,改稿レビュー待ち,"共通レビュー文: fossil, trivial, astonish, cargo"
1727,trivial,些細な；取るに足らない,The trivial option needs a clearer label.,trivialの選択肢には、より明確なラベルが必要だ。,"Clarify ""fossil"", ""trivial"", ""astonish"", and ""cargo"" in the glossary.",用語集で「fossil」、「trivial」、「astonish」、「cargo」を明確にする。,改稿レビュー待ち,"共通レビュー文: fossil, trivial, astonish, cargo"
1728,astonish,を驚かせる,"Replace ""astonish"" with a clearer phrase if needed.",必要なら「astonish」をより明確な表現に置き換える。,"Clarify ""fossil"", ""trivial"", ""astonish"", and ""cargo"" in the glossary.",用語集で「fossil」、「trivial」、「astonish」、「cargo」を明確にする。,改稿レビュー待ち,"共通レビュー文: fossil, trivial, astonish, cargo"
1729,cargo,貨物,"Replace ""cargo"" with a clearer phrase if needed.",必要なら「cargo」をより明確な表現に置き換える。,"Clarify ""fossil"", ""trivial"", ""astonish"", and ""cargo"" in the glossary.",用語集で「fossil」、「trivial」、「astonish」、「cargo」を明確にする。,改稿レビュー待ち,"共通レビュー文: fossil, trivial, astonish, cargo"
1730,vicious,悪意のある；凶暴な,The vicious option needs a clearer label.,viciousの選択肢には、より明確なラベルが必要だ。,"Clarify ""vicious"", ""footstep"", ""financially"", and ""ally"" in the glossary.",用語集で「vicious」、「footstep」、「financially」、「ally」を明確にする。,改稿レビュー待ち,"共通レビュー文: vicious, footstep, financially, ally"
1731,footstep,足跡；足音,"Replace ""footstep"" with a clearer phrase if needed.",必要なら「footstep」をより明確な表現に置き換える。,"Clarify ""vicious"", ""footstep"", ""financially"", and ""ally"" in the glossary.",用語集で「vicious」、「footstep」、「financially」、「ally」を明確にする。,改稿レビュー待ち,"共通レビュー文: vicious, footstep, financially, ally"
1732,financially,財政的に；資金面で,"Use ""financially"" carefully in helper text.",ヘルプ文では「financially」を慎重に使う。,"Clarify ""vicious"", ""footstep"", ""financially"", and ""ally"" in the glossary.",用語集で「vicious」、「footstep」、「financially」、「ally」を明確にする。,改稿レビュー待ち,"共通レビュー文: vicious, footstep, financially, ally"
1734,ally,同盟国；味方,"Use ""ally"" carefully in helper text.",ヘルプ文では「ally」を慎重に使う。,"Clarify ""vicious"", ""footstep"", ""financially"", and ""ally"" in the glossary.",用語集で「vicious」、「footstep」、「financially」、「ally」を明確にする。,改稿レビュー待ち,"共通レビュー文: vicious, footstep, financially, ally"
1735,incapable,能力のない；不可能な,The incapable option needs a clearer label.,incapableの選択肢には、より明確なラベルが必要だ。,"Clarify ""incapable"", ""quest"", ""noticeable"", and ""solitary"" in the glossary.",用語集で「incapable」、「quest」、「noticeable」、「solitary」を明確にする。,改稿レビュー待ち,"共通レビュー文: incapable, quest, noticeable, solitary"
1736,quest,探求；追い求める,"Replace ""quest"" with a clearer phrase if needed.",必要なら「quest」をより明確な表現に置き換える。,"Clarify ""incapable"", ""quest"", ""noticeable"", and ""solitary"" in the glossary.",用語集で「incapable」、「quest」、「noticeable」、「solitary」を明確にする。,改稿レビュー待ち,"共通レビュー文: incapable, quest, noticeable, solitary"
1737,noticeable,目立つ；顕著な,The noticeable option needs a clearer label.,noticeableの選択肢には、より明確なラベルが必要だ。,"Clarify ""incapable"", ""quest"", ""noticeable"", and ""solitary"" in the glossary.",用語集で「incapable」、「quest」、「noticeable」、「solitary」を明確にする。,改稿レビュー待ち,"共通レビュー文: incapable, quest, noticeable, solitary"
1738,solitary,孤独な；一人の,"Replace ""solitary"" with a clearer phrase if needed.",必要なら「solitary」をより明確な表現に置き換える。,"Clarify ""incapable"", ""quest"", ""noticeable"", and ""solitary"" in the glossary.",用語集で「incapable」、「quest」、「noticeable」、「solitary」を明確にする。,改稿レビュー待ち,"共通レビュー文: incapable, quest, noticeable, solitary"
1739,enormously,非常に；莫大に,"Use ""enormously"" carefully in helper text.",ヘルプ文では「enormously」を慎重に使う。,"Clarify ""enormously"", ""manuscript"", ""ample"", and ""document"" in the glossary.",用語集で「enormously」、「manuscript」、「ample」、「document」を明確にする。,改稿レビュー待ち,"共通レビュー文: enormously, manuscript, ample, document"
1740,manuscript,原稿；写本,"Replace ""manuscript"" with a clearer phrase if needed.",必要なら「manuscript」をより明確な表現に置き換える。,"Clarify ""enormously"", ""manuscript"", ""ample"", and ""document"" in the glossary.",用語集で「enormously」、「manuscript」、「ample」、「document」を明確にする。,改稿レビュー待ち,"共通レビュー文: enormously, manuscript, ample, document"
1741,ample,十分な；広い,"Replace ""ample"" with a clearer phrase if needed.",必要なら「ample」をより明確な表現に置き換える。,"Clarify ""enormously"", ""manuscript"", ""ample"", and ""document"" in the glossary.",用語集で「enormously」、「manuscript」、「ample」、「document」を明確にする。,改稿レビュー待ち,"共通レビュー文: enormously, manuscript, ample, document"
1743,document,文書；書類,Clarify the document before the next review.,次のレビュー前にdocumentを明確にする。,"Clarify ""enormously"", ""manuscript"", ""ample"", and ""document"" in the glossary.",用語集で「enormously」、「manuscript」、「ample」、「document」を明確にする。,改稿レビュー待ち,"共通レビュー文: enormously, manuscript, ample, document"
1744,crisp,さくさくした；きびきびした,"Replace ""crisp"" with a clearer phrase if needed.",必要なら「crisp」をより明確な表現に置き換える。,"Clarify ""crisp"", ""correspond"", ""molecule"", and ""counterpart"" in the glossary.",用語集で「crisp」、「correspond」、「molecule」、「counterpart」を明確にする。,改稿レビュー待ち,"共通レビュー文: crisp, correspond, molecule, counterpart"
1745,correspond,一致する；通信する,"Replace ""correspond"" with a clearer phrase if needed.",必要なら「correspond」をより明確な表現に置き換える。,"Clarify ""crisp"", ""correspond"", ""molecule"", and ""counterpart"" in the glossary.",用語集で「crisp」、「correspond」、「molecule」、「counterpart」を明確にする。,改稿レビュー待ち,"共通レビュー文: crisp, correspond, molecule, counterpart"
1746,molecule,分子,"Replace ""molecule"" with a clearer phrase if needed.",必要なら「molecule」をより明確な表現に置き換える。,"Clarify ""crisp"", ""correspond"", ""molecule"", and ""counterpart"" in the glossary.",用語集で「crisp」、「correspond」、「molecule」、「counterpart」を明確にする。,改稿レビュー待ち,"共通レビュー文: crisp, correspond, molecule, counterpart"
1747,counterpart,対応するもの；相手方,"Replace ""counterpart"" with a clearer phrase if needed.",必要なら「counterpart」をより明確な表現に置き換える。,"Clarify ""crisp"", ""correspond"", ""molecule"", and ""counterpart"" in the glossary.",用語集で「crisp」、「correspond」、「molecule」、「counterpart」を明確にする。,改稿レビュー待ち,"共通レビュー文: crisp, correspond, molecule, counterpart"
1748,diploma,卒業証書；資格証,"Replace ""diploma"" with a clearer phrase if needed.",必要なら「diploma」をより明確な表現に置き換える。,"Clarify ""diploma"", ""scenario"", ""cemetery"", and ""insert"" in the glossary.",用語集で「diploma」、「scenario」、「cemetery」、「insert」を明確にする。,改稿レビュー待ち,"共通レビュー文: diploma, scenario, cemetery, insert"
1749,scenario,シナリオ；想定,"Replace ""scenario"" with a clearer phrase if needed.",必要なら「scenario」をより明確な表現に置き換える。,"Clarify ""diploma"", ""scenario"", ""cemetery"", and ""insert"" in the glossary.",用語集で「diploma」、「scenario」、「cemetery」、「insert」を明確にする。,改稿レビュー待ち,"共通レビュー文: diploma, scenario, cemetery, insert"
1750,cemetery,墓地,"Replace ""cemetery"" with a clearer phrase if needed.",必要なら「cemetery」をより明確な表現に置き換える。,"Clarify ""diploma"", ""scenario"", ""cemetery"", and ""insert"" in the glossary.",用語集で「diploma」、「scenario」、「cemetery」、「insert」を明確にする。,改稿レビュー待ち,"共通レビュー文: diploma, scenario, cemetery, insert"
1751,insert,を挿入する；差し込む,"Replace ""insert"" with a clearer phrase if needed.",必要なら「insert」をより明確な表現に置き換える。,"Clarify ""diploma"", ""scenario"", ""cemetery"", and ""insert"" in the glossary.",用語集で「diploma」、「scenario」、「cemetery」、「insert」を明確にする。,改稿レビュー待ち,"共通レビュー文: diploma, scenario, cemetery, insert"
1752,anticipate,を予期する,"Replace ""anticipate"" with a clearer phrase if needed.",必要なら「anticipate」をより明確な表現に置き換える。,"Clarify ""anticipate"", ""disguise"", ""span"", and ""nobility"" in the glossary.",用語集で「anticipate」、「disguise」、「span」、「nobility」を明確にする。,改稿レビュー待ち,"共通レビュー文: anticipate, disguise, span, nobility"
1753,disguise,変装；を偽装する,"Replace ""disguise"" with a clearer phrase if needed.",必要なら「disguise」をより明確な表現に置き換える。,"Clarify ""anticipate"", ""disguise"", ""span"", and ""nobility"" in the glossary.",用語集で「anticipate」、「disguise」、「span」、「nobility」を明確にする。,改稿レビュー待ち,"共通レビュー文: anticipate, disguise, span, nobility"
1754,span,期間；またがる,"Replace ""span"" with a clearer phrase if needed.",必要なら「span」をより明確な表現に置き換える。,"Clarify ""anticipate"", ""disguise"", ""span"", and ""nobility"" in the glossary.",用語集で「anticipate」、「disguise」、「span」、「nobility」を明確にする。,改稿レビュー待ち,"共通レビュー文: anticipate, disguise, span, nobility"
1755,nobility,高貴さ；貴族,Clarify the nobility before the next review.,次のレビュー前にnobilityを明確にする。,"Clarify ""anticipate"", ""disguise"", ""span"", and ""nobility"" in the glossary.",用語集で「anticipate」、「disguise」、「span」、「nobility」を明確にする。,改稿レビュー待ち,"共通レビュー文: anticipate, disguise, span, nobility"
1756,attribute,帰因する；属性,"Replace ""attribute"" with a clearer phrase if needed.",必要なら「attribute」をより明確な表現に置き換える。,"Clarify ""attribute"", ""transparent"", ""render"", and ""dump"" in the glossary.",用語集で「attribute」、「transparent」、「render」、「dump」を明確にする。,改稿レビュー待ち,"共通レビュー文: attribute, transparent, render, dump"
1757,transparent,透明な；明白な,"Replace ""transparent"" with a clearer phrase if needed.",必要なら「transparent」をより明確な表現に置き換える。,"Clarify ""attribute"", ""transparent"", ""render"", and ""dump"" in the glossary.",用語集で「attribute」、「transparent」、「render」、「dump」を明確にする。,改稿レビュー待ち,"共通レビュー文: attribute, transparent, render, dump"
1758,render,を与える；にする,"Replace ""render"" with a clearer phrase if needed.",必要なら「render」をより明確な表現に置き換える。,"Clarify ""attribute"", ""transparent"", ""render"", and ""dump"" in the glossary.",用語集で「attribute」、「transparent」、「render」、「dump」を明確にする。,改稿レビュー待ち,"共通レビュー文: attribute, transparent, render, dump"
1759,dump,を捨てる；ごみ捨て場,"Replace ""dump"" with a clearer phrase if needed.",必要なら「dump」をより明確な表現に置き換える。,"Clarify ""attribute"", ""transparent"", ""render"", and ""dump"" in the glossary.",用語集で「attribute」、「transparent」、「render」、「dump」を明確にする。,改稿レビュー待ち,"共通レビュー文: attribute, transparent, render, dump"
1761,preferable,より好ましい；望ましい,The preferable option needs a clearer label.,preferableの選択肢には、より明確なラベルが必要だ。,"Clarify ""preferable"", ""armchair"", ""endeavour"", and ""stack"" in the glossary.",用語集で「preferable」、「armchair」、「endeavour」、「stack」を明確にする。,改稿レビュー待ち,"共通レビュー文: preferable, armchair, endeavour, stack"
1763,armchair,肘掛け椅子,"Replace ""armchair"" with a clearer phrase if needed.",必要なら「armchair」をより明確な表現に置き換える。,"Clarify ""preferable"", ""armchair"", ""endeavour"", and ""stack"" in the glossary.",用語集で「preferable」、「armchair」、「endeavour」、「stack」を明確にする。,改稿レビュー待ち,"共通レビュー文: preferable, armchair, endeavour, stack"
1764,endeavour,努力；試み；努力する,"Replace ""endeavour"" with a clearer phrase if needed.",必要なら「endeavour」をより明確な表現に置き換える。,"Clarify ""preferable"", ""armchair"", ""endeavour"", and ""stack"" in the glossary.",用語集で「preferable」、「armchair」、「endeavour」、「stack」を明確にする。,改稿レビュー待ち,"共通レビュー文: preferable, armchair, endeavour, stack"
1765,stack,積み重ねる；スタック,"Replace ""stack"" with a clearer phrase if needed.",必要なら「stack」をより明確な表現に置き換える。,"Clarify ""preferable"", ""armchair"", ""endeavour"", and ""stack"" in the glossary.",用語集で「preferable」、「armchair」、「endeavour」、「stack」を明確にする。,改稿レビュー待ち,"共通レビュー文: preferable, armchair, endeavour, stack"
1766,hardship,苦難；困難,"Replace ""hardship"" with a clearer phrase if needed.",必要なら「hardship」をより明確な表現に置き換える。,"Clarify ""hardship"", ""disclose"", ""odour"", and ""paradox"" in the glossary.",用語集で「hardship」、「disclose」、「odour」、「paradox」を明確にする。,改稿レビュー待ち,"共通レビュー文: hardship, disclose, odour, paradox"
1767,disclose,を明らかにする；開示する,"Replace ""disclose"" with a clearer phrase if needed.",必要なら「disclose」をより明確な表現に置き換える。,"Clarify ""hardship"", ""disclose"", ""odour"", and ""paradox"" in the glossary.",用語集で「hardship」、「disclose」、「odour」、「paradox」を明確にする。,改稿レビュー待ち,"共通レビュー文: hardship, disclose, odour, paradox"
1768,odour,においgeur；臭い,"Replace ""odour"" with a clearer phrase if needed.",必要なら「odour」をより明確な表現に置き換える。,"Clarify ""hardship"", ""disclose"", ""odour"", and ""paradox"" in the glossary.",用語集で「hardship」、「disclose」、「odour」、「paradox」を明確にする。,改稿レビュー待ち,"共通レビュー文: hardship, disclose, odour, paradox"
1770,paradox,逆説；矛盾,"Replace ""paradox"" with a clearer phrase if needed.",必要なら「paradox」をより明確な表現に置き換える。,"Clarify ""hardship"", ""disclose"", ""odour"", and ""paradox"" in the glossary.",用語集で「hardship」、「disclose」、「odour」、「paradox」を明確にする。,改稿レビュー待ち,"共通レビュー文: hardship, disclose, odour, paradox"
1771,conceal,を隠す,The conceal option needs a clearer label.,concealの選択肢には、より明確なラベルが必要だ。,"Clarify ""conceal"", ""overtime"", ""correction"", and ""startling"" in the glossary.",用語集で「conceal」、「overtime」、「correction」、「startling」を明確にする。,改稿レビュー待ち,"共通レビュー文: conceal, overtime, correction, startling"
1772,overtime,残業；超過時間,"Replace ""overtime"" with a clearer phrase if needed.",必要なら「overtime」をより明確な表現に置き換える。,"Clarify ""conceal"", ""overtime"", ""correction"", and ""startling"" in the glossary.",用語集で「conceal」、「overtime」、「correction」、「startling」を明確にする。,改稿レビュー待ち,"共通レビュー文: conceal, overtime, correction, startling"
1773,correction,修正；訂正,Clarify the correction before the next review.,次のレビュー前にcorrectionを明確にする。,"Clarify ""conceal"", ""overtime"", ""correction"", and ""startling"" in the glossary.",用語集で「conceal」、「overtime」、「correction」、「startling」を明確にする。,改稿レビュー待ち,"共通レビュー文: conceal, overtime, correction, startling"
1774,startling,驚くべき；はっとする,"Replace ""startling"" with a clearer phrase if needed.",必要なら「startling」をより明確な表現に置き換える。,"Clarify ""conceal"", ""overtime"", ""correction"", and ""startling"" in the glossary.",用語集で「conceal」、「overtime」、「correction」、「startling」を明確にする。,改稿レビュー待ち,"共通レビュー文: conceal, overtime, correction, startling"
1775,inspect,を検査する；点検する,"Replace ""inspect"" with a clearer phrase if needed.",必要なら「inspect」をより明確な表現に置き換える。,"Clarify ""inspect"", ""oval"", ""obstacle"", and ""coarse"" in the glossary.",用語集で「inspect」、「oval」、「obstacle」、「coarse」を明確にする。,改稿レビュー待ち,"共通レビュー文: inspect, oval, obstacle, coarse"
1776,oval,楕円形；卵形の,The oval option needs a clearer label.,ovalの選択肢には、より明確なラベルが必要だ。,"Clarify ""inspect"", ""oval"", ""obstacle"", and ""coarse"" in the glossary.",用語集で「inspect」、「oval」、「obstacle」、「coarse」を明確にする。,改稿レビュー待ち,"共通レビュー文: inspect, oval, obstacle, coarse"
1777,obstacle,障害；妨害,"Replace ""obstacle"" with a clearer phrase if needed.",必要なら「obstacle」をより明確な表現に置き換える。,"Clarify ""inspect"", ""oval"", ""obstacle"", and ""coarse"" in the glossary.",用語集で「inspect」、「oval」、「obstacle」、「coarse」を明確にする。,改稿レビュー待ち,"共通レビュー文: inspect, oval, obstacle, coarse"
1778,coarse,粗い；粗雑な,"Replace ""coarse"" with a clearer phrase if needed.",必要なら「coarse」をより明確な表現に置き換える。,"Clarify ""inspect"", ""oval"", ""obstacle"", and ""coarse"" in the glossary.",用語集で「inspect」、「oval」、「obstacle」、「coarse」を明確にする。,改稿レビュー待ち,"共通レビュー文: inspect, oval, obstacle, coarse"
1779,countless,無数の,The countless option needs a clearer label.,countlessの選択肢には、より明確なラベルが必要だ。,"Clarify ""countless"", ""interruption"", ""tolerate"", and ""reproduce"" in the glossary.",用語集で「countless」、「interruption」、「tolerate」、「reproduce」を明確にする。,改稿レビュー待ち,"共通レビュー文: countless, interruption, tolerate, reproduce"
1780,interruption,中断；妨害,Clarify the interruption before the next review.,次のレビュー前にinterruptionを明確にする。,"Clarify ""countless"", ""interruption"", ""tolerate"", and ""reproduce"" in the glossary.",用語集で「countless」、「interruption」、「tolerate」、「reproduce」を明確にする。,改稿レビュー待ち,"共通レビュー文: countless, interruption, tolerate, reproduce"
1781,tolerate,を我慢する；許容する,"Replace ""tolerate"" with a clearer phrase if needed.",必要なら「tolerate」をより明確な表現に置き換える。,"Clarify ""countless"", ""interruption"", ""tolerate"", and ""reproduce"" in the glossary.",用語集で「countless」、「interruption」、「tolerate」、「reproduce」を明確にする。,改稿レビュー待ち,"共通レビュー文: countless, interruption, tolerate, reproduce"
1782,reproduce,を再生する；繁殖する,"Replace ""reproduce"" with a clearer phrase if needed.",必要なら「reproduce」をより明確な表現に置き換える。,"Clarify ""countless"", ""interruption"", ""tolerate"", and ""reproduce"" in the glossary.",用語集で「countless」、「interruption」、「tolerate」、「reproduce」を明確にする。,改稿レビュー待ち,"共通レビュー文: countless, interruption, tolerate, reproduce"
1783,restless,落ち着きのない；休みなく,The restless option needs a clearer label.,restlessの選択肢には、より明確なラベルが必要だ。,"Clarify ""restless"", ""undergo"", ""summon"", and ""gateway"" in the glossary.",用語集で「restless」、「undergo」、「summon」、「gateway」を明確にする。,改稿レビュー待ち,"共通レビュー文: restless, undergo, summon, gateway"
1784,undergo,経験する；受ける,"Replace ""undergo"" with a clearer phrase if needed.",必要なら「undergo」をより明確な表現に置き換える。,"Clarify ""restless"", ""undergo"", ""summon"", and ""gateway"" in the glossary.",用語集で「restless」、「undergo」、「summon」、「gateway」を明確にする。,改稿レビュー待ち,"共通レビュー文: restless, undergo, summon, gateway"
1785,summon,召喚する；呼び出す,"Replace ""summon"" with a clearer phrase if needed.",必要なら「summon」をより明確な表現に置き換える。,"Clarify ""restless"", ""undergo"", ""summon"", and ""gateway"" in the glossary.",用語集で「restless」、「undergo」、「summon」、「gateway」を明確にする。,改稿レビュー待ち,"共通レビュー文: restless, undergo, summon, gateway"
1786,gateway,入り口；玄関口,"Replace ""gateway"" with a clearer phrase if needed.",必要なら「gateway」をより明確な表現に置き換える。,"Clarify ""restless"", ""undergo"", ""summon"", and ""gateway"" in the glossary.",用語集で「restless」、「undergo」、「summon」、「gateway」を明確にする。,改稿レビュー待ち,"共通レビュー文: restless, undergo, summon, gateway"
1787,alley,路地；小道,"Replace ""alley"" with a clearer phrase if needed.",必要なら「alley」をより明確な表現に置き換える。,"Clarify ""alley"", ""cooperative"", ""corrupt"", and ""pasture"" in the glossary.",用語集で「alley」、「cooperative」、「corrupt」、「pasture」を明確にする。,改稿レビュー待ち,"共通レビュー文: alley, cooperative, corrupt, pasture"
1788,cooperative,協力的な；協同組合,The cooperative option needs a clearer label.,cooperativeの選択肢には、より明確なラベルが必要だ。,"Clarify ""alley"", ""cooperative"", ""corrupt"", and ""pasture"" in the glossary.",用語集で「alley」、「cooperative」、「corrupt」、「pasture」を明確にする。,改稿レビュー待ち,"共通レビュー文: alley, cooperative, corrupt, pasture"
1789,corrupt,腐敗した；を堕落させる,"Replace ""corrupt"" with a clearer phrase if needed.",必要なら「corrupt」をより明確な表現に置き換える。,"Clarify ""alley"", ""cooperative"", ""corrupt"", and ""pasture"" in the glossary.",用語集で「alley」、「cooperative」、「corrupt」、「pasture」を明確にする。,改稿レビュー待ち,"共通レビュー文: alley, cooperative, corrupt, pasture"
1790,pasture,牧草地,"Replace ""pasture"" with a clearer phrase if needed.",必要なら「pasture」をより明確な表現に置き換える。,"Clarify ""alley"", ""cooperative"", ""corrupt"", and ""pasture"" in the glossary.",用語集で「alley」、「cooperative」、「corrupt」、「pasture」を明確にする。,改稿レビュー待ち,"共通レビュー文: alley, cooperative, corrupt, pasture"
1791,outskirts,郊外；外れ,"Replace ""outskirts"" with a clearer phrase if needed.",必要なら「outskirts」をより明確な表現に置き換える。,"Clarify ""outskirts"", ""fertile"", ""indifferent"", and ""disturb"" in the glossary.",用語集で「outskirts」、「fertile」、「indifferent」、「disturb」を明確にする。,改稿レビュー待ち,"共通レビュー文: outskirts, fertile, indifferent, disturb"
1793,fertile,肥沃な；豊かな,"Replace ""fertile"" with a clearer phrase if needed.",必要なら「fertile」をより明確な表現に置き換える。,"Clarify ""outskirts"", ""fertile"", ""indifferent"", and ""disturb"" in the glossary.",用語集で「outskirts」、「fertile」、「indifferent」、「disturb」を明確にする。,改稿レビュー待ち,"共通レビュー文: outskirts, fertile, indifferent, disturb"
1794,indifferent,無関心な；どうでもよい,"Replace ""indifferent"" with a clearer phrase if needed.",必要なら「indifferent」をより明確な表現に置き換える。,"Clarify ""outskirts"", ""fertile"", ""indifferent"", and ""disturb"" in the glossary.",用語集で「outskirts」、「fertile」、「indifferent」、「disturb」を明確にする。,改稿レビュー待ち,"共通レビュー文: outskirts, fertile, indifferent, disturb"
1795,disturb,を妨げる；乱す,"Replace ""disturb"" with a clearer phrase if needed.",必要なら「disturb」をより明確な表現に置き換える。,"Clarify ""outskirts"", ""fertile"", ""indifferent"", and ""disturb"" in the glossary.",用語集で「outskirts」、「fertile」、「indifferent」、「disturb」を明確にする。,改稿レビュー待ち,"共通レビュー文: outskirts, fertile, indifferent, disturb"
1796,tick,チェックマーク；時を刻む,"Replace ""tick"" with a clearer phrase if needed.",必要なら「tick」をより明確な表現に置き換える。,"Clarify ""tick"", ""devote"", ""dispose"", and ""erect"" in the glossary.",用語集で「tick」、「devote」、「dispose」、「erect」を明確にする。,改稿レビュー待ち,"共通レビュー文: tick, devote, dispose, erect"
1797,devote,捧げる；専念する,"Replace ""devote"" with a clearer phrase if needed.",必要なら「devote」をより明確な表現に置き換える。,"Clarify ""tick"", ""devote"", ""dispose"", and ""erect"" in the glossary.",用語集で「tick」、「devote」、「dispose」、「erect」を明確にする。,改稿レビュー待ち,"共通レビュー文: tick, devote, dispose, erect"
1798,dispose,を処分する；配置する,"Replace ""dispose"" with a clearer phrase if needed.",必要なら「dispose」をより明確な表現に置き換える。,"Clarify ""tick"", ""devote"", ""dispose"", and ""erect"" in the glossary.",用語集で「tick」、「devote」、「dispose」、「erect」を明確にする。,改稿レビュー待ち,"共通レビュー文: tick, devote, dispose, erect"
1800,erect,を建てる；直立した,"Replace ""erect"" with a clearer phrase if needed.",必要なら「erect」をより明確な表現に置き換える。,"Clarify ""tick"", ""devote"", ""dispose"", and ""erect"" in the glossary.",用語集で「tick」、「devote」、「dispose」、「erect」を明確にする。,改稿レビュー待ち,"共通レビュー文: tick, devote, dispose, erect"
1801,offender,違反者；犯罪者,"Replace ""offender"" with a clearer phrase if needed.",必要なら「offender」をより明確な表現に置き換える。,"Clarify ""offender"", ""devise"", ""maiden"", and ""stride"" in the glossary.",用語集で「offender」、「devise」、「maiden」、「stride」を明確にする。,改稿レビュー待ち,"共通レビュー文: offender, devise, maiden, stride"
1802,devise,を考案する；工夫する,"Replace ""devise"" with a clearer phrase if needed.",必要なら「devise」をより明確な表現に置き換える。,"Clarify ""offender"", ""devise"", ""maiden"", and ""stride"" in the glossary.",用語集で「offender」、「devise」、「maiden」、「stride」を明確にする。,改稿レビュー待ち,"共通レビュー文: offender, devise, maiden, stride"
1803,maiden,初めての；未婚の女性,"Replace ""maiden"" with a clearer phrase if needed.",必要なら「maiden」をより明確な表現に置き換える。,"Clarify ""offender"", ""devise"", ""maiden"", and ""stride"" in the glossary.",用語集で「offender」、「devise」、「maiden」、「stride」を明確にする。,改稿レビュー待ち,"共通レビュー文: offender, devise, maiden, stride"
1804,stride,大股で歩く；進歩,"Replace ""stride"" with a clearer phrase if needed.",必要なら「stride」をより明確な表現に置き換える。,"Clarify ""offender"", ""devise"", ""maiden"", and ""stride"" in the glossary.",用語集で「offender」、「devise」、「maiden」、「stride」を明確にする。,改稿レビュー待ち,"共通レビュー文: offender, devise, maiden, stride"
1805,participant,参加者,"Replace ""participant"" with a clearer phrase if needed.",必要なら「participant」をより明確な表現に置き換える。,"Clarify ""participant"", ""boredom"", ""plague"", and ""reckless"" in the glossary.",用語集で「participant」、「boredom」、「plague」、「reckless」を明確にする。,改稿レビュー待ち,"共通レビュー文: participant, boredom, plague, reckless"
1806,boredom,退屈；倦怠感,"Replace ""boredom"" with a clearer phrase if needed.",必要なら「boredom」をより明確な表現に置き換える。,"Clarify ""participant"", ""boredom"", ""plague"", and ""reckless"" in the glossary.",用語集で「participant」、「boredom」、「plague」、「reckless」を明確にする。,改稿レビュー待ち,"共通レビュー文: participant, boredom, plague, reckless"
1807,plague,疫病；を悩ます,"Replace ""plague"" with a clearer phrase if needed.",必要なら「plague」をより明確な表現に置き換える。,"Clarify ""participant"", ""boredom"", ""plague"", and ""reckless"" in the glossary.",用語集で「participant」、「boredom」、「plague」、「reckless」を明確にする。,改稿レビュー待ち,"共通レビュー文: participant, boredom, plague, reckless"
1808,reckless,無謀な；向こう見ずな,The reckless option needs a clearer label.,recklessの選択肢には、より明確なラベルが必要だ。,"Clarify ""participant"", ""boredom"", ""plague"", and ""reckless"" in the glossary.",用語集で「participant」、「boredom」、「plague」、「reckless」を明確にする。,改稿レビュー待ち,"共通レビュー文: participant, boredom, plague, reckless"
1809,fake,偽の；をでっち上げる,"Replace ""fake"" with a clearer phrase if needed.",必要なら「fake」をより明確な表現に置き換える。,"Clarify ""fake"", ""steer"", ""dwelling"", and ""arithmetic"" in the glossary.",用語集で「fake」、「steer」、「dwelling」、「arithmetic」を明確にする。,改稿レビュー待ち,"共通レビュー文: fake, steer, dwelling, arithmetic"
1811,steer,を操縦する；誘導する,"Replace ""steer"" with a clearer phrase if needed.",必要なら「steer」をより明確な表現に置き換える。,"Clarify ""fake"", ""steer"", ""dwelling"", and ""arithmetic"" in the glossary.",用語集で「fake」、「steer」、「dwelling」、「arithmetic」を明確にする。,改稿レビュー待ち,"共通レビュー文: fake, steer, dwelling, arithmetic"
1812,dwelling,住居；住まい,"Replace ""dwelling"" with a clearer phrase if needed.",必要なら「dwelling」をより明確な表現に置き換える。,"Clarify ""fake"", ""steer"", ""dwelling"", and ""arithmetic"" in the glossary.",用語集で「fake」、「steer」、「dwelling」、「arithmetic」を明確にする。,改稿レビュー待ち,"共通レビュー文: fake, steer, dwelling, arithmetic"
1813,arithmetic,算数；計算,The arithmetic option needs a clearer label.,arithmeticの選択肢には、より明確なラベルが必要だ。,"Clarify ""fake"", ""steer"", ""dwelling"", and ""arithmetic"" in the glossary.",用語集で「fake」、「steer」、「dwelling」、「arithmetic」を明確にする。,改稿レビュー待ち,"共通レビュー文: fake, steer, dwelling, arithmetic"
1814,plunge,突っ込む；急落する,"Replace ""plunge"" with a clearer phrase if needed.",必要なら「plunge」をより明確な表現に置き換える。,"Clarify ""plunge"", ""suppress"", ""initiate"", and ""exhaust"" in the glossary.",用語集で「plunge」、「suppress」、「initiate」、「exhaust」を明確にする。,改稿レビュー待ち,"共通レビュー文: plunge, suppress, initiate, exhaust"
1815,suppress,抑圧する；隠す,"Replace ""suppress"" with a clearer phrase if needed.",必要なら「suppress」をより明確な表現に置き換える。,"Clarify ""plunge"", ""suppress"", ""initiate"", and ""exhaust"" in the glossary.",用語集で「plunge」、「suppress」、「initiate」、「exhaust」を明確にする。,改稿レビュー待ち,"共通レビュー文: plunge, suppress, initiate, exhaust"
1816,initiate,を開始する；を入門させる,"Replace ""initiate"" with a clearer phrase if needed.",必要なら「initiate」をより明確な表現に置き換える。,"Clarify ""plunge"", ""suppress"", ""initiate"", and ""exhaust"" in the glossary.",用語集で「plunge」、「suppress」、「initiate」、「exhaust」を明確にする。,改稿レビュー待ち,"共通レビュー文: plunge, suppress, initiate, exhaust"
1818,exhaust,を使い果たす；排気ガス,"Replace ""exhaust"" with a clearer phrase if needed.",必要なら「exhaust」をより明確な表現に置き換える。,"Clarify ""plunge"", ""suppress"", ""initiate"", and ""exhaust"" in the glossary.",用語集で「plunge」、「suppress」、「initiate」、「exhaust」を明確にする。,改稿レビュー待ち,"共通レビュー文: plunge, suppress, initiate, exhaust"
1819,leak,漏れる；漏洩,"Replace ""leak"" with a clearer phrase if needed.",必要なら「leak」をより明確な表現に置き換える。,"Clarify ""leak"", ""striped"", ""penetrate"", and ""accidentally"" in the glossary.",用語集で「leak」、「striped」、「penetrate」、「accidentally」を明確にする。,改稿レビュー待ち,"共通レビュー文: leak, striped, penetrate, accidentally"
1820,striped,縞模様の,"Replace ""striped"" with a clearer phrase if needed.",必要なら「striped」をより明確な表現に置き換える。,"Clarify ""leak"", ""striped"", ""penetrate"", and ""accidentally"" in the glossary.",用語集で「leak」、「striped」、「penetrate」、「accidentally」を明確にする。,改稿レビュー待ち,"共通レビュー文: leak, striped, penetrate, accidentally"
1821,penetrate,を貫通する；侵透する,"Replace ""penetrate"" with a clearer phrase if needed.",必要なら「penetrate」をより明確な表現に置き換える。,"Clarify ""leak"", ""striped"", ""penetrate"", and ""accidentally"" in the glossary.",用語集で「leak」、「striped」、「penetrate」、「accidentally」を明確にする。,改稿レビュー待ち,"共通レビュー文: leak, striped, penetrate, accidentally"
1822,accidentally,偶然に,"Use ""accidentally"" carefully in helper text.",ヘルプ文では「accidentally」を慎重に使う。,"Clarify ""leak"", ""striped"", ""penetrate"", and ""accidentally"" in the glossary.",用語集で「leak」、「striped」、「penetrate」、「accidentally」を明確にする。,改稿レビュー待ち,"共通レビュー文: leak, striped, penetrate, accidentally"
1823,revive,を復活させる；甦る,The revive option needs a clearer label.,reviveの選択肢には、より明確なラベルが必要だ。,"Clarify ""revive"", ""consume"", ""stray"", and ""renew"" in the glossary.",用語集で「revive」、「consume」、「stray」、「renew」を明確にする。,改稿レビュー待ち,"共通レビュー文: revive, consume, stray, renew"
1824,consume,を消費する,"Replace ""consume"" with a clearer phrase if needed.",必要なら「consume」をより明確な表現に置き換える。,"Clarify ""revive"", ""consume"", ""stray"", and ""renew"" in the glossary.",用語集で「revive」、「consume」、「stray」、「renew」を明確にする。,改稿レビュー待ち,"共通レビュー文: revive, consume, stray, renew"
1825,stray,迷い込む；脱線する,"Replace ""stray"" with a clearer phrase if needed.",必要なら「stray」をより明確な表現に置き換える。,"Clarify ""revive"", ""consume"", ""stray"", and ""renew"" in the glossary.",用語集で「revive」、「consume」、「stray」、「renew」を明確にする。,改稿レビュー待ち,"共通レビュー文: revive, consume, stray, renew"
1827,renew,を更新する；を再開する,"Replace ""renew"" with a clearer phrase if needed.",必要なら「renew」をより明確な表現に置き換える。,"Clarify ""revive"", ""consume"", ""stray"", and ""renew"" in the glossary.",用語集で「revive」、「consume」、「stray」、「renew」を明確にする。,改稿レビュー待ち,"共通レビュー文: revive, consume, stray, renew"
1828,advertise,を宣伝する,"Replace ""advertise"" with a clearer phrase if needed.",必要なら「advertise」をより明確な表現に置き換える。,"Clarify ""advertise"", ""nutrition"", ""inclination"", and ""cartoon"" in the glossary.",用語集で「advertise」、「nutrition」、「inclination」、「cartoon」を明確にする。,改稿レビュー待ち,"共通レビュー文: advertise, nutrition, inclination, cartoon"
1829,nutrition,栄養；栄養摂取,Clarify the nutrition before the next review.,次のレビュー前にnutritionを明確にする。,"Clarify ""advertise"", ""nutrition"", ""inclination"", and ""cartoon"" in the glossary.",用語集で「advertise」、「nutrition」、「inclination」、「cartoon」を明確にする。,改稿レビュー待ち,"共通レビュー文: advertise, nutrition, inclination, cartoon"
1830,inclination,傾向；傾き；意欲,Clarify the inclination before the next review.,次のレビュー前にinclinationを明確にする。,"Clarify ""advertise"", ""nutrition"", ""inclination"", and ""cartoon"" in the glossary.",用語集で「advertise」、「nutrition」、「inclination」、「cartoon」を明確にする。,改稿レビュー待ち,"共通レビュー文: advertise, nutrition, inclination, cartoon"
1831,cartoon,漫画；風刺画,"Replace ""cartoon"" with a clearer phrase if needed.",必要なら「cartoon」をより明確な表現に置き換える。,"Clarify ""advertise"", ""nutrition"", ""inclination"", and ""cartoon"" in the glossary.",用語集で「advertise」、「nutrition」、「inclination」、「cartoon」を明確にする。,改稿レビュー待ち,"共通レビュー文: advertise, nutrition, inclination, cartoon"
1832,ascent,上昇；登ること,"Replace ""ascent"" with a clearer phrase if needed.",必要なら「ascent」をより明確な表現に置き換える。,"Clarify ""ascent"", ""economical"", ""confuse"", and ""frown"" in the glossary.",用語集で「ascent」、「economical」、「confuse」、「frown」を明確にする。,改稿レビュー待ち,"共通レビュー文: ascent, economical, confuse, frown"
1834,economical,経済的な；節約になる,The economical option needs a clearer label.,economicalの選択肢には、より明確なラベルが必要だ。,"Clarify ""ascent"", ""economical"", ""confuse"", and ""frown"" in the glossary.",用語集で「ascent」、「economical」、「confuse」、「frown」を明確にする。,改稿レビュー待ち,"共通レビュー文: ascent, economical, confuse, frown"
1835,confuse,を混乱させる,"Replace ""confuse"" with a clearer phrase if needed.",必要なら「confuse」をより明確な表現に置き換える。,"Clarify ""ascent"", ""economical"", ""confuse"", and ""frown"" in the glossary.",用語集で「ascent」、「economical」、「confuse」、「frown」を明確にする。,改稿レビュー待ち,"共通レビュー文: ascent, economical, confuse, frown"
1836,frown,眉をひそめる；難しい顔,"Replace ""frown"" with a clearer phrase if needed.",必要なら「frown」をより明確な表現に置き換える。,"Clarify ""ascent"", ""economical"", ""confuse"", and ""frown"" in the glossary.",用語集で「ascent」、「economical」、「confuse」、「frown」を明確にする。,改稿レビュー待ち,"共通レビュー文: ascent, economical, confuse, frown"
1837,plough,耕す；を苦労して進む,"Replace ""plough"" with a clearer phrase if needed.",必要なら「plough」をより明確な表現に置き換える。,"Clarify ""plough"", ""fatigue"", ""stain"", and ""compliment"" in the glossary.",用語集で「plough」、「fatigue」、「stain」、「compliment」を明確にする。,改稿レビュー待ち,"共通レビュー文: plough, fatigue, stain, compliment"
1838,fatigue,疲労；を疲労させる,"Replace ""fatigue"" with a clearer phrase if needed.",必要なら「fatigue」をより明確な表現に置き換える。,"Clarify ""plough"", ""fatigue"", ""stain"", and ""compliment"" in the glossary.",用語集で「plough」、「fatigue」、「stain」、「compliment」を明確にする。,改稿レビュー待ち,"共通レビュー文: plough, fatigue, stain, compliment"
1839,stain,しみ；汚す,"Replace ""stain"" with a clearer phrase if needed.",必要なら「stain」をより明確な表現に置き換える。,"Clarify ""plough"", ""fatigue"", ""stain"", and ""compliment"" in the glossary.",用語集で「plough」、「fatigue」、「stain」、「compliment」を明確にする。,改稿レビュー待ち,"共通レビュー文: plough, fatigue, stain, compliment"
1840,compliment,称賛；お世辞,Clarify the compliment before the next review.,次のレビュー前にcomplimentを明確にする。,"Clarify ""plough"", ""fatigue"", ""stain"", and ""compliment"" in the glossary.",用語集で「plough」、「fatigue」、「stain」、「compliment」を明確にする。,改稿レビュー待ち,"共通レビュー文: plough, fatigue, stain, compliment"
1841,abrupt,突然の；急激な,"Replace ""abrupt"" with a clearer phrase if needed.",必要なら「abrupt」をより明確な表現に置き換える。,"Clarify ""abrupt"", ""evolve"", ""admirable"", and ""spectator"" in the glossary.",用語集で「abrupt」、「evolve」、「admirable」、「spectator」を明確にする。,改稿レビュー待ち,"共通レビュー文: abrupt, evolve, admirable, spectator"
1842,evolve,進化する；発展する,"Replace ""evolve"" with a clearer phrase if needed.",必要なら「evolve」をより明確な表現に置き換える。,"Clarify ""abrupt"", ""evolve"", ""admirable"", and ""spectator"" in the glossary.",用語集で「abrupt」、「evolve」、「admirable」、「spectator」を明確にする。,改稿レビュー待ち,"共通レビュー文: abrupt, evolve, admirable, spectator"
1843,admirable,賞賛に値する,The admirable option needs a clearer label.,admirableの選択肢には、より明確なラベルが必要だ。,"Clarify ""abrupt"", ""evolve"", ""admirable"", and ""spectator"" in the glossary.",用語集で「abrupt」、「evolve」、「admirable」、「spectator」を明確にする。,改稿レビュー待ち,"共通レビュー文: abrupt, evolve, admirable, spectator"
1845,spectator,観客；見物人,"Replace ""spectator"" with a clearer phrase if needed.",必要なら「spectator」をより明確な表現に置き換える。,"Clarify ""abrupt"", ""evolve"", ""admirable"", and ""spectator"" in the glossary.",用語集で「abrupt」、「evolve」、「admirable」、「spectator」を明確にする。,改稿レビュー待ち,"共通レビュー文: abrupt, evolve, admirable, spectator"
1846,multitude,多数；大衆,"Replace ""multitude"" with a clearer phrase if needed.",必要なら「multitude」をより明確な表現に置き換える。,"Clarify ""multitude"", ""pillar"", ""prevail"", and ""diminish"" in the glossary.",用語集で「multitude」、「pillar」、「prevail」、「diminish」を明確にする。,改稿レビュー待ち,"共通レビュー文: multitude, pillar, prevail, diminish"
1847,pillar,柱；支柱,"Replace ""pillar"" with a clearer phrase if needed.",必要なら「pillar」をより明確な表現に置き換える。,"Clarify ""multitude"", ""pillar"", ""prevail"", and ""diminish"" in the glossary.",用語集で「multitude」、「pillar」、「prevail」、「diminish」を明確にする。,改稿レビュー待ち,"共通レビュー文: multitude, pillar, prevail, diminish"
1848,prevail,勝る；普及している,"Replace ""prevail"" with a clearer phrase if needed.",必要なら「prevail」をより明確な表現に置き換える。,"Clarify ""multitude"", ""pillar"", ""prevail"", and ""diminish"" in the glossary.",用語集で「multitude」、「pillar」、「prevail」、「diminish」を明確にする。,改稿レビュー待ち,"共通レビュー文: multitude, pillar, prevail, diminish"
1849,diminish,減少する；縮小する,"Replace ""diminish"" with a clearer phrase if needed.",必要なら「diminish」をより明確な表現に置き換える。,"Clarify ""multitude"", ""pillar"", ""prevail"", and ""diminish"" in the glossary.",用語集で「multitude」、「pillar」、「prevail」、「diminish」を明確にする。,改稿レビュー待ち,"共通レビュー文: multitude, pillar, prevail, diminish"
1850,tuck,を折り込む；を詰め込む,"Replace ""tuck"" with a clearer phrase if needed.",必要なら「tuck」をより明確な表現に置き換える。,"Clarify ""tuck"", ""attain"", ""slippery"", and ""conceive"" in the glossary.",用語集で「tuck」、「attain」、「slippery」、「conceive」を明確にする。,改稿レビュー待ち,"共通レビュー文: tuck, attain, slippery, conceive"
1852,attain,達成する；獲得する,"Replace ""attain"" with a clearer phrase if needed.",必要なら「attain」をより明確な表現に置き換える。,"Clarify ""tuck"", ""attain"", ""slippery"", and ""conceive"" in the glossary.",用語集で「tuck」、「attain」、「slippery」、「conceive」を明確にする。,改稿レビュー待ち,"共通レビュー文: tuck, attain, slippery, conceive"
1853,slippery,滑りやすい；つかみどころのない,"Replace ""slippery"" with a clearer phrase if needed.",必要なら「slippery」をより明確な表現に置き換える。,"Clarify ""tuck"", ""attain"", ""slippery"", and ""conceive"" in the glossary.",用語集で「tuck」、「attain」、「slippery」、「conceive」を明確にする。,改稿レビュー待ち,"共通レビュー文: tuck, attain, slippery, conceive"
1854,conceive,思い描く；妊娠する,The conceive option needs a clearer label.,conceiveの選択肢には、より明確なラベルが必要だ。,"Clarify ""tuck"", ""attain"", ""slippery"", and ""conceive"" in the glossary.",用語集で「tuck」、「attain」、「slippery」、「conceive」を明確にする。,改稿レビュー待ち,"共通レビュー文: tuck, attain, slippery, conceive"
1855,spit,を吐く；つばを吐く,"Replace ""spit"" with a clearer phrase if needed.",必要なら「spit」をより明確な表現に置き換える。,"Clarify ""spit"", ""indication"", ""commence"", and ""dye"" in the glossary.",用語集で「spit」、「indication」、「commence」、「dye」を明確にする。,改稿レビュー待ち,"共通レビュー文: spit, indication, commence, dye"
1856,indication,兆候；指示,Clarify the indication before the next review.,次のレビュー前にindicationを明確にする。,"Clarify ""spit"", ""indication"", ""commence"", and ""dye"" in the glossary.",用語集で「spit」、「indication」、「commence」、「dye」を明確にする。,改稿レビュー待ち,"共通レビュー文: spit, indication, commence, dye"
1857,commence,を開始する,Clarify the commence before the next review.,次のレビュー前にcommenceを明確にする。,"Clarify ""spit"", ""indication"", ""commence"", and ""dye"" in the glossary.",用語集で「spit」、「indication」、「commence」、「dye」を明確にする。,改稿レビュー待ち,"共通レビュー文: spit, indication, commence, dye"
1859,dye,染料；を染める,"Replace ""dye"" with a clearer phrase if needed.",必要なら「dye」をより明確な表現に置き換える。,"Clarify ""spit"", ""indication"", ""commence"", and ""dye"" in the glossary.",用語集で「spit」、「indication」、「commence」、「dye」を明確にする。,改稿レビュー待ち,"共通レビュー文: spit, indication, commence, dye"
1860,coordinate,調整する；座標,"Replace ""coordinate"" with a clearer phrase if needed.",必要なら「coordinate」をより明確な表現に置き換える。,"Clarify ""coordinate"", ""graceful"", ""bump"", and ""feeble"" in the glossary.",用語集で「coordinate」、「graceful」、「bump」、「feeble」を明確にする。,改稿レビュー待ち,"共通レビュー文: coordinate, graceful, bump, feeble"
1861,graceful,優雅な；上品な,The graceful option needs a clearer label.,gracefulの選択肢には、より明確なラベルが必要だ。,"Clarify ""coordinate"", ""graceful"", ""bump"", and ""feeble"" in the glossary.",用語集で「coordinate」、「graceful」、「bump」、「feeble」を明確にする。,改稿レビュー待ち,"共通レビュー文: coordinate, graceful, bump, feeble"
1862,bump,ぶつかる；隆起,"Replace ""bump"" with a clearer phrase if needed.",必要なら「bump」をより明確な表現に置き換える。,"Clarify ""coordinate"", ""graceful"", ""bump"", and ""feeble"" in the glossary.",用語集で「coordinate」、「graceful」、「bump」、「feeble」を明確にする。,改稿レビュー待ち,"共通レビュー文: coordinate, graceful, bump, feeble"
1863,feeble,弱い；力のない,"Replace ""feeble"" with a clearer phrase if needed.",必要なら「feeble」をより明確な表現に置き換える。,"Clarify ""coordinate"", ""graceful"", ""bump"", and ""feeble"" in the glossary.",用語集で「coordinate」、「graceful」、「bump」、「feeble」を明確にする。,改稿レビュー待ち,"共通レビュー文: coordinate, graceful, bump, feeble"
1864,suspend,を停止する；吊るす,"Replace ""suspend"" with a clearer phrase if needed.",必要なら「suspend」をより明確な表現に置き換える。,"Clarify ""suspend"", ""assemble"", ""troublesome"", and ""aisle"" in the glossary.",用語集で「suspend」、「assemble」、「troublesome」、「aisle」を明確にする。,改稿レビュー待ち,"共通レビュー文: suspend, assemble, troublesome, aisle"
1866,assemble,組み立てる；集める,"Replace ""assemble"" with a clearer phrase if needed.",必要なら「assemble」をより明確な表現に置き換える。,"Clarify ""suspend"", ""assemble"", ""troublesome"", and ""aisle"" in the glossary.",用語集で「suspend」、「assemble」、「troublesome」、「aisle」を明確にする。,改稿レビュー待ち,"共通レビュー文: suspend, assemble, troublesome, aisle"
1867,troublesome,やっかいな；面倒な,"Replace ""troublesome"" with a clearer phrase if needed.",必要なら「troublesome」をより明確な表現に置き換える。,"Clarify ""suspend"", ""assemble"", ""troublesome"", and ""aisle"" in the glossary.",用語集で「suspend」、「assemble」、「troublesome」、「aisle」を明確にする。,改稿レビュー待ち,"共通レビュー文: suspend, assemble, troublesome, aisle"
1868,aisle,通路；廊下,"Replace ""aisle"" with a clearer phrase if needed.",必要なら「aisle」をより明確な表現に置き換える。,"Clarify ""suspend"", ""assemble"", ""troublesome"", and ""aisle"" in the glossary.",用語集で「suspend」、「assemble」、「troublesome」、「aisle」を明確にする。,改稿レビュー待ち,"共通レビュー文: suspend, assemble, troublesome, aisle"
1869,formality,形式；礼儀,Clarify the formality before the next review.,次のレビュー前にformalityを明確にする。,"Clarify ""formality"", ""plentiful"", ""immature"", and ""esteem"" in the glossary.",用語集で「formality」、「plentiful」、「immature」、「esteem」を明確にする。,改稿レビュー待ち,"共通レビュー文: formality, plentiful, immature, esteem"
1870,plentiful,豊富な；十分な,The plentiful option needs a clearer label.,plentifulの選択肢には、より明確なラベルが必要だ。,"Clarify ""formality"", ""plentiful"", ""immature"", and ""esteem"" in the glossary.",用語集で「formality」、「plentiful」、「immature」、「esteem」を明確にする。,改稿レビュー待ち,"共通レビュー文: formality, plentiful, immature, esteem"
1871,immature,未熟な,"Replace ""immature"" with a clearer phrase if needed.",必要なら「immature」をより明確な表現に置き換える。,"Clarify ""formality"", ""plentiful"", ""immature"", and ""esteem"" in the glossary.",用語集で「formality」、「plentiful」、「immature」、「esteem」を明確にする。,改稿レビュー待ち,"共通レビュー文: formality, plentiful, immature, esteem"
1873,esteem,尊敬；を尊重する,"Replace ""esteem"" with a clearer phrase if needed.",必要なら「esteem」をより明確な表現に置き換える。,"Clarify ""formality"", ""plentiful"", ""immature"", and ""esteem"" in the glossary.",用語集で「formality」、「plentiful」、「immature」、「esteem」を明確にする。,改稿レビュー待ち,"共通レビュー文: formality, plentiful, immature, esteem"
1874,fabric,生地；布；構造,The fabric option needs a clearer label.,fabricの選択肢には、より明確なラベルが必要だ。,"Clarify ""fabric"", ""unavoidable"", ""agreeable"", and ""cosmetic"" in the glossary.",用語集で「fabric」、「unavoidable」、「agreeable」、「cosmetic」を明確にする。,改稿レビュー待ち,"共通レビュー文: fabric, unavoidable, agreeable, cosmetic"
1875,unavoidable,避けられない,The unavoidable option needs a clearer label.,unavoidableの選択肢には、より明確なラベルが必要だ。,"Clarify ""fabric"", ""unavoidable"", ""agreeable"", and ""cosmetic"" in the glossary.",用語集で「fabric」、「unavoidable」、「agreeable」、「cosmetic」を明確にする。,改稿レビュー待ち,"共通レビュー文: fabric, unavoidable, agreeable, cosmetic"
1876,agreeable,を高める；押し上げる,The agreeable option needs a clearer label.,agreeableの選択肢には、より明確なラベルが必要だ。,"Clarify ""fabric"", ""unavoidable"", ""agreeable"", and ""cosmetic"" in the glossary.",用語集で「fabric」、「unavoidable」、「agreeable」、「cosmetic」を明確にする。,改稿レビュー待ち,"共通レビュー文: fabric, unavoidable, agreeable, cosmetic"
1877,cosmetic,化粧品；表面的な,The cosmetic option needs a clearer label.,cosmeticの選択肢には、より明確なラベルが必要だ。,"Clarify ""fabric"", ""unavoidable"", ""agreeable"", and ""cosmetic"" in the glossary.",用語集で「fabric」、「unavoidable」、「agreeable」、「cosmetic」を明確にする。,改稿レビュー待ち,"共通レビュー文: fabric, unavoidable, agreeable, cosmetic"
1878,excursion,小旅行；遠足,Clarify the excursion before the next review.,次のレビュー前にexcursionを明確にする。,"Clarify ""excursion"", ""assign"", ""pessimistic"", and ""dizzy"" in the glossary.",用語集で「excursion」、「assign」、「pessimistic」、「dizzy」を明確にする。,改稿レビュー待ち,"共通レビュー文: excursion, assign, pessimistic, dizzy"
1880,assign,割り当てる；任命する,"Replace ""assign"" with a clearer phrase if needed.",必要なら「assign」をより明確な表現に置き換える。,"Clarify ""excursion"", ""assign"", ""pessimistic"", and ""dizzy"" in the glossary.",用語集で「excursion」、「assign」、「pessimistic」、「dizzy」を明確にする。,改稿レビュー待ち,"共通レビュー文: excursion, assign, pessimistic, dizzy"
1881,pessimistic,悲観的な,The pessimistic option needs a clearer label.,pessimisticの選択肢には、より明確なラベルが必要だ。,"Clarify ""excursion"", ""assign"", ""pessimistic"", and ""dizzy"" in the glossary.",用語集で「excursion」、「assign」、「pessimistic」、「dizzy」を明確にする。,改稿レビュー待ち,"共通レビュー文: excursion, assign, pessimistic, dizzy"
1882,dizzy,めまいのする,"Replace ""dizzy"" with a clearer phrase if needed.",必要なら「dizzy」をより明確な表現に置き換える。,"Clarify ""excursion"", ""assign"", ""pessimistic"", and ""dizzy"" in the glossary.",用語集で「excursion」、「assign」、「pessimistic」、「dizzy」を明確にする。,改稿レビュー待ち,"共通レビュー文: excursion, assign, pessimistic, dizzy"
1883,accumulate,蓄積する,"Replace ""accumulate"" with a clearer phrase if needed.",必要なら「accumulate」をより明確な表現に置き換える。,"Clarify ""accumulate"", ""postage"", ""scramble"", and ""sway"" in the glossary.",用語集で「accumulate」、「postage」、「scramble」、「sway」を明確にする。,改稿レビュー待ち,"共通レビュー文: accumulate, postage, scramble, sway"
1884,postage,郵便料金,"Replace ""postage"" with a clearer phrase if needed.",必要なら「postage」をより明確な表現に置き換える。,"Clarify ""accumulate"", ""postage"", ""scramble"", and ""sway"" in the glossary.",用語集で「accumulate」、「postage」、「scramble」、「sway」を明確にする。,改稿レビュー待ち,"共通レビュー文: accumulate, postage, scramble, sway"
1885,scramble,を奪い合う；急ぐ,"Replace ""scramble"" with a clearer phrase if needed.",必要なら「scramble」をより明確な表現に置き換える。,"Clarify ""accumulate"", ""postage"", ""scramble"", and ""sway"" in the glossary.",用語集で「accumulate」、「postage」、「scramble」、「sway」を明確にする。,改稿レビュー待ち,"共通レビュー文: accumulate, postage, scramble, sway"
1887,sway,揺れる；を動かす,"Replace ""sway"" with a clearer phrase if needed.",必要なら「sway」をより明確な表現に置き換える。,"Clarify ""accumulate"", ""postage"", ""scramble"", and ""sway"" in the glossary.",用語集で「accumulate」、「postage」、「scramble」、「sway」を明確にする。,改稿レビュー待ち,"共通レビュー文: accumulate, postage, scramble, sway"
1888,revise,改訂する；修正する,"Replace ""revise"" with a clearer phrase if needed.",必要なら「revise」をより明確な表現に置き換える。,"Clarify ""revise"", ""bug"", ""cradle"", and ""haunt"" in the glossary.",用語集で「revise」、「bug」、「cradle」、「haunt」を明確にする。,改稿レビュー待ち,"共通レビュー文: revise, bug, cradle, haunt"
1889,bug,虫；バグ；を悩ます,"Replace ""bug"" with a clearer phrase if needed.",必要なら「bug」をより明確な表現に置き換える。,"Clarify ""revise"", ""bug"", ""cradle"", and ""haunt"" in the glossary.",用語集で「revise」、「bug」、「cradle」、「haunt」を明確にする。,改稿レビュー待ち,"共通レビュー文: revise, bug, cradle, haunt"
1890,cradle,揺りかご；発祥地,"Replace ""cradle"" with a clearer phrase if needed.",必要なら「cradle」をより明確な表現に置き換える。,"Clarify ""revise"", ""bug"", ""cradle"", and ""haunt"" in the glossary.",用語集で「revise」、「bug」、「cradle」、「haunt」を明確にする。,改稿レビュー待ち,"共通レビュー文: revise, bug, cradle, haunt"
1891,haunt,を悩ます；幽霊が出る,"Replace ""haunt"" with a clearer phrase if needed.",必要なら「haunt」をより明確な表現に置き換える。,"Clarify ""revise"", ""bug"", ""cradle"", and ""haunt"" in the glossary.",用語集で「revise」、「bug」、「cradle」、「haunt」を明確にする。,改稿レビュー待ち,"共通レビュー文: revise, bug, cradle, haunt"
1892,thankful,感謝した；ありがたい,The thankful option needs a clearer label.,thankfulの選択肢には、より明確なラベルが必要だ。,"Clarify ""thankful"", ""fluent"", ""housekeeping"", and ""tablet"" in the glossary.",用語集で「thankful」、「fluent」、「housekeeping」、「tablet」を明確にする。,改稿レビュー待ち,"共通レビュー文: thankful, fluent, housekeeping, tablet"
1894,fluent,流暢な,"Replace ""fluent"" with a clearer phrase if needed.",必要なら「fluent」をより明確な表現に置き換える。,"Clarify ""thankful"", ""fluent"", ""housekeeping"", and ""tablet"" in the glossary.",用語集で「thankful」、「fluent」、「housekeeping」、「tablet」を明確にする。,改稿レビュー待ち,"共通レビュー文: thankful, fluent, housekeeping, tablet"
1895,housekeeping,家事；家政,"Replace ""housekeeping"" with a clearer phrase if needed.",必要なら「housekeeping」をより明確な表現に置き換える。,"Clarify ""thankful"", ""fluent"", ""housekeeping"", and ""tablet"" in the glossary.",用語集で「thankful」、「fluent」、「housekeeping」、「tablet」を明確にする。,改稿レビュー待ち,"共通レビュー文: thankful, fluent, housekeeping, tablet"
1896,tablet,錠剤；タブレット,"Replace ""tablet"" with a clearer phrase if needed.",必要なら「tablet」をより明確な表現に置き換える。,"Clarify ""thankful"", ""fluent"", ""housekeeping"", and ""tablet"" in the glossary.",用語集で「thankful」、「fluent」、「housekeeping」、「tablet」を明確にする。,改稿レビュー待ち,"共通レビュー文: thankful, fluent, housekeeping, tablet"
1897,comprehend,を理解する,"Replace ""comprehend"" with a clearer phrase if needed.",必要なら「comprehend」をより明確な表現に置き換える。,"Clarify ""comprehend"", ""scrape"", ""classify"", and ""inexpensive"" in the glossary.",用語集で「comprehend」、「scrape」、「classify」、「inexpensive」を明確にする。,改稿レビュー待ち,"共通レビュー文: comprehend, scrape, classify, inexpensive"
1898,scrape,をこする；かき集める,"Replace ""scrape"" with a clearer phrase if needed.",必要なら「scrape」をより明確な表現に置き換える。,"Clarify ""comprehend"", ""scrape"", ""classify"", and ""inexpensive"" in the glossary.",用語集で「comprehend」、「scrape」、「classify」、「inexpensive」を明確にする。,改稿レビュー待ち,"共通レビュー文: comprehend, scrape, classify, inexpensive"
1899,classify,分類する,"Replace ""classify"" with a clearer phrase if needed.",必要なら「classify」をより明確な表現に置き換える。,"Clarify ""comprehend"", ""scrape"", ""classify"", and ""inexpensive"" in the glossary.",用語集で「comprehend」、「scrape」、「classify」、「inexpensive」を明確にする。,改稿レビュー待ち,"共通レビュー文: comprehend, scrape, classify, inexpensive"
1901,inexpensive,安価な,The inexpensive option needs a clearer label.,inexpensiveの選択肢には、より明確なラベルが必要だ。,"Clarify ""comprehend"", ""scrape"", ""classify"", and ""inexpensive"" in the glossary.",用語集で「comprehend」、「scrape」、「classify」、「inexpensive」を明確にする。,改稿レビュー待ち,"共通レビュー文: comprehend, scrape, classify, inexpensive"
1902,ounce,オンス；少量,"Replace ""ounce"" with a clearer phrase if needed.",必要なら「ounce」をより明確な表現に置き換える。,"Clarify ""ounce"", ""hail"", ""hum"", and ""sow"" in the glossary.",用語集で「ounce」、「hail」、「hum」、「sow」を明確にする。,改稿レビュー待ち,"共通レビュー文: ounce, hail, hum, sow"
1904,hail,を称える；ひょう,"Replace ""hail"" with a clearer phrase if needed.",必要なら「hail」をより明確な表現に置き換える。,"Clarify ""ounce"", ""hail"", ""hum"", and ""sow"" in the glossary.",用語集で「ounce」、「hail」、「hum」、「sow」を明確にする。,改稿レビュー待ち,"共通レビュー文: ounce, hail, hum, sow"
1905,hum,ハミングする；うなる,"Replace ""hum"" with a clearer phrase if needed.",必要なら「hum」をより明確な表現に置き換える。,"Clarify ""ounce"", ""hail"", ""hum"", and ""sow"" in the glossary.",用語集で「ounce」、「hail」、「hum」、「sow」を明確にする。,改稿レビュー待ち,"共通レビュー文: ounce, hail, hum, sow"
1906,sow,を播種する；まく,"Replace ""sow"" with a clearer phrase if needed.",必要なら「sow」をより明確な表現に置き換える。,"Clarify ""ounce"", ""hail"", ""hum"", and ""sow"" in the glossary.",用語集で「ounce」、「hail」、「hum」、「sow」を明確にする。,改稿レビュー待ち,"共通レビュー文: ounce, hail, hum, sow"
1907,transmit,伝達する；送信する,"Replace ""transmit"" with a clearer phrase if needed.",必要なら「transmit」をより明確な表現に置き換える。,"Clarify ""transmit"", ""grind"", ""reflective"", and ""signify"" in the glossary.",用語集で「transmit」、「grind」、「reflective」、「signify」を明確にする。,改稿レビュー待ち,"共通レビュー文: transmit, grind, reflective, signify"
1908,grind,を粉砕する；すりつぶす,"Replace ""grind"" with a clearer phrase if needed.",必要なら「grind」をより明確な表現に置き換える。,"Clarify ""transmit"", ""grind"", ""reflective"", and ""signify"" in the glossary.",用語集で「transmit」、「grind」、「reflective」、「signify」を明確にする。,改稿レビュー待ち,"共通レビュー文: transmit, grind, reflective, signify"
1909,reflective,反省的な；反射する,The reflective option needs a clearer label.,reflectiveの選択肢には、より明確なラベルが必要だ。,"Clarify ""transmit"", ""grind"", ""reflective"", and ""signify"" in the glossary.",用語集で「transmit」、「grind」、「reflective」、「signify」を明確にする。,改稿レビュー待ち,"共通レビュー文: transmit, grind, reflective, signify"
1911,signify,を意味する；を示す,"Replace ""signify"" with a clearer phrase if needed.",必要なら「signify」をより明確な表現に置き換える。,"Clarify ""transmit"", ""grind"", ""reflective"", and ""signify"" in the glossary.",用語集で「transmit」、「grind」、「reflective」、「signify」を明確にする。,改稿レビュー待ち,"共通レビュー文: transmit, grind, reflective, signify"
1912,portray,を描く；を演じる,"Replace ""portray"" with a clearer phrase if needed.",必要なら「portray」をより明確な表現に置き換える。,"Clarify ""portray"", ""confine"", ""swamp"", and ""groan"" in the glossary.",用語集で「portray」、「confine」、「swamp」、「groan」を明確にする。,改稿レビュー待ち,"共通レビュー文: portray, confine, swamp, groan"
1913,confine,限定する；閉じ込める,"Replace ""confine"" with a clearer phrase if needed.",必要なら「confine」をより明確な表現に置き換える。,"Clarify ""portray"", ""confine"", ""swamp"", and ""groan"" in the glossary.",用語集で「portray」、「confine」、「swamp」、「groan」を明確にする。,改稿レビュー待ち,"共通レビュー文: portray, confine, swamp, groan"
1914,swamp,沼地；を圧倒する,"Replace ""swamp"" with a clearer phrase if needed.",必要なら「swamp」をより明確な表現に置き換える。,"Clarify ""portray"", ""confine"", ""swamp"", and ""groan"" in the glossary.",用語集で「portray」、「confine」、「swamp」、「groan」を明確にする。,改稿レビュー待ち,"共通レビュー文: portray, confine, swamp, groan"
1915,groan,うめく；不満を言う,"Replace ""groan"" with a clearer phrase if needed.",必要なら「groan」をより明確な表現に置き換える。,"Clarify ""portray"", ""confine"", ""swamp"", and ""groan"" in the glossary.",用語集で「portray」、「confine」、「swamp」、「groan」を明確にする。,改稿レビュー待ち,"共通レビュー文: portray, confine, swamp, groan"
1916,precaution,予防措置；注意,Clarify the precaution before the next review.,次のレビュー前にprecautionを明確にする。,"Clarify ""precaution"", ""puff"", ""specialise"", and ""perch"" in the glossary.",用語集で「precaution」、「puff」、「specialise」、「perch」を明確にする。,改稿レビュー待ち,"共通レビュー文: precaution, puff, specialise, perch"
1917,puff,ふっと吹く；一吸い,"Replace ""puff"" with a clearer phrase if needed.",必要なら「puff」をより明確な表現に置き換える。,"Clarify ""precaution"", ""puff"", ""specialise"", and ""perch"" in the glossary.",用語集で「precaution」、「puff」、「specialise」、「perch」を明確にする。,改稿レビュー待ち,"共通レビュー文: precaution, puff, specialise, perch"
1918,specialise,を専門とする,"Replace ""specialise"" with a clearer phrase if needed.",必要なら「specialise」をより明確な表現に置き換える。,"Clarify ""precaution"", ""puff"", ""specialise"", and ""perch"" in the glossary.",用語集で「precaution」、「puff」、「specialise」、「perch」を明確にする。,改稿レビュー待ち,"共通レビュー文: precaution, puff, specialise, perch"
1919,perch,とまる；高い場所,"Replace ""perch"" with a clearer phrase if needed.",必要なら「perch」をより明確な表現に置き換える。,"Clarify ""precaution"", ""puff"", ""specialise"", and ""perch"" in the glossary.",用語集で「precaution」、「puff」、「specialise」、「perch」を明確にする。,改稿レビュー待ち,"共通レビュー文: precaution, puff, specialise, perch"
1920,dinosaur,恐竜,"Replace ""dinosaur"" with a clearer phrase if needed.",必要なら「dinosaur」をより明確な表現に置き換える。,"Clarify ""dinosaur"", ""cite"", ""mammal"", and ""habitual"" in the glossary.",用語集で「dinosaur」、「cite」、「mammal」、「habitual」を明確にする。,改稿レビュー待ち,"共通レビュー文: dinosaur, cite, mammal, habitual"
1921,cite,引用する；例として挙げる,"Replace ""cite"" with a clearer phrase if needed.",必要なら「cite」をより明確な表現に置き換える。,"Clarify ""dinosaur"", ""cite"", ""mammal"", and ""habitual"" in the glossary.",用語集で「dinosaur」、「cite」、「mammal」、「habitual」を明確にする。,改稿レビュー待ち,"共通レビュー文: dinosaur, cite, mammal, habitual"
1922,mammal,哺乳類,The mammal option needs a clearer label.,mammalの選択肢には、より明確なラベルが必要だ。,"Clarify ""dinosaur"", ""cite"", ""mammal"", and ""habitual"" in the glossary.",用語集で「dinosaur」、「cite」、「mammal」、「habitual」を明確にする。,改稿レビュー待ち,"共通レビュー文: dinosaur, cite, mammal, habitual"
1923,habitual,習慣的な,The habitual option needs a clearer label.,habitualの選択肢には、より明確なラベルが必要だ。,"Clarify ""dinosaur"", ""cite"", ""mammal"", and ""habitual"" in the glossary.",用語集で「dinosaur」、「cite」、「mammal」、「habitual」を明確にする。,改稿レビュー待ち,"共通レビュー文: dinosaur, cite, mammal, habitual"
1925,drip,したたる；点滴,"Replace ""drip"" with a clearer phrase if needed.",必要なら「drip」をより明確な表現に置き換える。,"Clarify ""drip"", ""cultivate"", ""tempt"", and ""oblige"" in the glossary.",用語集で「drip」、「cultivate」、「tempt」、「oblige」を明確にする。,改稿レビュー待ち,"共通レビュー文: drip, cultivate, tempt, oblige"
1926,cultivate,cultivate；育てる,"Replace ""cultivate"" with a clearer phrase if needed.",必要なら「cultivate」をより明確な表現に置き換える。,"Clarify ""drip"", ""cultivate"", ""tempt"", and ""oblige"" in the glossary.",用語集で「drip」、「cultivate」、「tempt」、「oblige」を明確にする。,改稿レビュー待ち,"共通レビュー文: drip, cultivate, tempt, oblige"
1927,tempt,を誘惑する；誘う,"Replace ""tempt"" with a clearer phrase if needed.",必要なら「tempt」をより明確な表現に置き換える。,"Clarify ""drip"", ""cultivate"", ""tempt"", and ""oblige"" in the glossary.",用語集で「drip」、「cultivate」、「tempt」、「oblige」を明確にする。,改稿レビュー待ち,"共通レビュー文: drip, cultivate, tempt, oblige"
1928,oblige,を強制する；恩義を感じさせる,"Replace ""oblige"" with a clearer phrase if needed.",必要なら「oblige」をより明確な表現に置き換える。,"Clarify ""drip"", ""cultivate"", ""tempt"", and ""oblige"" in the glossary.",用語集で「drip」、「cultivate」、「tempt」、「oblige」を明確にする。,改稿レビュー待ち,"共通レビュー文: drip, cultivate, tempt, oblige"
1929,reap,を収穫する；得る,"Replace ""reap"" with a clearer phrase if needed.",必要なら「reap」をより明確な表現に置き換える。,"Clarify ""reap"", ""characterise"", ""craftsman"", and ""contentment"" in the glossary.",用語集で「reap」、「characterise」、「craftsman」、「contentment」を明確にする。,改稿レビュー待ち,"共通レビュー文: reap, characterise, craftsman, contentment"
1930,characterise,を特徴づける,"Replace ""characterise"" with a clearer phrase if needed.",必要なら「characterise」をより明確な表現に置き換える。,"Clarify ""reap"", ""characterise"", ""craftsman"", and ""contentment"" in the glossary.",用語集で「reap」、「characterise」、「craftsman」、「contentment」を明確にする。,改稿レビュー待ち,"共通レビュー文: reap, characterise, craftsman, contentment"
1932,craftsman,職人；熟練工,"Replace ""craftsman"" with a clearer phrase if needed.",必要なら「craftsman」をより明確な表現に置き換える。,"Clarify ""reap"", ""characterise"", ""craftsman"", and ""contentment"" in the glossary.",用語集で「reap」、「characterise」、「craftsman」、「contentment」を明確にする。,改稿レビュー待ち,"共通レビュー文: reap, characterise, craftsman, contentment"
1933,contentment,満足；充足感,Clarify the contentment before the next review.,次のレビュー前にcontentmentを明確にする。,"Clarify ""reap"", ""characterise"", ""craftsman"", and ""contentment"" in the glossary.",用語集で「reap」、「characterise」、「craftsman」、「contentment」を明確にする。,改稿レビュー待ち,"共通レビュー文: reap, characterise, craftsman, contentment"
1934,inhabit,に住む；生息する,"Replace ""inhabit"" with a clearer phrase if needed.",必要なら「inhabit」をより明確な表現に置き換える。,"Clarify ""inhabit"", ""onward"", ""prosper"", and ""descendant"" in the glossary.",用語集で「inhabit」、「onward」、「prosper」、「descendant」を明確にする。,改稿レビュー待ち,"共通レビュー文: inhabit, onward, prosper, descendant"
1935,onward,前方へ；前進して,"Replace ""onward"" with a clearer phrase if needed.",必要なら「onward」をより明確な表現に置き換える。,"Clarify ""inhabit"", ""onward"", ""prosper"", and ""descendant"" in the glossary.",用語集で「inhabit」、「onward」、「prosper」、「descendant」を明確にする。,改稿レビュー待ち,"共通レビュー文: inhabit, onward, prosper, descendant"
1936,prosper,繁栄する；成功する,"Replace ""prosper"" with a clearer phrase if needed.",必要なら「prosper」をより明確な表現に置き換える。,"Clarify ""inhabit"", ""onward"", ""prosper"", and ""descendant"" in the glossary.",用語集で「inhabit」、「onward」、「prosper」、「descendant」を明確にする。,改稿レビュー待ち,"共通レビュー文: inhabit, onward, prosper, descendant"
1937,descendant,子孫,"Replace ""descendant"" with a clearer phrase if needed.",必要なら「descendant」をより明確な表現に置き換える。,"Clarify ""inhabit"", ""onward"", ""prosper"", and ""descendant"" in the glossary.",用語集で「inhabit」、「onward」、「prosper」、「descendant」を明確にする。,改稿レビュー待ち,"共通レビュー文: inhabit, onward, prosper, descendant"
1939,convict,を有罪にする；受刑者,"Replace ""convict"" with a clearer phrase if needed.",必要なら「convict」をより明確な表現に置き換える。,"Clarify ""convict"", ""uncover"", ""choke"", and ""equip"" in the glossary.",用語集で「convict」、「uncover」、「choke」、「equip」を明確にする。,改稿レビュー待ち,"共通レビュー文: convict, uncover, choke, equip"
1940,uncover,を明らかにする；を発見する,"Replace ""uncover"" with a clearer phrase if needed.",必要なら「uncover」をより明確な表現に置き換える。,"Clarify ""convict"", ""uncover"", ""choke"", and ""equip"" in the glossary.",用語集で「convict」、「uncover」、「choke」、「equip」を明確にする。,改稿レビュー待ち,"共通レビュー文: convict, uncover, choke, equip"
1941,choke,をふさぐ；窒息させる,"Replace ""choke"" with a clearer phrase if needed.",必要なら「choke」をより明確な表現に置き換える。,"Clarify ""convict"", ""uncover"", ""choke"", and ""equip"" in the glossary.",用語集で「convict」、「uncover」、「choke」、「equip」を明確にする。,改稿レビュー待ち,"共通レビュー文: convict, uncover, choke, equip"
1942,equip,を装備する；備えさせる,"Replace ""equip"" with a clearer phrase if needed.",必要なら「equip」をより明確な表現に置き換える。,"Clarify ""convict"", ""uncover"", ""choke"", and ""equip"" in the glossary.",用語集で「convict」、「uncover」、「choke」、「equip」を明確にする。,改稿レビュー待ち,"共通レビュー文: convict, uncover, choke, equip"
1943,originate,を生み出す；起源を持つ,"Replace ""originate"" with a clearer phrase if needed.",必要なら「originate」をより明確な表現に置き換える。,"Clarify ""originate"", ""tease"", ""compose"", and ""motivate"" in the glossary.",用語集で「originate」、「tease」、「compose」、「motivate」を明確にする。,改稿レビュー待ち,"共通レビュー文: originate, tease, compose, motivate"
1944,tease,をからかう；いじめる,"Replace ""tease"" with a clearer phrase if needed.",必要なら「tease」をより明確な表現に置き換える。,"Clarify ""originate"", ""tease"", ""compose"", and ""motivate"" in the glossary.",用語集で「originate」、「tease」、「compose」、「motivate」を明確にする。,改稿レビュー待ち,"共通レビュー文: originate, tease, compose, motivate"
1946,compose,を構成する；作曲する,"Replace ""compose"" with a clearer phrase if needed.",必要なら「compose」をより明確な表現に置き換える。,"Clarify ""originate"", ""tease"", ""compose"", and ""motivate"" in the glossary.",用語集で「originate」、「tease」、「compose」、「motivate」を明確にする。,改稿レビュー待ち,"共通レビュー文: originate, tease, compose, motivate"
1947,motivate,動機づける,"Replace ""motivate"" with a clearer phrase if needed.",必要なら「motivate」をより明確な表現に置き換える。,"Clarify ""originate"", ""tease"", ""compose"", and ""motivate"" in the glossary.",用語集で「originate」、「tease」、「compose」、「motivate」を明確にする。,改稿レビュー待ち,"共通レビュー文: originate, tease, compose, motivate"
1948,enlarge,を拡大する,"Replace ""enlarge"" with a clearer phrase if needed.",必要なら「enlarge」をより明確な表現に置き換える。,"Clarify ""enlarge"", ""bribe"", ""jerk"", and ""overtake"" in the glossary.",用語集で「enlarge」、「bribe」、「jerk」、「overtake」を明確にする。,改稿レビュー待ち,"共通レビュー文: enlarge, bribe, jerk, overtake"
1949,bribe,賄賂；を買収する,"Replace ""bribe"" with a clearer phrase if needed.",必要なら「bribe」をより明確な表現に置き換える。,"Clarify ""enlarge"", ""bribe"", ""jerk"", and ""overtake"" in the glossary.",用語集で「enlarge」、「bribe」、「jerk」、「overtake」を明確にする。,改稿レビュー待ち,"共通レビュー文: enlarge, bribe, jerk, overtake"
1950,jerk,急に動く；ぐいっと引っ張る,"Replace ""jerk"" with a clearer phrase if needed.",必要なら「jerk」をより明確な表現に置き換える。,"Clarify ""enlarge"", ""bribe"", ""jerk"", and ""overtake"" in the glossary.",用語集で「enlarge」、「bribe」、「jerk」、「overtake」を明確にする。,改稿レビュー待ち,"共通レビュー文: enlarge, bribe, jerk, overtake"
1951,overtake,を追い越す；を超える,"Replace ""overtake"" with a clearer phrase if needed.",必要なら「overtake」をより明確な表現に置き換える。,"Clarify ""enlarge"", ""bribe"", ""jerk"", and ""overtake"" in the glossary.",用語集で「enlarge」、「bribe」、「jerk」、「overtake」を明確にする。,改稿レビュー待ち,"共通レビュー文: enlarge, bribe, jerk, overtake"
1953,annoy,を困らせる；いらいらさせる,"Replace ""annoy"" with a clearer phrase if needed.",必要なら「annoy」をより明確な表現に置き換える。,"Clarify ""annoy"", ""soar"", ""compel"", and ""roam"" in the glossary.",用語集で「annoy」、「soar」、「compel」、「roam」を明確にする。,改稿レビュー待ち,"共通レビュー文: annoy, soar, compel, roam"
1954,soar,急上昇する；高く舞う,"Replace ""soar"" with a clearer phrase if needed.",必要なら「soar」をより明確な表現に置き換える。,"Clarify ""annoy"", ""soar"", ""compel"", and ""roam"" in the glossary.",用語集で「annoy」、「soar」、「compel」、「roam」を明確にする。,改稿レビュー待ち,"共通レビュー文: annoy, soar, compel, roam"
1955,compel,を強制する,"Replace ""compel"" with a clearer phrase if needed.",必要なら「compel」をより明確な表現に置き換える。,"Clarify ""annoy"", ""soar"", ""compel"", and ""roam"" in the glossary.",用語集で「annoy」、「soar」、「compel」、「roam」を明確にする。,改稿レビュー待ち,"共通レビュー文: annoy, soar, compel, roam"
1956,roam,を放浪する；歩き回る,"Replace ""roam"" with a clearer phrase if needed.",必要なら「roam」をより明確な表現に置き換える。,"Clarify ""annoy"", ""soar"", ""compel"", and ""roam"" in the glossary.",用語集で「annoy」、「soar」、「compel」、「roam」を明確にする。,改稿レビュー待ち,"共通レビュー文: annoy, soar, compel, roam"
1957,owing,〜のために；未払いの,"Replace ""owing"" with a clearer phrase if needed.",必要なら「owing」をより明確な表現に置き換える。,"Clarify ""owing"", ""proclaim"", ""ape"", and ""priceless"" in the glossary.",用語集で「owing」、「proclaim」、「ape」、「priceless」を明確にする。,改稿レビュー待ち,"共通レビュー文: owing, proclaim, ape, priceless"
1958,proclaim,を宣言する；公布する,"Replace ""proclaim"" with a clearer phrase if needed.",必要なら「proclaim」をより明確な表現に置き換える。,"Clarify ""owing"", ""proclaim"", ""ape"", and ""priceless"" in the glossary.",用語集で「owing」、「proclaim」、「ape」、「priceless」を明確にする。,改稿レビュー待ち,"共通レビュー文: owing, proclaim, ape, priceless"
1960,ape,類人猿；をまねる,"Replace ""ape"" with a clearer phrase if needed.",必要なら「ape」をより明確な表現に置き換える。,"Clarify ""owing"", ""proclaim"", ""ape"", and ""priceless"" in the glossary.",用語集で「owing」、「proclaim」、「ape」、「priceless」を明確にする。,改稿レビュー待ち,"共通レビュー文: owing, proclaim, ape, priceless"
1961,priceless,非常に貴重な,The priceless option needs a clearer label.,pricelessの選択肢には、より明確なラベルが必要だ。,"Clarify ""owing"", ""proclaim"", ""ape"", and ""priceless"" in the glossary.",用語集で「owing」、「proclaim」、「ape」、「priceless」を明確にする。,改稿レビュー待ち,"共通レビュー文: owing, proclaim, ape, priceless"
1962,despise,を軽蔑する,"Replace ""despise"" with a clearer phrase if needed.",必要なら「despise」をより明確な表現に置き換える。,"Clarify ""despise"", ""workman"", ""hasten"", and ""seaweed"" in the glossary.",用語集で「despise」、「workman」、「hasten」、「seaweed」を明確にする。,改稿レビュー待ち,"共通レビュー文: despise, workman, hasten, seaweed"
1963,workman,職人；労働者,"Replace ""workman"" with a clearer phrase if needed.",必要なら「workman」をより明確な表現に置き換える。,"Clarify ""despise"", ""workman"", ""hasten"", and ""seaweed"" in the glossary.",用語集で「despise」、「workman」、「hasten」、「seaweed」を明確にする。,改稿レビュー待ち,"共通レビュー文: despise, workman, hasten, seaweed"
1964,hasten,を急がせる；急ぐ,"Replace ""hasten"" with a clearer phrase if needed.",必要なら「hasten」をより明確な表現に置き換える。,"Clarify ""despise"", ""workman"", ""hasten"", and ""seaweed"" in the glossary.",用語集で「despise」、「workman」、「hasten」、「seaweed」を明確にする。,改稿レビュー待ち,"共通レビュー文: despise, workman, hasten, seaweed"
1965,seaweed,海藻,"Replace ""seaweed"" with a clearer phrase if needed.",必要なら「seaweed」をより明確な表現に置き換える。,"Clarify ""despise"", ""workman"", ""hasten"", and ""seaweed"" in the glossary.",用語集で「despise」、「workman」、「hasten」、「seaweed」を明確にする。,改稿レビュー待ち,"共通レビュー文: despise, workman, hasten, seaweed"
1967,workmanship,職人技；仕上がり,"Replace ""workmanship"" with a clearer phrase if needed.",必要なら「workmanship」をより明確な表現に置き換える。,"Clarify ""workmanship"", ""stumble"", ""fuzzy"", and ""strait"" in the glossary.",用語集で「workmanship」、「stumble」、「fuzzy」、「strait」を明確にする。,改稿レビュー待ち,"共通レビュー文: workmanship, stumble, fuzzy, strait"
1968,stumble,つまずく；偶然見つける,"Replace ""stumble"" with a clearer phrase if needed.",必要なら「stumble」をより明確な表現に置き換える。,"Clarify ""workmanship"", ""stumble"", ""fuzzy"", and ""strait"" in the glossary.",用語集で「workmanship」、「stumble」、「fuzzy」、「strait」を明確にする。,改稿レビュー待ち,"共通レビュー文: workmanship, stumble, fuzzy, strait"
1969,fuzzy,ぼんやりした；毛羽立った,"Replace ""fuzzy"" with a clearer phrase if needed.",必要なら「fuzzy」をより明確な表現に置き換える。,"Clarify ""workmanship"", ""stumble"", ""fuzzy"", and ""strait"" in the glossary.",用語集で「workmanship」、「stumble」、「fuzzy」、「strait」を明確にする。,改稿レビュー待ち,"共通レビュー文: workmanship, stumble, fuzzy, strait"
1970,strait,海峡；苦境,"Replace ""strait"" with a clearer phrase if needed.",必要なら「strait」をより明確な表現に置き換える。,"Clarify ""workmanship"", ""stumble"", ""fuzzy"", and ""strait"" in the glossary.",用語集で「workmanship」、「stumble」、「fuzzy」、「strait」を明確にする。,改稿レビュー待ち,"共通レビュー文: workmanship, stumble, fuzzy, strait"
1971,secondhand,中古の；また聞きの,"Replace ""secondhand"" with a clearer phrase if needed.",必要なら「secondhand」をより明確な表現に置き換える。,"Clarify ""secondhand"", ""mislead"", ""deepen"", and ""refine"" in the glossary.",用語集で「secondhand」、「mislead」、「deepen」、「refine」を明確にする。,改稿レビュー待ち,"共通レビュー文: secondhand, mislead, deepen, refine"
1972,mislead,を誤解させる；誤った方向に導く,"Replace ""mislead"" with a clearer phrase if needed.",必要なら「mislead」をより明確な表現に置き換える。,"Clarify ""secondhand"", ""mislead"", ""deepen"", and ""refine"" in the glossary.",用語集で「secondhand」、「mislead」、「deepen」、「refine」を明確にする。,改稿レビュー待ち,"共通レビュー文: secondhand, mislead, deepen, refine"
1973,deepen,を深める；深くなる,"Replace ""deepen"" with a clearer phrase if needed.",必要なら「deepen」をより明確な表現に置き換える。,"Clarify ""secondhand"", ""mislead"", ""deepen"", and ""refine"" in the glossary.",用語集で「secondhand」、「mislead」、「deepen」、「refine」を明確にする。,改稿レビュー待ち,"共通レビュー文: secondhand, mislead, deepen, refine"
1974,refine,を精製する；改善する,"Replace ""refine"" with a clearer phrase if needed.",必要なら「refine」をより明確な表現に置き換える。,"Clarify ""secondhand"", ""mislead"", ""deepen"", and ""refine"" in the glossary.",用語集で「secondhand」、「mislead」、「deepen」、「refine」を明確にする。,改稿レビュー待ち,"共通レビュー文: secondhand, mislead, deepen, refine"
1976,handout,プリント；施し物,"Replace ""handout"" with a clearer phrase if needed.",必要なら「handout」をより明確な表現に置き換える。,"Clarify ""handout"", ""entitle"", ""complicate"", and ""firework"" in the glossary.",用語集で「handout」、「entitle」、「complicate」、「firework」を明確にする。,改稿レビュー待ち,"共通レビュー文: handout, entitle, complicate, firework"
1977,entitle,に権利を与える；と題する,"Replace ""entitle"" with a clearer phrase if needed.",必要なら「entitle」をより明確な表現に置き換える。,"Clarify ""handout"", ""entitle"", ""complicate"", and ""firework"" in the glossary.",用語集で「handout」、「entitle」、「complicate」、「firework」を明確にする。,改稿レビュー待ち,"共通レビュー文: handout, entitle, complicate, firework"
1978,complicate,を複雑にする,"Replace ""complicate"" with a clearer phrase if needed.",必要なら「complicate」をより明確な表現に置き換える。,"Clarify ""handout"", ""entitle"", ""complicate"", and ""firework"" in the glossary.",用語集で「handout」、「entitle」、「complicate」、「firework」を明確にする。,改稿レビュー待ち,"共通レビュー文: handout, entitle, complicate, firework"
1979,firework,花火,"Replace ""firework"" with a clearer phrase if needed.",必要なら「firework」をより明確な表現に置き換える。,"Clarify ""handout"", ""entitle"", ""complicate"", and ""firework"" in the glossary.",用語集で「handout」、「entitle」、「complicate」、「firework」を明確にする。,改稿レビュー待ち,"共通レビュー文: handout, entitle, complicate, firework"
1980,overwhelm,を圧倒する；を溺れさせる,"Replace ""overwhelm"" with a clearer phrase if needed.",必要なら「overwhelm」をより明確な表現に置き換える。,"Clarify ""overwhelm"", ""unfold"", ""cashier"", and ""depress"" in the glossary.",用語集で「overwhelm」、「unfold」、「cashier」、「depress」を明確にする。,改稿レビュー待ち,"共通レビュー文: overwhelm, unfold, cashier, depress"
1981,unfold,を開く；を明らかにする,"Replace ""unfold"" with a clearer phrase if needed.",必要なら「unfold」をより明確な表現に置き換える。,"Clarify ""overwhelm"", ""unfold"", ""cashier"", and ""depress"" in the glossary.",用語集で「overwhelm」、「unfold」、「cashier」、「depress」を明確にする。,改稿レビュー待ち,"共通レビュー文: overwhelm, unfold, cashier, depress"
1983,cashier,レジ係；出納係,"Replace ""cashier"" with a clearer phrase if needed.",必要なら「cashier」をより明確な表現に置き換える。,"Clarify ""overwhelm"", ""unfold"", ""cashier"", and ""depress"" in the glossary.",用語集で「overwhelm」、「unfold」、「cashier」、「depress」を明確にする。,改稿レビュー待ち,"共通レビュー文: overwhelm, unfold, cashier, depress"
1984,depress,を落ち込ませる；を押し下げる,"Replace ""depress"" with a clearer phrase if needed.",必要なら「depress」をより明確な表現に置き換える。,"Clarify ""overwhelm"", ""unfold"", ""cashier"", and ""depress"" in the glossary.",用語集で「overwhelm」、「unfold」、「cashier」、「depress」を明確にする。,改稿レビュー待ち,"共通レビュー文: overwhelm, unfold, cashier, depress"
1985,frustrate,妨げる；いらいらさせる,"Replace ""frustrate"" with a clearer phrase if needed.",必要なら「frustrate」をより明確な表現に置き換える。,"Clarify ""frustrate"", ""diligent"", ""industrious"", and ""whirl"" in the glossary.",用語集で「frustrate」、「diligent」、「industrious」、「whirl」を明確にする。,改稿レビュー待ち,"共通レビュー文: frustrate, diligent, industrious, whirl"
1986,diligent,勤勉な；精励な,"Replace ""diligent"" with a clearer phrase if needed.",必要なら「diligent」をより明確な表現に置き換える。,"Clarify ""frustrate"", ""diligent"", ""industrious"", and ""whirl"" in the glossary.",用語集で「frustrate」、「diligent」、「industrious」、「whirl」を明確にする。,改稿レビュー待ち,"共通レビュー文: frustrate, diligent, industrious, whirl"
1987,industrious,勤勉な,The industrious option needs a clearer label.,industriousの選択肢には、より明確なラベルが必要だ。,"Clarify ""frustrate"", ""diligent"", ""industrious"", and ""whirl"" in the glossary.",用語集で「frustrate」、「diligent」、「industrious」、「whirl」を明確にする。,改稿レビュー待ち,"共通レビュー文: frustrate, diligent, industrious, whirl"
1988,whirl,ぐるぐる回る；旋回,"Replace ""whirl"" with a clearer phrase if needed.",必要なら「whirl」をより明確な表現に置き換える。,"Clarify ""frustrate"", ""diligent"", ""industrious"", and ""whirl"" in the glossary.",用語集で「frustrate」、「diligent」、「industrious」、「whirl」を明確にする。,改稿レビュー待ち,"共通レビュー文: frustrate, diligent, industrious, whirl"
1990,irritate,をいらいらさせる；刺激する,"Replace ""irritate"" with a clearer phrase if needed.",必要なら「irritate」をより明確な表現に置き換える。,"Clarify ""irritate"", ""revolve"", ""shatter"", and ""infect"" in the glossary.",用語集で「irritate」、「revolve」、「shatter」、「infect」を明確にする。,改稿レビュー待ち,"共通レビュー文: irritate, revolve, shatter, infect"
1991,revolve,回転する；の中心に置く,"Replace ""revolve"" with a clearer phrase if needed.",必要なら「revolve」をより明確な表現に置き換える。,"Clarify ""irritate"", ""revolve"", ""shatter"", and ""infect"" in the glossary.",用語集で「irritate」、「revolve」、「shatter」、「infect」を明確にする。,改稿レビュー待ち,"共通レビュー文: irritate, revolve, shatter, infect"
1992,shatter,を粉砕する；打ち砕く,"Replace ""shatter"" with a clearer phrase if needed.",必要なら「shatter」をより明確な表現に置き換える。,"Clarify ""irritate"", ""revolve"", ""shatter"", and ""infect"" in the glossary.",用語集で「irritate」、「revolve」、「shatter」、「infect」を明確にする。,改稿レビュー待ち,"共通レビュー文: irritate, revolve, shatter, infect"
1993,infect,に感染させる,"Replace ""infect"" with a clearer phrase if needed.",必要なら「infect」をより明確な表現に置き換える。,"Clarify ""irritate"", ""revolve"", ""shatter"", and ""infect"" in the glossary.",用語集で「irritate」、「revolve」、「shatter」、「infect」を明確にする。,改稿レビュー待ち,"共通レビュー文: irritate, revolve, shatter, infect"
1994,dedicate,を捧げる；専念させる,"Replace ""dedicate"" with a clearer phrase if needed.",必要なら「dedicate」をより明確な表現に置き換える。,"Clarify ""dedicate"", ""startle"", ""condense"", and ""fascinate"" in the glossary.",用語集で「dedicate」、「startle」、「condense」、「fascinate」を明確にする。,改稿レビュー待ち,"共通レビュー文: dedicate, startle, condense, fascinate"
1995,startle,を驚かせる；びくっとさせる,"Replace ""startle"" with a clearer phrase if needed.",必要なら「startle」をより明確な表現に置き換える。,"Clarify ""dedicate"", ""startle"", ""condense"", and ""fascinate"" in the glossary.",用語集で「dedicate」、「startle」、「condense」、「fascinate」を明確にする。,改稿レビュー待ち,"共通レビュー文: dedicate, startle, condense, fascinate"
1997,condense,を凝縮する；要約する,"Replace ""condense"" with a clearer phrase if needed.",必要なら「condense」をより明確な表現に置き換える。,"Clarify ""dedicate"", ""startle"", ""condense"", and ""fascinate"" in the glossary.",用語集で「dedicate」、「startle」、「condense」、「fascinate」を明確にする。,改稿レビュー待ち,"共通レビュー文: dedicate, startle, condense, fascinate"
1998,fascinate,を魅了する,"Replace ""fascinate"" with a clearer phrase if needed.",必要なら「fascinate」をより明確な表現に置き換える。,"Clarify ""dedicate"", ""startle"", ""condense"", and ""fascinate"" in the glossary.",用語集で「dedicate」、「startle」、「condense」、「fascinate」を明確にする。,改稿レビュー待ち,"共通レビュー文: dedicate, startle, condense, fascinate"
1999,terrify,を恐怖させる；怖がらせる,"Replace ""terrify"" with a clearer phrase if needed.",必要なら「terrify」をより明確な表現に置き換える。,"Clarify ""terrify"", ""skyscraper"", ""expenditure"", and ""calling"" in the glossary.",用語集で「terrify」、「skyscraper」、「expenditure」、「calling」を明確にする。,改稿レビュー待ち,"共通レビュー文: terrify, skyscraper, expenditure, calling"
2000,skyscraper,超高層ビル,"Replace ""skyscraper"" with a clearer phrase if needed.",必要なら「skyscraper」をより明確な表現に置き換える。,"Clarify ""terrify"", ""skyscraper"", ""expenditure"", and ""calling"" in the glossary.",用語集で「terrify」、「skyscraper」、「expenditure」、「calling」を明確にする。,改稿レビュー待ち,"共通レビュー文: terrify, skyscraper, expenditure, calling"
2001,expenditure,支出；費用,"Replace ""expenditure"" with a clearer phrase if needed.",必要なら「expenditure」をより明確な表現に置き換える。,"Clarify ""terrify"", ""skyscraper"", ""expenditure"", and ""calling"" in the glossary.",用語集で「terrify」、「skyscraper」、「expenditure」、「calling」を明確にする。,改稿レビュー待ち,"共通レビュー文: terrify, skyscraper, expenditure, calling"
2002,calling,天職；使命,"Replace ""calling"" with a clearer phrase if needed.",必要なら「calling」をより明確な表現に置き換える。,"Clarify ""terrify"", ""skyscraper"", ""expenditure"", and ""calling"" in the glossary.",用語集で「terrify」、「skyscraper」、「expenditure」、「calling」を明確にする。,改稿レビュー待ち,"共通レビュー文: terrify, skyscraper, expenditure, calling"
2003,liability,責任；負債,Clarify the liability before the next review.,次のレビュー前にliabilityを明確にする。,"Clarify ""liability"", ""arise"", ""breach"", and ""potentially"" in the glossary.",用語集で「liability」、「arise」、「breach」、「potentially」を明確にする。,改稿レビュー待ち,"共通レビュー文: liability, arise, breach, potentially"
2004,arise,生じる；起こる,"Replace ""arise"" with a clearer phrase if needed.",必要なら「arise」をより明確な表現に置き換える。,"Clarify ""liability"", ""arise"", ""breach"", and ""potentially"" in the glossary.",用語集で「liability」、「arise」、「breach」、「potentially」を明確にする。,改稿レビュー待ち,"共通レビュー文: liability, arise, breach, potentially"
2006,breach,違反；突破口,"Replace ""breach"" with a clearer phrase if needed.",必要なら「breach」をより明確な表現に置き換える。,"Clarify ""liability"", ""arise"", ""breach"", and ""potentially"" in the glossary.",用語集で「liability」、「arise」、「breach」、「potentially」を明確にする。,改稿レビュー待ち,"共通レビュー文: liability, arise, breach, potentially"
2008,potentially,潜在的に；可能性として,"Use ""potentially"" carefully in helper text.",ヘルプ文では「potentially」を慎重に使う。,"Clarify ""liability"", ""arise"", ""breach"", and ""potentially"" in the glossary.",用語集で「liability」、「arise」、「breach」、「potentially」を明確にする。,改稿レビュー待ち,"共通レビュー文: liability, arise, breach, potentially"
2009,vulnerable,脆弱な；傷つきやすい,The vulnerable option needs a clearer label.,vulnerableの選択肢には、より明確なラベルが必要だ。,"Clarify ""vulnerable"", ""timber"", ""marginal"", and ""straightforward"" in the glossary.",用語集で「vulnerable」、「timber」、「marginal」、「straightforward」を明確にする。,改稿レビュー待ち,"共通レビュー文: vulnerable, timber, marginal, straightforward"
2010,audit,監査；を監査する,Run an independent accessibility audit.,独立したアクセシビリティ監査を実施する。,Run an independent accessibility audit.,独立したアクセシビリティ監査を実施する。,改稿レビュー待ち,"共通例文: independent, audit"
2011,timber,木材；材木,"Replace ""timber"" with a clearer phrase if needed.",必要なら「timber」をより明確な表現に置き換える。,"Clarify ""vulnerable"", ""timber"", ""marginal"", and ""straightforward"" in the glossary.",用語集で「vulnerable」、「timber」、「marginal」、「straightforward」を明確にする。,改稿レビュー待ち,"共通レビュー文: vulnerable, timber, marginal, straightforward"
2012,marginal,わずかな；周辺の,The marginal option needs a clearer label.,marginalの選択肢には、より明確なラベルが必要だ。,"Clarify ""vulnerable"", ""timber"", ""marginal"", and ""straightforward"" in the glossary.",用語集で「vulnerable」、「timber」、「marginal」、「straightforward」を明確にする。,改稿レビュー待ち,"共通レビュー文: vulnerable, timber, marginal, straightforward"
2013,straightforward,率直な；簡単な,"Replace ""straightforward"" with a clearer phrase if needed.",必要なら「straightforward」をより明確な表現に置き換える。,"Clarify ""vulnerable"", ""timber"", ""marginal"", and ""straightforward"" in the glossary.",用語集で「vulnerable」、「timber」、「marginal」、「straightforward」を明確にする。,改稿レビュー待ち,"共通レビュー文: vulnerable, timber, marginal, straightforward"
2014,interface,インターフェース；接触面,"Replace ""interface"" with a clearer phrase if needed.",必要なら「interface」をより明確な表現に置き換える。,"Clarify ""interface"", ""explicit"", ""vertical"", and ""liberation"" in the glossary.",用語集で「interface」、「explicit」、「vertical」、「liberation」を明確にする。,改稿レビュー待ち,"共通レビュー文: interface, explicit, vertical, liberation"
2015,explicit,明白な；露骨な；明示的な,"Replace ""explicit"" with a clearer phrase if needed.",必要なら「explicit」をより明確な表現に置き換える。,"Clarify ""interface"", ""explicit"", ""vertical"", and ""liberation"" in the glossary.",用語集で「interface」、「explicit」、「vertical」、「liberation」を明確にする。,改稿レビュー待ち,"共通レビュー文: interface, explicit, vertical, liberation"
2016,vertical,垂直の；縦の,The vertical option needs a clearer label.,verticalの選択肢には、より明確なラベルが必要だ。,"Clarify ""interface"", ""explicit"", ""vertical"", and ""liberation"" in the glossary.",用語集で「interface」、「explicit」、「vertical」、「liberation」を明確にする。,改稿レビュー待ち,"共通レビュー文: interface, explicit, vertical, liberation"
2017,liberation,解放；自由化,Clarify the liberation before the next review.,次のレビュー前にliberationを明確にする。,"Clarify ""interface"", ""explicit"", ""vertical"", and ""liberation"" in the glossary.",用語集で「interface」、「explicit」、「vertical」、「liberation」を明確にする。,改稿レビュー待ち,"共通レビュー文: interface, explicit, vertical, liberation"
2018,lesser,より小さい；劣った,"Replace ""lesser"" with a clearer phrase if needed.",必要なら「lesser」をより明確な表現に置き換える。,"Clarify ""lesser"", ""incidence"", ""radiation"", and ""substantially"" in the glossary.",用語集で「lesser」、「incidence」、「radiation」、「substantially」を明確にする。,改稿レビュー待ち,"共通レビュー文: lesser, incidence, radiation, substantially"
2019,incidence,発生率；影響範囲,Clarify the incidence before the next review.,次のレビュー前にincidenceを明確にする。,"Clarify ""lesser"", ""incidence"", ""radiation"", and ""substantially"" in the glossary.",用語集で「lesser」、「incidence」、「radiation」、「substantially」を明確にする。,改稿レビュー待ち,"共通レビュー文: lesser, incidence, radiation, substantially"
2020,radiation,放射線；放射,Clarify the radiation before the next review.,次のレビュー前にradiationを明確にする。,"Clarify ""lesser"", ""incidence"", ""radiation"", and ""substantially"" in the glossary.",用語集で「lesser」、「incidence」、「radiation」、「substantially」を明確にする。,改稿レビュー待ち,"共通レビュー文: lesser, incidence, radiation, substantially"
2021,substantially,実質的に；かなり,"Use ""substantially"" carefully in helper text.",ヘルプ文では「substantially」を慎重に使う。,"Clarify ""lesser"", ""incidence"", ""radiation"", and ""substantially"" in the glossary.",用語集で「lesser」、「incidence」、「radiation」、「substantially」を明確にする。,改稿レビュー待ち,"共通レビュー文: lesser, incidence, radiation, substantially"
2022,premium,保険料；割増料金；高品質の,"Replace ""premium"" with a clearer phrase if needed.",必要なら「premium」をより明確な表現に置き換える。,"Clarify ""premium"", ""hierarchy"", ""equilibrium"", and ""undertaking"" in the glossary.",用語集で「premium」、「hierarchy」、「equilibrium」、「undertaking」を明確にする。,改稿レビュー待ち,"共通レビュー文: premium, hierarchy, equilibrium, undertaking"
2023,hierarchy,階層；序列,"Replace ""hierarchy"" with a clearer phrase if needed.",必要なら「hierarchy」をより明確な表現に置き換える。,"Clarify ""premium"", ""hierarchy"", ""equilibrium"", and ""undertaking"" in the glossary.",用語集で「premium」、「hierarchy」、「equilibrium」、「undertaking」を明確にする。,改稿レビュー待ち,"共通レビュー文: premium, hierarchy, equilibrium, undertaking"
2024,equilibrium,均衡,"Replace ""equilibrium"" with a clearer phrase if needed.",必要なら「equilibrium」をより明確な表現に置き換える。,"Clarify ""premium"", ""hierarchy"", ""equilibrium"", and ""undertaking"" in the glossary.",用語集で「premium」、「hierarchy」、「equilibrium」、「undertaking」を明確にする。,改稿レビュー待ち,"共通レビュー文: premium, hierarchy, equilibrium, undertaking"
2025,undertaking,引き受けること；事業,"Replace ""undertaking"" with a clearer phrase if needed.",必要なら「undertaking」をより明確な表現に置き換える。,"Clarify ""premium"", ""hierarchy"", ""equilibrium"", and ""undertaking"" in the glossary.",用語集で「premium」、「hierarchy」、「equilibrium」、「undertaking」を明確にする。,改稿レビュー待ち,"共通レビュー文: premium, hierarchy, equilibrium, undertaking"
2026,notable,注目すべき；著名な,The notable option needs a clearer label.,notableの選択肢には、より明確なラベルが必要だ。,"Clarify ""notable"", ""invariably"", ""correspondence"", and ""disability"" in the glossary.",用語集で「notable」、「invariably」、「correspondence」、「disability」を明確にする。,改稿レビュー待ち,"共通レビュー文: notable, invariably, correspondence, disability"
2028,invariably,常に；必ず,"Use ""invariably"" carefully in helper text.",ヘルプ文では「invariably」を慎重に使う。,"Clarify ""notable"", ""invariably"", ""correspondence"", and ""disability"" in the glossary.",用語集で「notable」、「invariably」、「correspondence」、「disability」を明確にする。,改稿レビュー待ち,"共通レビュー文: notable, invariably, correspondence, disability"
2029,correspondence,通信；一致,Clarify the correspondence before the next review.,次のレビュー前にcorrespondenceを明確にする。,"Clarify ""notable"", ""invariably"", ""correspondence"", and ""disability"" in the glossary.",用語集で「notable」、「invariably」、「correspondence」、「disability」を明確にする。,改稿レビュー待ち,"共通レビュー文: notable, invariably, correspondence, disability"
2030,disability,障害；無能力,Clarify the disability before the next review.,次のレビュー前にdisabilityを明確にする。,"Clarify ""notable"", ""invariably"", ""correspondence"", and ""disability"" in the glossary.",用語集で「notable」、「invariably」、「correspondence」、「disability」を明確にする。,改稿レビュー待ち,"共通レビュー文: notable, invariably, correspondence, disability"
2031,tribute,賛辞；貢物,"Replace ""tribute"" with a clearer phrase if needed.",必要なら「tribute」をより明確な表現に置き換える。,"Clarify ""tribute"", ""directory"", ""integrity"", and ""applicable"" in the glossary.",用語集で「tribute」、「directory」、「integrity」、「applicable」を明確にする。,改稿レビュー待ち,"共通レビュー文: tribute, directory, integrity, applicable"
2032,directory,名簿；ディレクトリ,"Replace ""directory"" with a clearer phrase if needed.",必要なら「directory」をより明確な表現に置き換える。,"Clarify ""tribute"", ""directory"", ""integrity"", and ""applicable"" in the glossary.",用語集で「tribute」、「directory」、「integrity」、「applicable」を明確にする。,改稿レビュー待ち,"共通レビュー文: tribute, directory, integrity, applicable"
2033,integrity,誠実さ；完全性,Clarify the integrity before the next review.,次のレビュー前にintegrityを明確にする。,"Clarify ""tribute"", ""directory"", ""integrity"", and ""applicable"" in the glossary.",用語集で「tribute」、「directory」、「integrity」、「applicable」を明確にする。,改稿レビュー待ち,"共通レビュー文: tribute, directory, integrity, applicable"
2035,applicable,適用できる；該当する,The applicable option needs a clearer label.,applicableの選択肢には、より明確なラベルが必要だ。,"Clarify ""tribute"", ""directory"", ""integrity"", and ""applicable"" in the glossary.",用語集で「tribute」、「directory」、「integrity」、「applicable」を明確にする。,改稿レビュー待ち,"共通レビュー文: tribute, directory, integrity, applicable"
2036,correlation,相関関係,Clarify the correlation before the next review.,次のレビュー前にcorrelationを明確にする。,"Clarify ""correlation"", ""law enforcement"", ""linear"", and ""implication"" in the glossary.",用語集で「correlation」、「law enforcement」、「linear」、「implication」を明確にする。,改稿レビュー待ち,"共通レビュー文: correlation, law enforcement, linear, implication"
2037,law enforcement,法執行機関；警察,"Use ""law enforcement"" only if the phrase is familiar.",その表現がなじみのある場合だけ「law enforcement」を使う。,"Clarify ""correlation"", ""law enforcement"", ""linear"", and ""implication"" in the glossary.",用語集で「correlation」、「law enforcement」、「linear」、「implication」を明確にする。,改稿レビュー待ち,"共通レビュー文: correlation, law enforcement, linear, implication"
2038,linear,線形の；直線的な,"Replace ""linear"" with a clearer phrase if needed.",必要なら「linear」をより明確な表現に置き換える。,"Clarify ""correlation"", ""law enforcement"", ""linear"", and ""implication"" in the glossary.",用語集で「correlation」、「law enforcement」、「linear」、「implication」を明確にする。,改稿レビュー待ち,"共通レビュー文: correlation, law enforcement, linear, implication"
2039,implication,含意；影響,Clarify the implication before the next review.,次のレビュー前にimplicationを明確にする。,"Clarify ""correlation"", ""law enforcement"", ""linear"", and ""implication"" in the glossary.",用語集で「correlation」、「law enforcement」、「linear」、「implication」を明確にする。,改稿レビュー待ち,"共通レビュー文: correlation, law enforcement, linear, implication"
2040,bureaucracy,官僚主義,"Replace ""bureaucracy"" with a clearer phrase if needed.",必要なら「bureaucracy」をより明確な表現に置き換える。,"Clarify ""bureaucracy"", ""negligence"", ""screening"", and ""thesis"" in the glossary.",用語集で「bureaucracy」、「negligence」、「screening」、「thesis」を明確にする。,改稿レビュー待ち,"共通レビュー文: bureaucracy, negligence, screening, thesis"
2042,negligence,過失；怠慢,Clarify the negligence before the next review.,次のレビュー前にnegligenceを明確にする。,"Clarify ""bureaucracy"", ""negligence"", ""screening"", and ""thesis"" in the glossary.",用語集で「bureaucracy」、「negligence」、「screening」、「thesis」を明確にする。,改稿レビュー待ち,"共通レビュー文: bureaucracy, negligence, screening, thesis"
2043,screening,審査；スクリーニング,"Replace ""screening"" with a clearer phrase if needed.",必要なら「screening」をより明確な表現に置き換える。,"Clarify ""bureaucracy"", ""negligence"", ""screening"", and ""thesis"" in the glossary.",用語集で「bureaucracy」、「negligence」、「screening」、「thesis」を明確にする。,改稿レビュー待ち,"共通レビュー文: bureaucracy, negligence, screening, thesis"
2044,thesis,論文；命題,"Replace ""thesis"" with a clearer phrase if needed.",必要なら「thesis」をより明確な表現に置き換える。,"Clarify ""bureaucracy"", ""negligence"", ""screening"", and ""thesis"" in the glossary.",用語集で「bureaucracy」、「negligence」、「screening」、「thesis」を明確にする。,改稿レビュー待ち,"共通レビュー文: bureaucracy, negligence, screening, thesis"
2045,mainstream,主流；主流の,"Replace ""mainstream"" with a clearer phrase if needed.",必要なら「mainstream」をより明確な表現に置き換える。,"Clarify ""mainstream"", ""toxic"", ""integral"", and ""intact"" in the glossary.",用語集で「mainstream」、「toxic」、「integral」、「intact」を明確にする。,改稿レビュー待ち,"共通レビュー文: mainstream, toxic, integral, intact"
2046,toxic,有毒な；毒性の,The toxic option needs a clearer label.,toxicの選択肢には、より明確なラベルが必要だ。,"Clarify ""mainstream"", ""toxic"", ""integral"", and ""intact"" in the glossary.",用語集で「mainstream」、「toxic」、「integral」、「intact」を明確にする。,改稿レビュー待ち,"共通レビュー文: mainstream, toxic, integral, intact"
2047,integral,不可欠な；整数の,The integral option needs a clearer label.,integralの選択肢には、より明確なラベルが必要だ。,"Clarify ""mainstream"", ""toxic"", ""integral"", and ""intact"" in the glossary.",用語集で「mainstream」、「toxic」、「integral」、「intact」を明確にする。,改稿レビュー待ち,"共通レビュー文: mainstream, toxic, integral, intact"
2048,intact,손傷のない；そのままの,"Replace ""intact"" with a clearer phrase if needed.",必要なら「intact」をより明確な表現に置き換える。,"Clarify ""mainstream"", ""toxic"", ""integral"", and ""intact"" in the glossary.",用語集で「mainstream」、「toxic」、「integral」、「intact」を明確にする。,改稿レビュー待ち,"共通レビュー文: mainstream, toxic, integral, intact"
2049,fertility,肥沃さ；生産力,Clarify the fertility before the next review.,次のレビュー前にfertilityを明確にする。,"Clarify ""fertility"", ""redundant"", ""decisive"", and ""questionnaire"" in the glossary.",用語集で「fertility」、「redundant」、「decisive」、「questionnaire」を明確にする。,改稿レビュー待ち,"共通レビュー文: fertility, redundant, decisive, questionnaire"
2050,redundant,余分な；冗長な,"Replace ""redundant"" with a clearer phrase if needed.",必要なら「redundant」をより明確な表現に置き換える。,"Clarify ""fertility"", ""redundant"", ""decisive"", and ""questionnaire"" in the glossary.",用語集で「fertility」、「redundant」、「decisive」、「questionnaire」を明確にする。,改稿レビュー待ち,"共通レビュー文: fertility, redundant, decisive, questionnaire"
2051,decisive,決定的な；断固とした,The decisive option needs a clearer label.,decisiveの選択肢には、より明確なラベルが必要だ。,"Clarify ""fertility"", ""redundant"", ""decisive"", and ""questionnaire"" in the glossary.",用語集で「fertility」、「redundant」、「decisive」、「questionnaire」を明確にする。,改稿レビュー待ち,"共通レビュー文: fertility, redundant, decisive, questionnaire"
2053,questionnaire,アンケート；質問表,"Replace ""questionnaire"" with a clearer phrase if needed.",必要なら「questionnaire」をより明確な表現に置き換える。,"Clarify ""fertility"", ""redundant"", ""decisive"", and ""questionnaire"" in the glossary.",用語集で「fertility」、「redundant」、「decisive」、「questionnaire」を明確にする。,改稿レビュー待ち,"共通レビュー文: fertility, redundant, decisive, questionnaire"
2054,likelihood,可能性；見込み,"Replace ""likelihood"" with a clearer phrase if needed.",必要なら「likelihood」をより明確な表現に置き換える。,"Clarify ""likelihood"", ""adverse"", ""entity"", and ""usage"" in the glossary.",用語集で「likelihood」、「adverse」、「entity」、「usage」を明確にする。,改稿レビュー待ち,"共通レビュー文: likelihood, adverse, entity, usage"
2055,adverse,不利な；不都合な,"Replace ""adverse"" with a clearer phrase if needed.",必要なら「adverse」をより明確な表現に置き換える。,"Clarify ""likelihood"", ""adverse"", ""entity"", and ""usage"" in the glossary.",用語集で「likelihood」、「adverse」、「entity」、「usage」を明確にする。,改稿レビュー待ち,"共通レビュー文: likelihood, adverse, entity, usage"
2056,entity,実体；存在,Clarify the entity before the next review.,次のレビュー前にentityを明確にする。,"Clarify ""likelihood"", ""adverse"", ""entity"", and ""usage"" in the glossary.",用語集で「likelihood」、「adverse」、「entity」、「usage」を明確にする。,改稿レビュー待ち,"共通レビュー文: likelihood, adverse, entity, usage"
2057,usage,使用法；慣用,"Replace ""usage"" with a clearer phrase if needed.",必要なら「usage」をより明確な表現に置き換える。,"Clarify ""likelihood"", ""adverse"", ""entity"", and ""usage"" in the glossary.",用語集で「likelihood」、「adverse」、「entity」、「usage」を明確にする。,改稿レビュー待ち,"共通レビュー文: likelihood, adverse, entity, usage"
2058,corps,部隊；団体,"Replace ""corps"" with a clearer phrase if needed.",必要なら「corps」をより明確な表現に置き換える。,"Clarify ""corps"", ""compatible"", ""intake"", and ""implicit"" in the glossary.",用語集で「corps」、「compatible」、「intake」、「implicit」を明確にする。,改稿レビュー待ち,"共通レビュー文: corps, compatible, intake, implicit"
2059,compatible,互換性のある；相性がいい,The compatible option needs a clearer label.,compatibleの選択肢には、より明確なラベルが必要だ。,"Clarify ""corps"", ""compatible"", ""intake"", and ""implicit"" in the glossary.",用語集で「corps」、「compatible」、「intake」、「implicit」を明確にする。,改稿レビュー待ち,"共通レビュー文: corps, compatible, intake, implicit"
2060,intake,摂取量；入学者数,"Replace ""intake"" with a clearer phrase if needed.",必要なら「intake」をより明確な表現に置き換える。,"Clarify ""corps"", ""compatible"", ""intake"", and ""implicit"" in the glossary.",用語集で「corps」、「compatible」、「intake」、「implicit」を明確にする。,改稿レビュー待ち,"共通レビュー文: corps, compatible, intake, implicit"
2061,implicit,暗黙の；潜在的な,"Replace ""implicit"" with a clearer phrase if needed.",必要なら「implicit」をより明確な表現に置き換える。,"Clarify ""corps"", ""compatible"", ""intake"", and ""implicit"" in the glossary.",用語集で「corps」、「compatible」、「intake」、「implicit」を明確にする。,改稿レビュー待ち,"共通レビュー文: corps, compatible, intake, implicit"
2062,aesthetic,美的な；審美的な,The aesthetic option needs a clearer label.,aestheticの選択肢には、より明確なラベルが必要だ。,"Clarify ""aesthetic"", ""offset"", ""anonymous"", and ""serial"" in the glossary.",用語集で「aesthetic」、「offset」、「anonymous」、「serial」を明確にする。,改稿レビュー待ち,"共通レビュー文: aesthetic, offset, anonymous, serial"
2064,offset,を相殺する；埋め合わせる,"Replace ""offset"" with a clearer phrase if needed.",必要なら「offset」をより明確な表現に置き換える。,"Clarify ""aesthetic"", ""offset"", ""anonymous"", and ""serial"" in the glossary.",用語集で「aesthetic」、「offset」、「anonymous」、「serial」を明確にする。,改稿レビュー待ち,"共通レビュー文: aesthetic, offset, anonymous, serial"
2065,anonymous,匿名の,The anonymous option needs a clearer label.,anonymousの選択肢には、より明確なラベルが必要だ。,"Clarify ""aesthetic"", ""offset"", ""anonymous"", and ""serial"" in the glossary.",用語集で「aesthetic」、「offset」、「anonymous」、「serial」を明確にする。,改稿レビュー待ち,"共通レビュー文: aesthetic, offset, anonymous, serial"
2066,serial,連続の；連載の,The serial option needs a clearer label.,serialの選択肢には、より明確なラベルが必要だ。,"Clarify ""aesthetic"", ""offset"", ""anonymous"", and ""serial"" in the glossary.",用語集で「aesthetic」、「offset」、「anonymous」、「serial」を明確にする。,改稿レビュー待ち,"共通レビュー文: aesthetic, offset, anonymous, serial"
2067,disastrous,惨憺たる；壊滅的な,The disastrous option needs a clearer label.,disastrousの選択肢には、より明確なラベルが必要だ。,"Clarify ""disastrous"", ""incorporate"", ""confidential"", and ""practitioner"" in the glossary.",用語集で「disastrous」、「incorporate」、「confidential」、「practitioner」を明確にする。,改稿レビュー待ち,"共通レビュー文: disastrous, incorporate, confidential, practitioner"
2068,incorporate,取り込む；設立する,"Replace ""incorporate"" with a clearer phrase if needed.",必要なら「incorporate」をより明確な表現に置き換える。,"Clarify ""disastrous"", ""incorporate"", ""confidential"", and ""practitioner"" in the glossary.",用語集で「disastrous」、「incorporate」、「confidential」、「practitioner」を明確にする。,改稿レビュー待ち,"共通レビュー文: disastrous, incorporate, confidential, practitioner"
2069,confidential,機密の；秘密の,The confidential option needs a clearer label.,confidentialの選択肢には、より明確なラベルが必要だ。,"Clarify ""disastrous"", ""incorporate"", ""confidential"", and ""practitioner"" in the glossary.",用語集で「disastrous」、「incorporate」、「confidential」、「practitioner」を明確にする。,改稿レビュー待ち,"共通レビュー文: disastrous, incorporate, confidential, practitioner"
2070,practitioner,開業医；実践者,"Replace ""practitioner"" with a clearer phrase if needed.",必要なら「practitioner」をより明確な表現に置き換える。,"Clarify ""disastrous"", ""incorporate"", ""confidential"", and ""practitioner"" in the glossary.",用語集で「disastrous」、「incorporate」、「confidential」、「practitioner」を明確にする。,改稿レビュー待ち,"共通レビュー文: disastrous, incorporate, confidential, practitioner"
2071,sovereign,主権者；最高の,"Replace ""sovereign"" with a clearer phrase if needed.",必要なら「sovereign」をより明確な表現に置き換える。,"Clarify ""sovereign"", ""arbitrary"", ""fury"", and ""weird"" in the glossary.",用語集で「sovereign」、「arbitrary」、「fury」、「weird」を明確にする。,改稿レビュー待ち,"共通レビュー文: sovereign, arbitrary, fury, weird"
2073,arbitrary,任意の；独断的な,"Replace ""arbitrary"" with a clearer phrase if needed.",必要なら「arbitrary」をより明確な表現に置き換える。,"Clarify ""sovereign"", ""arbitrary"", ""fury"", and ""weird"" in the glossary.",用語集で「sovereign」、「arbitrary」、「fury」、「weird」を明確にする。,改稿レビュー待ち,"共通レビュー文: sovereign, arbitrary, fury, weird"
2075,fury,激怒；猛威,"Replace ""fury"" with a clearer phrase if needed.",必要なら「fury」をより明確な表現に置き換える。,"Clarify ""sovereign"", ""arbitrary"", ""fury"", and ""weird"" in the glossary.",用語集で「sovereign」、「arbitrary」、「fury」、「weird」を明確にする。,改稿レビュー待ち,"共通レビュー文: sovereign, arbitrary, fury, weird"
2076,weird,奇妙な；不思議な,"Replace ""weird"" with a clearer phrase if needed.",必要なら「weird」をより明確な表現に置き換える。,"Clarify ""sovereign"", ""arbitrary"", ""fury"", and ""weird"" in the glossary.",用語集で「sovereign」、「arbitrary」、「fury」、「weird」を明確にする。,改稿レビュー待ち,"共通レビュー文: sovereign, arbitrary, fury, weird"
2077,legacy,遺産；遺物,"Replace ""legacy"" with a clearer phrase if needed.",必要なら「legacy」をより明確な表現に置き換える。,"Clarify ""legacy"", ""specimen"", ""axis"", and ""incidentaily"" in the glossary.",用語集で「legacy」、「specimen」、「axis」、「incidentaily」を明確にする。,改稿レビュー待ち,"共通レビュー文: legacy, specimen, axis, incidentaily"
2078,specimen,標本；見本,"Replace ""specimen"" with a clearer phrase if needed.",必要なら「specimen」をより明確な表現に置き換える。,"Clarify ""legacy"", ""specimen"", ""axis"", and ""incidentaily"" in the glossary.",用語集で「legacy」、「specimen」、「axis」、「incidentaily」を明確にする。,改稿レビュー待ち,"共通レビュー文: legacy, specimen, axis, incidentaily"
2079,axis,軸,"Replace ""axis"" with a clearer phrase if needed.",必要なら「axis」をより明確な表現に置き換える。,"Clarify ""legacy"", ""specimen"", ""axis"", and ""incidentaily"" in the glossary.",用語集で「legacy」、「specimen」、「axis」、「incidentaily」を明確にする。,改稿レビュー待ち,"共通レビュー文: legacy, specimen, axis, incidentaily"
2080,incidentaily,ちなみに；偶然にも,"Use ""incidentaily"" carefully in helper text.",ヘルプ文では「incidentaily」を慎重に使う。,"Clarify ""legacy"", ""specimen"", ""axis"", and ""incidentaily"" in the glossary.",用語集で「legacy」、「specimen」、「axis」、「incidentaily」を明確にする。,改稿レビュー待ち,"共通レビュー文: legacy, specimen, axis, incidentaily"
2082,facilitate,を促進する,"Replace ""facilitate"" with a clearer phrase if needed.",必要なら「facilitate」をより明確な表現に置き換える。,"Clarify ""facilitate"", ""enforce"", ""intervene"", and ""threshold"" in the glossary.",用語集で「facilitate」、「enforce」、「intervene」、「threshold」を明確にする。,改稿レビュー待ち,"共通レビュー文: facilitate, enforce, intervene, threshold"
2083,enforce,施行する；実施する,"Replace ""enforce"" with a clearer phrase if needed.",必要なら「enforce」をより明確な表現に置き換える。,"Clarify ""facilitate"", ""enforce"", ""intervene"", and ""threshold"" in the glossary.",用語集で「facilitate」、「enforce」、「intervene」、「threshold」を明確にする。,改稿レビュー待ち,"共通レビュー文: facilitate, enforce, intervene, threshold"
2084,intervene,介入する,"Replace ""intervene"" with a clearer phrase if needed.",必要なら「intervene」をより明確な表現に置き換える。,"Clarify ""facilitate"", ""enforce"", ""intervene"", and ""threshold"" in the glossary.",用語集で「facilitate」、「enforce」、「intervene」、「threshold」を明確にする。,改稿レビュー待ち,"共通レビュー文: facilitate, enforce, intervene, threshold"
2085,threshold,閾値；境界,"Replace ""threshold"" with a clearer phrase if needed.",必要なら「threshold」をより明確な表現に置き換える。,"Clarify ""facilitate"", ""enforce"", ""intervene"", and ""threshold"" in the glossary.",用語集で「facilitate」、「enforce」、「intervene」、「threshold」を明確にする。,改稿レビュー待ち,"共通レビュー文: facilitate, enforce, intervene, threshold"
2086,versus,対；に対して,"Replace ""versus"" with a clearer phrase if needed.",必要なら「versus」をより明確な表現に置き換える。,"Clarify ""versus"", ""habitat"", ""aviation"", and ""freight"" in the glossary.",用語集で「versus」、「habitat」、「aviation」、「freight」を明確にする。,改稿レビュー待ち,"共通レビュー文: versus, habitat, aviation, freight"
2087,habitat,生息地；生息環境,"Replace ""habitat"" with a clearer phrase if needed.",必要なら「habitat」をより明確な表現に置き換える。,"Clarify ""versus"", ""habitat"", ""aviation"", and ""freight"" in the glossary.",用語集で「versus」、「habitat」、「aviation」、「freight」を明確にする。,改稿レビュー待ち,"共通レビュー文: versus, habitat, aviation, freight"
2088,aviation,航空；飛行,Clarify the aviation before the next review.,次のレビュー前にaviationを明確にする。,"Clarify ""versus"", ""habitat"", ""aviation"", and ""freight"" in the glossary.",用語集で「versus」、「habitat」、「aviation」、「freight」を明確にする。,改稿レビュー待ち,"共通レビュー文: versus, habitat, aviation, freight"
2089,freight,貨物；運送,"Replace ""freight"" with a clearer phrase if needed.",必要なら「freight」をより明確な表現に置き換える。,"Clarify ""versus"", ""habitat"", ""aviation"", and ""freight"" in the glossary.",用語集で「versus」、「habitat」、「aviation」、「freight」を明確にする。,改稿レビュー待ち,"共通レビュー文: versus, habitat, aviation, freight"
2091,warehouse,倉庫,"Replace ""warehouse"" with a clearer phrase if needed.",必要なら「warehouse」をより明確な表現に置き換える。,"Clarify ""warehouse"", ""rhetoric"", ""literacy"", and ""riot"" in the glossary.",用語集で「warehouse」、「rhetoric」、「literacy」、「riot」を明確にする。,改稿レビュー待ち,"共通レビュー文: warehouse, rhetoric, literacy, riot"
2092,rhetoric,修辞学；弁論術,The rhetoric option needs a clearer label.,rhetoricの選択肢には、より明確なラベルが必要だ。,"Clarify ""warehouse"", ""rhetoric"", ""literacy"", and ""riot"" in the glossary.",用語集で「warehouse」、「rhetoric」、「literacy」、「riot」を明確にする。,改稿レビュー待ち,"共通レビュー文: warehouse, rhetoric, literacy, riot"
2093,literacy,識字率；リテラシー,"Replace ""literacy"" with a clearer phrase if needed.",必要なら「literacy」をより明確な表現に置き換える。,"Clarify ""warehouse"", ""rhetoric"", ""literacy"", and ""riot"" in the glossary.",用語集で「warehouse」、「rhetoric」、「literacy」、「riot」を明確にする。,改稿レビュー待ち,"共通レビュー文: warehouse, rhetoric, literacy, riot"
2094,riot,暴動；騒乱,"Replace ""riot"" with a clearer phrase if needed.",必要なら「riot」をより明確な表現に置き換える。,"Clarify ""warehouse"", ""rhetoric"", ""literacy"", and ""riot"" in the glossary.",用語集で「warehouse」、「rhetoric」、「literacy」、「riot」を明確にする。,改稿レビュー待ち,"共通レビュー文: warehouse, rhetoric, literacy, riot"
2095,embrace,を抱きしめる；受け入れる,"Replace ""embrace"" with a clearer phrase if needed.",必要なら「embrace」をより明確な表現に置き換える。,"Clarify ""embrace"", ""brochure"", ""fringe"", and ""texture"" in the glossary.",用語集で「embrace」、「brochure」、「fringe」、「texture」を明確にする。,改稿レビュー待ち,"共通レビュー文: embrace, brochure, fringe, texture"
2096,brochure,パンフレット,"Replace ""brochure"" with a clearer phrase if needed.",必要なら「brochure」をより明確な表現に置き換える。,"Clarify ""embrace"", ""brochure"", ""fringe"", and ""texture"" in the glossary.",用語集で「embrace」、「brochure」、「fringe」、「texture」を明確にする。,改稿レビュー待ち,"共通レビュー文: embrace, brochure, fringe, texture"
2097,fringe,ふちどり；周辺；変わった,"Replace ""fringe"" with a clearer phrase if needed.",必要なら「fringe」をより明確な表現に置き換える。,"Clarify ""embrace"", ""brochure"", ""fringe"", and ""texture"" in the glossary.",用語集で「embrace」、「brochure」、「fringe」、「texture」を明確にする。,改稿レビュー待ち,"共通レビュー文: embrace, brochure, fringe, texture"
2098,texture,質感；組織,"Replace ""texture"" with a clearer phrase if needed.",必要なら「texture」をより明確な表現に置き換える。,"Clarify ""embrace"", ""brochure"", ""fringe"", and ""texture"" in the glossary.",用語集で「embrace」、「brochure」、「fringe」、「texture」を明確にする。,改稿レビュー待ち,"共通レビュー文: embrace, brochure, fringe, texture"
2099,supposedly,おそらく；推定上は,"Use ""supposedly"" carefully in helper text.",ヘルプ文では「supposedly」を慎重に使う。,"Clarify ""supposedly"", ""clarify"", ""hemisphere"", and ""clerical"" in the glossary.",用語集で「supposedly」、「clarify」、「hemisphere」、「clerical」を明確にする。,改稿レビュー待ち,"共通レビュー文: supposedly, clarify, hemisphere, clerical"
2100,clarify,明確にする；説明する,"Replace ""clarify"" with a clearer phrase if needed.",必要なら「clarify」をより明確な表現に置き換える。,"Clarify ""supposedly"", ""clarify"", ""hemisphere"", and ""clerical"" in the glossary.",用語集で「supposedly」、「clarify」、「hemisphere」、「clerical」を明確にする。,改稿レビュー待ち,"共通レビュー文: supposedly, clarify, hemisphere, clerical"
2101,hemisphere,半球；半球体,"Replace ""hemisphere"" with a clearer phrase if needed.",必要なら「hemisphere」をより明確な表現に置き換える。,"Clarify ""supposedly"", ""clarify"", ""hemisphere"", and ""clerical"" in the glossary.",用語集で「supposedly」、「clarify」、「hemisphere」、「clerical」を明確にする。,改稿レビュー待ち,"共通レビュー文: supposedly, clarify, hemisphere, clerical"
2102,clerical,事務的な；聖職者の,The clerical option needs a clearer label.,clericalの選択肢には、より明確なラベルが必要だ。,"Clarify ""supposedly"", ""clarify"", ""hemisphere"", and ""clerical"" in the glossary.",用語集で「supposedly」、「clarify」、「hemisphere」、「clerical」を明確にする。,改稿レビュー待ち,"共通レビュー文: supposedly, clarify, hemisphere, clerical"
2103,predecessor,前任者；先行するもの,"Replace ""predecessor"" with a clearer phrase if needed.",必要なら「predecessor」をより明確な表現に置き換える。,"Clarify ""predecessor"", ""municipal"", ""velocity"", and ""pottery"" in the glossary.",用語集で「predecessor」、「municipal」、「velocity」、「pottery」を明確にする。,改稿レビュー待ち,"共通レビュー文: predecessor, municipal, velocity, pottery"
2104,municipal,市の；地方自治体の,The municipal option needs a clearer label.,municipalの選択肢には、より明確なラベルが必要だ。,"Clarify ""predecessor"", ""municipal"", ""velocity"", and ""pottery"" in the glossary.",用語集で「predecessor」、「municipal」、「velocity」、「pottery」を明確にする。,改稿レビュー待ち,"共通レビュー文: predecessor, municipal, velocity, pottery"
2105,velocity,速度；速さ,Clarify the velocity before the next review.,次のレビュー前にvelocityを明確にする。,"Clarify ""predecessor"", ""municipal"", ""velocity"", and ""pottery"" in the glossary.",用語集で「predecessor」、「municipal」、「velocity」、「pottery」を明確にする。,改稿レビュー待ち,"共通レビュー文: predecessor, municipal, velocity, pottery"
2106,pottery,陶器；陶芸,"Replace ""pottery"" with a clearer phrase if needed.",必要なら「pottery」をより明確な表現に置き換える。,"Clarify ""predecessor"", ""municipal"", ""velocity"", and ""pottery"" in the glossary.",用語集で「predecessor」、「municipal」、「velocity」、「pottery」を明確にする。,改稿レビュー待ち,"共通レビュー文: predecessor, municipal, velocity, pottery"
2107,reinforce,強化する,"Replace ""reinforce"" with a clearer phrase if needed.",必要なら「reinforce」をより明確な表現に置き換える。,"Clarify ""reinforce"", ""pro"", ""strand"", and ""trigger"" in the glossary.",用語集で「reinforce」、「pro」、「strand」、「trigger」を明確にする。,改稿レビュー待ち,"共通レビュー文: reinforce, pro, strand, trigger"
2108,pro,専門家；賛成して,"Replace ""pro"" with a clearer phrase if needed.",必要なら「pro」をより明確な表現に置き換える。,"Clarify ""reinforce"", ""pro"", ""strand"", and ""trigger"" in the glossary.",用語集で「reinforce」、「pro」、「strand」、「trigger」を明確にする。,改稿レビュー待ち,"共通レビュー文: reinforce, pro, strand, trigger"
2109,strand,漂着させる；ひも,"Replace ""strand"" with a clearer phrase if needed.",必要なら「strand」をより明確な表現に置き換える。,"Clarify ""reinforce"", ""pro"", ""strand"", and ""trigger"" in the glossary.",用語集で「reinforce」、「pro」、「strand」、「trigger」を明確にする。,改稿レビュー待ち,"共通レビュー文: reinforce, pro, strand, trigger"
2111,trigger,を引き起こす；引き金,"Replace ""trigger"" with a clearer phrase if needed.",必要なら「trigger」をより明確な表現に置き換える。,"Clarify ""reinforce"", ""pro"", ""strand"", and ""trigger"" in the glossary.",用語集で「reinforce」、「pro」、「strand」、「trigger」を明確にする。,改稿レビュー待ち,"共通レビュー文: reinforce, pro, strand, trigger"
2113,shaft,軸；シャフト；光線,"Replace ""shaft"" with a clearer phrase if needed.",必要なら「shaft」をより明確な表現に置き換える。,"Clarify ""shaft"", ""reliance"", ""complement"", and ""advocate"" in the glossary.",用語集で「shaft」、「reliance」、「complement」、「advocate」を明確にする。,改稿レビュー待ち,"共通レビュー文: shaft, reliance, complement, advocate"
2114,reliance,依存；頼ること,Clarify the reliance before the next review.,次のレビュー前にrelianceを明確にする。,"Clarify ""shaft"", ""reliance"", ""complement"", and ""advocate"" in the glossary.",用語集で「shaft」、「reliance」、「complement」、「advocate」を明確にする。,改稿レビュー待ち,"共通レビュー文: shaft, reliance, complement, advocate"
2115,complement,補完する；補足,Clarify the complement before the next review.,次のレビュー前にcomplementを明確にする。,"Clarify ""shaft"", ""reliance"", ""complement"", and ""advocate"" in the glossary.",用語集で「shaft」、「reliance」、「complement」、「advocate」を明確にする。,改稿レビュー待ち,"共通レビュー文: shaft, reliance, complement, advocate"
2116,advocate,支持する；擁護者,"Replace ""advocate"" with a clearer phrase if needed.",必要なら「advocate」をより明確な表現に置き換える。,"Clarify ""shaft"", ""reliance"", ""complement"", and ""advocate"" in the glossary.",用語集で「shaft」、「reliance」、「complement」、「advocate」を明確にする。,改稿レビュー待ち,"共通レビュー文: shaft, reliance, complement, advocate"
2117,gauge,計器；を測る,"Replace ""gauge"" with a clearer phrase if needed.",必要なら「gauge」をより明確な表現に置き換える。,"Clarify ""gauge"", ""hazard"", ""subordinate"", and ""fragile"" in the glossary.",用語集で「gauge」、「hazard」、「subordinate」、「fragile」を明確にする。,改稿レビュー待ち,"共通レビュー文: gauge, hazard, subordinate, fragile"
2118,hazard,危険；を危険にさらす,"Replace ""hazard"" with a clearer phrase if needed.",必要なら「hazard」をより明確な表現に置き換える。,"Clarify ""gauge"", ""hazard"", ""subordinate"", and ""fragile"" in the glossary.",用語集で「gauge」、「hazard」、「subordinate」、「fragile」を明確にする。,改稿レビュー待ち,"共通レビュー文: gauge, hazard, subordinate, fragile"
2119,subordinate,従属させる,"Replace ""subordinate"" with a clearer phrase if needed.",必要なら「subordinate」をより明確な表現に置き換える。,"Clarify ""gauge"", ""hazard"", ""subordinate"", and ""fragile"" in the glossary.",用語集で「gauge」、「hazard」、「subordinate」、「fragile」を明確にする。,改稿レビュー待ち,"共通レビュー文: gauge, hazard, subordinate, fragile"
2120,fragile,壊れやすい；脆弱な,"Replace ""fragile"" with a clearer phrase if needed.",必要なら「fragile」をより明確な表現に置き換える。,"Clarify ""gauge"", ""hazard"", ""subordinate"", and ""fragile"" in the glossary.",用語集で「gauge」、「hazard」、「subordinate」、「fragile」を明確にする。,改稿レビュー待ち,"共通レビュー文: gauge, hazard, subordinate, fragile"
2121,quota,割り当て；定員,"Replace ""quota"" with a clearer phrase if needed.",必要なら「quota」をより明確な表現に置き換える。,"Clarify ""quota"", ""optimism"", ""ambiguous"", and ""authentic"" in the glossary.",用語集で「quota」、「optimism」、「ambiguous」、「authentic」を明確にする。,改稿レビュー待ち,"共通レビュー文: quota, optimism, ambiguous, authentic"
2122,optimism,楽観主義；楽観的,"Replace ""optimism"" with a clearer phrase if needed.",必要なら「optimism」をより明確な表現に置き換える。,"Clarify ""quota"", ""optimism"", ""ambiguous"", and ""authentic"" in the glossary.",用語集で「quota」、「optimism」、「ambiguous」、「authentic」を明確にする。,改稿レビュー待ち,"共通レビュー文: quota, optimism, ambiguous, authentic"
2123,ambiguous,曖昧な,The ambiguous option needs a clearer label.,ambiguousの選択肢には、より明確なラベルが必要だ。,"Clarify ""quota"", ""optimism"", ""ambiguous"", and ""authentic"" in the glossary.",用語集で「quota」、「optimism」、「ambiguous」、「authentic」を明確にする。,改稿レビュー待ち,"共通レビュー文: quota, optimism, ambiguous, authentic"
2124,authentic,本物の；正真正銘の,The authentic option needs a clearer label.,authenticの選択肢には、より明確なラベルが必要だ。,"Clarify ""quota"", ""optimism"", ""ambiguous"", and ""authentic"" in the glossary.",用語集で「quota」、「optimism」、「ambiguous」、「authentic」を明確にする。,改稿レビュー待ち,"共通レビュー文: quota, optimism, ambiguous, authentic"
2125,bulletin,公報；速報,"Replace ""bulletin"" with a clearer phrase if needed.",必要なら「bulletin」をより明確な表現に置き換える。,"Clarify ""bulletin"", ""outfit"", ""customary"", and ""invaluable"" in the glossary.",用語集で「bulletin」、「outfit」、「customary」、「invaluable」を明確にする。,改稿レビュー待ち,"共通レビュー文: bulletin, outfit, customary, invaluable"
2126,outfit,服装；装備,"Replace ""outfit"" with a clearer phrase if needed.",必要なら「outfit」をより明確な表現に置き換える。,"Clarify ""bulletin"", ""outfit"", ""customary"", and ""invaluable"" in the glossary.",用語集で「bulletin」、「outfit」、「customary」、「invaluable」を明確にする。,改稿レビュー待ち,"共通レビュー文: bulletin, outfit, customary, invaluable"
2127,customary,慣例の；通常の,"Replace ""customary"" with a clearer phrase if needed.",必要なら「customary」をより明確な表現に置き換える。,"Clarify ""bulletin"", ""outfit"", ""customary"", and ""invaluable"" in the glossary.",用語集で「bulletin」、「outfit」、「customary」、「invaluable」を明確にする。,改稿レビュー待ち,"共通レビュー文: bulletin, outfit, customary, invaluable"
2129,invaluable,非常に貴重な,The invaluable option needs a clearer label.,invaluableの選択肢には、より明確なラベルが必要だ。,"Clarify ""bulletin"", ""outfit"", ""customary"", and ""invaluable"" in the glossary.",用語集で「bulletin」、「outfit」、「customary」、「invaluable」を明確にする。,改稿レビュー待ち,"共通レビュー文: bulletin, outfit, customary, invaluable"
2130,conform,に従う；適合する,"Replace ""conform"" with a clearer phrase if needed.",必要なら「conform」をより明確な表現に置き換える。,"Clarify ""conform"", ""abnormal"", ""utterance"", and ""rotten"" in the glossary.",用語集で「conform」、「abnormal」、「utterance」、「rotten」を明確にする。,改稿レビュー待ち,"共通レビュー文: conform, abnormal, utterance, rotten"
2131,abnormal,異常な,The abnormal option needs a clearer label.,abnormalの選択肢には、より明確なラベルが必要だ。,"Clarify ""conform"", ""abnormal"", ""utterance"", and ""rotten"" in the glossary.",用語集で「conform」、「abnormal」、「utterance」、「rotten」を明確にする。,改稿レビュー待ち,"共通レビュー文: conform, abnormal, utterance, rotten"
2132,utterance,発言；話すこと,Clarify the utterance before the next review.,次のレビュー前にutteranceを明確にする。,"Clarify ""conform"", ""abnormal"", ""utterance"", and ""rotten"" in the glossary.",用語集で「conform」、「abnormal」、「utterance」、「rotten」を明確にする。,改稿レビュー待ち,"共通レビュー文: conform, abnormal, utterance, rotten"
2133,rotten,腐った；ひどい,"Replace ""rotten"" with a clearer phrase if needed.",必要なら「rotten」をより明確な表現に置き換える。,"Clarify ""conform"", ""abnormal"", ""utterance"", and ""rotten"" in the glossary.",用語集で「conform」、「abnormal」、「utterance」、「rotten」を明確にする。,改稿レビュー待ち,"共通レビュー文: conform, abnormal, utterance, rotten"
2134,pragmatic,実用的な；実際的な,The pragmatic option needs a clearer label.,pragmaticの選択肢には、より明確なラベルが必要だ。,"Clarify ""pragmatic"", ""attachment"", ""superficial"", and ""industrialise"" in the glossary.",用語集で「pragmatic」、「attachment」、「superficial」、「industrialise」を明確にする。,改稿レビュー待ち,"共通レビュー文: pragmatic, attachment, superficial, industrialise"
2135,attachment,愛着；添付；付属品,Clarify the attachment before the next review.,次のレビュー前にattachmentを明確にする。,"Clarify ""pragmatic"", ""attachment"", ""superficial"", and ""industrialise"" in the glossary.",用語集で「pragmatic」、「attachment」、「superficial」、「industrialise」を明確にする。,改稿レビュー待ち,"共通レビュー文: pragmatic, attachment, superficial, industrialise"
2136,superficial,表面的な；浅い,The superficial option needs a clearer label.,superficialの選択肢には、より明確なラベルが必要だ。,"Clarify ""pragmatic"", ""attachment"", ""superficial"", and ""industrialise"" in the glossary.",用語集で「pragmatic」、「attachment」、「superficial」、「industrialise」を明確にする。,改稿レビュー待ち,"共通レビュー文: pragmatic, attachment, superficial, industrialise"
2137,industrialise,を工業化する,"Replace ""industrialise"" with a clearer phrase if needed.",必要なら「industrialise」をより明確な表現に置き換える。,"Clarify ""pragmatic"", ""attachment"", ""superficial"", and ""industrialise"" in the glossary.",用語集で「pragmatic」、「attachment」、「superficial」、「industrialise」を明確にする。,改稿レビュー待ち,"共通レビュー文: pragmatic, attachment, superficial, industrialise"
2138,integrate,統合する,"Replace ""integrate"" with a clearer phrase if needed.",必要なら「integrate」をより明確な表現に置き換える。,"Clarify ""integrate"", ""segment"", ""conspicuous"", and ""casualty"" in the glossary.",用語集で「integrate」、「segment」、「conspicuous」、「casualty」を明確にする。,改稿レビュー待ち,"共通レビュー文: integrate, segment, conspicuous, casualty"
2139,segment,部分；区分,Clarify the segment before the next review.,次のレビュー前にsegmentを明確にする。,"Clarify ""integrate"", ""segment"", ""conspicuous"", and ""casualty"" in the glossary.",用語集で「integrate」、「segment」、「conspicuous」、「casualty」を明確にする。,改稿レビュー待ち,"共通レビュー文: integrate, segment, conspicuous, casualty"
2140,conspicuous,目立つ；顕著な,The conspicuous option needs a clearer label.,conspicuousの選択肢には、より明確なラベルが必要だ。,"Clarify ""integrate"", ""segment"", ""conspicuous"", and ""casualty"" in the glossary.",用語集で「integrate」、「segment」、「conspicuous」、「casualty」を明確にする。,改稿レビュー待ち,"共通レビュー文: integrate, segment, conspicuous, casualty"
2141,casualty,死傷者；犠牲者,"Replace ""casualty"" with a clearer phrase if needed.",必要なら「casualty」をより明確な表現に置き換える。,"Clarify ""integrate"", ""segment"", ""conspicuous"", and ""casualty"" in the glossary.",用語集で「integrate」、「segment」、「conspicuous」、「casualty」を明確にする。,改稿レビュー待ち,"共通レビュー文: integrate, segment, conspicuous, casualty"
2142,faction,派閥；分派,Clarify the faction before the next review.,次のレビュー前にfactionを明確にする。,"Clarify ""faction"", ""textile"", ""testimony"", and ""subsidy"" in the glossary.",用語集で「faction」、「textile」、「testimony」、「subsidy」を明確にする。,改稿レビュー待ち,"共通レビュー文: faction, textile, testimony, subsidy"
2143,textile,織物；繊維,"Replace ""textile"" with a clearer phrase if needed.",必要なら「textile」をより明確な表現に置き換える。,"Clarify ""faction"", ""textile"", ""testimony"", and ""subsidy"" in the glossary.",用語集で「faction」、「textile」、「testimony」、「subsidy」を明確にする。,改稿レビュー待ち,"共通レビュー文: faction, textile, testimony, subsidy"
2145,testimony,証言；証拠,"Replace ""testimony"" with a clearer phrase if needed.",必要なら「testimony」をより明確な表現に置き換える。,"Clarify ""faction"", ""textile"", ""testimony"", and ""subsidy"" in the glossary.",用語集で「faction」、「textile」、「testimony」、「subsidy」を明確にする。,改稿レビュー待ち,"共通レビュー文: faction, textile, testimony, subsidy"
2146,subsidy,補助金,"Replace ""subsidy"" with a clearer phrase if needed.",必要なら「subsidy」をより明確な表現に置き換える。,"Clarify ""faction"", ""textile"", ""testimony"", and ""subsidy"" in the glossary.",用語集で「faction」、「textile」、「testimony」、「subsidy」を明確にする。,改稿レビュー待ち,"共通レビュー文: faction, textile, testimony, subsidy"
2147,juvenile,若者；未成年の,"Replace ""juvenile"" with a clearer phrase if needed.",必要なら「juvenile」をより明確な表現に置き換える。,"Clarify ""juvenile"", ""contractor"", ""ironic"", and ""litter"" in the glossary.",用語集で「juvenile」、「contractor」、「ironic」、「litter」を明確にする。,改稿レビュー待ち,"共通レビュー文: juvenile, contractor, ironic, litter"
2148,contractor,請負業者；契約者,"Replace ""contractor"" with a clearer phrase if needed.",必要なら「contractor」をより明確な表現に置き換える。,"Clarify ""juvenile"", ""contractor"", ""ironic"", and ""litter"" in the glossary.",用語集で「juvenile」、「contractor」、「ironic」、「litter」を明確にする。,改稿レビュー待ち,"共通レビュー文: juvenile, contractor, ironic, litter"
2149,ironic,皮肉な,The ironic option needs a clearer label.,ironicの選択肢には、より明確なラベルが必要だ。,"Clarify ""juvenile"", ""contractor"", ""ironic"", and ""litter"" in the glossary.",用語集で「juvenile」、「contractor」、「ironic」、「litter」を明確にする。,改稿レビュー待ち,"共通レビュー文: juvenile, contractor, ironic, litter"
2150,litter,ごみ；を散らかす,"Replace ""litter"" with a clearer phrase if needed.",必要なら「litter」をより明確な表現に置き換える。,"Clarify ""juvenile"", ""contractor"", ""ironic"", and ""litter"" in the glossary.",用語集で「juvenile」、「contractor」、「ironic」、「litter」を明確にする。,改稿レビュー待ち,"共通レビュー文: juvenile, contractor, ironic, litter"
2151,con,詐欺；反対の,"Replace ""con"" with a clearer phrase if needed.",必要なら「con」をより明確な表現に置き換える。,"Clarify ""con"", ""comprise"", ""resistant"", and ""descriptive"" in the glossary.",用語集で「con」、「comprise」、「resistant」、「descriptive」を明確にする。,改稿レビュー待ち,"共通レビュー文: con, comprise, resistant, descriptive"
2152,comprise,から成る；を構成する,"Replace ""comprise"" with a clearer phrase if needed.",必要なら「comprise」をより明確な表現に置き換える。,"Clarify ""con"", ""comprise"", ""resistant"", and ""descriptive"" in the glossary.",用語集で「con」、「comprise」、「resistant」、「descriptive」を明確にする。,改稿レビュー待ち,"共通レビュー文: con, comprise, resistant, descriptive"
2153,resistant,耐性がある；抵抗力がある,"Replace ""resistant"" with a clearer phrase if needed.",必要なら「resistant」をより明確な表現に置き換える。,"Clarify ""con"", ""comprise"", ""resistant"", and ""descriptive"" in the glossary.",用語集で「con」、「comprise」、「resistant」、「descriptive」を明確にする。,改稿レビュー待ち,"共通レビュー文: con, comprise, resistant, descriptive"
2154,descriptive,描写的な；説明的な,The descriptive option needs a clearer label.,descriptiveの選択肢には、より明確なラベルが必要だ。,"Clarify ""con"", ""comprise"", ""resistant"", and ""descriptive"" in the glossary.",用語集で「con」、「comprise」、「resistant」、「descriptive」を明確にする。,改稿レビュー待ち,"共通レビュー文: con, comprise, resistant, descriptive"
2156,peg,くぎ；留め金,"Replace ""peg"" with a clearer phrase if needed.",必要なら「peg」をより明確な表現に置き換える。,"Clarify ""peg"", ""deficiency"", ""drastic"", and ""tariff"" in the glossary.",用語集で「peg」、「deficiency」、「drastic」、「tariff」を明確にする。,改稿レビュー待ち,"共通レビュー文: peg, deficiency, drastic, tariff"
2157,deficiency,欠乏；不足,"Replace ""deficiency"" with a clearer phrase if needed.",必要なら「deficiency」をより明確な表現に置き換える。,"Clarify ""peg"", ""deficiency"", ""drastic"", and ""tariff"" in the glossary.",用語集で「peg」、「deficiency」、「drastic」、「tariff」を明確にする。,改稿レビュー待ち,"共通レビュー文: peg, deficiency, drastic, tariff"
2158,drastic,抜本的な；徹底的な,The drastic option needs a clearer label.,drasticの選択肢には、より明確なラベルが必要だ。,"Clarify ""peg"", ""deficiency"", ""drastic"", and ""tariff"" in the glossary.",用語集で「peg」、「deficiency」、「drastic」、「tariff」を明確にする。,改稿レビュー待ち,"共通レビュー文: peg, deficiency, drastic, tariff"
2159,tariff,関税；料金表,"Replace ""tariff"" with a clearer phrase if needed.",必要なら「tariff」をより明確な表現に置き換える。,"Clarify ""peg"", ""deficiency"", ""drastic"", and ""tariff"" in the glossary.",用語集で「peg」、「deficiency」、「drastic」、「tariff」を明確にする。,改稿レビュー待ち,"共通レビュー文: peg, deficiency, drastic, tariff"
2160,mansion,大邸宅；マンション,Clarify the mansion before the next review.,次のレビュー前にmansionを明確にする。,"Clarify ""mansion"", ""recipient"", ""crust"", and ""flush"" in the glossary.",用語集で「mansion」、「recipient」、「crust」、「flush」を明確にする。,改稿レビュー待ち,"共通レビュー文: mansion, recipient, crust, flush"
2161,recipient,受取人；受領者,"Replace ""recipient"" with a clearer phrase if needed.",必要なら「recipient」をより明確な表現に置き換える。,"Clarify ""mansion"", ""recipient"", ""crust"", and ""flush"" in the glossary.",用語集で「mansion」、「recipient」、「crust」、「flush」を明確にする。,改稿レビュー待ち,"共通レビュー文: mansion, recipient, crust, flush"
2163,crust,地殻；パンの耳,"Replace ""crust"" with a clearer phrase if needed.",必要なら「crust」をより明確な表現に置き換える。,"Clarify ""mansion"", ""recipient"", ""crust"", and ""flush"" in the glossary.",用語集で「mansion」、「recipient」、「crust」、「flush」を明確にする。,改稿レビュー待ち,"共通レビュー文: mansion, recipient, crust, flush"
2164,flush,赤面する；すすぐ,"Replace ""flush"" with a clearer phrase if needed.",必要なら「flush」をより明確な表現に置き換える。,"Clarify ""mansion"", ""recipient"", ""crust"", and ""flush"" in the glossary.",用語集で「mansion」、「recipient」、「crust」、「flush」を明確にする。,改稿レビュー待ち,"共通レビュー文: mansion, recipient, crust, flush"
2165,filthy,汚い；不潔な,"Replace ""filthy"" with a clearer phrase if needed.",必要なら「filthy」をより明確な表現に置き換える。,"Clarify ""filthy"", ""coincide"", ""safeguard"", and ""spacious"" in the glossary.",用語集で「filthy」、「coincide」、「safeguard」、「spacious」を明確にする。,改稿レビュー待ち,"共通レビュー文: filthy, coincide, safeguard, spacious"
2166,coincide,一致する,"Replace ""coincide"" with a clearer phrase if needed.",必要なら「coincide」をより明確な表現に置き換える。,"Clarify ""filthy"", ""coincide"", ""safeguard"", and ""spacious"" in the glossary.",用語集で「filthy」、「coincide」、「safeguard」、「spacious」を明確にする。,改稿レビュー待ち,"共通レビュー文: filthy, coincide, safeguard, spacious"
2167,safeguard,を守る；保護手段,"Replace ""safeguard"" with a clearer phrase if needed.",必要なら「safeguard」をより明確な表現に置き換える。,"Clarify ""filthy"", ""coincide"", ""safeguard"", and ""spacious"" in the glossary.",用語集で「filthy」、「coincide」、「safeguard」、「spacious」を明確にする。,改稿レビュー待ち,"共通レビュー文: filthy, coincide, safeguard, spacious"
2168,spacious,広々とした,The spacious option needs a clearer label.,spaciousの選択肢には、より明確なラベルが必要だ。,"Clarify ""filthy"", ""coincide"", ""safeguard"", and ""spacious"" in the glossary.",用語集で「filthy」、「coincide」、「safeguard」、「spacious」を明確にする。,改稿レビュー待ち,"共通レビュー文: filthy, coincide, safeguard, spacious"
2169,disposition,気質；配置,Clarify the disposition before the next review.,次のレビュー前にdispositionを明確にする。,"Clarify ""disposition"", ""cleanup"", ""lonesome"", and ""tricky"" in the glossary.",用語集で「disposition」、「cleanup」、「lonesome」、「tricky」を明確にする。,改稿レビュー待ち,"共通レビュー文: disposition, cleanup, lonesome, tricky"
2170,cleanup,大掃除；一掃,"Replace ""cleanup"" with a clearer phrase if needed.",必要なら「cleanup」をより明確な表現に置き換える。,"Clarify ""disposition"", ""cleanup"", ""lonesome"", and ""tricky"" in the glossary.",用語集で「disposition」、「cleanup」、「lonesome」、「tricky」を明確にする。,改稿レビュー待ち,"共通レビュー文: disposition, cleanup, lonesome, tricky"
2171,lonesome,孤独な；寂しい,"Replace ""lonesome"" with a clearer phrase if needed.",必要なら「lonesome」をより明確な表現に置き換える。,"Clarify ""disposition"", ""cleanup"", ""lonesome"", and ""tricky"" in the glossary.",用語集で「disposition」、「cleanup」、「lonesome」、「tricky」を明確にする。,改稿レビュー待ち,"共通レビュー文: disposition, cleanup, lonesome, tricky"
2172,tricky,扱いにくい；巧みな,"Replace ""tricky"" with a clearer phrase if needed.",必要なら「tricky」をより明確な表現に置き換える。,"Clarify ""disposition"", ""cleanup"", ""lonesome"", and ""tricky"" in the glossary.",用語集で「disposition」、「cleanup」、「lonesome」、「tricky」を明確にする。,改稿レビュー待ち,"共通レビュー文: disposition, cleanup, lonesome, tricky"
2173,skeleton,骨格；骸骨,"Replace ""skeleton"" with a clearer phrase if needed.",必要なら「skeleton」をより明確な表現に置き換える。,"Clarify ""skeleton"", ""perplex"", ""slump"", and ""spouse"" in the glossary.",用語集で「skeleton」、「perplex」、「slump」、「spouse」を明確にする。,改稿レビュー待ち,"共通レビュー文: skeleton, perplex, slump, spouse"
2174,perplex,を当惑させる；困惑させる,"Replace ""perplex"" with a clearer phrase if needed.",必要なら「perplex」をより明確な表現に置き換える。,"Clarify ""skeleton"", ""perplex"", ""slump"", and ""spouse"" in the glossary.",用語集で「skeleton」、「perplex」、「slump」、「spouse」を明確にする。,改稿レビュー待ち,"共通レビュー文: skeleton, perplex, slump, spouse"
2176,slump,急落；不況,"Replace ""slump"" with a clearer phrase if needed.",必要なら「slump」をより明確な表現に置き換える。,"Clarify ""skeleton"", ""perplex"", ""slump"", and ""spouse"" in the glossary.",用語集で「skeleton」、「perplex」、「slump」、「spouse」を明確にする。,改稿レビュー待ち,"共通レビュー文: skeleton, perplex, slump, spouse"
2177,spouse,配偶者,"Replace ""spouse"" with a clearer phrase if needed.",必要なら「spouse」をより明確な表現に置き換える。,"Clarify ""skeleton"", ""perplex"", ""slump"", and ""spouse"" in the glossary.",用語集で「skeleton」、「perplex」、「slump」、「spouse」を明確にする。,改稿レビュー待ち,"共通レビュー文: skeleton, perplex, slump, spouse"
2178,collision,衝突,Clarify the collision before the next review.,次のレビュー前にcollisionを明確にする。,"Clarify ""collision"", ""finite"", ""responsive"", and ""outgoing"" in the glossary.",用語集で「collision」、「finite」、「responsive」、「outgoing」を明確にする。,改稿レビュー待ち,"共通レビュー文: collision, finite, responsive, outgoing"
2179,finite,有限の,"Replace ""finite"" with a clearer phrase if needed.",必要なら「finite」をより明確な表現に置き換える。,"Clarify ""collision"", ""finite"", ""responsive"", and ""outgoing"" in the glossary.",用語集で「collision」、「finite」、「responsive」、「outgoing」を明確にする。,改稿レビュー待ち,"共通レビュー文: collision, finite, responsive, outgoing"
2180,responsive,反応する；応答の早い,The responsive option needs a clearer label.,responsiveの選択肢には、より明確なラベルが必要だ。,"Clarify ""collision"", ""finite"", ""responsive"", and ""outgoing"" in the glossary.",用語集で「collision」、「finite」、「responsive」、「outgoing」を明確にする。,改稿レビュー待ち,"共通レビュー文: collision, finite, responsive, outgoing"
2181,outgoing,外向的な；旅立つ,"Replace ""outgoing"" with a clearer phrase if needed.",必要なら「outgoing」をより明確な表現に置き換える。,"Clarify ""collision"", ""finite"", ""responsive"", and ""outgoing"" in the glossary.",用語集で「collision」、「finite」、「responsive」、「outgoing」を明確にする。,改稿レビュー待ち,"共通レビュー文: collision, finite, responsive, outgoing"
2182,peninsula,半島,"Replace ""peninsula"" with a clearer phrase if needed.",必要なら「peninsula」をより明確な表現に置き換える。,"Clarify ""peninsula"", ""query"", ""cater"", and ""haul"" in the glossary.",用語集で「peninsula」、「query」、「cater」、「haul」を明確にする。,改稿レビュー待ち,"共通レビュー文: peninsula, query, cater, haul"
2183,query,疑問；問い合わせ,"Replace ""query"" with a clearer phrase if needed.",必要なら「query」をより明確な表現に置き換える。,"Clarify ""peninsula"", ""query"", ""cater"", and ""haul"" in the glossary.",用語集で「peninsula」、「query」、「cater」、「haul」を明確にする。,改稿レビュー待ち,"共通レビュー文: peninsula, query, cater, haul"
2184,cater,に料理を提供する；対応する,"Replace ""cater"" with a clearer phrase if needed.",必要なら「cater」をより明確な表現に置き換える。,"Clarify ""peninsula"", ""query"", ""cater"", and ""haul"" in the glossary.",用語集で「peninsula」、「query」、「cater」、「haul」を明確にする。,改稿レビュー待ち,"共通レビュー文: peninsula, query, cater, haul"
2185,haul,を運ぶ；引っ張る,"Replace ""haul"" with a clearer phrase if needed.",必要なら「haul」をより明確な表現に置き換える。,"Clarify ""peninsula"", ""query"", ""cater"", and ""haul"" in the glossary.",用語集で「peninsula」、「query」、「cater」、「haul」を明確にする。,改稿レビュー待ち,"共通レビュー文: peninsula, query, cater, haul"
2186,prop,を支える；支柱,"Replace ""prop"" with a clearer phrase if needed.",必要なら「prop」をより明確な表現に置き換える。,"Clarify ""prop"", ""rim"", ""projection"", and ""eccentric"" in the glossary.",用語集で「prop」、「rim」、「projection」、「eccentric」を明確にする。,改稿レビュー待ち,"共通レビュー文: prop, rim, projection, eccentric"
2187,rim,縁；ふち,"Replace ""rim"" with a clearer phrase if needed.",必要なら「rim」をより明確な表現に置き換える。,"Clarify ""prop"", ""rim"", ""projection"", and ""eccentric"" in the glossary.",用語集で「prop」、「rim」、「projection」、「eccentric」を明確にする。,改稿レビュー待ち,"共通レビュー文: prop, rim, projection, eccentric"
2188,projection,投影；予測,Clarify the projection before the next review.,次のレビュー前にprojectionを明確にする。,"Clarify ""prop"", ""rim"", ""projection"", and ""eccentric"" in the glossary.",用語集で「prop」、「rim」、「projection」、「eccentric」を明確にする。,改稿レビュー待ち,"共通レビュー文: prop, rim, projection, eccentric"
2189,eccentric,奇人；風変わりな,The eccentric option needs a clearer label.,eccentricの選択肢には、より明確なラベルが必要だ。,"Clarify ""prop"", ""rim"", ""projection"", and ""eccentric"" in the glossary.",用語集で「prop」、「rim」、「projection」、「eccentric」を明確にする。,改稿レビュー待ち,"共通レビュー文: prop, rim, projection, eccentric"
2190,compelling,説得力のある；強烈な,"Replace ""compelling"" with a clearer phrase if needed.",必要なら「compelling」をより明確な表現に置き換える。,"Clarify ""compelling"", ""minimise"", ""genre"", and ""interact"" in the glossary.",用語集で「compelling」、「minimise」、「genre」、「interact」を明確にする。,改稿レビュー待ち,"共通レビュー文: compelling, minimise, genre, interact"
2191,minimise,を最小限にする,"Replace ""minimise"" with a clearer phrase if needed.",必要なら「minimise」をより明確な表現に置き換える。,"Clarify ""compelling"", ""minimise"", ""genre"", and ""interact"" in the glossary.",用語集で「compelling」、「minimise」、「genre」、「interact」を明確にする。,改稿レビュー待ち,"共通レビュー文: compelling, minimise, genre, interact"
2192,genre,ジャンル；種類,"Replace ""genre"" with a clearer phrase if needed.",必要なら「genre」をより明確な表現に置き換える。,"Clarify ""compelling"", ""minimise"", ""genre"", and ""interact"" in the glossary.",用語集で「compelling」、「minimise」、「genre」、「interact」を明確にする。,改稿レビュー待ち,"共通レビュー文: compelling, minimise, genre, interact"
2193,interact,交流する；相互作用する,"Replace ""interact"" with a clearer phrase if needed.",必要なら「interact」をより明確な表現に置き換える。,"Clarify ""compelling"", ""minimise"", ""genre"", and ""interact"" in the glossary.",用語集で「compelling」、「minimise」、「genre」、「interact」を明確にする。,改稿レビュー待ち,"共通レビュー文: compelling, minimise, genre, interact"
2194,elastic,弾力のある；伸縮性のある,The elastic option needs a clearer label.,elasticの選択肢には、より明確なラベルが必要だ。,"Clarify ""elastic"", ""exert"", ""orderly"", and ""wreck"" in the glossary.",用語集で「elastic」、「exert」、「orderly」、「wreck」を明確にする。,改稿レビュー待ち,"共通レビュー文: elastic, exert, orderly, wreck"
2196,exert,行使する；及ぼす,"Replace ""exert"" with a clearer phrase if needed.",必要なら「exert」をより明確な表現に置き換える。,"Clarify ""elastic"", ""exert"", ""orderly"", and ""wreck"" in the glossary.",用語集で「elastic」、「exert」、「orderly」、「wreck」を明確にする。,改稿レビュー待ち,"共通レビュー文: elastic, exert, orderly, wreck"
2197,orderly,整然とした；秩序ある,"Use ""orderly"" carefully in helper text.",ヘルプ文では「orderly」を慎重に使う。,"Clarify ""elastic"", ""exert"", ""orderly"", and ""wreck"" in the glossary.",用語集で「elastic」、「exert」、「orderly」、「wreck」を明確にする。,改稿レビュー待ち,"共通レビュー文: elastic, exert, orderly, wreck"
2198,wreck,難破させる；難破船,"Replace ""wreck"" with a clearer phrase if needed.",必要なら「wreck」をより明確な表現に置き換える。,"Clarify ""elastic"", ""exert"", ""orderly"", and ""wreck"" in the glossary.",用語集で「elastic」、「exert」、「orderly」、「wreck」を明確にする。,改稿レビュー待ち,"共通レビュー文: elastic, exert, orderly, wreck"
2199,commonplace,ありふれた；平凡,"Replace ""commonplace"" with a clearer phrase if needed.",必要なら「commonplace」をより明確な表現に置き換える。,"Clarify ""commonplace"", ""bait"", ""informative"", and ""burglary"" in the glossary.",用語集で「commonplace」、「bait」、「informative」、「burglary」を明確にする。,改稿レビュー待ち,"共通レビュー文: commonplace, bait, informative, burglary"
2200,bait,えさ；おとり,"Replace ""bait"" with a clearer phrase if needed.",必要なら「bait」をより明確な表現に置き換える。,"Clarify ""commonplace"", ""bait"", ""informative"", and ""burglary"" in the glossary.",用語集で「commonplace」、「bait」、「informative」、「burglary」を明確にする。,改稿レビュー待ち,"共通レビュー文: commonplace, bait, informative, burglary"
2201,informative,有益な；情報豊富な,The informative option needs a clearer label.,informativeの選択肢には、より明確なラベルが必要だ。,"Clarify ""commonplace"", ""bait"", ""informative"", and ""burglary"" in the glossary.",用語集で「commonplace」、「bait」、「informative」、「burglary」を明確にする。,改稿レビュー待ち,"共通レビュー文: commonplace, bait, informative, burglary"
2202,burglary,窃盗；不法侵入,"Replace ""burglary"" with a clearer phrase if needed.",必要なら「burglary」をより明確な表現に置き換える。,"Clarify ""commonplace"", ""bait"", ""informative"", and ""burglary"" in the glossary.",用語集で「commonplace」、「bait」、「informative」、「burglary」を明確にする。,改稿レビュー待ち,"共通レビュー文: commonplace, bait, informative, burglary"
2203,engaging,魅力的な；引き付ける,"Replace ""engaging"" with a clearer phrase if needed.",必要なら「engaging」をより明確な表現に置き換える。,"Clarify ""engaging"", ""administer"", ""epidemic"", and ""crusade"" in the glossary.",用語集で「engaging」、「administer」、「epidemic」、「crusade」を明確にする。,改稿レビュー待ち,"共通レビュー文: engaging, administer, epidemic, crusade"
2204,administer,を管理する；投与する,"Replace ""administer"" with a clearer phrase if needed.",必要なら「administer」をより明確な表現に置き換える。,"Clarify ""engaging"", ""administer"", ""epidemic"", and ""crusade"" in the glossary.",用語集で「engaging」、「administer」、「epidemic」、「crusade」を明確にする。,改稿レビュー待ち,"共通レビュー文: engaging, administer, epidemic, crusade"
2205,epidemic,流行病；蔓延,The epidemic option needs a clearer label.,epidemicの選択肢には、より明確なラベルが必要だ。,"Clarify ""engaging"", ""administer"", ""epidemic"", and ""crusade"" in the glossary.",用語集で「engaging」、「administer」、「epidemic」、「crusade」を明確にする。,改稿レビュー待ち,"共通レビュー文: engaging, administer, epidemic, crusade"
2206,crusade,十字軍；運動,"Replace ""crusade"" with a clearer phrase if needed.",必要なら「crusade」をより明確な表現に置き換える。,"Clarify ""engaging"", ""administer"", ""epidemic"", and ""crusade"" in the glossary.",用語集で「engaging」、「administer」、「epidemic」、「crusade」を明確にする。,改稿レビュー待ち,"共通レビュー文: engaging, administer, epidemic, crusade"
2207,glare,ぎらぎら輝く；にらみつける,"Replace ""glare"" with a clearer phrase if needed.",必要なら「glare」をより明確な表現に置き換える。,"Clarify ""glare"", ""trench"", ""ascertain"", and ""advisable"" in the glossary.",用語集で「glare」、「trench」、「ascertain」、「advisable」を明確にする。,改稿レビュー待ち,"共通レビュー文: glare, trench, ascertain, advisable"
2208,trench,塹壕；溝,"Replace ""trench"" with a clearer phrase if needed.",必要なら「trench」をより明確な表現に置き換える。,"Clarify ""glare"", ""trench"", ""ascertain"", and ""advisable"" in the glossary.",用語集で「glare」、「trench」、「ascertain」、「advisable」を明確にする。,改稿レビュー待ち,"共通レビュー文: glare, trench, ascertain, advisable"
2209,ascertain,確かめる；確認する,"Replace ""ascertain"" with a clearer phrase if needed.",必要なら「ascertain」をより明確な表現に置き換える。,"Clarify ""glare"", ""trench"", ""ascertain"", and ""advisable"" in the glossary.",用語集で「glare」、「trench」、「ascertain」、「advisable」を明確にする。,改稿レビュー待ち,"共通レビュー文: glare, trench, ascertain, advisable"
2210,advisable,賢明な；望ましい,The advisable option needs a clearer label.,advisableの選択肢には、より明確なラベルが必要だ。,"Clarify ""glare"", ""trench"", ""ascertain"", and ""advisable"" in the glossary.",用語集で「glare」、「trench」、「ascertain」、「advisable」を明確にする。,改稿レビュー待ち,"共通レビュー文: glare, trench, ascertain, advisable"
2211,merge,を合併する；統合する,"Replace ""merge"" with a clearer phrase if needed.",必要なら「merge」をより明確な表現に置き換える。,"Clarify ""merge"", ""suffice"", ""expressive"", and ""tug"" in the glossary.",用語集で「merge」、「suffice」、「expressive」、「tug」を明確にする。,改稿レビュー待ち,"共通レビュー文: merge, suffice, expressive, tug"
2213,suffice,で十分である,"Replace ""suffice"" with a clearer phrase if needed.",必要なら「suffice」をより明確な表現に置き換える。,"Clarify ""merge"", ""suffice"", ""expressive"", and ""tug"" in the glossary.",用語集で「merge」、「suffice」、「expressive」、「tug」を明確にする。,改稿レビュー待ち,"共通レビュー文: merge, suffice, expressive, tug"
2214,expressive,表現力豊かな,The expressive option needs a clearer label.,expressiveの選択肢には、より明確なラベルが必要だ。,"Clarify ""merge"", ""suffice"", ""expressive"", and ""tug"" in the glossary.",用語集で「merge」、「suffice」、「expressive」、「tug」を明確にする。,改稿レビュー待ち,"共通レビュー文: merge, suffice, expressive, tug"
2215,tug,を引っ張る；牽引,"Replace ""tug"" with a clearer phrase if needed.",必要なら「tug」をより明確な表現に置き換える。,"Clarify ""merge"", ""suffice"", ""expressive"", and ""tug"" in the glossary.",用語集で「merge」、「suffice」、「expressive」、「tug」を明確にする。,改稿レビュー待ち,"共通レビュー文: merge, suffice, expressive, tug"
2216,prevalent,普及した；一般的な,"Replace ""prevalent"" with a clearer phrase if needed.",必要なら「prevalent」をより明確な表現に置き換える。,"Clarify ""prevalent"", ""adolescent"", ""novelty"", and ""literal"" in the glossary.",用語集で「prevalent」、「adolescent」、「novelty」、「literal」を明確にする。,改稿レビュー待ち,"共通レビュー文: prevalent, adolescent, novelty, literal"
2217,adolescent,青年；思春期の,"Replace ""adolescent"" with a clearer phrase if needed.",必要なら「adolescent」をより明確な表現に置き換える。,"Clarify ""prevalent"", ""adolescent"", ""novelty"", and ""literal"" in the glossary.",用語集で「prevalent」、「adolescent」、「novelty」、「literal」を明確にする。,改稿レビュー待ち,"共通レビュー文: prevalent, adolescent, novelty, literal"
2218,novelty,目新しさ；新奇さ,"Replace ""novelty"" with a clearer phrase if needed.",必要なら「novelty」をより明確な表現に置き換える。,"Clarify ""prevalent"", ""adolescent"", ""novelty"", and ""literal"" in the glossary.",用語集で「prevalent」、「adolescent」、「novelty」、「literal」を明確にする。,改稿レビュー待ち,"共通レビュー文: prevalent, adolescent, novelty, literal"
2219,literal,文字通りの；逐語的な,The literal option needs a clearer label.,literalの選択肢には、より明確なラベルが必要だ。,"Clarify ""prevalent"", ""adolescent"", ""novelty"", and ""literal"" in the glossary.",用語集で「prevalent」、「adolescent」、「novelty」、「literal」を明確にする。,改稿レビュー待ち,"共通レビュー文: prevalent, adolescent, novelty, literal"
2220,tedious,退屈な；単調な,The tedious option needs a clearer label.,tediousの選択肢には、より明確なラベルが必要だ。,"Clarify ""tedious"", ""pedestrian"", ""differentiate"", and ""alternate"" in the glossary.",用語集で「tedious」、「pedestrian」、「differentiate」、「alternate」を明確にする。,改稿レビュー待ち,"共通レビュー文: tedious, pedestrian, differentiate, alternate"
2221,pedestrian,歩行者；平凡な,"Replace ""pedestrian"" with a clearer phrase if needed.",必要なら「pedestrian」をより明確な表現に置き換える。,"Clarify ""tedious"", ""pedestrian"", ""differentiate"", and ""alternate"" in the glossary.",用語集で「tedious」、「pedestrian」、「differentiate」、「alternate」を明確にする。,改稿レビュー待ち,"共通レビュー文: tedious, pedestrian, differentiate, alternate"
2222,differentiate,区別する,"Replace ""differentiate"" with a clearer phrase if needed.",必要なら「differentiate」をより明確な表現に置き換える。,"Clarify ""tedious"", ""pedestrian"", ""differentiate"", and ""alternate"" in the glossary.",用語集で「tedious」、「pedestrian」、「differentiate」、「alternate」を明確にする。,改稿レビュー待ち,"共通レビュー文: tedious, pedestrian, differentiate, alternate"
2223,alternate,交互の；代わりの；交替する,"Replace ""alternate"" with a clearer phrase if needed.",必要なら「alternate」をより明確な表現に置き換える。,"Clarify ""tedious"", ""pedestrian"", ""differentiate"", and ""alternate"" in the glossary.",用語集で「tedious」、「pedestrian」、「differentiate」、「alternate」を明確にする。,改稿レビュー待ち,"共通レビュー文: tedious, pedestrian, differentiate, alternate"
2224,menace,脅威；を脅す,"Replace ""menace"" with a clearer phrase if needed.",必要なら「menace」をより明確な表現に置き換える。,"Clarify ""menace"", ""reconcile"", ""altitude"", and ""clutch"" in the glossary.",用語集で「menace」、「reconcile」、「altitude」、「clutch」を明確にする。,改稿レビュー待ち,"共通レビュー文: menace, reconcile, altitude, clutch"
2226,reconcile,調和させる；和解する,"Replace ""reconcile"" with a clearer phrase if needed.",必要なら「reconcile」をより明確な表現に置き換える。,"Clarify ""menace"", ""reconcile"", ""altitude"", and ""clutch"" in the glossary.",用語集で「menace」、「reconcile」、「altitude」、「clutch」を明確にする。,改稿レビュー待ち,"共通レビュー文: menace, reconcile, altitude, clutch"
2227,altitude,高度；標高,"Replace ""altitude"" with a clearer phrase if needed.",必要なら「altitude」をより明確な表現に置き換える。,"Clarify ""menace"", ""reconcile"", ""altitude"", and ""clutch"" in the glossary.",用語集で「menace」、「reconcile」、「altitude」、「clutch」を明確にする。,改稿レビュー待ち,"共通レビュー文: menace, reconcile, altitude, clutch"
2228,clutch,をつかむ；クラッチ,"Replace ""clutch"" with a clearer phrase if needed.",必要なら「clutch」をより明確な表現に置き換える。,"Clarify ""menace"", ""reconcile"", ""altitude"", and ""clutch"" in the glossary.",用語集で「menace」、「reconcile」、「altitude」、「clutch」を明確にする。,改稿レビュー待ち,"共通レビュー文: menace, reconcile, altitude, clutch"
2229,concede,認める；譲歩する,"Replace ""concede"" with a clearer phrase if needed.",必要なら「concede」をより明確な表現に置き換える。,"Clarify ""concede"", ""perpetual"", ""formulate"", and ""humanitarian"" in the glossary.",用語集で「concede」、「perpetual」、「formulate」、「humanitarian」を明確にする。,改稿レビュー待ち,"共通レビュー文: concede, perpetual, formulate, humanitarian"
2230,perpetual,永続的な；絶え間ない,The perpetual option needs a clearer label.,perpetualの選択肢には、より明確なラベルが必要だ。,"Clarify ""concede"", ""perpetual"", ""formulate"", and ""humanitarian"" in the glossary.",用語集で「concede」、「perpetual」、「formulate」、「humanitarian」を明確にする。,改稿レビュー待ち,"共通レビュー文: concede, perpetual, formulate, humanitarian"
2231,formulate,策定する,"Replace ""formulate"" with a clearer phrase if needed.",必要なら「formulate」をより明確な表現に置き換える。,"Clarify ""concede"", ""perpetual"", ""formulate"", and ""humanitarian"" in the glossary.",用語集で「concede」、「perpetual」、「formulate」、「humanitarian」を明確にする。,改稿レビュー待ち,"共通レビュー文: concede, perpetual, formulate, humanitarian"
2233,humanitarian,人道主義的な,"Replace ""humanitarian"" with a clearer phrase if needed.",必要なら「humanitarian」をより明確な表現に置き換える。,"Clarify ""concede"", ""perpetual"", ""formulate"", and ""humanitarian"" in the glossary.",用語集で「concede」、「perpetual」、「formulate」、「humanitarian」を明確にする。,改稿レビュー待ち,"共通レビュー文: concede, perpetual, formulate, humanitarian"
2234,stroll,散歩する；ぶらぶら歩く,"Replace ""stroll"" with a clearer phrase if needed.",必要なら「stroll」をより明確な表現に置き換える。,"Clarify ""stroll"", ""amidst"", ""eminent"", and ""friction"" in the glossary.",用語集で「stroll」、「amidst」、「eminent」、「friction」を明確にする。,改稿レビュー待ち,"共通レビュー文: stroll, amidst, eminent, friction"
2235,amidst,〜の中で,"Replace ""amidst"" with a clearer phrase if needed.",必要なら「amidst」をより明確な表現に置き換える。,"Clarify ""stroll"", ""amidst"", ""eminent"", and ""friction"" in the glossary.",用語集で「stroll」、「amidst」、「eminent」、「friction」を明確にする。,改稿レビュー待ち,"共通レビュー文: stroll, amidst, eminent, friction"
2236,eminent,著名な；卓越した,"Replace ""eminent"" with a clearer phrase if needed.",必要なら「eminent」をより明確な表現に置き換える。,"Clarify ""stroll"", ""amidst"", ""eminent"", and ""friction"" in the glossary.",用語集で「stroll」、「amidst」、「eminent」、「friction」を明確にする。,改稿レビュー待ち,"共通レビュー文: stroll, amidst, eminent, friction"
2237,friction,摩擦；対立,Clarify the friction before the next review.,次のレビュー前にfrictionを明確にする。,"Clarify ""stroll"", ""amidst"", ""eminent"", and ""friction"" in the glossary.",用語集で「stroll」、「amidst」、「eminent」、「friction」を明確にする。,改稿レビュー待ち,"共通レビュー文: stroll, amidst, eminent, friction"
2238,pest,害虫；厄介者,"Replace ""pest"" with a clearer phrase if needed.",必要なら「pest」をより明確な表現に置き換える。,"Clarify ""pest"", ""indulge"", ""inhibit"", and ""allocate"" in the glossary.",用語集で「pest」、「indulge」、「inhibit」、「allocate」を明確にする。,改稿レビュー待ち,"共通レビュー文: pest, indulge, inhibit, allocate"
2239,indulge,に耽る；を甘やかす,"Replace ""indulge"" with a clearer phrase if needed.",必要なら「indulge」をより明確な表現に置き換える。,"Clarify ""pest"", ""indulge"", ""inhibit"", and ""allocate"" in the glossary.",用語集で「pest」、「indulge」、「inhibit」、「allocate」を明確にする。,改稿レビュー待ち,"共通レビュー文: pest, indulge, inhibit, allocate"
2240,inhibit,抑制する,"Replace ""inhibit"" with a clearer phrase if needed.",必要なら「inhibit」をより明確な表現に置き換える。,"Clarify ""pest"", ""indulge"", ""inhibit"", and ""allocate"" in the glossary.",用語集で「pest」、「indulge」、「inhibit」、「allocate」を明確にする。,改稿レビュー待ち,"共通レビュー文: pest, indulge, inhibit, allocate"
2242,allocate,割り当てる,"Replace ""allocate"" with a clearer phrase if needed.",必要なら「allocate」をより明確な表現に置き換える。,"Clarify ""pest"", ""indulge"", ""inhibit"", and ""allocate"" in the glossary.",用語集で「pest」、「indulge」、「inhibit」、「allocate」を明確にする。,改稿レビュー待ち,"共通レビュー文: pest, indulge, inhibit, allocate"
2243,dialect,方言,"Replace ""dialect"" with a clearer phrase if needed.",必要なら「dialect」をより明確な表現に置き換える。,"Clarify ""dialect"", ""endorse"", ""supervise"", and ""brisk"" in the glossary.",用語集で「dialect」、「endorse」、「supervise」、「brisk」を明確にする。,改稿レビュー待ち,"共通レビュー文: dialect, endorse, supervise, brisk"
2244,endorse,支持する；裏書きする,"Replace ""endorse"" with a clearer phrase if needed.",必要なら「endorse」をより明確な表現に置き換える。,"Clarify ""dialect"", ""endorse"", ""supervise"", and ""brisk"" in the glossary.",用語集で「dialect」、「endorse」、「supervise」、「brisk」を明確にする。,改稿レビュー待ち,"共通レビュー文: dialect, endorse, supervise, brisk"
2245,supervise,を監督する；管理する,"Replace ""supervise"" with a clearer phrase if needed.",必要なら「supervise」をより明確な表現に置き換える。,"Clarify ""dialect"", ""endorse"", ""supervise"", and ""brisk"" in the glossary.",用語集で「dialect」、「endorse」、「supervise」、「brisk」を明確にする。,改稿レビュー待ち,"共通レビュー文: dialect, endorse, supervise, brisk"
2246,brisk,きびきびした；活発な,"Replace ""brisk"" with a clearer phrase if needed.",必要なら「brisk」をより明確な表現に置き換える。,"Clarify ""dialect"", ""endorse"", ""supervise"", and ""brisk"" in the glossary.",用語集で「dialect」、「endorse」、「supervise」、「brisk」を明確にする。,改稿レビュー待ち,"共通レビュー文: dialect, endorse, supervise, brisk"
2247,spur,を促す；拍車,"Replace ""spur"" with a clearer phrase if needed.",必要なら「spur」をより明確な表現に置き換える。,"Clarify ""spur"", ""anatomy"", ""relish"", and ""solemn"" in the glossary.",用語集で「spur」、「anatomy」、「relish」、「solemn」を明確にする。,改稿レビュー待ち,"共通レビュー文: spur, anatomy, relish, solemn"
2248,anatomy,解剖学；構造,"Replace ""anatomy"" with a clearer phrase if needed.",必要なら「anatomy」をより明確な表現に置き換える。,"Clarify ""spur"", ""anatomy"", ""relish"", and ""solemn"" in the glossary.",用語集で「spur」、「anatomy」、「relish」、「solemn」を明確にする。,改稿レビュー待ち,"共通レビュー文: spur, anatomy, relish, solemn"
2249,relish,を楽しむ；喜び,"Replace ""relish"" with a clearer phrase if needed.",必要なら「relish」をより明確な表現に置き換える。,"Clarify ""spur"", ""anatomy"", ""relish"", and ""solemn"" in the glossary.",用語集で「spur」、「anatomy」、「relish」、「solemn」を明確にする。,改稿レビュー待ち,"共通レビュー文: spur, anatomy, relish, solemn"
2251,solemn,厳粛な；まじめな,"Replace ""solemn"" with a clearer phrase if needed.",必要なら「solemn」をより明確な表現に置き換える。,"Clarify ""spur"", ""anatomy"", ""relish"", and ""solemn"" in the glossary.",用語集で「spur」、「anatomy」、「relish」、「solemn」を明確にする。,改稿レビュー待ち,"共通レビュー文: spur, anatomy, relish, solemn"
2252,invoice,請求書；送り状,"Replace ""invoice"" with a clearer phrase if needed.",必要なら「invoice」をより明確な表現に置き換える。,"Clarify ""invoice"", ""adolescence"", ""extravagant"", and ""disregard"" in the glossary.",用語集で「invoice」、「adolescence」、「extravagant」、「disregard」を明確にする。,改稿レビュー待ち,"共通レビュー文: invoice, adolescence, extravagant, disregard"
2253,adolescence,青春期；思春期,Clarify the adolescence before the next review.,次のレビュー前にadolescenceを明確にする。,"Clarify ""invoice"", ""adolescence"", ""extravagant"", and ""disregard"" in the glossary.",用語集で「invoice」、「adolescence」、「extravagant」、「disregard」を明確にする。,改稿レビュー待ち,"共通レビュー文: invoice, adolescence, extravagant, disregard"
2254,extravagant,浪費的な；過度な,"Replace ""extravagant"" with a clearer phrase if needed.",必要なら「extravagant」をより明確な表現に置き換える。,"Clarify ""invoice"", ""adolescence"", ""extravagant"", and ""disregard"" in the glossary.",用語集で「invoice」、「adolescence」、「extravagant」、「disregard」を明確にする。,改稿レビュー待ち,"共通レビュー文: invoice, adolescence, extravagant, disregard"
2255,disregard,を無視する；無視,"Replace ""disregard"" with a clearer phrase if needed.",必要なら「disregard」をより明確な表現に置き換える。,"Clarify ""invoice"", ""adolescence"", ""extravagant"", and ""disregard"" in the glossary.",用語集で「invoice」、「adolescence」、「extravagant」、「disregard」を明確にする。,改稿レビュー待ち,"共通レビュー文: invoice, adolescence, extravagant, disregard"
2256,indispensable,不可欠な,The indispensable option needs a clearer label.,indispensableの選択肢には、より明確なラベルが必要だ。,"Clarify ""indispensable"", ""maze"", ""discriminate"", and ""ingenious"" in the glossary.",用語集で「indispensable」、「maze」、「discriminate」、「ingenious」を明確にする。,改稿レビュー待ち,"共通レビュー文: indispensable, maze, discriminate, ingenious"
2258,maze,迷路；混乱,"Replace ""maze"" with a clearer phrase if needed.",必要なら「maze」をより明確な表現に置き換える。,"Clarify ""indispensable"", ""maze"", ""discriminate"", and ""ingenious"" in the glossary.",用語集で「indispensable」、「maze」、「discriminate」、「ingenious」を明確にする。,改稿レビュー待ち,"共通レビュー文: indispensable, maze, discriminate, ingenious"
2259,discriminate,差別する；識別する,"Replace ""discriminate"" with a clearer phrase if needed.",必要なら「discriminate」をより明確な表現に置き換える。,"Clarify ""indispensable"", ""maze"", ""discriminate"", and ""ingenious"" in the glossary.",用語集で「indispensable」、「maze」、「discriminate」、「ingenious」を明確にする。,改稿レビュー待ち,"共通レビュー文: indispensable, maze, discriminate, ingenious"
2260,ingenious,独創的な；巧妙な,The ingenious option needs a clearer label.,ingeniousの選択肢には、より明確なラベルが必要だ。,"Clarify ""indispensable"", ""maze"", ""discriminate"", and ""ingenious"" in the glossary.",用語集で「indispensable」、「maze」、「discriminate」、「ingenious」を明確にする。,改稿レビュー待ち,"共通レビュー文: indispensable, maze, discriminate, ingenious"
2261,oppressive,抑圧的な；重苦しい,The oppressive option needs a clearer label.,oppressiveの選択肢には、より明確なラベルが必要だ。,"Clarify ""oppressive"", ""shrewd"", ""credible"", and ""scrub"" in the glossary.",用語集で「oppressive」、「shrewd」、「credible」、「scrub」を明確にする。,改稿レビュー待ち,"共通レビュー文: oppressive, shrewd, credible, scrub"
2262,shrewd,抜け目のない；賢い,"Replace ""shrewd"" with a clearer phrase if needed.",必要なら「shrewd」をより明確な表現に置き換える。,"Clarify ""oppressive"", ""shrewd"", ""credible"", and ""scrub"" in the glossary.",用語集で「oppressive」、「shrewd」、「credible」、「scrub」を明確にする。,改稿レビュー待ち,"共通レビュー文: oppressive, shrewd, credible, scrub"
2263,credible,信頼できる；信憑性のある,The credible option needs a clearer label.,credibleの選択肢には、より明確なラベルが必要だ。,"Clarify ""oppressive"", ""shrewd"", ""credible"", and ""scrub"" in the glossary.",用語集で「oppressive」、「shrewd」、「credible」、「scrub」を明確にする。,改稿レビュー待ち,"共通レビュー文: oppressive, shrewd, credible, scrub"
2265,scrub,をこすって洗う；低木地帯,"Replace ""scrub"" with a clearer phrase if needed.",必要なら「scrub」をより明確な表現に置き換える。,"Clarify ""oppressive"", ""shrewd"", ""credible"", and ""scrub"" in the glossary.",用語集で「oppressive」、「shrewd」、「credible」、「scrub」を明確にする。,改稿レビュー待ち,"共通レビュー文: oppressive, shrewd, credible, scrub"
2266,cubic,立方体の,The cubic option needs a clearer label.,cubicの選択肢には、より明確なラベルが必要だ。,"Clarify ""cubic"", ""infancy"", ""extinct"", and ""landmark"" in the glossary.",用語集で「cubic」、「infancy」、「extinct」、「landmark」を明確にする。,改稿レビュー待ち,"共通レビュー文: cubic, infancy, extinct, landmark"
2267,infancy,幼児期；初期,"Replace ""infancy"" with a clearer phrase if needed.",必要なら「infancy」をより明確な表現に置き換える。,"Clarify ""cubic"", ""infancy"", ""extinct"", and ""landmark"" in the glossary.",用語集で「cubic」、「infancy」、「extinct」、「landmark」を明確にする。,改稿レビュー待ち,"共通レビュー文: cubic, infancy, extinct, landmark"
2268,extinct,絶滅した,"Replace ""extinct"" with a clearer phrase if needed.",必要なら「extinct」をより明確な表現に置き換える。,"Clarify ""cubic"", ""infancy"", ""extinct"", and ""landmark"" in the glossary.",用語集で「cubic」、「infancy」、「extinct」、「landmark」を明確にする。,改稿レビュー待ち,"共通レビュー文: cubic, infancy, extinct, landmark"
2269,landmark,画期的な出来事；目印,"Replace ""landmark"" with a clearer phrase if needed.",必要なら「landmark」をより明確な表現に置き換える。,"Clarify ""cubic"", ""infancy"", ""extinct"", and ""landmark"" in the glossary.",用語集で「cubic」、「infancy」、「extinct」、「landmark」を明確にする。,改稿レビュー待ち,"共通レビュー文: cubic, infancy, extinct, landmark"
2270,speculate,を推測する；投機する,"Replace ""speculate"" with a clearer phrase if needed.",必要なら「speculate」をより明確な表現に置き換える。,"Clarify ""speculate"", ""extinction"", ""cone"", and ""imbalance"" in the glossary.",用語集で「speculate」、「extinction」、「cone」、「imbalance」を明確にする。,改稿レビュー待ち,"共通レビュー文: speculate, extinction, cone, imbalance"
2271,extinction,絶滅；消滅,Clarify the extinction before the next review.,次のレビュー前にextinctionを明確にする。,"Clarify ""speculate"", ""extinction"", ""cone"", and ""imbalance"" in the glossary.",用語集で「speculate」、「extinction」、「cone」、「imbalance」を明確にする。,改稿レビュー待ち,"共通レビュー文: speculate, extinction, cone, imbalance"
2272,cone,円錐；コーン,"Replace ""cone"" with a clearer phrase if needed.",必要なら「cone」をより明確な表現に置き換える。,"Clarify ""speculate"", ""extinction"", ""cone"", and ""imbalance"" in the glossary.",用語集で「speculate」、「extinction」、「cone」、「imbalance」を明確にする。,改稿レビュー待ち,"共通レビュー文: speculate, extinction, cone, imbalance"
2273,imbalance,不均衡,Clarify the imbalance before the next review.,次のレビュー前にimbalanceを明確にする。,"Clarify ""speculate"", ""extinction"", ""cone"", and ""imbalance"" in the glossary.",用語集で「speculate」、「extinction」、「cone」、「imbalance」を明確にする。,改稿レビュー待ち,"共通レビュー文: speculate, extinction, cone, imbalance"
2274,manifeste,明白な；を明示する,"Replace ""manifeste"" with a clearer phrase if needed.",必要なら「manifeste」をより明確な表現に置き換える。,"Clarify ""manifeste"", ""withstand"", ""bachelor"", and ""inconvenience"" in the glossary.",用語集で「manifeste」、「withstand」、「bachelor」、「inconvenience」を明確にする。,改稿レビュー待ち,"共通レビュー文: manifeste, withstand, bachelor, inconvenience"
2275,withstand,に耐える；抵抗する,"Replace ""withstand"" with a clearer phrase if needed.",必要なら「withstand」をより明確な表現に置き換える。,"Clarify ""manifeste"", ""withstand"", ""bachelor"", and ""inconvenience"" in the glossary.",用語集で「manifeste」、「withstand」、「bachelor」、「inconvenience」を明確にする。,改稿レビュー待ち,"共通レビュー文: manifeste, withstand, bachelor, inconvenience"
2276,bachelor,学士；独身者,"Replace ""bachelor"" with a clearer phrase if needed.",必要なら「bachelor」をより明確な表現に置き換える。,"Clarify ""manifeste"", ""withstand"", ""bachelor"", and ""inconvenience"" in the glossary.",用語集で「manifeste」、「withstand」、「bachelor」、「inconvenience」を明確にする。,改稿レビュー待ち,"共通レビュー文: manifeste, withstand, bachelor, inconvenience"
2277,inconvenience,不便；不都合,Clarify the inconvenience before the next review.,次のレビュー前にinconvenienceを明確にする。,"Clarify ""manifeste"", ""withstand"", ""bachelor"", and ""inconvenience"" in the glossary.",用語集で「manifeste」、「withstand」、「bachelor」、「inconvenience」を明確にする。,改稿レビュー待ち,"共通レビュー文: manifeste, withstand, bachelor, inconvenience"
2279,thrive,繁栄する；旺盛に育つ,The thrive option needs a clearer label.,thriveの選択肢には、より明確なラベルが必要だ。,"Clarify ""thrive"", ""disposable"", ""decidedly"", and ""intrusion"" in the glossary.",用語集で「thrive」、「disposable」、「decidedly」、「intrusion」を明確にする。,改稿レビュー待ち,"共通レビュー文: thrive, disposable, decidedly, intrusion"
2280,disposable,使い捨ての；自由に使える,The disposable option needs a clearer label.,disposableの選択肢には、より明確なラベルが必要だ。,"Clarify ""thrive"", ""disposable"", ""decidedly"", and ""intrusion"" in the glossary.",用語集で「thrive」、「disposable」、「decidedly」、「intrusion」を明確にする。,改稿レビュー待ち,"共通レビュー文: thrive, disposable, decidedly, intrusion"
2281,decidedly,明らかに；断固として,"Use ""decidedly"" carefully in helper text.",ヘルプ文では「decidedly」を慎重に使う。,"Clarify ""thrive"", ""disposable"", ""decidedly"", and ""intrusion"" in the glossary.",用語集で「thrive」、「disposable」、「decidedly」、「intrusion」を明確にする。,改稿レビュー待ち,"共通レビュー文: thrive, disposable, decidedly, intrusion"
2282,intrusion,侵入；押し付け,Clarify the intrusion before the next review.,次のレビュー前にintrusionを明確にする。,"Clarify ""thrive"", ""disposable"", ""decidedly"", and ""intrusion"" in the glossary.",用語集で「thrive」、「disposable」、「decidedly」、「intrusion」を明確にする。,改稿レビュー待ち,"共通レビュー文: thrive, disposable, decidedly, intrusion"
2283,intuition,直観；直感,Clarify the intuition before the next review.,次のレビュー前にintuitionを明確にする。,"Clarify ""intuition"", ""accelerate"", ""dismal"", and ""innate"" in the glossary.",用語集で「intuition」、「accelerate」、「dismal」、「innate」を明確にする。,改稿レビュー待ち,"共通レビュー文: intuition, accelerate, dismal, innate"
2284,accelerate,加速する,"Replace ""accelerate"" with a clearer phrase if needed.",必要なら「accelerate」をより明確な表現に置き換える。,"Clarify ""intuition"", ""accelerate"", ""dismal"", and ""innate"" in the glossary.",用語集で「intuition」、「accelerate」、「dismal」、「innate」を明確にする。,改稿レビュー待ち,"共通レビュー文: intuition, accelerate, dismal, innate"
2285,dismal,陰鬱な；惨めな,The dismal option needs a clearer label.,dismalの選択肢には、より明確なラベルが必要だ。,"Clarify ""intuition"", ""accelerate"", ""dismal"", and ""innate"" in the glossary.",用語集で「intuition」、「accelerate」、「dismal」、「innate」を明確にする。,改稿レビュー待ち,"共通レビュー文: intuition, accelerate, dismal, innate"
2286,innate,生まれつきの；固有の,"Replace ""innate"" with a clearer phrase if needed.",必要なら「innate」をより明確な表現に置き換える。,"Clarify ""intuition"", ""accelerate"", ""dismal"", and ""innate"" in the glossary.",用語集で「intuition」、「accelerate」、「dismal」、「innate」を明確にする。,改稿レビュー待ち,"共通レビュー文: intuition, accelerate, dismal, innate"
2287,mar,を損なう；傷つける,"Replace ""mar"" with a clearer phrase if needed.",必要なら「mar」をより明確な表現に置き換える。,"Clarify ""mar"", ""eternity"", ""brink"", and ""tow"" in the glossary.",用語集で「mar」、「eternity」、「brink」、「tow」を明確にする。,改稿レビュー待ち,"共通レビュー文: mar, eternity, brink, tow"
2288,eternity,永遠,Clarify the eternity before the next review.,次のレビュー前にeternityを明確にする。,"Clarify ""mar"", ""eternity"", ""brink"", and ""tow"" in the glossary.",用語集で「mar」、「eternity」、「brink」、「tow」を明確にする。,改稿レビュー待ち,"共通レビュー文: mar, eternity, brink, tow"
2289,brink,瀬戸際；端,"Replace ""brink"" with a clearer phrase if needed.",必要なら「brink」をより明確な表現に置き換える。,"Clarify ""mar"", ""eternity"", ""brink"", and ""tow"" in the glossary.",用語集で「mar」、「eternity」、「brink」、「tow」を明確にする。,改稿レビュー待ち,"共通レビュー文: mar, eternity, brink, tow"
2290,tow,を引っ張る；牽引,"Replace ""tow"" with a clearer phrase if needed.",必要なら「tow」をより明確な表現に置き換える。,"Clarify ""mar"", ""eternity"", ""brink"", and ""tow"" in the glossary.",用語集で「mar」、「eternity」、「brink」、「tow」を明確にする。,改稿レビュー待ち,"共通レビュー文: mar, eternity, brink, tow"
2291,aquatic,水生の；水中の,The aquatic option needs a clearer label.,aquaticの選択肢には、より明確なラベルが必要だ。,"Clarify ""aquatic"", ""barren"", ""embark"", and ""captive"" in the glossary.",用語集で「aquatic」、「barren」、「embark」、「captive」を明確にする。,改稿レビュー待ち,"共通レビュー文: aquatic, barren, embark, captive"
2292,barren,不毛の；乾燥した,"Replace ""barren"" with a clearer phrase if needed.",必要なら「barren」をより明確な表現に置き換える。,"Clarify ""aquatic"", ""barren"", ""embark"", and ""captive"" in the glossary.",用語集で「aquatic」、「barren」、「embark」、「captive」を明確にする。,改稿レビュー待ち,"共通レビュー文: aquatic, barren, embark, captive"
2293,embark,に乗り込む；着手する,"Replace ""embark"" with a clearer phrase if needed.",必要なら「embark」をより明確な表現に置き換える。,"Clarify ""aquatic"", ""barren"", ""embark"", and ""captive"" in the glossary.",用語集で「aquatic」、「barren」、「embark」、「captive」を明確にする。,改稿レビュー待ち,"共通レビュー文: aquatic, barren, embark, captive"
2295,captive,囚われた；捕虜,The captive option needs a clearer label.,captiveの選択肢には、より明確なラベルが必要だ。,"Clarify ""aquatic"", ""barren"", ""embark"", and ""captive"" in the glossary.",用語集で「aquatic」、「barren」、「embark」、「captive」を明確にする。,改稿レビュー待ち,"共通レビュー文: aquatic, barren, embark, captive"
2296,dice,さいころ；を切り刻む,"Replace ""dice"" with a clearer phrase if needed.",必要なら「dice」をより明確な表現に置き換える。,"Clarify ""dice"", ""stationary"", ""mastery"", and ""catastrophe"" in the glossary.",用語集で「dice」、「stationary」、「mastery」、「catastrophe」を明確にする。,改稿レビュー待ち,"共通レビュー文: dice, stationary, mastery, catastrophe"
2297,stationary,静止した；動かない,"Replace ""stationary"" with a clearer phrase if needed.",必要なら「stationary」をより明確な表現に置き換える。,"Clarify ""dice"", ""stationary"", ""mastery"", and ""catastrophe"" in the glossary.",用語集で「dice」、「stationary」、「mastery」、「catastrophe」を明確にする。,改稿レビュー待ち,"共通レビュー文: dice, stationary, mastery, catastrophe"
2298,mastery,熟達；支配,"Replace ""mastery"" with a clearer phrase if needed.",必要なら「mastery」をより明確な表現に置き換える。,"Clarify ""dice"", ""stationary"", ""mastery"", and ""catastrophe"" in the glossary.",用語集で「dice」、「stationary」、「mastery」、「catastrophe」を明確にする。,改稿レビュー待ち,"共通レビュー文: dice, stationary, mastery, catastrophe"
2299,catastrophe,大惨事；大災害,"Replace ""catastrophe"" with a clearer phrase if needed.",必要なら「catastrophe」をより明確な表現に置き換える。,"Clarify ""dice"", ""stationary"", ""mastery"", and ""catastrophe"" in the glossary.",用語集で「dice」、「stationary」、「mastery」、「catastrophe」を明確にする。,改稿レビュー待ち,"共通レビュー文: dice, stationary, mastery, catastrophe"
2300,cling,しがみつく；執着する,"Replace ""cling"" with a clearer phrase if needed.",必要なら「cling」をより明確な表現に置き換える。,"Clarify ""cling"", ""tramp"", ""contend"", and ""unfit"" in the glossary.",用語集で「cling」、「tramp」、「contend」、「unfit」を明確にする。,改稿レビュー待ち,"共通レビュー文: cling, tramp, contend, unfit"
2301,tramp,トランプ；を踏みつける,"Replace ""tramp"" with a clearer phrase if needed.",必要なら「tramp」をより明確な表現に置き換える。,"Clarify ""cling"", ""tramp"", ""contend"", and ""unfit"" in the glossary.",用語集で「cling」、「tramp」、「contend」、「unfit」を明確にする。,改稿レビュー待ち,"共通レビュー文: cling, tramp, contend, unfit"
2302,contend,主張する；争う,"Replace ""contend"" with a clearer phrase if needed.",必要なら「contend」をより明確な表現に置き換える。,"Clarify ""cling"", ""tramp"", ""contend"", and ""unfit"" in the glossary.",用語集で「cling」、「tramp」、「contend」、「unfit」を明確にする。,改稿レビュー待ち,"共通レビュー文: cling, tramp, contend, unfit"
2303,unfit,不適切な；不健康な,"Replace ""unfit"" with a clearer phrase if needed.",必要なら「unfit」をより明確な表現に置き換える。,"Clarify ""cling"", ""tramp"", ""contend"", and ""unfit"" in the glossary.",用語集で「cling」、「tramp」、「contend」、「unfit」を明確にする。,改稿レビュー待ち,"共通レビュー文: cling, tramp, contend, unfit"
2304,masterpiece,傑作；名作,"Replace ""masterpiece"" with a clearer phrase if needed.",必要なら「masterpiece」をより明確な表現に置き換える。,"Clarify ""masterpiece"", ""confer"", ""symbolism"", and ""foe"" in the glossary.",用語集で「masterpiece」、「confer」、「symbolism」、「foe」を明確にする。,改稿レビュー待ち,"共通レビュー文: masterpiece, confer, symbolism, foe"
2305,confer,を授与する；相談する,"Replace ""confer"" with a clearer phrase if needed.",必要なら「confer」をより明確な表現に置き換える。,"Clarify ""masterpiece"", ""confer"", ""symbolism"", and ""foe"" in the glossary.",用語集で「masterpiece」、「confer」、「symbolism」、「foe」を明確にする。,改稿レビュー待ち,"共通レビュー文: masterpiece, confer, symbolism, foe"
2306,symbolism,象徴主義；象徴,"Replace ""symbolism"" with a clearer phrase if needed.",必要なら「symbolism」をより明確な表現に置き換える。,"Clarify ""masterpiece"", ""confer"", ""symbolism"", and ""foe"" in the glossary.",用語集で「masterpiece」、「confer」、「symbolism」、「foe」を明確にする。,改稿レビュー待ち,"共通レビュー文: masterpiece, confer, symbolism, foe"
2307,foe,敵；仇,"Replace ""foe"" with a clearer phrase if needed.",必要なら「foe」をより明確な表現に置き換える。,"Clarify ""masterpiece"", ""confer"", ""symbolism"", and ""foe"" in the glossary.",用語集で「masterpiece」、「confer」、「symbolism」、「foe」を明確にする。,改稿レビュー待ち,"共通レビュー文: masterpiece, confer, symbolism, foe"
2308,prehistoric,先史時代の,The prehistoric option needs a clearer label.,prehistoricの選択肢には、より明確なラベルが必要だ。,"Clarify ""prehistoric"", ""refrain"", ""underestimate"", and ""hind"" in the glossary.",用語集で「prehistoric」、「refrain」、「underestimate」、「hind」を明確にする。,改稿レビュー待ち,"共通レビュー文: prehistoric, refrain, underestimate, hind"
2309,refrain,を控える；折り返し,"Replace ""refrain"" with a clearer phrase if needed.",必要なら「refrain」をより明確な表現に置き換える。,"Clarify ""prehistoric"", ""refrain"", ""underestimate"", and ""hind"" in the glossary.",用語集で「prehistoric」、「refrain」、「underestimate」、「hind」を明確にする。,改稿レビュー待ち,"共通レビュー文: prehistoric, refrain, underestimate, hind"
2310,underestimate,を過小評価する,"Replace ""underestimate"" with a clearer phrase if needed.",必要なら「underestimate」をより明確な表現に置き換える。,"Clarify ""prehistoric"", ""refrain"", ""underestimate"", and ""hind"" in the glossary.",用語集で「prehistoric」、「refrain」、「underestimate」、「hind」を明確にする。,改稿レビュー待ち,"共通レビュー文: prehistoric, refrain, underestimate, hind"
2311,hind,後ろの；雌鹿,"Replace ""hind"" with a clearer phrase if needed.",必要なら「hind」をより明確な表現に置き換える。,"Clarify ""prehistoric"", ""refrain"", ""underestimate"", and ""hind"" in the glossary.",用語集で「prehistoric」、「refrain」、「underestimate」、「hind」を明確にする。,改稿レビュー待ち,"共通レビュー文: prehistoric, refrain, underestimate, hind"
2312,treacherous,裏切り的な；危険な,The treacherous option needs a clearer label.,treacherousの選択肢には、より明確なラベルが必要だ。,"Clarify ""treacherous"", ""advantageous"", ""disrupt"", and ""durable"" in the glossary.",用語集で「treacherous」、「advantageous」、「disrupt」、「durable」を明確にする。,改稿レビュー待ち,"共通レビュー文: treacherous, advantageous, disrupt, durable"
2313,advantageous,有利な,The advantageous option needs a clearer label.,advantageousの選択肢には、より明確なラベルが必要だ。,"Clarify ""treacherous"", ""advantageous"", ""disrupt"", and ""durable"" in the glossary.",用語集で「treacherous」、「advantageous」、「disrupt」、「durable」を明確にする。,改稿レビュー待ち,"共通レビュー文: treacherous, advantageous, disrupt, durable"
2314,disrupt,混乱させる；妨げる,"Replace ""disrupt"" with a clearer phrase if needed.",必要なら「disrupt」をより明確な表現に置き換える。,"Clarify ""treacherous"", ""advantageous"", ""disrupt"", and ""durable"" in the glossary.",用語集で「treacherous」、「advantageous」、「disrupt」、「durable」を明確にする。,改稿レビュー待ち,"共通レビュー文: treacherous, advantageous, disrupt, durable"
2316,durable,耐久性のある；長持ちする,The durable option needs a clearer label.,durableの選択肢には、より明確なラベルが必要だ。,"Clarify ""treacherous"", ""advantageous"", ""disrupt"", and ""durable"" in the glossary.",用語集で「treacherous」、「advantageous」、「disrupt」、「durable」を明確にする。,改稿レビュー待ち,"共通レビュー文: treacherous, advantageous, disrupt, durable"
2317,mentality,思考様式；精神状態,Clarify the mentality before the next review.,次のレビュー前にmentalityを明確にする。,"Clarify ""mentality"", ""recollection"", ""brew"", and ""bully"" in the glossary.",用語集で「mentality」、「recollection」、「brew」、「bully」を明確にする。,改稿レビュー待ち,"共通レビュー文: mentality, recollection, brew, bully"
2318,recollection,記憶；回想,Clarify the recollection before the next review.,次のレビュー前にrecollectionを明確にする。,"Clarify ""mentality"", ""recollection"", ""brew"", and ""bully"" in the glossary.",用語集で「mentality」、「recollection」、「brew」、「bully」を明確にする。,改稿レビュー待ち,"共通レビュー文: mentality, recollection, brew, bully"
2319,brew,を醸造する；企てる,"Replace ""brew"" with a clearer phrase if needed.",必要なら「brew」をより明確な表現に置き換える。,"Clarify ""mentality"", ""recollection"", ""brew"", and ""bully"" in the glossary.",用語集で「mentality」、「recollection」、「brew」、「bully」を明確にする。,改稿レビュー待ち,"共通レビュー文: mentality, recollection, brew, bully"
2320,bully,いじめっ子；いじめる,"Use ""bully"" carefully in helper text.",ヘルプ文では「bully」を慎重に使う。,"Clarify ""mentality"", ""recollection"", ""brew"", and ""bully"" in the glossary.",用語集で「mentality」、「recollection」、「brew」、「bully」を明確にする。,改稿レビュー待ち,"共通レビュー文: mentality, recollection, brew, bully"
2321,avail,役立つ；効果,"Replace ""avail"" with a clearer phrase if needed.",必要なら「avail」をより明確な表現に置き換える。,"Clarify ""avail"", ""moody"", ""staple"", and ""messy"" in the glossary.",用語集で「avail」、「moody」、「staple」、「messy」を明確にする。,改稿レビュー待ち,"共通レビュー文: avail, moody, staple, messy"
2322,moody,気分屋の；不機嫌な,"Replace ""moody"" with a clearer phrase if needed.",必要なら「moody」をより明確な表現に置き換える。,"Clarify ""avail"", ""moody"", ""staple"", and ""messy"" in the glossary.",用語集で「avail」、「moody」、「staple」、「messy」を明確にする。,改稿レビュー待ち,"共通レビュー文: avail, moody, staple, messy"
2323,staple,主要な；ホチキス,"Replace ""staple"" with a clearer phrase if needed.",必要なら「staple」をより明確な表現に置き換える。,"Clarify ""avail"", ""moody"", ""staple"", and ""messy"" in the glossary.",用語集で「avail」、「moody」、「staple」、「messy」を明確にする。,改稿レビュー待ち,"共通レビュー文: avail, moody, staple, messy"
2325,messy,散らかった；面倒な,"Replace ""messy"" with a clearer phrase if needed.",必要なら「messy」をより明確な表現に置き換える。,"Clarify ""avail"", ""moody"", ""staple"", and ""messy"" in the glossary.",用語集で「avail」、「moody」、「staple」、「messy」を明確にする。,改稿レビュー待ち,"共通レビュー文: avail, moody, staple, messy"
2326,knowledgeable,博識な；精通した,The knowledgeable option needs a clearer label.,knowledgeableの選択肢には、より明確なラベルが必要だ。,"Clarify ""knowledgeable"", ""unfavourable"", ""exhaustive"", and ""chatter"" in the glossary.",用語集で「knowledgeable」、「unfavourable」、「exhaustive」、「chatter」を明確にする。,改稿レビュー待ち,"共通レビュー文: knowledgeable, unfavourable, exhaustive, chatter"
2327,unfavourable,不利な；好ましくない,The unfavourable option needs a clearer label.,unfavourableの選択肢には、より明確なラベルが必要だ。,"Clarify ""knowledgeable"", ""unfavourable"", ""exhaustive"", and ""chatter"" in the glossary.",用語集で「knowledgeable」、「unfavourable」、「exhaustive」、「chatter」を明確にする。,改稿レビュー待ち,"共通レビュー文: knowledgeable, unfavourable, exhaustive, chatter"
2328,exhaustive,徹底的な；網羅的な,The exhaustive option needs a clearer label.,exhaustiveの選択肢には、より明確なラベルが必要だ。,"Clarify ""knowledgeable"", ""unfavourable"", ""exhaustive"", and ""chatter"" in the glossary.",用語集で「knowledgeable」、「unfavourable」、「exhaustive」、「chatter」を明確にする。,改稿レビュー待ち,"共通レビュー文: knowledgeable, unfavourable, exhaustive, chatter"
2329,simplify,を簡単にする,This is an opportunity to simplify onboarding.,これはオンボーディングを簡素化する機会だ。,This is an opportunity to simplify onboarding.,これはオンボーディングを簡素化する機会だ。,改稿レビュー待ち,"共通例文: opportunity, simplify"
2330,chatter,おしゃべりする；がたがた震える,"Replace ""chatter"" with a clearer phrase if needed.",必要なら「chatter」をより明確な表現に置き換える。,"Clarify ""knowledgeable"", ""unfavourable"", ""exhaustive"", and ""chatter"" in the glossary.",用語集で「knowledgeable」、「unfavourable」、「exhaustive」、「chatter」を明確にする。,改稿レビュー待ち,"共通レビュー文: knowledgeable, unfavourable, exhaustive, chatter"
2331,migrate,移住する；渡る,"Replace ""migrate"" with a clearer phrase if needed.",必要なら「migrate」をより明確な表現に置き換える。,"Clarify ""migrate"", ""tilt"", ""shove"", and ""blur"" in the glossary.",用語集で「migrate」、「tilt」、「shove」、「blur」を明確にする。,改稿レビュー待ち,"共通レビュー文: migrate, tilt, shove, blur"
2332,tilt,を傾ける；傾き,"Replace ""tilt"" with a clearer phrase if needed.",必要なら「tilt」をより明確な表現に置き換える。,"Clarify ""migrate"", ""tilt"", ""shove"", and ""blur"" in the glossary.",用語集で「migrate」、「tilt」、「shove」、「blur」を明確にする。,改稿レビュー待ち,"共通レビュー文: migrate, tilt, shove, blur"
2333,shove,を強く押す；突き飛ばし,"Replace ""shove"" with a clearer phrase if needed.",必要なら「shove」をより明確な表現に置き換える。,"Clarify ""migrate"", ""tilt"", ""shove"", and ""blur"" in the glossary.",用語集で「migrate」、「tilt」、「shove」、「blur」を明確にする。,改稿レビュー待ち,"共通レビュー文: migrate, tilt, shove, blur"
2334,blur,ぼかす；ぼやける,"Replace ""blur"" with a clearer phrase if needed.",必要なら「blur」をより明確な表現に置き換える。,"Clarify ""migrate"", ""tilt"", ""shove"", and ""blur"" in the glossary.",用語集で「migrate」、「tilt」、「shove」、「blur」を明確にする。,改稿レビュー待ち,"共通レビュー文: migrate, tilt, shove, blur"
2335,campaigner,運動家；活動家,"Replace ""campaigner"" with a clearer phrase if needed.",必要なら「campaigner」をより明確な表現に置き換える。,"Clarify ""campaigner"", ""scoop"", ""conserve"", and ""keenly"" in the glossary.",用語集で「campaigner」、「scoop」、「conserve」、「keenly」を明確にする。,改稿レビュー待ち,"共通レビュー文: campaigner, scoop, conserve, keenly"
2336,scoop,特ダネ；をすくう,"Replace ""scoop"" with a clearer phrase if needed.",必要なら「scoop」をより明確な表現に置き換える。,"Clarify ""campaigner"", ""scoop"", ""conserve"", and ""keenly"" in the glossary.",用語集で「campaigner」、「scoop」、「conserve」、「keenly」を明確にする。,改稿レビュー待ち,"共通レビュー文: campaigner, scoop, conserve, keenly"
2337,conserve,を保護する；節約する,"Replace ""conserve"" with a clearer phrase if needed.",必要なら「conserve」をより明確な表現に置き換える。,"Clarify ""campaigner"", ""scoop"", ""conserve"", and ""keenly"" in the glossary.",用語集で「campaigner」、「scoop」、「conserve」、「keenly」を明確にする。,改稿レビュー待ち,"共通レビュー文: campaigner, scoop, conserve, keenly"
2338,keenly,熱心に；鋭く,"Use ""keenly"" carefully in helper text.",ヘルプ文では「keenly」を慎重に使う。,"Clarify ""campaigner"", ""scoop"", ""conserve"", and ""keenly"" in the glossary.",用語集で「campaigner」、「scoop」、「conserve」、「keenly」を明確にする。,改稿レビュー待ち,"共通レビュー文: campaigner, scoop, conserve, keenly"
2339,shipment,積荷；発送,Clarify the shipment before the next review.,次のレビュー前にshipmentを明確にする。,"Clarify ""shipment"", ""broaden"", ""circulate"", and ""shudder"" in the glossary.",用語集で「shipment」、「broaden」、「circulate」、「shudder」を明確にする。,改稿レビュー待ち,"共通レビュー文: shipment, broaden, circulate, shudder"
2341,broaden,を広げる；広がる,"Replace ""broaden"" with a clearer phrase if needed.",必要なら「broaden」をより明確な表現に置き換える。,"Clarify ""shipment"", ""broaden"", ""circulate"", and ""shudder"" in the glossary.",用語集で「shipment」、「broaden」、「circulate」、「shudder」を明確にする。,改稿レビュー待ち,"共通レビュー文: shipment, broaden, circulate, shudder"
2342,circulate,を循環させる；流通する,"Replace ""circulate"" with a clearer phrase if needed.",必要なら「circulate」をより明確な表現に置き換える。,"Clarify ""shipment"", ""broaden"", ""circulate"", and ""shudder"" in the glossary.",用語集で「shipment」、「broaden」、「circulate」、「shudder」を明確にする。,改稿レビュー待ち,"共通レビュー文: shipment, broaden, circulate, shudder"
2343,shudder,震える；身震いする,"Replace ""shudder"" with a clearer phrase if needed.",必要なら「shudder」をより明確な表現に置き換える。,"Clarify ""shipment"", ""broaden"", ""circulate"", and ""shudder"" in the glossary.",用語集で「shipment」、「broaden」、「circulate」、「shudder」を明確にする。,改稿レビュー待ち,"共通レビュー文: shipment, broaden, circulate, shudder"
2344,transcript,成績証明書；記録,"Replace ""transcript"" with a clearer phrase if needed.",必要なら「transcript」をより明確な表現に置き換える。,"Clarify ""transcript"", ""raft"", ""tranquil"", and ""trait"" in the glossary.",用語集で「transcript」、「raft」、「tranquil」、「trait」を明確にする。,改稿レビュー待ち,"共通レビュー文: transcript, raft, tranquil, trait"
2345,raft,いかだ；大量,"Replace ""raft"" with a clearer phrase if needed.",必要なら「raft」をより明確な表現に置き換える。,"Clarify ""transcript"", ""raft"", ""tranquil"", and ""trait"" in the glossary.",用語集で「transcript」、「raft」、「tranquil」、「trait」を明確にする。,改稿レビュー待ち,"共通レビュー文: transcript, raft, tranquil, trait"
2346,tranquil,穏やかな；静かな,"Replace ""tranquil"" with a clearer phrase if needed.",必要なら「tranquil」をより明確な表現に置き換える。,"Clarify ""transcript"", ""raft"", ""tranquil"", and ""trait"" in the glossary.",用語集で「transcript」、「raft」、「tranquil」、「trait」を明確にする。,改稿レビュー待ち,"共通レビュー文: transcript, raft, tranquil, trait"
2348,trait,特性；特徴,"Replace ""trait"" with a clearer phrase if needed.",必要なら「trait」をより明確な表現に置き換える。,"Clarify ""transcript"", ""raft"", ""tranquil"", and ""trait"" in the glossary.",用語集で「transcript」、「raft」、「tranquil」、「trait」を明確にする。,改稿レビュー待ち,"共通レビュー文: transcript, raft, tranquil, trait"
2349,dispense,を分配する；調剤する,"Replace ""dispense"" with a clearer phrase if needed.",必要なら「dispense」をより明確な表現に置き換える。,"Clarify ""dispense"", ""aspiration"", ""drawback"", and ""impractical"" in the glossary.",用語集で「dispense」、「aspiration」、「drawback」、「impractical」を明確にする。,改稿レビュー待ち,"共通レビュー文: dispense, aspiration, drawback, impractical"
2350,aspiration,熱望；野心,Clarify the aspiration before the next review.,次のレビュー前にaspirationを明確にする。,"Clarify ""dispense"", ""aspiration"", ""drawback"", and ""impractical"" in the glossary.",用語集で「dispense」、「aspiration」、「drawback」、「impractical」を明確にする。,改稿レビュー待ち,"共通レビュー文: dispense, aspiration, drawback, impractical"
2351,drawback,欠点；障害,"Replace ""drawback"" with a clearer phrase if needed.",必要なら「drawback」をより明確な表現に置き換える。,"Clarify ""dispense"", ""aspiration"", ""drawback"", and ""impractical"" in the glossary.",用語集で「dispense」、「aspiration」、「drawback」、「impractical」を明確にする。,改稿レビュー待ち,"共通レビュー文: dispense, aspiration, drawback, impractical"
2352,impractical,実用的でない,The impractical option needs a clearer label.,impracticalの選択肢には、より明確なラベルが必要だ。,"Clarify ""dispense"", ""aspiration"", ""drawback"", and ""impractical"" in the glossary.",用語集で「dispense」、「aspiration」、「drawback」、「impractical」を明確にする。,改稿レビュー待ち,"共通レビュー文: dispense, aspiration, drawback, impractical"
2353,folklore,民間伝承；フォークロア,"Replace ""folklore"" with a clearer phrase if needed.",必要なら「folklore」をより明確な表現に置き換える。,"Clarify ""folklore"", ""cosmopolitan"", ""entrepreneur"", and ""contributor"" in the glossary.",用語集で「folklore」、「cosmopolitan」、「entrepreneur」、「contributor」を明確にする。,改稿レビュー待ち,"共通レビュー文: folklore, cosmopolitan, entrepreneur, contributor"
2355,cosmopolitan,国際的な；世界主義的な,"Replace ""cosmopolitan"" with a clearer phrase if needed.",必要なら「cosmopolitan」をより明確な表現に置き換える。,"Clarify ""folklore"", ""cosmopolitan"", ""entrepreneur"", and ""contributor"" in the glossary.",用語集で「folklore」、「cosmopolitan」、「entrepreneur」、「contributor」を明確にする。,改稿レビュー待ち,"共通レビュー文: folklore, cosmopolitan, entrepreneur, contributor"
2356,entrepreneur,起業家,"Replace ""entrepreneur"" with a clearer phrase if needed.",必要なら「entrepreneur」をより明確な表現に置き換える。,"Clarify ""folklore"", ""cosmopolitan"", ""entrepreneur"", and ""contributor"" in the glossary.",用語集で「folklore」、「cosmopolitan」、「entrepreneur」、「contributor」を明確にする。,改稿レビュー待ち,"共通レビュー文: folklore, cosmopolitan, entrepreneur, contributor"
2357,contributor,貢献者；寄稿者,"Replace ""contributor"" with a clearer phrase if needed.",必要なら「contributor」をより明確な表現に置き換える。,"Clarify ""folklore"", ""cosmopolitan"", ""entrepreneur"", and ""contributor"" in the glossary.",用語集で「folklore」、「cosmopolitan」、「entrepreneur」、「contributor」を明確にする。,改稿レビュー待ち,"共通レビュー文: folklore, cosmopolitan, entrepreneur, contributor"
2358,distract,の気を散らす,"Replace ""distract"" with a clearer phrase if needed.",必要なら「distract」をより明確な表現に置き換える。,"Clarify ""distract"", ""furnace"", ""majestic"", and ""distort"" in the glossary.",用語集で「distract」、「furnace」、「majestic」、「distort」を明確にする。,改稿レビュー待ち,"共通レビュー文: distract, furnace, majestic, distort"
2359,furnace,炉；暖炉,"Replace ""furnace"" with a clearer phrase if needed.",必要なら「furnace」をより明確な表現に置き換える。,"Clarify ""distract"", ""furnace"", ""majestic"", and ""distort"" in the glossary.",用語集で「distract」、「furnace」、「majestic」、「distort」を明確にする。,改稿レビュー待ち,"共通レビュー文: distract, furnace, majestic, distort"
2360,majestic,壮大な；威厳のある,The majestic option needs a clearer label.,majesticの選択肢には、より明確なラベルが必要だ。,"Clarify ""distract"", ""furnace"", ""majestic"", and ""distort"" in the glossary.",用語集で「distract」、「furnace」、「majestic」、「distort」を明確にする。,改稿レビュー待ち,"共通レビュー文: distract, furnace, majestic, distort"
2362,distort,歪める；歪曲する,"Replace ""distort"" with a clearer phrase if needed.",必要なら「distort」をより明確な表現に置き換える。,"Clarify ""distract"", ""furnace"", ""majestic"", and ""distort"" in the glossary.",用語集で「distract」、「furnace」、「majestic」、「distort」を明確にする。,改稿レビュー待ち,"共通レビュー文: distract, furnace, majestic, distort"
2363,livelihood,生計；暮らし,"Replace ""livelihood"" with a clearer phrase if needed.",必要なら「livelihood」をより明確な表現に置き換える。,"Clarify ""livelihood"", ""tyranny"", ""abound"", and ""brute"" in the glossary.",用語集で「livelihood」、「tyranny」、「abound」、「brute」を明確にする。,改稿レビュー待ち,"共通レビュー文: livelihood, tyranny, abound, brute"
2364,tyranny,暴政；専制,"Replace ""tyranny"" with a clearer phrase if needed.",必要なら「tyranny」をより明確な表現に置き換える。,"Clarify ""livelihood"", ""tyranny"", ""abound"", and ""brute"" in the glossary.",用語集で「livelihood」、「tyranny」、「abound」、「brute」を明確にする。,改稿レビュー待ち,"共通レビュー文: livelihood, tyranny, abound, brute"
2365,abound,豊富にある,"Replace ""abound"" with a clearer phrase if needed.",必要なら「abound」をより明確な表現に置き換える。,"Clarify ""livelihood"", ""tyranny"", ""abound"", and ""brute"" in the glossary.",用語集で「livelihood」、「tyranny」、「abound」、「brute」を明確にする。,改稿レビュー待ち,"共通レビュー文: livelihood, tyranny, abound, brute"
2366,brute,残忍な人；獣的な,"Replace ""brute"" with a clearer phrase if needed.",必要なら「brute」をより明確な表現に置き換える。,"Clarify ""livelihood"", ""tyranny"", ""abound"", and ""brute"" in the glossary.",用語集で「livelihood」、「tyranny」、「abound」、「brute」を明確にする。,改稿レビュー待ち,"共通レビュー文: livelihood, tyranny, abound, brute"
2367,contradict,矛盾する；反論する,"Replace ""contradict"" with a clearer phrase if needed.",必要なら「contradict」をより明確な表現に置き換える。,"Clarify ""contradict"", ""comrade"", ""inject"", and ""summarise"" in the glossary.",用語集で「contradict」、「comrade」、「inject」、「summarise」を明確にする。,改稿レビュー待ち,"共通レビュー文: contradict, comrade, inject, summarise"
2369,comrade,仲間；同志,"Replace ""comrade"" with a clearer phrase if needed.",必要なら「comrade」をより明確な表現に置き換える。,"Clarify ""contradict"", ""comrade"", ""inject"", and ""summarise"" in the glossary.",用語集で「contradict」、「comrade」、「inject」、「summarise」を明確にする。,改稿レビュー待ち,"共通レビュー文: contradict, comrade, inject, summarise"
2370,inject,を注射する；注入する,"Replace ""inject"" with a clearer phrase if needed.",必要なら「inject」をより明確な表現に置き換える。,"Clarify ""contradict"", ""comrade"", ""inject"", and ""summarise"" in the glossary.",用語集で「contradict」、「comrade」、「inject」、「summarise」を明確にする。,改稿レビュー待ち,"共通レビュー文: contradict, comrade, inject, summarise"
2371,summarise,を要約する,"Replace ""summarise"" with a clearer phrase if needed.",必要なら「summarise」をより明確な表現に置き換える。,"Clarify ""contradict"", ""comrade"", ""inject"", and ""summarise"" in the glossary.",用語集で「contradict」、「comrade」、「inject」、「summarise」を明確にする。,改稿レビュー待ち,"共通レビュー文: contradict, comrade, inject, summarise"
2372,enterprising,進取の気性に富む,"Replace ""enterprising"" with a clearer phrase if needed.",必要なら「enterprising」をより明確な表現に置き換える。,"Clarify ""enterprising"", ""desolate"", ""shrub"", and ""brood"" in the glossary.",用語集で「enterprising」、「desolate」、「shrub」、「brood」を明確にする。,改稿レビュー待ち,"共通レビュー文: enterprising, desolate, shrub, brood"
2373,desolate,荒廃した；寂しい,"Replace ""desolate"" with a clearer phrase if needed.",必要なら「desolate」をより明確な表現に置き換える。,"Clarify ""enterprising"", ""desolate"", ""shrub"", and ""brood"" in the glossary.",用語集で「enterprising」、「desolate」、「shrub」、「brood」を明確にする。,改稿レビュー待ち,"共通レビュー文: enterprising, desolate, shrub, brood"
2374,shrub,低木,"Replace ""shrub"" with a clearer phrase if needed.",必要なら「shrub」をより明確な表現に置き換える。,"Clarify ""enterprising"", ""desolate"", ""shrub"", and ""brood"" in the glossary.",用語集で「enterprising」、「desolate」、「shrub」、「brood」を明確にする。,改稿レビュー待ち,"共通レビュー文: enterprising, desolate, shrub, brood"
2376,brood,をくよくよ考える；ひな,"Replace ""brood"" with a clearer phrase if needed.",必要なら「brood」をより明確な表現に置き換える。,"Clarify ""enterprising"", ""desolate"", ""shrub"", and ""brood"" in the glossary.",用語集で「enterprising」、「desolate」、「shrub」、「brood」を明確にする。,改稿レビュー待ち,"共通レビュー文: enterprising, desolate, shrub, brood"
2378,lessen,を減らす；和らげる,"Replace ""lessen"" with a clearer phrase if needed.",必要なら「lessen」をより明確な表現に置き換える。,"Clarify ""lessen"", ""linger"", ""discard"", and ""latitude"" in the glossary.",用語集で「lessen」、「linger」、「discard」、「latitude」を明確にする。,改稿レビュー待ち,"共通レビュー文: lessen, linger, discard, latitude"
2379,linger,なかなか立ち去らない；長引く,"Replace ""linger"" with a clearer phrase if needed.",必要なら「linger」をより明確な表現に置き換える。,"Clarify ""lessen"", ""linger"", ""discard"", and ""latitude"" in the glossary.",用語集で「lessen」、「linger」、「discard」、「latitude」を明確にする。,改稿レビュー待ち,"共通レビュー文: lessen, linger, discard, latitude"
2380,discard,を捨てる；廃棄する,"Replace ""discard"" with a clearer phrase if needed.",必要なら「discard」をより明確な表現に置き換える。,"Clarify ""lessen"", ""linger"", ""discard"", and ""latitude"" in the glossary.",用語集で「lessen」、「linger」、「discard」、「latitude」を明確にする。,改稿レビュー待ち,"共通レビュー文: lessen, linger, discard, latitude"
2381,latitude,緯度；自由度,"Replace ""latitude"" with a clearer phrase if needed.",必要なら「latitude」をより明確な表現に置き換える。,"Clarify ""lessen"", ""linger"", ""discard"", and ""latitude"" in the glossary.",用語集で「lessen」、「linger」、「discard」、「latitude」を明確にする。,改稿レビュー待ち,"共通レビュー文: lessen, linger, discard, latitude"
2382,merchandise,商品；を取引する,"Replace ""merchandise"" with a clearer phrase if needed.",必要なら「merchandise」をより明確な表現に置き換える。,"Clarify ""merchandise"", ""ridicule"", ""compile"", and ""likeness"" in the glossary.",用語集で「merchandise」、「ridicule」、「compile」、「likeness」を明確にする。,改稿レビュー待ち,"共通レビュー文: merchandise, ridicule, compile, likeness"
2383,ridicule,を嘲笑する；嘲笑,"Replace ""ridicule"" with a clearer phrase if needed.",必要なら「ridicule」をより明確な表現に置き換える。,"Clarify ""merchandise"", ""ridicule"", ""compile"", and ""likeness"" in the glossary.",用語集で「merchandise」、「ridicule」、「compile」、「likeness」を明確にする。,改稿レビュー待ち,"共通レビュー文: merchandise, ridicule, compile, likeness"
2385,compile,を編集する；まとめる,"Replace ""compile"" with a clearer phrase if needed.",必要なら「compile」をより明確な表現に置き換える。,"Clarify ""merchandise"", ""ridicule"", ""compile"", and ""likeness"" in the glossary.",用語集で「merchandise」、「ridicule」、「compile」、「likeness」を明確にする。,改稿レビュー待ち,"共通レビュー文: merchandise, ridicule, compile, likeness"
2386,likeness,類似；似姿,Clarify the likeness before the next review.,次のレビュー前にlikenessを明確にする。,"Clarify ""merchandise"", ""ridicule"", ""compile"", and ""likeness"" in the glossary.",用語集で「merchandise」、「ridicule」、「compile」、「likeness」を明確にする。,改稿レビュー待ち,"共通レビュー文: merchandise, ridicule, compile, likeness"
2387,anti,反〜；に反対する,"Replace ""anti"" with a clearer phrase if needed.",必要なら「anti」をより明確な表現に置き換える。,"Clarify ""anti"", ""disdain"", ""dodge"", and ""traverse"" in the glossary.",用語集で「anti」、「disdain」、「dodge」、「traverse」を明確にする。,改稿レビュー待ち,"共通レビュー文: anti, disdain, dodge, traverse"
2388,disdain,軽蔑；を見下す,"Replace ""disdain"" with a clearer phrase if needed.",必要なら「disdain」をより明確な表現に置き換える。,"Clarify ""anti"", ""disdain"", ""dodge"", and ""traverse"" in the glossary.",用語集で「anti」、「disdain」、「dodge」、「traverse」を明確にする。,改稿レビュー待ち,"共通レビュー文: anti, disdain, dodge, traverse"
2389,dodge,をかわす；ごまかし,"Replace ""dodge"" with a clearer phrase if needed.",必要なら「dodge」をより明確な表現に置き換える。,"Clarify ""anti"", ""disdain"", ""dodge"", and ""traverse"" in the glossary.",用語集で「anti」、「disdain」、「dodge」、「traverse」を明確にする。,改稿レビュー待ち,"共通レビュー文: anti, disdain, dodge, traverse"
2390,traverse,を横断する；横断,"Replace ""traverse"" with a clearer phrase if needed.",必要なら「traverse」をより明確な表現に置き換える。,"Clarify ""anti"", ""disdain"", ""dodge"", and ""traverse"" in the glossary.",用語集で「anti」、「disdain」、「dodge」、「traverse」を明確にする。,改稿レビュー待ち,"共通レビュー文: anti, disdain, dodge, traverse"
2391,excel,優れている；卓越する,"Replace ""excel"" with a clearer phrase if needed.",必要なら「excel」をより明確な表現に置き換える。,"Clarify ""excel"", ""ripple"", ""regrettable"", and ""expire"" in the glossary.",用語集で「excel」、「ripple」、「regrettable」、「expire」を明確にする。,改稿レビュー待ち,"共通レビュー文: excel, ripple, regrettable, expire"
2392,ripple,さざ波；波紋,"Replace ""ripple"" with a clearer phrase if needed.",必要なら「ripple」をより明確な表現に置き換える。,"Clarify ""excel"", ""ripple"", ""regrettable"", and ""expire"" in the glossary.",用語集で「excel」、「ripple」、「regrettable」、「expire」を明確にする。,改稿レビュー待ち,"共通レビュー文: excel, ripple, regrettable, expire"
2394,regrettable,遺憾な；残念な,The regrettable option needs a clearer label.,regrettableの選択肢には、より明確なラベルが必要だ。,"Clarify ""excel"", ""ripple"", ""regrettable"", and ""expire"" in the glossary.",用語集で「excel」、「ripple」、「regrettable」、「expire」を明確にする。,改稿レビュー待ち,"共通レビュー文: excel, ripple, regrettable, expire"
2395,expire,期限が切れる；死ぬ,"Replace ""expire"" with a clearer phrase if needed.",必要なら「expire」をより明確な表現に置き換える。,"Clarify ""excel"", ""ripple"", ""regrettable"", and ""expire"" in the glossary.",用語集で「excel」、「ripple」、「regrettable」、「expire」を明確にする。,改稿レビュー待ち,"共通レビュー文: excel, ripple, regrettable, expire"
2396,glacier,氷河,"Replace ""glacier"" with a clearer phrase if needed.",必要なら「glacier」をより明確な表現に置き換える。,"Clarify ""glacier"", ""hive"", ""rotate"", and ""flip"" in the glossary.",用語集で「glacier」、「hive」、「rotate」、「flip」を明確にする。,改稿レビュー待ち,"共通レビュー文: glacier, hive, rotate, flip"
2397,hive,蜂の巣；に群がる,The hive option needs a clearer label.,hiveの選択肢には、より明確なラベルが必要だ。,"Clarify ""glacier"", ""hive"", ""rotate"", and ""flip"" in the glossary.",用語集で「glacier」、「hive」、「rotate」、「flip」を明確にする。,改稿レビュー待ち,"共通レビュー文: glacier, hive, rotate, flip"
2398,rotate,を回転させる；交代する,"Replace ""rotate"" with a clearer phrase if needed.",必要なら「rotate」をより明確な表現に置き換える。,"Clarify ""glacier"", ""hive"", ""rotate"", and ""flip"" in the glossary.",用語集で「glacier」、「hive」、「rotate」、「flip」を明確にする。,改稿レビュー待ち,"共通レビュー文: glacier, hive, rotate, flip"
2399,flip,ひっくり返す；軽く弾く,"Replace ""flip"" with a clearer phrase if needed.",必要なら「flip」をより明確な表現に置き換える。,"Clarify ""glacier"", ""hive"", ""rotate"", and ""flip"" in the glossary.",用語集で「glacier」、「hive」、「rotate」、「flip」を明確にする。,改稿レビュー待ち,"共通レビュー文: glacier, hive, rotate, flip"
2401,depict,を描写する,"Replace ""depict"" with a clearer phrase if needed.",必要なら「depict」をより明確な表現に置き換える。,"Clarify ""depict"", ""illiterate"", ""thaw"", and ""ancestr y"" in the glossary.",用語集で「depict」、「illiterate」、「thaw」、「ancestr y」を明確にする。,改稿レビュー待ち,"共通レビュー文: depict, illiterate, thaw, ancestr y"
2402,illiterate,文盲の；読み書きができない,"Replace ""illiterate"" with a clearer phrase if needed.",必要なら「illiterate」をより明確な表現に置き換える。,"Clarify ""depict"", ""illiterate"", ""thaw"", and ""ancestr y"" in the glossary.",用語集で「depict」、「illiterate」、「thaw」、「ancestr y」を明確にする。,改稿レビュー待ち,"共通レビュー文: depict, illiterate, thaw, ancestr y"
2403,thaw,解凍する；雪解け,"Replace ""thaw"" with a clearer phrase if needed.",必要なら「thaw」をより明確な表現に置き換える。,"Clarify ""depict"", ""illiterate"", ""thaw"", and ""ancestr y"" in the glossary.",用語集で「depict」、「illiterate」、「thaw」、「ancestr y」を明確にする。,改稿レビュー待ち,"共通レビュー文: depict, illiterate, thaw, ancestr y"
2404,ancestr y,祖先；家系,"Use ""ancestr y"" only if the phrase is familiar.",その表現がなじみのある場合だけ「ancestr y」を使う。,"Clarify ""depict"", ""illiterate"", ""thaw"", and ""ancestr y"" in the glossary.",用語集で「depict」、「illiterate」、「thaw」、「ancestr y」を明確にする。,改稿レビュー待ち,"共通レビュー文: depict, illiterate, thaw, ancestr y"
2405,intersection,交差点；交差,Clarify the intersection before the next review.,次のレビュー前にintersectionを明確にする。,"Clarify ""intersection"", ""recreate"", ""illuminate"", and ""precede"" in the glossary.",用語集で「intersection」、「recreate」、「illuminate」、「precede」を明確にする。,改稿レビュー待ち,"共通レビュー文: intersection, recreate, illuminate, precede"
2406,recreate,を再現する；娯楽を楽しむ,"Replace ""recreate"" with a clearer phrase if needed.",必要なら「recreate」をより明確な表現に置き換える。,"Clarify ""intersection"", ""recreate"", ""illuminate"", and ""precede"" in the glossary.",用語集で「intersection」、「recreate」、「illuminate」、「precede」を明確にする。,改稿レビュー待ち,"共通レビュー文: intersection, recreate, illuminate, precede"
2407,illuminate,を照らす；を解明する,"Replace ""illuminate"" with a clearer phrase if needed.",必要なら「illuminate」をより明確な表現に置き換える。,"Clarify ""intersection"", ""recreate"", ""illuminate"", and ""precede"" in the glossary.",用語集で「intersection」、「recreate」、「illuminate」、「precede」を明確にする。,改稿レビュー待ち,"共通レビュー文: intersection, recreate, illuminate, precede"
2408,precede,先行する,"Replace ""precede"" with a clearer phrase if needed.",必要なら「precede」をより明確な表現に置き換える。,"Clarify ""intersection"", ""recreate"", ""illuminate"", and ""precede"" in the glossary.",用語集で「intersection」、「recreate」、「illuminate」、「precede」を明確にする。,改稿レビュー待ち,"共通レビュー文: intersection, recreate, illuminate, precede"
2409,monotonous,単調な；退屈な,The monotonous option needs a clearer label.,monotonousの選択肢には、より明確なラベルが必要だ。,"Clarify ""monotonous"", ""blink"", ""aspire"", and ""discredit"" in the glossary.",用語集で「monotonous」、「blink」、「aspire」、「discredit」を明確にする。,改稿レビュー待ち,"共通レビュー文: monotonous, blink, aspire, discredit"
2410,blink,まばたきする；点滅する,"Replace ""blink"" with a clearer phrase if needed.",必要なら「blink」をより明確な表現に置き換える。,"Clarify ""monotonous"", ""blink"", ""aspire"", and ""discredit"" in the glossary.",用語集で「monotonous」、「blink」、「aspire」、「discredit」を明確にする。,改稿レビュー待ち,"共通レビュー文: monotonous, blink, aspire, discredit"
2411,aspire,熱望する；志す,"Replace ""aspire"" with a clearer phrase if needed.",必要なら「aspire」をより明確な表現に置き換える。,"Clarify ""monotonous"", ""blink"", ""aspire"", and ""discredit"" in the glossary.",用語集で「monotonous」、「blink」、「aspire」、「discredit」を明確にする。,改稿レビュー待ち,"共通レビュー文: monotonous, blink, aspire, discredit"
2413,discredit,の信用を傷つける,"Replace ""discredit"" with a clearer phrase if needed.",必要なら「discredit」をより明確な表現に置き換える。,"Clarify ""monotonous"", ""blink"", ""aspire"", and ""discredit"" in the glossary.",用語集で「monotonous」、「blink」、「aspire」、「discredit」を明確にする。,改稿レビュー待ち,"共通レビュー文: monotonous, blink, aspire, discredit"
2414,equator,赤道,"Replace ""equator"" with a clearer phrase if needed.",必要なら「equator」をより明確な表現に置き換える。,"Clarify ""equator"", ""edible"", ""playful"", and ""auditorium"" in the glossary.",用語集で「equator」、「edible」、「playful」、「auditorium」を明確にする。,改稿レビュー待ち,"共通レビュー文: equator, edible, playful, auditorium"
2415,edible,食べられる；食用の,The edible option needs a clearer label.,edibleの選択肢には、より明確なラベルが必要だ。,"Clarify ""equator"", ""edible"", ""playful"", and ""auditorium"" in the glossary.",用語集で「equator」、「edible」、「playful」、「auditorium」を明確にする。,改稿レビュー待ち,"共通レビュー文: equator, edible, playful, auditorium"
2416,playful,遊び好きな；ふざけた,The playful option needs a clearer label.,playfulの選択肢には、より明確なラベルが必要だ。,"Clarify ""equator"", ""edible"", ""playful"", and ""auditorium"" in the glossary.",用語集で「equator」、「edible」、「playful」、「auditorium」を明確にする。,改稿レビュー待ち,"共通レビュー文: equator, edible, playful, auditorium"
2417,auditorium,講堂；観客席,"Replace ""auditorium"" with a clearer phrase if needed.",必要なら「auditorium」をより明確な表現に置き換える。,"Clarify ""equator"", ""edible"", ""playful"", and ""auditorium"" in the glossary.",用語集で「equator」、「edible」、「playful」、「auditorium」を明確にする。,改稿レビュー待ち,"共通レビュー文: equator, edible, playful, auditorium"
2418,indiscriminate,無差別の；区別のない,"Replace ""indiscriminate"" with a clearer phrase if needed.",必要なら「indiscriminate」をより明確な表現に置き換える。,"Clarify ""indiscriminate"", ""wholesome"", ""relic"", and ""periodical"" in the glossary.",用語集で「indiscriminate」、「wholesome」、「relic」、「periodical」を明確にする。,改稿レビュー待ち,"共通レビュー文: indiscriminate, wholesome, relic, periodical"
2420,wholesome,健全な；体によい,"Replace ""wholesome"" with a clearer phrase if needed.",必要なら「wholesome」をより明確な表現に置き換える。,"Clarify ""indiscriminate"", ""wholesome"", ""relic"", and ""periodical"" in the glossary.",用語集で「indiscriminate」、「wholesome」、「relic」、「periodical」を明確にする。,改稿レビュー待ち,"共通レビュー文: indiscriminate, wholesome, relic, periodical"
2421,relic,遺物；遺跡,The relic option needs a clearer label.,relicの選択肢には、より明確なラベルが必要だ。,"Clarify ""indiscriminate"", ""wholesome"", ""relic"", and ""periodical"" in the glossary.",用語集で「indiscriminate」、「wholesome」、「relic」、「periodical」を明確にする。,改稿レビュー待ち,"共通レビュー文: indiscriminate, wholesome, relic, periodical"
2422,periodical,定期刊行物；定期的な,The periodical option needs a clearer label.,periodicalの選択肢には、より明確なラベルが必要だ。,"Clarify ""indiscriminate"", ""wholesome"", ""relic"", and ""periodical"" in the glossary.",用語集で「indiscriminate」、「wholesome」、「relic」、「periodical」を明確にする。,改稿レビュー待ち,"共通レビュー文: indiscriminate, wholesome, relic, periodical"
2423,emit,を放出する；を発する,"Replace ""emit"" with a clearer phrase if needed.",必要なら「emit」をより明確な表現に置き換える。,"Clarify ""emit"", ""disagreeable"", ""materi"", and ""interchangeable"" in the glossary.",用語集で「emit」、「disagreeable」、「materi」、「interchangeable」を明確にする。,改稿レビュー待ち,"共通レビュー文: emit, disagreeable, materi, interchangeable"
2424,disagreeable,不快な；意地悪な,The disagreeable option needs a clearer label.,disagreeableの選択肢には、より明確なラベルが必要だ。,"Clarify ""emit"", ""disagreeable"", ""materi"", and ""interchangeable"" in the glossary.",用語集で「emit」、「disagreeable」、「materi」、「interchangeable」を明確にする。,改稿レビュー待ち,"共通レビュー文: emit, disagreeable, materi, interchangeable"
2425,materi,材料；物質,"Replace ""materi"" with a clearer phrase if needed.",必要なら「materi」をより明確な表現に置き換える。,"Clarify ""emit"", ""disagreeable"", ""materi"", and ""interchangeable"" in the glossary.",用語集で「emit」、「disagreeable」、「materi」、「interchangeable」を明確にする。,改稿レビュー待ち,"共通レビュー文: emit, disagreeable, materi, interchangeable"
2426,interchangeable,交換可能な,The interchangeable option needs a clearer label.,interchangeableの選択肢には、より明確なラベルが必要だ。,"Clarify ""emit"", ""disagreeable"", ""materi"", and ""interchangeable"" in the glossary.",用語集で「emit」、「disagreeable」、「materi」、「interchangeable」を明確にする。,改稿レビュー待ち,"共通レビュー文: emit, disagreeable, materi, interchangeable"
2427,marketable,市場性のある；売れる,The marketable option needs a clearer label.,marketableの選択肢には、より明確なラベルが必要だ。,"Clarify ""marketable"", ""endanger"", ""stabilise"", and ""displace"" in the glossary.",用語集で「marketable」、「endanger」、「stabilise」、「displace」を明確にする。,改稿レビュー待ち,"共通レビュー文: marketable, endanger, stabilise, displace"
2428,endanger,を危険にさらす,"Replace ""endanger"" with a clearer phrase if needed.",必要なら「endanger」をより明確な表現に置き換える。,"Clarify ""marketable"", ""endanger"", ""stabilise"", and ""displace"" in the glossary.",用語集で「marketable」、「endanger」、「stabilise」、「displace」を明確にする。,改稿レビュー待ち,"共通レビュー文: marketable, endanger, stabilise, displace"
2429,stabilise,を安定させる,"Replace ""stabilise"" with a clearer phrase if needed.",必要なら「stabilise」をより明確な表現に置き換える。,"Clarify ""marketable"", ""endanger"", ""stabilise"", and ""displace"" in the glossary.",用語集で「marketable」、「endanger」、「stabilise」、「displace」を明確にする。,改稿レビュー待ち,"共通レビュー文: marketable, endanger, stabilise, displace"
2430,displace,を追い払う；移動させる,"Replace ""displace"" with a clearer phrase if needed.",必要なら「displace」をより明確な表現に置き換える。,"Clarify ""marketable"", ""endanger"", ""stabilise"", and ""displace"" in the glossary.",用語集で「marketable」、「endanger」、「stabilise」、「displace」を明確にする。,改稿レビュー待ち,"共通レビュー文: marketable, endanger, stabilise, displace"
2431,rouse,を目覚めさせる；奮い立たせる,"Replace ""rouse"" with a clearer phrase if needed.",必要なら「rouse」をより明確な表現に置き換える。,"Clarify ""rouse"", ""toil"", ""unconcerned"", and ""nurture"" in the glossary.",用語集で「rouse」、「toil」、「unconcerned」、「nurture」を明確にする。,改稿レビュー待ち,"共通レビュー文: rouse, toil, unconcerned, nurture"
2432,toil,労苦；骨折って働く,"Replace ""toil"" with a clearer phrase if needed.",必要なら「toil」をより明確な表現に置き換える。,"Clarify ""rouse"", ""toil"", ""unconcerned"", and ""nurture"" in the glossary.",用語集で「rouse」、「toil」、「unconcerned」、「nurture」を明確にする。,改稿レビュー待ち,"共通レビュー文: rouse, toil, unconcerned, nurture"
2434,unconcerned,無関心な；心配していない,"Replace ""unconcerned"" with a clearer phrase if needed.",必要なら「unconcerned」をより明確な表現に置き換える。,"Clarify ""rouse"", ""toil"", ""unconcerned"", and ""nurture"" in the glossary.",用語集で「rouse」、「toil」、「unconcerned」、「nurture」を明確にする。,改稿レビュー待ち,"共通レビュー文: rouse, toil, unconcerned, nurture"
2435,nurture,を育てる；養育,"Replace ""nurture"" with a clearer phrase if needed.",必要なら「nurture」をより明確な表現に置き換える。,"Clarify ""rouse"", ""toil"", ""unconcerned"", and ""nurture"" in the glossary.",用語集で「rouse」、「toil」、「unconcerned」、「nurture」を明確にする。,改稿レビュー待ち,"共通レビュー文: rouse, toil, unconcerned, nurture"
2436,glaze,をうわぐすりで塗る；光沢,"Replace ""glaze"" with a clearer phrase if needed.",必要なら「glaze」をより明確な表現に置き換える。,"Clarify ""glaze"", ""contagious"", ""enrich"", and ""hindrance"" in the glossary.",用語集で「glaze」、「contagious」、「enrich」、「hindrance」を明確にする。,改稿レビュー待ち,"共通レビュー文: glaze, contagious, enrich, hindrance"
2437,contagious,伝染性の,The contagious option needs a clearer label.,contagiousの選択肢には、より明確なラベルが必要だ。,"Clarify ""glaze"", ""contagious"", ""enrich"", and ""hindrance"" in the glossary.",用語集で「glaze」、「contagious」、「enrich」、「hindrance」を明確にする。,改稿レビュー待ち,"共通レビュー文: glaze, contagious, enrich, hindrance"
2438,enrich,を豊かにする,"Replace ""enrich"" with a clearer phrase if needed.",必要なら「enrich」をより明確な表現に置き換える。,"Clarify ""glaze"", ""contagious"", ""enrich"", and ""hindrance"" in the glossary.",用語集で「glaze」、「contagious」、「enrich」、「hindrance」を明確にする。,改稿レビュー待ち,"共通レビュー文: glaze, contagious, enrich, hindrance"
2439,hindrance,妨げ；障害,Clarify the hindrance before the next review.,次のレビュー前にhindranceを明確にする。,"Clarify ""glaze"", ""contagious"", ""enrich"", and ""hindrance"" in the glossary.",用語集で「glaze」、「contagious」、「enrich」、「hindrance」を明確にする。,改稿レビュー待ち,"共通レビュー文: glaze, contagious, enrich, hindrance"
2440,twig,小枝,"Replace ""twig"" with a clearer phrase if needed.",必要なら「twig」をより明確な表現に置き換える。,"Clarify ""twig"", ""cripple"", ""halve"", and ""intrude"" in the glossary.",用語集で「twig」、「cripple」、「halve」、「intrude」を明確にする。,改稿レビュー待ち,"共通レビュー文: twig, cripple, halve, intrude"
2441,cripple,を不自由にする；身体障害者,"Replace ""cripple"" with a clearer phrase if needed.",必要なら「cripple」をより明確な表現に置き換える。,"Clarify ""twig"", ""cripple"", ""halve"", and ""intrude"" in the glossary.",用語集で「twig」、「cripple」、「halve」、「intrude」を明確にする。,改稿レビュー待ち,"共通レビュー文: twig, cripple, halve, intrude"
2442,halve,を半分にする,"Replace ""halve"" with a clearer phrase if needed.",必要なら「halve」をより明確な表現に置き換える。,"Clarify ""twig"", ""cripple"", ""halve"", and ""intrude"" in the glossary.",用語集で「twig」、「cripple」、「halve」、「intrude」を明確にする。,改稿レビュー待ち,"共通レビュー文: twig, cripple, halve, intrude"
2443,intrude,侵入する；邪魔する,"Replace ""intrude"" with a clearer phrase if needed.",必要なら「intrude」をより明確な表現に置き換える。,"Clarify ""twig"", ""cripple"", ""halve"", and ""intrude"" in the glossary.",用語集で「twig」、「cripple」、「halve」、「intrude」を明確にする。,改稿レビュー待ち,"共通レビュー文: twig, cripple, halve, intrude"
2444,batter,を激しく叩く；打者,"Replace ""batter"" with a clearer phrase if needed.",必要なら「batter」をより明確な表現に置き換える。,"Clarify ""batter"", ""generalisation"", ""tickle"", and ""shellfish"" in the glossary.",用語集で「batter」、「generalisation」、「tickle」、「shellfish」を明確にする。,改稿レビュー待ち,"共通レビュー文: batter, generalisation, tickle, shellfish"
2445,generalisation,一般化；概括,Clarify the generalisation before the next review.,次のレビュー前にgeneralisationを明確にする。,"Clarify ""batter"", ""generalisation"", ""tickle"", and ""shellfish"" in the glossary.",用語集で「batter」、「generalisation」、「tickle」、「shellfish」を明確にする。,改稿レビュー待ち,"共通レビュー文: batter, generalisation, tickle, shellfish"
2446,tickle,をくすぐる；喜ばせる,"Replace ""tickle"" with a clearer phrase if needed.",必要なら「tickle」をより明確な表現に置き換える。,"Clarify ""batter"", ""generalisation"", ""tickle"", and ""shellfish"" in the glossary.",用語集で「batter」、「generalisation」、「tickle」、「shellfish」を明確にする。,改稿レビュー待ち,"共通レビュー文: batter, generalisation, tickle, shellfish"
2448,shellfish,甲殻類；貝類,"Replace ""shellfish"" with a clearer phrase if needed.",必要なら「shellfish」をより明確な表現に置き換える。,"Clarify ""batter"", ""generalisation"", ""tickle"", and ""shellfish"" in the glossary.",用語集で「batter」、「generalisation」、「tickle」、「shellfish」を明確にする。,改稿レビュー待ち,"共通レビュー文: batter, generalisation, tickle, shellfish"
2449,cram,詰め込む；猛勉強する,"Replace ""cram"" with a clearer phrase if needed.",必要なら「cram」をより明確な表現に置き換える。,"Clarify ""cram"", ""slant"", ""perseverance"", and ""ranch"" in the glossary.",用語集で「cram」、「slant」、「perseverance」、「ranch」を明確にする。,改稿レビュー待ち,"共通レビュー文: cram, slant, perseverance, ranch"
2450,slant,傾く；偏向,"Replace ""slant"" with a clearer phrase if needed.",必要なら「slant」をより明確な表現に置き換える。,"Clarify ""cram"", ""slant"", ""perseverance"", and ""ranch"" in the glossary.",用語集で「cram」、「slant」、「perseverance」、「ranch」を明確にする。,改稿レビュー待ち,"共通レビュー文: cram, slant, perseverance, ranch"
2451,perseverance,忍耐；粘り強さ,Clarify the perseverance before the next review.,次のレビュー前にperseveranceを明確にする。,"Clarify ""cram"", ""slant"", ""perseverance"", and ""ranch"" in the glossary.",用語集で「cram」、「slant」、「perseverance」、「ranch」を明確にする。,改稿レビュー待ち,"共通レビュー文: cram, slant, perseverance, ranch"
2452,ranch,牧場,"Replace ""ranch"" with a clearer phrase if needed.",必要なら「ranch」をより明確な表現に置き換える。,"Clarify ""cram"", ""slant"", ""perseverance"", and ""ranch"" in the glossary.",用語集で「cram」、「slant」、「perseverance」、「ranch」を明確にする。,改稿レビュー待ち,"共通レビュー文: cram, slant, perseverance, ranch"
2453,repel,を撃退する；を嫌悪させる,"Replace ""repel"" with a clearer phrase if needed.",必要なら「repel」をより明確な表現に置き換える。,"Clarify ""repel"", ""navigate"", ""enrol"", and ""certify"" in the glossary.",用語集で「repel」、「navigate」、「enrol」、「certify」を明確にする。,改稿レビュー待ち,"共通レビュー文: repel, navigate, enrol, certify"
2455,navigate,航行する；進む,"Replace ""navigate"" with a clearer phrase if needed.",必要なら「navigate」をより明確な表現に置き換える。,"Clarify ""repel"", ""navigate"", ""enrol"", and ""certify"" in the glossary.",用語集で「repel」、「navigate」、「enrol」、「certify」を明確にする。,改稿レビュー待ち,"共通レビュー文: repel, navigate, enrol, certify"
2456,enrol,を登録する；入学する,"Replace ""enrol"" with a clearer phrase if needed.",必要なら「enrol」をより明確な表現に置き換える。,"Clarify ""repel"", ""navigate"", ""enrol"", and ""certify"" in the glossary.",用語集で「repel」、「navigate」、「enrol」、「certify」を明確にする。,改稿レビュー待ち,"共通レビュー文: repel, navigate, enrol, certify"
2457,certify,を証明する；を保証する,"Replace ""certify"" with a clearer phrase if needed.",必要なら「certify」をより明確な表現に置き換える。,"Clarify ""repel"", ""navigate"", ""enrol"", and ""certify"" in the glossary.",用語集で「repel」、「navigate」、「enrol」、「certify」を明確にする。,改稿レビュー待ち,"共通レビュー文: repel, navigate, enrol, certify"
2458,instinctual,本能的な,The instinctual option needs a clearer label.,instinctualの選択肢には、より明確なラベルが必要だ。,"Clarify ""instinctual"", ""reptile"", ""unbiased"", and ""allege"" in the glossary.",用語集で「instinctual」、「reptile」、「unbiased」、「allege」を明確にする。,改稿レビュー待ち,"共通レビュー文: instinctual, reptile, unbiased, allege"
2459,reptile,爬虫類,"Replace ""reptile"" with a clearer phrase if needed.",必要なら「reptile」をより明確な表現に置き換える。,"Clarify ""instinctual"", ""reptile"", ""unbiased"", and ""allege"" in the glossary.",用語集で「instinctual」、「reptile」、「unbiased」、「allege」を明確にする。,改稿レビュー待ち,"共通レビュー文: instinctual, reptile, unbiased, allege"
2460,unbiased,公平な；偏りのない,"Replace ""unbiased"" with a clearer phrase if needed.",必要なら「unbiased」をより明確な表現に置き換える。,"Clarify ""instinctual"", ""reptile"", ""unbiased"", and ""allege"" in the glossary.",用語集で「instinctual」、「reptile」、「unbiased」、「allege」を明確にする。,改稿レビュー待ち,"共通レビュー文: instinctual, reptile, unbiased, allege"
2462,allege,主張する；断言する,"Replace ""allege"" with a clearer phrase if needed.",必要なら「allege」をより明確な表現に置き換える。,"Clarify ""instinctual"", ""reptile"", ""unbiased"", and ""allege"" in the glossary.",用語集で「instinctual」、「reptile」、「unbiased」、「allege」を明確にする。,改稿レビュー待ち,"共通レビュー文: instinctual, reptile, unbiased, allege"
2463,dazzle,を眩惑する；目を見張らせる,"Replace ""dazzle"" with a clearer phrase if needed.",必要なら「dazzle」をより明確な表現に置き換える。,"Clarify ""dazzle"", ""deem"", ""heighten"", and ""pave"" in the glossary.",用語集で「dazzle」、「deem」、「heighten」、「pave」を明確にする。,改稿レビュー待ち,"共通レビュー文: dazzle, deem, heighten, pave"
2464,deem,とみなす；考える,"Replace ""deem"" with a clearer phrase if needed.",必要なら「deem」をより明確な表現に置き換える。,"Clarify ""dazzle"", ""deem"", ""heighten"", and ""pave"" in the glossary.",用語集で「dazzle」、「deem」、「heighten」、「pave」を明確にする。,改稿レビュー待ち,"共通レビュー文: dazzle, deem, heighten, pave"
2465,heighten,を高める；増大させる,"Replace ""heighten"" with a clearer phrase if needed.",必要なら「heighten」をより明確な表現に置き換える。,"Clarify ""dazzle"", ""deem"", ""heighten"", and ""pave"" in the glossary.",用語集で「dazzle」、「deem」、「heighten」、「pave」を明確にする。,改稿レビュー待ち,"共通レビュー文: dazzle, deem, heighten, pave"
2466,pave,を舗装する；準備する,"Replace ""pave"" with a clearer phrase if needed.",必要なら「pave」をより明確な表現に置き換える。,"Clarify ""dazzle"", ""deem"", ""heighten"", and ""pave"" in the glossary.",用語集で「dazzle」、「deem」、「heighten」、「pave」を明確にする。,改稿レビュー待ち,"共通レビュー文: dazzle, deem, heighten, pave"
2467,compute,を計算する,"Replace ""compute"" with a clearer phrase if needed.",必要なら「compute」をより明確な表現に置き換える。,"Clarify ""compute"", ""ascribe"", ""pollute"", and ""beverage"" in the glossary.",用語集で「compute」、「ascribe」、「pollute」、「beverage」を明確にする。,改稿レビュー待ち,"共通レビュー文: compute, ascribe, pollute, beverage"
2469,ascribe,〜に帰する；〜のせいにする,"Replace ""ascribe"" with a clearer phrase if needed.",必要なら「ascribe」をより明確な表現に置き換える。,"Clarify ""compute"", ""ascribe"", ""pollute"", and ""beverage"" in the glossary.",用語集で「compute」、「ascribe」、「pollute」、「beverage」を明確にする。,改稿レビュー待ち,"共通レビュー文: compute, ascribe, pollute, beverage"
2470,pollute,を汚染する,"Replace ""pollute"" with a clearer phrase if needed.",必要なら「pollute」をより明確な表現に置き換える。,"Clarify ""compute"", ""ascribe"", ""pollute"", and ""beverage"" in the glossary.",用語集で「compute」、「ascribe」、「pollute」、「beverage」を明確にする。,改稿レビュー待ち,"共通レビュー文: compute, ascribe, pollute, beverage"
2471,beverage,飲料；飲み物,"Replace ""beverage"" with a clearer phrase if needed.",必要なら「beverage」をより明確な表現に置き換える。,"Clarify ""compute"", ""ascribe"", ""pollute"", and ""beverage"" in the glossary.",用語集で「compute」、「ascribe」、「pollute」、「beverage」を明確にする。,改稿レビュー待ち,"共通レビュー文: compute, ascribe, pollute, beverage"
2472,escalate,を拡大させる；エスカレートする,"Replace ""escalate"" with a clearer phrase if needed.",必要なら「escalate」をより明確な表現に置き換える。,"Clarify ""escalate"", ""elevate"", ""compress"", and ""jingle"" in the glossary.",用語集で「escalate」、「elevate」、「compress」、「jingle」を明確にする。,改稿レビュー待ち,"共通レビュー文: escalate, elevate, compress, jingle"
2473,elevate,を高める；昇進させる,"Replace ""elevate"" with a clearer phrase if needed.",必要なら「elevate」をより明確な表現に置き換える。,"Clarify ""escalate"", ""elevate"", ""compress"", and ""jingle"" in the glossary.",用語集で「escalate」、「elevate」、「compress」、「jingle」を明確にする。,改稿レビュー待ち,"共通レビュー文: escalate, elevate, compress, jingle"
2474,compress,を圧縮する,"Replace ""compress"" with a clearer phrase if needed.",必要なら「compress」をより明確な表現に置き換える。,"Clarify ""escalate"", ""elevate"", ""compress"", and ""jingle"" in the glossary.",用語集で「escalate」、「elevate」、「compress」、「jingle」を明確にする。,改稿レビュー待ち,"共通レビュー文: escalate, elevate, compress, jingle"
2476,jingle,チリンチリン鳴る；宣伝ソング,"Replace ""jingle"" with a clearer phrase if needed.",必要なら「jingle」をより明確な表現に置き換える。,"Clarify ""escalate"", ""elevate"", ""compress"", and ""jingle"" in the glossary.",用語集で「escalate」、「elevate」、「compress」、「jingle」を明確にする。,改稿レビュー待ち,"共通レビュー文: escalate, elevate, compress, jingle"
2477,propel,を推進する；駆り立てる,"Replace ""propel"" with a clearer phrase if needed.",必要なら「propel」をより明確な表現に置き換える。,"Clarify ""propel"", ""hurl"", ""bestow"", and ""wag"" in the glossary.",用語集で「propel」、「hurl」、「bestow」、「wag」を明確にする。,改稿レビュー待ち,"共通レビュー文: propel, hurl, bestow, wag"
2478,hurl,を投げつける,"Replace ""hurl"" with a clearer phrase if needed.",必要なら「hurl」をより明確な表現に置き換える。,"Clarify ""propel"", ""hurl"", ""bestow"", and ""wag"" in the glossary.",用語集で「propel」、「hurl」、「bestow」、「wag」を明確にする。,改稿レビュー待ち,"共通レビュー文: propel, hurl, bestow, wag"
2479,bestow,を与える；贈る,"Replace ""bestow"" with a clearer phrase if needed.",必要なら「bestow」をより明確な表現に置き換える。,"Clarify ""propel"", ""hurl"", ""bestow"", and ""wag"" in the glossary.",用語集で「propel」、「hurl」、「bestow」、「wag」を明確にする。,改稿レビュー待ち,"共通レビュー文: propel, hurl, bestow, wag"
2480,wag,振る；ふりふりする,"Replace ""wag"" with a clearer phrase if needed.",必要なら「wag」をより明確な表現に置き換える。,"Clarify ""propel"", ""hurl"", ""bestow"", and ""wag"" in the glossary.",用語集で「propel」、「hurl」、「bestow」、「wag」を明確にする。,改稿レビュー待ち,"共通レビュー文: propel, hurl, bestow, wag"
2481,existent,存在する,"Replace ""existent"" with a clearer phrase if needed.",必要なら「existent」をより明確な表現に置き換える。,"Clarify ""existent"", ""adorn"", ""nourish"", and ""commute"" in the glossary.",用語集で「existent」、「adorn」、「nourish」、「commute」を明確にする。,改稿レビュー待ち,"共通レビュー文: existent, adorn, nourish, commute"
2483,adorn,を飾る；装飾する,"Replace ""adorn"" with a clearer phrase if needed.",必要なら「adorn」をより明確な表現に置き換える。,"Clarify ""existent"", ""adorn"", ""nourish"", and ""commute"" in the glossary.",用語集で「existent」、「adorn」、「nourish」、「commute」を明確にする。,改稿レビュー待ち,"共通レビュー文: existent, adorn, nourish, commute"
2484,nourish,を養う；育てる,"Replace ""nourish"" with a clearer phrase if needed.",必要なら「nourish」をより明確な表現に置き換える。,"Clarify ""existent"", ""adorn"", ""nourish"", and ""commute"" in the glossary.",用語集で「existent」、「adorn」、「nourish」、「commute」を明確にする。,改稿レビュー待ち,"共通レビュー文: existent, adorn, nourish, commute"
2485,commute,通勤する,"Replace ""commute"" with a clearer phrase if needed.",必要なら「commute」をより明確な表現に置き換える。,"Clarify ""existent"", ""adorn"", ""nourish"", and ""commute"" in the glossary.",用語集で「existent」、「adorn」、「nourish」、「commute」を明確にする。,改稿レビュー待ち,"共通レビュー文: existent, adorn, nourish, commute"
2486,expend,を費やす；支出する,"Replace ""expend"" with a clearer phrase if needed.",必要なら「expend」をより明確な表現に置き換える。,"Clarify ""expend"", ""harmonise"", ""wring"", and ""surpass"" in the glossary.",用語集で「expend」、「harmonise」、「wring」、「surpass」を明確にする。,改稿レビュー待ち,"共通レビュー文: expend, harmonise, wring, surpass"
2487,harmonise,を調和させる,"Replace ""harmonise"" with a clearer phrase if needed.",必要なら「harmonise」をより明確な表現に置き換える。,"Clarify ""expend"", ""harmonise"", ""wring"", and ""surpass"" in the glossary.",用語集で「expend」、「harmonise」、「wring」、「surpass」を明確にする。,改稿レビュー待ち,"共通レビュー文: expend, harmonise, wring, surpass"
2488,wring,を絞る；ねじる,"Replace ""wring"" with a clearer phrase if needed.",必要なら「wring」をより明確な表現に置き換える。,"Clarify ""expend"", ""harmonise"", ""wring"", and ""surpass"" in the glossary.",用語集で「expend」、「harmonise」、「wring」、「surpass」を明確にする。,改稿レビュー待ち,"共通レビュー文: expend, harmonise, wring, surpass"
2490,surpass,を上回る；超える,"Replace ""surpass"" with a clearer phrase if needed.",必要なら「surpass」をより明確な表現に置き換える。,"Clarify ""expend"", ""harmonise"", ""wring"", and ""surpass"" in the glossary.",用語集で「expend」、「harmonise」、「wring」、「surpass」を明確にする。,改稿レビュー待ち,"共通レビュー文: expend, harmonise, wring, surpass"
2491,thunderstorm,雷雨,"Replace ""thunderstorm"" with a clearer phrase if needed.",必要なら「thunderstorm」をより明確な表現に置き換える。,"Clarify ""thunderstorm"", ""standardise"", ""stammer"", and ""contaminate"" in the glossary.",用語集で「thunderstorm」、「standardise」、「stammer」、「contaminate」を明確にする。,改稿レビュー待ち,"共通レビュー文: thunderstorm, standardise, stammer, contaminate"
2492,standardise,を標準化する,"Replace ""standardise"" with a clearer phrase if needed.",必要なら「standardise」をより明確な表現に置き換える。,"Clarify ""thunderstorm"", ""standardise"", ""stammer"", and ""contaminate"" in the glossary.",用語集で「thunderstorm」、「standardise」、「stammer」、「contaminate」を明確にする。,改稿レビュー待ち,"共通レビュー文: thunderstorm, standardise, stammer, contaminate"
2493,stammer,どもる；口ごもる,"Replace ""stammer"" with a clearer phrase if needed.",必要なら「stammer」をより明確な表現に置き換える。,"Clarify ""thunderstorm"", ""standardise"", ""stammer"", and ""contaminate"" in the glossary.",用語集で「thunderstorm」、「standardise」、「stammer」、「contaminate」を明確にする。,改稿レビュー待ち,"共通レビュー文: thunderstorm, standardise, stammer, contaminate"
2494,contaminate,を汚染する,"Replace ""contaminate"" with a clearer phrase if needed.",必要なら「contaminate」をより明確な表現に置き換える。,"Clarify ""thunderstorm"", ""standardise"", ""stammer"", and ""contaminate"" in the glossary.",用語集で「thunderstorm」、「standardise」、「stammer」、「contaminate」を明確にする。,改稿レビュー待ち,"共通レビュー文: thunderstorm, standardise, stammer, contaminate"
2495,immerse,を浸す；没頭させる,"Replace ""immerse"" with a clearer phrase if needed.",必要なら「immerse」をより明確な表現に置き換える。,"Clarify ""immerse"", ""settler"", ""gush"", and ""situate"" in the glossary.",用語集で「immerse」、「settler」、「gush」、「situate」を明確にする。,改稿レビュー待ち,"共通レビュー文: immerse, settler, gush, situate"
2496,settler,入植者；移住者,"Replace ""settler"" with a clearer phrase if needed.",必要なら「settler」をより明確な表現に置き換える。,"Clarify ""immerse"", ""settler"", ""gush"", and ""situate"" in the glossary.",用語集で「immerse」、「settler」、「gush」、「situate」を明確にする。,改稿レビュー待ち,"共通レビュー文: immerse, settler, gush, situate"
2497,gush,勢いよく流れる；感激する,"Replace ""gush"" with a clearer phrase if needed.",必要なら「gush」をより明確な表現に置き換える。,"Clarify ""immerse"", ""settler"", ""gush"", and ""situate"" in the glossary.",用語集で「immerse」、「settler」、「gush」、「situate」を明確にする。,改稿レビュー待ち,"共通レビュー文: immerse, settler, gush, situate"
2498,situate,を位置させる,"Replace ""situate"" with a clearer phrase if needed.",必要なら「situate」をより明確な表現に置き換える。,"Clarify ""immerse"", ""settler"", ""gush"", and ""situate"" in the glossary.",用語集で「immerse」、「settler」、「gush」、「situate」を明確にする。,改稿レビュー待ち,"共通レビュー文: immerse, settler, gush, situate"
2499,accordance,一致；準拠,Clarify the accordance before the next review.,次のレビュー前にaccordanceを明確にする。,"Clarify ""accordance"", ""magnify"", ""thereby"", and ""hide"" in the glossary.",用語集で「accordance」、「magnify」、「thereby」、「hide」を明確にする。,改稿レビュー待ち,"共通レビュー文: accordance, magnify, thereby, hide"
2500,magnify,を拡大する；を誇張する,"Replace ""magnify"" with a clearer phrase if needed.",必要なら「magnify」をより明確な表現に置き換える。,"Clarify ""accordance"", ""magnify"", ""thereby"", and ""hide"" in the glossary.",用語集で「accordance」、「magnify」、「thereby」、「hide」を明確にする。,改稿レビュー待ち,"共通レビュー文: accordance, magnify, thereby, hide"
2501,thereby,それによって；その結果,"Replace ""thereby"" with a clearer phrase if needed.",必要なら「thereby」をより明確な表現に置き換える。,"Clarify ""accordance"", ""magnify"", ""thereby"", and ""hide"" in the glossary.",用語集で「accordance」、「magnify」、「thereby」、「hide」を明確にする。,改稿レビュー待ち,"共通レビュー文: accordance, magnify, thereby, hide"
2502,hide,を隠す；皮革,"Replace ""hide"" with a clearer phrase if needed.",必要なら「hide」をより明確な表現に置き換える。,"Clarify ""accordance"", ""magnify"", ""thereby"", and ""hide"" in the glossary.",用語集で「accordance」、「magnify」、「thereby」、「hide」を明確にする。,改稿レビュー待ち,"共通レビュー文: accordance, magnify, thereby, hide"
2503,chronic,慢性的な；長期の,The chronic option needs a clearer label.,chronicの選択肢には、より明確なラベルが必要だ。,"Clarify ""chronic"", ""spectrum"", ""referendum"", and ""carbon dioxide"" in the glossary.",用語集で「chronic」、「spectrum」、「referendum」、「carbon dioxide」を明確にする。,改稿レビュー待ち,"共通レビュー文: chronic, spectrum, referendum, carbon dioxide"
2504,spectrum,スペクトル；範囲,"Replace ""spectrum"" with a clearer phrase if needed.",必要なら「spectrum」をより明確な表現に置き換える。,"Clarify ""chronic"", ""spectrum"", ""referendum"", and ""carbon dioxide"" in the glossary.",用語集で「chronic」、「spectrum」、「referendum」、「carbon dioxide」を明確にする。,改稿レビュー待ち,"共通レビュー文: chronic, spectrum, referendum, carbon dioxide"
2506,referendum,国民投票,"Replace ""referendum"" with a clearer phrase if needed.",必要なら「referendum」をより明確な表現に置き換える。,"Clarify ""chronic"", ""spectrum"", ""referendum"", and ""carbon dioxide"" in the glossary.",用語集で「chronic」、「spectrum」、「referendum」、「carbon dioxide」を明確にする。,改稿レビュー待ち,"共通レビュー文: chronic, spectrum, referendum, carbon dioxide"
2507,carbon dioxide,二酸化炭素,"Use ""carbon dioxide"" only if the phrase is familiar.",その表現がなじみのある場合だけ「carbon dioxide」を使う。,"Clarify ""chronic"", ""spectrum"", ""referendum"", and ""carbon dioxide"" in the glossary.",用語集で「chronic」、「spectrum」、「referendum」、「carbon dioxide」を明確にする。,改稿レビュー待ち,"共通レビュー文: chronic, spectrum, referendum, carbon dioxide"
2508,life expectancy,平均寿命；余命,"Use ""life expectancy"" only if the phrase is familiar.",その表現がなじみのある場合だけ「life expectancy」を使う。,"Clarify ""life expectancy"", ""minimal"", ""eligible"", and ""specification"" in the glossary.",用語集で「life expectancy」、「minimal」、「eligible」、「specification」を明確にする。,改稿レビュー待ち,"共通レビュー文: life expectancy, minimal, eligible, specification"
2509,minimal,最小限の,The minimal option needs a clearer label.,minimalの選択肢には、より明確なラベルが必要だ。,"Clarify ""life expectancy"", ""minimal"", ""eligible"", and ""specification"" in the glossary.",用語集で「life expectancy」、「minimal」、「eligible」、「specification」を明確にする。,改稿レビュー待ち,"共通レビュー文: life expectancy, minimal, eligible, specification"
2510,eligible,資格がある；適した,The eligible option needs a clearer label.,eligibleの選択肢には、より明確なラベルが必要だ。,"Clarify ""life expectancy"", ""minimal"", ""eligible"", and ""specification"" in the glossary.",用語集で「life expectancy」、「minimal」、「eligible」、「specification」を明確にする。,改稿レビュー待ち,"共通レビュー文: life expectancy, minimal, eligible, specification"
2511,specification,仕様；明細書,Clarify the specification before the next review.,次のレビュー前にspecificationを明確にする。,"Clarify ""life expectancy"", ""minimal"", ""eligible"", and ""specification"" in the glossary.",用語集で「life expectancy」、「minimal」、「eligible」、「specification」を明確にする。,改稿レビュー待ち,"共通レビュー文: life expectancy, minimal, eligible, specification"
2512,compliance,遵守；服従,Clarify the compliance before the next review.,次のレビュー前にcomplianceを明確にする。,"Clarify ""compliance"", ""pronounced"", ""predominantly"", and ""inappropriate"" in the glossary.",用語集で「compliance」、「pronounced」、「predominantly」、「inappropriate」を明確にする。,改稿レビュー待ち,"共通レビュー文: compliance, pronounced, predominantly, inappropriate"
2513,pronounced,著しい；明確な,"Replace ""pronounced"" with a clearer phrase if needed.",必要なら「pronounced」をより明確な表現に置き換える。,"Clarify ""compliance"", ""pronounced"", ""predominantly"", and ""inappropriate"" in the glossary.",用語集で「compliance」、「pronounced」、「predominantly」、「inappropriate」を明確にする。,改稿レビュー待ち,"共通レビュー文: compliance, pronounced, predominantly, inappropriate"
2514,predominantly,主に；大部分が,"Use ""predominantly"" carefully in helper text.",ヘルプ文では「predominantly」を慎重に使う。,"Clarify ""compliance"", ""pronounced"", ""predominantly"", and ""inappropriate"" in the glossary.",用語集で「compliance」、「pronounced」、「predominantly」、「inappropriate」を明確にする。,改稿レビュー待ち,"共通レビュー文: compliance, pronounced, predominantly, inappropriate"
2515,inappropriate,不適切な,"Replace ""inappropriate"" with a clearer phrase if needed.",必要なら「inappropriate」をより明確な表現に置き換える。,"Clarify ""compliance"", ""pronounced"", ""predominantly"", and ""inappropriate"" in the glossary.",用語集で「compliance」、「pronounced」、「predominantly」、「inappropriate」を明確にする。,改稿レビュー待ち,"共通レビュー文: compliance, pronounced, predominantly, inappropriate"
2516,syndrome,症候群,"Replace ""syndrome"" with a clearer phrase if needed.",必要なら「syndrome」をより明確な表現に置き換える。,"Clarify ""syndrome"", ""cognitive"", ""venue"", and ""willingness"" in the glossary.",用語集で「syndrome」、「cognitive」、「venue」、「willingness」を明確にする。,改稿レビュー待ち,"共通レビュー文: syndrome, cognitive, venue, willingness"
2517,cognitive,認知的な,The cognitive option needs a clearer label.,cognitiveの選択肢には、より明確なラベルが必要だ。,"Clarify ""syndrome"", ""cognitive"", ""venue"", and ""willingness"" in the glossary.",用語集で「syndrome」、「cognitive」、「venue」、「willingness」を明確にする。,改稿レビュー待ち,"共通レビュー文: syndrome, cognitive, venue, willingness"
2518,venue,会場；開催地,"Replace ""venue"" with a clearer phrase if needed.",必要なら「venue」をより明確な表現に置き換える。,"Clarify ""syndrome"", ""cognitive"", ""venue"", and ""willingness"" in the glossary.",用語集で「syndrome」、「cognitive」、「venue」、「willingness」を明確にする。,改稿レビュー待ち,"共通レビュー文: syndrome, cognitive, venue, willingness"
2519,willingness,意欲；快く〜する気持ち,Clarify the willingness before the next review.,次のレビュー前にwillingnessを明確にする。,"Clarify ""syndrome"", ""cognitive"", ""venue"", and ""willingness"" in the glossary.",用語集で「syndrome」、「cognitive」、「venue」、「willingness」を明確にする。,改稿レビュー待ち,"共通レビュー文: syndrome, cognitive, venue, willingness"
2520,dual,二重の,The dual option needs a clearer label.,dualの選択肢には、より明確なラベルが必要だ。,"Clarify ""dual"", ""gall"", ""grid"", and ""solidarity"" in the glossary.",用語集で「dual」、「gall」、「grid」、「solidarity」を明確にする。,改稿レビュー待ち,"共通レビュー文: dual, gall, grid, solidarity"
2521,gall,ずうずうしさ；胆汁,"Replace ""gall"" with a clearer phrase if needed.",必要なら「gall」をより明確な表現に置き換える。,"Clarify ""dual"", ""gall"", ""grid"", and ""solidarity"" in the glossary.",用語集で「dual」、「gall」、「grid」、「solidarity」を明確にする。,改稿レビュー待ち,"共通レビュー文: dual, gall, grid, solidarity"
2522,grid,格子；電力網,"Replace ""grid"" with a clearer phrase if needed.",必要なら「grid」をより明確な表現に置き換える。,"Clarify ""dual"", ""gall"", ""grid"", and ""solidarity"" in the glossary.",用語集で「dual」、「gall」、「grid」、「solidarity」を明確にする。,改稿レビュー待ち,"共通レビュー文: dual, gall, grid, solidarity"
2524,solidarity,連帯；団結,Clarify the solidarity before the next review.,次のレビュー前にsolidarityを明確にする。,"Clarify ""dual"", ""gall"", ""grid"", and ""solidarity"" in the glossary.",用語集で「dual」、「gall」、「grid」、「solidarity」を明確にする。,改稿レビュー待ち,"共通レビュー文: dual, gall, grid, solidarity"
2525,polish,を磨く；洗練,"Replace ""polish"" with a clearer phrase if needed.",必要なら「polish」をより明確な表現に置き換える。,"Clarify ""polish"", ""adjacent"", ""psychiatric"", and ""configuration"" in the glossary.",用語集で「polish」、「adjacent」、「psychiatric」、「configuration」を明確にする。,改稿レビュー待ち,"共通レビュー文: polish, adjacent, psychiatric, configuration"
2526,adjacent,隣接した,"Replace ""adjacent"" with a clearer phrase if needed.",必要なら「adjacent」をより明確な表現に置き換える。,"Clarify ""polish"", ""adjacent"", ""psychiatric"", and ""configuration"" in the glossary.",用語集で「polish」、「adjacent」、「psychiatric」、「configuration」を明確にする。,改稿レビュー待ち,"共通レビュー文: polish, adjacent, psychiatric, configuration"
2527,psychiatric,精神医学の,The psychiatric option needs a clearer label.,psychiatricの選択肢には、より明確なラベルが必要だ。,"Clarify ""polish"", ""adjacent"", ""psychiatric"", and ""configuration"" in the glossary.",用語集で「polish」、「adjacent」、「psychiatric」、「configuration」を明確にする。,改稿レビュー待ち,"共通レビュー文: polish, adjacent, psychiatric, configuration"
2528,configuration,配置；構成,Clarify the configuration before the next review.,次のレビュー前にconfigurationを明確にする。,"Clarify ""polish"", ""adjacent"", ""psychiatric"", and ""configuration"" in the glossary.",用語集で「polish」、「adjacent」、「psychiatric」、「configuration」を明確にする。,改稿レビュー待ち,"共通レビュー文: polish, adjacent, psychiatric, configuration"
2529,vegetation,植生；草木,Clarify the vegetation before the next review.,次のレビュー前にvegetationを明確にする。,"Clarify ""vegetation"", ""infrastructure"", ""outset"", and ""liaison"" in the glossary.",用語集で「vegetation」、「infrastructure」、「outset」、「liaison」を明確にする。,改稿レビュー待ち,"共通レビュー文: vegetation, infrastructure, outset, liaison"
2531,infrastructure,インフラ；基盤,"Replace ""infrastructure"" with a clearer phrase if needed.",必要なら「infrastructure」をより明確な表現に置き換える。,"Clarify ""vegetation"", ""infrastructure"", ""outset"", and ""liaison"" in the glossary.",用語集で「vegetation」、「infrastructure」、「outset」、「liaison」を明確にする。,改稿レビュー待ち,"共通レビュー文: vegetation, infrastructure, outset, liaison"
2532,outset,最初；発端,"Replace ""outset"" with a clearer phrase if needed.",必要なら「outset」をより明確な表現に置き換える。,"Clarify ""vegetation"", ""infrastructure"", ""outset"", and ""liaison"" in the glossary.",用語集で「vegetation」、「infrastructure」、「outset」、「liaison」を明確にする。,改稿レビュー待ち,"共通レビュー文: vegetation, infrastructure, outset, liaison"
2533,liaison,連絡；橋渡し,"Replace ""liaison"" with a clearer phrase if needed.",必要なら「liaison」をより明確な表現に置き換える。,"Clarify ""vegetation"", ""infrastructure"", ""outset"", and ""liaison"" in the glossary.",用語集で「vegetation」、「infrastructure」、「outset」、「liaison」を明確にする。,改稿レビュー待ち,"共通レビュー文: vegetation, infrastructure, outset, liaison"
2534,norm,規範；標準,"Replace ""norm"" with a clearer phrase if needed.",必要なら「norm」をより明確な表現に置き換える。,"Clarify ""norm"", ""credibility"", ""immune"", and ""viable"" in the glossary.",用語集で「norm」、「credibility」、「immune」、「viable」を明確にする。,改稿レビュー待ち,"共通レビュー文: norm, credibility, immune, viable"
2535,credibility,信頼性；信用性,Clarify the credibility before the next review.,次のレビュー前にcredibilityを明確にする。,"Clarify ""norm"", ""credibility"", ""immune"", and ""viable"" in the glossary.",用語集で「norm」、「credibility」、「immune」、「viable」を明確にする。,改稿レビュー待ち,"共通レビュー文: norm, credibility, immune, viable"
2536,immune,免疫がある；影響を受けない,"Replace ""immune"" with a clearer phrase if needed.",必要なら「immune」をより明確な表現に置き換える。,"Clarify ""norm"", ""credibility"", ""immune"", and ""viable"" in the glossary.",用語集で「norm」、「credibility」、「immune」、「viable」を明確にする。,改稿レビュー待ち,"共通レビュー文: norm, credibility, immune, viable"
2538,viable,実行可能な；生存できる,The viable option needs a clearer label.,viableの選択肢には、より明確なラベルが必要だ。,"Clarify ""norm"", ""credibility"", ""immune"", and ""viable"" in the glossary.",用語集で「norm」、「credibility」、「immune」、「viable」を明確にする。,改稿レビュー待ち,"共通レビュー文: norm, credibility, immune, viable"
2539,morale,士気；意欲,"Replace ""morale"" with a clearer phrase if needed.",必要なら「morale」をより明確な表現に置き換える。,"Clarify ""morale"", ""momentum"", ""methodology"", and ""constituent"" in the glossary.",用語集で「morale」、「momentum」、「methodology」、「constituent」を明確にする。,改稿レビュー待ち,"共通レビュー文: morale, momentum, methodology, constituent"
2540,momentum,勢い；運動量,"Replace ""momentum"" with a clearer phrase if needed.",必要なら「momentum」をより明確な表現に置き換える。,"Clarify ""morale"", ""momentum"", ""methodology"", and ""constituent"" in the glossary.",用語集で「morale」、「momentum」、「methodology」、「constituent」を明確にする。,改稿レビュー待ち,"共通レビュー文: morale, momentum, methodology, constituent"
2541,methodology,方法論,"Replace ""methodology"" with a clearer phrase if needed.",必要なら「methodology」をより明確な表現に置き換える。,"Clarify ""morale"", ""momentum"", ""methodology"", and ""constituent"" in the glossary.",用語集で「morale」、「momentum」、「methodology」、「constituent」を明確にする。,改稿レビュー待ち,"共通レビュー文: morale, momentum, methodology, constituent"
2542,constituent,構成要素；選挙民,"Replace ""constituent"" with a clearer phrase if needed.",必要なら「constituent」をより明確な表現に置き換える。,"Clarify ""morale"", ""momentum"", ""methodology"", and ""constituent"" in the glossary.",用語集で「morale」、「momentum」、「methodology」、「constituent」を明確にする。,改稿レビュー待ち,"共通レビュー文: morale, momentum, methodology, constituent"
2543,peripheral,周辺の；重要でない,The peripheral option needs a clearer label.,peripheralの選択肢には、より明確なラベルが必要だ。,"Clarify ""peripheral"", ""consortium"", ""unprecedented"", and ""nitrogen"" in the glossary.",用語集で「peripheral」、「consortium」、「unprecedented」、「nitrogen」を明確にする。,改稿レビュー待ち,"共通レビュー文: peripheral, consortium, unprecedented, nitrogen"
2545,consortium,共同企業体；コンソーシアム,"Replace ""consortium"" with a clearer phrase if needed.",必要なら「consortium」をより明確な表現に置き換える。,"Clarify ""peripheral"", ""consortium"", ""unprecedented"", and ""nitrogen"" in the glossary.",用語集で「peripheral」、「consortium」、「unprecedented」、「nitrogen」を明確にする。,改稿レビュー待ち,"共通レビュー文: peripheral, consortium, unprecedented, nitrogen"
2546,unprecedented,前例のない,"Replace ""unprecedented"" with a clearer phrase if needed.",必要なら「unprecedented」をより明確な表現に置き換える。,"Clarify ""peripheral"", ""consortium"", ""unprecedented"", and ""nitrogen"" in the glossary.",用語集で「peripheral」、「consortium」、「unprecedented」、「nitrogen」を明確にする。,改稿レビュー待ち,"共通レビュー文: peripheral, consortium, unprecedented, nitrogen"
2547,nitrogen,窒素,"Replace ""nitrogen"" with a clearer phrase if needed.",必要なら「nitrogen」をより明確な表現に置き換える。,"Clarify ""peripheral"", ""consortium"", ""unprecedented"", and ""nitrogen"" in the glossary.",用語集で「peripheral」、「consortium」、「unprecedented」、「nitrogen」を明確にする。,改稿レビュー待ち,"共通レビュー文: peripheral, consortium, unprecedented, nitrogen"
2548,notorious,悪名高い,The notorious option needs a clearer label.,notoriousの選択肢には、より明確なラベルが必要だ。,"Clarify ""notorious"", ""patronage"", ""precedent"", and ""undermine"" in the glossary.",用語集で「notorious」、「patronage」、「precedent」、「undermine」を明確にする。,改稿レビュー待ち,"共通レビュー文: notorious, patronage, precedent, undermine"
2549,patronage,後援；顧客,"Replace ""patronage"" with a clearer phrase if needed.",必要なら「patronage」をより明確な表現に置き換える。,"Clarify ""notorious"", ""patronage"", ""precedent"", and ""undermine"" in the glossary.",用語集で「notorious」、「patronage」、「precedent」、「undermine」を明確にする。,改稿レビュー待ち,"共通レビュー文: notorious, patronage, precedent, undermine"
2550,precedent,前例；先例,"Replace ""precedent"" with a clearer phrase if needed.",必要なら「precedent」をより明確な表現に置き換える。,"Clarify ""notorious"", ""patronage"", ""precedent"", and ""undermine"" in the glossary.",用語集で「notorious」、「patronage」、「precedent」、「undermine」を明確にする。,改稿レビュー待ち,"共通レビュー文: notorious, patronage, precedent, undermine"
2551,undermine,弱体化する；損なう,"Replace ""undermine"" with a clearer phrase if needed.",必要なら「undermine」をより明確な表現に置き換える。,"Clarify ""notorious"", ""patronage"", ""precedent"", and ""undermine"" in the glossary.",用語集で「notorious」、「patronage」、「precedent」、「undermine」を明確にする。,改稿レビュー待ち,"共通レビュー文: notorious, patronage, precedent, undermine"
2552,livestock,家畜,"Replace ""livestock"" with a clearer phrase if needed.",必要なら「livestock」をより明確な表現に置き換える。,"Clarify ""livestock"", ""siege"", ""complementary"", and ""feasible"" in the glossary.",用語集で「livestock」、「siege」、「complementary」、「feasible」を明確にする。,改稿レビュー待ち,"共通レビュー文: livestock, siege, complementary, feasible"
2554,siege,包囲；包囲攻撃,"Replace ""siege"" with a clearer phrase if needed.",必要なら「siege」をより明確な表現に置き換える。,"Clarify ""livestock"", ""siege"", ""complementary"", and ""feasible"" in the glossary.",用語集で「livestock」、「siege」、「complementary」、「feasible」を明確にする。,改稿レビュー待ち,"共通レビュー文: livestock, siege, complementary, feasible"
2555,complementary,補完的な,"Replace ""complementary"" with a clearer phrase if needed.",必要なら「complementary」をより明確な表現に置き換える。,"Clarify ""livestock"", ""siege"", ""complementary"", and ""feasible"" in the glossary.",用語集で「livestock」、「siege」、「complementary」、「feasible」を明確にする。,改稿レビュー待ち,"共通レビュー文: livestock, siege, complementary, feasible"
2556,feasible,実行可能な,The feasible option needs a clearer label.,feasibleの選択肢には、より明確なラベルが必要だ。,"Clarify ""livestock"", ""siege"", ""complementary"", and ""feasible"" in the glossary.",用語集で「livestock」、「siege」、「complementary」、「feasible」を明確にする。,改稿レビュー待ち,"共通レビュー文: livestock, siege, complementary, feasible"
2557,stark,殺風景な；全くの,"Replace ""stark"" with a clearer phrase if needed.",必要なら「stark」をより明確な表現に置き換える。,"Clarify ""stark"", ""conversely"", ""onset"", and ""premature"" in the glossary.",用語集で「stark」、「conversely」、「onset」、「premature」を明確にする。,改稿レビュー待ち,"共通レビュー文: stark, conversely, onset, premature"
2558,conversely,逆に,"Use ""conversely"" carefully in helper text.",ヘルプ文では「conversely」を慎重に使う。,"Clarify ""stark"", ""conversely"", ""onset"", and ""premature"" in the glossary.",用語集で「stark」、「conversely」、「onset」、「premature」を明確にする。,改稿レビュー待ち,"共通レビュー文: stark, conversely, onset, premature"
2559,onset,始まり；発症,"Replace ""onset"" with a clearer phrase if needed.",必要なら「onset」をより明確な表現に置き換える。,"Clarify ""stark"", ""conversely"", ""onset"", and ""premature"" in the glossary.",用語集で「stark」、「conversely」、「onset」、「premature」を明確にする。,改稿レビュー待ち,"共通レビュー文: stark, conversely, onset, premature"
2560,premature,時期尚早の；早産の,"Replace ""premature"" with a clearer phrase if needed.",必要なら「premature」をより明確な表現に置き換える。,"Clarify ""stark"", ""conversely"", ""onset"", and ""premature"" in the glossary.",用語集で「stark」、「conversely」、「onset」、「premature」を明確にする。,改稿レビュー待ち,"共通レビュー文: stark, conversely, onset, premature"
2561,imminent,差し迫った,"Replace ""imminent"" with a clearer phrase if needed.",必要なら「imminent」をより明確な表現に置き換える。,"Clarify ""imminent"", ""plausible"", ""prone"", and ""wary"" in the glossary.",用語集で「imminent」、「plausible」、「prone」、「wary」を明確にする。,改稿レビュー待ち,"共通レビュー文: imminent, plausible, prone, wary"
2563,plausible,もっともらしい；信憑性のある,The plausible option needs a clearer label.,plausibleの選択肢には、より明確なラベルが必要だ。,"Clarify ""imminent"", ""plausible"", ""prone"", and ""wary"" in the glossary.",用語集で「imminent」、「plausible」、「prone」、「wary」を明確にする。,改稿レビュー待ち,"共通レビュー文: imminent, plausible, prone, wary"
2564,prone,傾向がある；うつぶせの,"Replace ""prone"" with a clearer phrase if needed.",必要なら「prone」をより明確な表現に置き換える。,"Clarify ""imminent"", ""plausible"", ""prone"", and ""wary"" in the glossary.",用語集で「imminent」、「plausible」、「prone」、「wary」を明確にする。,改稿レビュー待ち,"共通レビュー文: imminent, plausible, prone, wary"
2565,wary,用心深い；注意深い,"Replace ""wary"" with a clearer phrase if needed.",必要なら「wary」をより明確な表現に置き換える。,"Clarify ""imminent"", ""plausible"", ""prone"", and ""wary"" in the glossary.",用語集で「imminent」、「plausible」、「prone」、「wary」を明確にする。,改稿レビュー待ち,"共通レビュー文: imminent, plausible, prone, wary"
2566,surge,急増する；押し寄せる,"Replace ""surge"" with a clearer phrase if needed.",必要なら「surge」をより明確な表現に置き換える。,"Clarify ""surge"", ""sewage"", ""potent"", and ""surveillance"" in the glossary.",用語集で「surge」、「sewage」、「potent」、「surveillance」を明確にする。,改稿レビュー待ち,"共通レビュー文: surge, sewage, potent, surveillance"
2568,sewage,下水；汚水,"Replace ""sewage"" with a clearer phrase if needed.",必要なら「sewage」をより明確な表現に置き換える。,"Clarify ""surge"", ""sewage"", ""potent"", and ""surveillance"" in the glossary.",用語集で「surge」、「sewage」、「potent」、「surveillance」を明確にする。,改稿レビュー待ち,"共通レビュー文: surge, sewage, potent, surveillance"
2569,potent,強力な；効き目のある,"Replace ""potent"" with a clearer phrase if needed.",必要なら「potent」をより明確な表現に置き換える。,"Clarify ""surge"", ""sewage"", ""potent"", and ""surveillance"" in the glossary.",用語集で「surge」、「sewage」、「potent」、「surveillance」を明確にする。,改稿レビュー待ち,"共通レビュー文: surge, sewage, potent, surveillance"
2570,surveillance,監視；観察,Clarify the surveillance before the next review.,次のレビュー前にsurveillanceを明確にする。,"Clarify ""surge"", ""sewage"", ""potent"", and ""surveillance"" in the glossary.",用語集で「surge」、「sewage」、「potent」、「surveillance」を明確にする。,改稿レビュー待ち,"共通レビュー文: surge, sewage, potent, surveillance"
2571,naive,世間知らずの；純粋な,The naive option needs a clearer label.,naiveの選択肢には、より明確なラベルが必要だ。,"Clarify ""naive"", ""sceptical"", ""reservoir"", and ""synthetic"" in the glossary.",用語集で「naive」、「sceptical」、「reservoir」、「synthetic」を明確にする。,改稿レビュー待ち,"共通レビュー文: naive, sceptical, reservoir, synthetic"
2572,sceptical,懐疑的な；疑い深い,The sceptical option needs a clearer label.,scepticalの選択肢には、より明確なラベルが必要だ。,"Clarify ""naive"", ""sceptical"", ""reservoir"", and ""synthetic"" in the glossary.",用語集で「naive」、「sceptical」、「reservoir」、「synthetic」を明確にする。,改稿レビュー待ち,"共通レビュー文: naive, sceptical, reservoir, synthetic"
2573,reservoir,貯水池；備蓄,"Replace ""reservoir"" with a clearer phrase if needed.",必要なら「reservoir」をより明確な表現に置き換える。,"Clarify ""naive"", ""sceptical"", ""reservoir"", and ""synthetic"" in the glossary.",用語集で「naive」、「sceptical」、「reservoir」、「synthetic」を明確にする。,改稿レビュー待ち,"共通レビュー文: naive, sceptical, reservoir, synthetic"
2575,synthetic,合成の；人工的な,The synthetic option needs a clearer label.,syntheticの選択肢には、より明確なラベルが必要だ。,"Clarify ""naive"", ""sceptical"", ""reservoir"", and ""synthetic"" in the glossary.",用語集で「naive」、「sceptical」、「reservoir」、「synthetic」を明確にする。,改稿レビュー待ち,"共通レビュー文: naive, sceptical, reservoir, synthetic"
2576,cynical,冷笑的な；皮肉な,The cynical option needs a clearer label.,cynicalの選択肢には、より明確なラベルが必要だ。,"Clarify ""cynical"", ""defective"", ""demographic"", and ""consecutive"" in the glossary.",用語集で「cynical」、「defective」、「demographic」、「consecutive」を明確にする。,改稿レビュー待ち,"共通レビュー文: cynical, defective, demographic, consecutive"
2577,defective,欠陥のある,The defective option needs a clearer label.,defectiveの選択肢には、より明確なラベルが必要だ。,"Clarify ""cynical"", ""defective"", ""demographic"", and ""consecutive"" in the glossary.",用語集で「cynical」、「defective」、「demographic」、「consecutive」を明確にする。,改稿レビュー待ち,"共通レビュー文: cynical, defective, demographic, consecutive"
2578,demographic,人口統計の,The demographic option needs a clearer label.,demographicの選択肢には、より明確なラベルが必要だ。,"Clarify ""cynical"", ""defective"", ""demographic"", and ""consecutive"" in the glossary.",用語集で「cynical」、「defective」、「demographic」、「consecutive」を明確にする。,改稿レビュー待ち,"共通レビュー文: cynical, defective, demographic, consecutive"
2579,consecutive,連続した,The consecutive option needs a clearer label.,consecutiveの選択肢には、より明確なラベルが必要だ。,"Clarify ""cynical"", ""defective"", ""demographic"", and ""consecutive"" in the glossary.",用語集で「cynical」、「defective」、「demographic」、「consecutive」を明確にする。,改稿レビュー待ち,"共通レビュー文: cynical, defective, demographic, consecutive"
2580,opt,を選ぶ；選択する,"Replace ""opt"" with a clearer phrase if needed.",必要なら「opt」をより明確な表現に置き換える。,"Clarify ""opt"", ""corpus"", ""severity"", and ""maternal"" in the glossary.",用語集で「opt」、「corpus」、「severity」、「maternal」を明確にする。,改稿レビュー待ち,"共通レビュー文: opt, corpus, severity, maternal"
2582,corpus,コーパス；集大成,"Replace ""corpus"" with a clearer phrase if needed.",必要なら「corpus」をより明確な表現に置き換える。,"Clarify ""opt"", ""corpus"", ""severity"", and ""maternal"" in the glossary.",用語集で「opt」、「corpus」、「severity」、「maternal」を明確にする。,改稿レビュー待ち,"共通レビュー文: opt, corpus, severity, maternal"
2583,severity,厳しさ；深刻さ,Clarify the severity before the next review.,次のレビュー前にseverityを明確にする。,"Clarify ""opt"", ""corpus"", ""severity"", and ""maternal"" in the glossary.",用語集で「opt」、「corpus」、「severity」、「maternal」を明確にする。,改稿レビュー待ち,"共通レビュー文: opt, corpus, severity, maternal"
2584,maternal,母の；母性的な,The maternal option needs a clearer label.,maternalの選択肢には、より明確なラベルが必要だ。,"Clarify ""opt"", ""corpus"", ""severity"", and ""maternal"" in the glossary.",用語集で「opt」、「corpus」、「severity」、「maternal」を明確にする。,改稿レビュー待ち,"共通レビュー文: opt, corpus, severity, maternal"
2585,communal,共同体の；共有の,The communal option needs a clearer label.,communalの選択肢には、より明確なラベルが必要だ。,"Clarify ""communal"", ""admittedly"", ""plight"", and ""dubious"" in the glossary.",用語集で「communal」、「admittedly」、「plight」、「dubious」を明確にする。,改稿レビュー待ち,"共通レビュー文: communal, admittedly, plight, dubious"
2586,admittedly,確かに；認めるところでは,"Use ""admittedly"" carefully in helper text.",ヘルプ文では「admittedly」を慎重に使う。,"Clarify ""communal"", ""admittedly"", ""plight"", and ""dubious"" in the glossary.",用語集で「communal」、「admittedly」、「plight」、「dubious」を明確にする。,改稿レビュー待ち,"共通レビュー文: communal, admittedly, plight, dubious"
2587,plight,苦境；窮状,"Replace ""plight"" with a clearer phrase if needed.",必要なら「plight」をより明確な表現に置き換える。,"Clarify ""communal"", ""admittedly"", ""plight"", and ""dubious"" in the glossary.",用語集で「communal」、「admittedly」、「plight」、「dubious」を明確にする。,改稿レビュー待ち,"共通レビュー文: communal, admittedly, plight, dubious"
2589,dubious,疑わしい；あやふやな,The dubious option needs a clearer label.,dubiousの選択肢には、より明確なラベルが必要だ。,"Clarify ""communal"", ""admittedly"", ""plight"", and ""dubious"" in the glossary.",用語集で「communal」、「admittedly」、「plight」、「dubious」を明確にする。,改稿レビュー待ち,"共通レビュー文: communal, admittedly, plight, dubious"
2590,exempt,免除する,"Replace ""exempt"" with a clearer phrase if needed.",必要なら「exempt」をより明確な表現に置き換える。,"Clarify ""exempt"", ""robust"", ""archive"", and ""demise"" in the glossary.",用語集で「exempt」、「robust」、「archive」、「demise」を明確にする。,改稿レビュー待ち,"共通レビュー文: exempt, robust, archive, demise"
2591,robust,強固な；頑丈な,"Replace ""robust"" with a clearer phrase if needed.",必要なら「robust」をより明確な表現に置き換える。,"Clarify ""exempt"", ""robust"", ""archive"", and ""demise"" in the glossary.",用語集で「exempt」、「robust」、「archive」、「demise」を明確にする。,改稿レビュー待ち,"共通レビュー文: exempt, robust, archive, demise"
2592,archive,記録保管所；アーカイブ,The archive option needs a clearer label.,archiveの選択肢には、より明確なラベルが必要だ。,"Clarify ""exempt"", ""robust"", ""archive"", and ""demise"" in the glossary.",用語集で「exempt」、「robust」、「archive」、「demise」を明確にする。,改稿レビュー待ち,"共通レビュー文: exempt, robust, archive, demise"
2593,demise,死；消滅；終焉,"Replace ""demise"" with a clearer phrase if needed.",必要なら「demise」をより明確な表現に置き換える。,"Clarify ""exempt"", ""robust"", ""archive"", and ""demise"" in the glossary.",用語集で「exempt」、「robust」、「archive」、「demise」を明確にする。,改稿レビュー待ち,"共通レビュー文: exempt, robust, archive, demise"
2594,contention,論争；主張,Clarify the contention before the next review.,次のレビュー前にcontentionを明確にする。,"Clarify ""contention"", ""contingent"", ""susceptible"", and ""sinister"" in the glossary.",用語集で「contention」、「contingent」、「susceptible」、「sinister」を明確にする。,改稿レビュー待ち,"共通レビュー文: contention, contingent, susceptible, sinister"
2595,contingent,条件次第の；偶発的な,"Replace ""contingent"" with a clearer phrase if needed.",必要なら「contingent」をより明確な表現に置き換える。,"Clarify ""contention"", ""contingent"", ""susceptible"", and ""sinister"" in the glossary.",用語集で「contention」、「contingent」、「susceptible」、「sinister」を明確にする。,改稿レビュー待ち,"共通レビュー文: contention, contingent, susceptible, sinister"
2596,prototype,試作品；原型,Review the prototype before testing.,テスト前にプロトタイプを見直す。,Review the prototype before testing.,テスト前にプロトタイプを見直す。,改稿レビュー待ち,"共通例文: review, prototype"
2598,susceptible,影響を受けやすい；感染しやすい,The susceptible option needs a clearer label.,susceptibleの選択肢には、より明確なラベルが必要だ。,"Clarify ""contention"", ""contingent"", ""susceptible"", and ""sinister"" in the glossary.",用語集で「contention」、「contingent」、「susceptible」、「sinister」を明確にする。,改稿レビュー待ち,"共通レビュー文: contention, contingent, susceptible, sinister"
2599,sinister,不吉な；邪悪な,"Replace ""sinister"" with a clearer phrase if needed.",必要なら「sinister」をより明確な表現に置き換える。,"Clarify ""contention"", ""contingent"", ""susceptible"", and ""sinister"" in the glossary.",用語集で「contention」、「contingent」、「susceptible」、「sinister」を明確にする。,改稿レビュー待ち,"共通レビュー文: contention, contingent, susceptible, sinister"
2600,renowned,有名な；名高い,"Replace ""renowned"" with a clearer phrase if needed.",必要なら「renowned」をより明確な表現に置き換える。,"Clarify ""renowned"", ""proximity"", ""acoustic"", and ""poised"" in the glossary.",用語集で「renowned」、「proximity」、「acoustic」、「poised」を明確にする。,改稿レビュー待ち,"共通レビュー文: renowned, proximity, acoustic, poised"
2601,proximity,近さ；近接,Clarify the proximity before the next review.,次のレビュー前にproximityを明確にする。,"Clarify ""renowned"", ""proximity"", ""acoustic"", and ""poised"" in the glossary.",用語集で「renowned」、「proximity」、「acoustic」、「poised」を明確にする。,改稿レビュー待ち,"共通レビュー文: renowned, proximity, acoustic, poised"
2602,acoustic,音響の,The acoustic option needs a clearer label.,acousticの選択肢には、より明確なラベルが必要だ。,"Clarify ""renowned"", ""proximity"", ""acoustic"", and ""poised"" in the glossary.",用語集で「renowned」、「proximity」、「acoustic」、「poised」を明確にする。,改稿レビュー待ち,"共通レビュー文: renowned, proximity, acoustic, poised"
2603,poised,落ち着いた；準備ができた,"Replace ""poised"" with a clearer phrase if needed.",必要なら「poised」をより明確な表現に置き換える。,"Clarify ""renowned"", ""proximity"", ""acoustic"", and ""poised"" in the glossary.",用語集で「renowned」、「proximity」、「acoustic」、「poised」を明確にする。,改稿レビュー待ち,"共通レビュー文: renowned, proximity, acoustic, poised"
2604,rigorous,厳密な；厳格な,The rigorous option needs a clearer label.,rigorousの選択肢には、より明確なラベルが必要だ。,"Clarify ""rigorous"", ""diabetes"", ""asthma"", and ""haven"" in the glossary.",用語集で「rigorous」、「diabetes」、「asthma」、「haven」を明確にする。,改稿レビュー待ち,"共通レビュー文: rigorous, diabetes, asthma, haven"
2605,diabetes,糖尿病,"Replace ""diabetes"" with a clearer phrase if needed.",必要なら「diabetes」をより明確な表現に置き換える。,"Clarify ""rigorous"", ""diabetes"", ""asthma"", and ""haven"" in the glossary.",用語集で「rigorous」、「diabetes」、「asthma」、「haven」を明確にする。,改稿レビュー待ち,"共通レビュー文: rigorous, diabetes, asthma, haven"
2606,asthma,喘息,"Replace ""asthma"" with a clearer phrase if needed.",必要なら「asthma」をより明確な表現に置き換える。,"Clarify ""rigorous"", ""diabetes"", ""asthma"", and ""haven"" in the glossary.",用語集で「rigorous」、「diabetes」、「asthma」、「haven」を明確にする。,改稿レビュー待ち,"共通レビュー文: rigorous, diabetes, asthma, haven"
2607,haven,避難所；安全な場所,"Replace ""haven"" with a clearer phrase if needed.",必要なら「haven」をより明確な表現に置き換える。,"Clarify ""rigorous"", ""diabetes"", ""asthma"", and ""haven"" in the glossary.",用語集で「rigorous」、「diabetes」、「asthma」、「haven」を明確にする。,改稿レビュー待ち,"共通レビュー文: rigorous, diabetes, asthma, haven"
2608,impetus,推進力；勢い,"Replace ""impetus"" with a clearer phrase if needed.",必要なら「impetus」をより明確な表現に置き換える。,"Clarify ""impetus"", ""lethal"", ""obsession"", and ""intrinsic"" in the glossary.",用語集で「impetus」、「lethal」、「obsession」、「intrinsic」を明確にする。,改稿レビュー待ち,"共通レビュー文: impetus, lethal, obsession, intrinsic"
2609,lethal,致死的な；死をもたらす,The lethal option needs a clearer label.,lethalの選択肢には、より明確なラベルが必要だ。,"Clarify ""impetus"", ""lethal"", ""obsession"", and ""intrinsic"" in the glossary.",用語集で「impetus」、「lethal」、「obsession」、「intrinsic」を明確にする。,改稿レビュー待ち,"共通レビュー文: impetus, lethal, obsession, intrinsic"
2611,obsession,執着；強迫観念,Clarify the obsession before the next review.,次のレビュー前にobsessionを明確にする。,"Clarify ""impetus"", ""lethal"", ""obsession"", and ""intrinsic"" in the glossary.",用語集で「impetus」、「lethal」、「obsession」、「intrinsic」を明確にする。,改稿レビュー待ち,"共通レビュー文: impetus, lethal, obsession, intrinsic"
2612,intrinsic,本質的な；固有の,The intrinsic option needs a clearer label.,intrinsicの選択肢には、より明確なラベルが必要だ。,"Clarify ""impetus"", ""lethal"", ""obsession"", and ""intrinsic"" in the glossary.",用語集で「impetus」、「lethal」、「obsession」、「intrinsic」を明確にする。,改稿レビュー待ち,"共通レビュー文: impetus, lethal, obsession, intrinsic"
2613,swap,を交換する；入れ替え,"Replace ""swap"" with a clearer phrase if needed.",必要なら「swap」をより明確な表現に置き換える。,"Clarify ""swap"", ""drought"", ""militant"", and ""incompatible"" in the glossary.",用語集で「swap」、「drought」、「militant」、「incompatible」を明確にする。,改稿レビュー待ち,"共通レビュー文: swap, drought, militant, incompatible"
2614,drought,干ばつ；水不足,"Replace ""drought"" with a clearer phrase if needed.",必要なら「drought」をより明確な表現に置き換える。,"Clarify ""swap"", ""drought"", ""militant"", and ""incompatible"" in the glossary.",用語集で「swap」、「drought」、「militant」、「incompatible」を明確にする。,改稿レビュー待ち,"共通レビュー文: swap, drought, militant, incompatible"
2615,militant,闘争的な；好戦的な,"Replace ""militant"" with a clearer phrase if needed.",必要なら「militant」をより明確な表現に置き換える。,"Clarify ""swap"", ""drought"", ""militant"", and ""incompatible"" in the glossary.",用語集で「swap」、「drought」、「militant」、「incompatible」を明確にする。,改稿レビュー待ち,"共通レビュー文: swap, drought, militant, incompatible"
2616,incompatible,相容れない；不適合な,The incompatible option needs a clearer label.,incompatibleの選択肢には、より明確なラベルが必要だ。,"Clarify ""swap"", ""drought"", ""militant"", and ""incompatible"" in the glossary.",用語集で「swap」、「drought」、「militant」、「incompatible」を明確にする。,改稿レビュー待ち,"共通レビュー文: swap, drought, militant, incompatible"
2617,mandate,義務付ける；命令,"Replace ""mandate"" with a clearer phrase if needed.",必要なら「mandate」をより明確な表現に置き換える。,"Clarify ""mandate"", ""elusive"", ""sensory"", and ""glossy"" in the glossary.",用語集で「mandate」、「elusive」、「sensory」、「glossy」を明確にする。,改稿レビュー待ち,"共通レビュー文: mandate, elusive, sensory, glossy"
2618,elusive,とらえにくい；難解な,The elusive option needs a clearer label.,elusiveの選択肢には、より明確なラベルが必要だ。,"Clarify ""mandate"", ""elusive"", ""sensory"", and ""glossy"" in the glossary.",用語集で「mandate」、「elusive」、「sensory」、「glossy」を明確にする。,改稿レビュー待ち,"共通レビュー文: mandate, elusive, sensory, glossy"
2619,sensory,感覚の,"Replace ""sensory"" with a clearer phrase if needed.",必要なら「sensory」をより明確な表現に置き換える。,"Clarify ""mandate"", ""elusive"", ""sensory"", and ""glossy"" in the glossary.",用語集で「mandate」、「elusive」、「sensory」、「glossy」を明確にする。,改稿レビュー待ち,"共通レビュー文: mandate, elusive, sensory, glossy"
2620,glossy,光沢のある；見かけ上の,"Replace ""glossy"" with a clearer phrase if needed.",必要なら「glossy」をより明確な表現に置き換える。,"Clarify ""mandate"", ""elusive"", ""sensory"", and ""glossy"" in the glossary.",用語集で「mandate」、「elusive」、「sensory」、「glossy」を明確にする。,改稿レビュー待ち,"共通レビュー文: mandate, elusive, sensory, glossy"
2621,corporal,肉体的な；伍長,The corporal option needs a clearer label.,corporalの選択肢には、より明確なラベルが必要だ。,"Clarify ""corporal"", ""generic"", ""articulate"", and ""outrageous"" in the glossary.",用語集で「corporal」、「generic」、「articulate」、「outrageous」を明確にする。,改稿レビュー待ち,"共通レビュー文: corporal, generic, articulate, outrageous"
2622,generic,一般的な；総称の,The generic option needs a clearer label.,genericの選択肢には、より明確なラベルが必要だ。,"Clarify ""corporal"", ""generic"", ""articulate"", and ""outrageous"" in the glossary.",用語集で「corporal」、「generic」、「articulate」、「outrageous」を明確にする。,改稿レビュー待ち,"共通レビュー文: corporal, generic, articulate, outrageous"
2623,articulate,明確に表現する；はっきりした,"Replace ""articulate"" with a clearer phrase if needed.",必要なら「articulate」をより明確な表現に置き換える。,"Clarify ""corporal"", ""generic"", ""articulate"", and ""outrageous"" in the glossary.",用語集で「corporal」、「generic」、「articulate」、「outrageous」を明確にする。,改稿レビュー待ち,"共通レビュー文: corporal, generic, articulate, outrageous"
2625,outrageous,とんでもない；けしからん,The outrageous option needs a clearer label.,outrageousの選択肢には、より明確なラベルが必要だ。,"Clarify ""corporal"", ""generic"", ""articulate"", and ""outrageous"" in the glossary.",用語集で「corporal」、「generic」、「articulate」、「outrageous」を明確にする。,改稿レビュー待ち,"共通レビュー文: corporal, generic, articulate, outrageous"
2626,foremost,最も重要な；第一の,"Replace ""foremost"" with a clearer phrase if needed.",必要なら「foremost」をより明確な表現に置き換える。,"Clarify ""foremost"", ""legion"", ""paramount"", and ""terrain"" in the glossary.",用語集で「foremost」、「legion」、「paramount」、「terrain」を明確にする。,改稿レビュー待ち,"共通レビュー文: foremost, legion, paramount, terrain"
2627,legion,軍団；多数,"Replace ""legion"" with a clearer phrase if needed.",必要なら「legion」をより明確な表現に置き換える。,"Clarify ""foremost"", ""legion"", ""paramount"", and ""terrain"" in the glossary.",用語集で「foremost」、「legion」、「paramount」、「terrain」を明確にする。,改稿レビュー待ち,"共通レビュー文: foremost, legion, paramount, terrain"
2628,paramount,最高の；最重要の,"Replace ""paramount"" with a clearer phrase if needed.",必要なら「paramount」をより明確な表現に置き換える。,"Clarify ""foremost"", ""legion"", ""paramount"", and ""terrain"" in the glossary.",用語集で「foremost」、「legion」、「paramount」、「terrain」を明確にする。,改稿レビュー待ち,"共通レビュー文: foremost, legion, paramount, terrain"
2629,terrain,地形；地域,"Replace ""terrain"" with a clearer phrase if needed.",必要なら「terrain」をより明確な表現に置き換える。,"Clarify ""foremost"", ""legion"", ""paramount"", and ""terrain"" in the glossary.",用語集で「foremost」、「legion」、「paramount」、「terrain」を明確にする。,改稿レビュー待ち,"共通レビュー文: foremost, legion, paramount, terrain"
2630,tangible,具体的な；実体のある,The tangible option needs a clearer label.,tangibleの選択肢には、より明確なラベルが必要だ。,"Clarify ""tangible"", ""definitive"", ""parameter"", and ""fatty"" in the glossary.",用語集で「tangible」、「definitive」、「parameter」、「fatty」を明確にする。,改稿レビュー待ち,"共通レビュー文: tangible, definitive, parameter, fatty"
2631,definitive,最終的な；決定的な,The definitive option needs a clearer label.,definitiveの選択肢には、より明確なラベルが必要だ。,"Clarify ""tangible"", ""definitive"", ""parameter"", and ""fatty"" in the glossary.",用語集で「tangible」、「definitive」、「parameter」、「fatty」を明確にする。,改稿レビュー待ち,"共通レビュー文: tangible, definitive, parameter, fatty"
2632,parameter,パラメータ；要因,"Replace ""parameter"" with a clearer phrase if needed.",必要なら「parameter」をより明確な表現に置き換える。,"Clarify ""tangible"", ""definitive"", ""parameter"", and ""fatty"" in the glossary.",用語集で「tangible」、「definitive」、「parameter」、「fatty」を明確にする。,改稿レビュー待ち,"共通レビュー文: tangible, definitive, parameter, fatty"
2634,fatty,脂肪の多い；脂っこい,"Replace ""fatty"" with a clearer phrase if needed.",必要なら「fatty」をより明確な表現に置き換える。,"Clarify ""tangible"", ""definitive"", ""parameter"", and ""fatty"" in the glossary.",用語集で「tangible」、「definitive」、「parameter」、「fatty」を明確にする。,改稿レビュー待ち,"共通レビュー文: tangible, definitive, parameter, fatty"
2635,underway,進行中の,"Replace ""underway"" with a clearer phrase if needed.",必要なら「underway」をより明確な表現に置き換える。,"Clarify ""underway"", ""predator"", ""rectangular"", and ""curb"" in the glossary.",用語集で「underway」、「predator」、「rectangular」、「curb」を明確にする。,改稿レビュー待ち,"共通レビュー文: underway, predator, rectangular, curb"
2636,predator,捕食者；略奪者,"Replace ""predator"" with a clearer phrase if needed.",必要なら「predator」をより明確な表現に置き換える。,"Clarify ""underway"", ""predator"", ""rectangular"", and ""curb"" in the glossary.",用語集で「underway」、「predator」、「rectangular」、「curb」を明確にする。,改稿レビュー待ち,"共通レビュー文: underway, predator, rectangular, curb"
2637,rectangular,長方形の,"Replace ""rectangular"" with a clearer phrase if needed.",必要なら「rectangular」をより明確な表現に置き換える。,"Clarify ""underway"", ""predator"", ""rectangular"", and ""curb"" in the glossary.",用語集で「underway」、「predator」、「rectangular」、「curb」を明確にする。,改稿レビュー待ち,"共通レビュー文: underway, predator, rectangular, curb"
2638,curb,を抑制する；歩道の縁石,"Replace ""curb"" with a clearer phrase if needed.",必要なら「curb」をより明確な表現に置き換える。,"Clarify ""underway"", ""predator"", ""rectangular"", and ""curb"" in the glossary.",用語集で「underway」、「predator」、「rectangular」、「curb」を明確にする。,改稿レビュー待ち,"共通レビュー文: underway, predator, rectangular, curb"
2639,temporal,一時的な；時間の,The temporal option needs a clearer label.,temporalの選択肢には、より明確なラベルが必要だ。,"Clarify ""temporal"", ""rig"", ""paradigm"", and ""deter"" in the glossary.",用語集で「temporal」、「rig」、「paradigm」、「deter」を明確にする。,改稿レビュー待ち,"共通レビュー文: temporal, rig, paradigm, deter"
2640,rig,を不正操作する；装備,"Replace ""rig"" with a clearer phrase if needed.",必要なら「rig」をより明確な表現に置き換える。,"Clarify ""temporal"", ""rig"", ""paradigm"", and ""deter"" in the glossary.",用語集で「temporal」、「rig」、「paradigm」、「deter」を明確にする。,改稿レビュー待ち,"共通レビュー文: temporal, rig, paradigm, deter"
2641,paradigm,パラダイム；模範,"Replace ""paradigm"" with a clearer phrase if needed.",必要なら「paradigm」をより明確な表現に置き換える。,"Clarify ""temporal"", ""rig"", ""paradigm"", and ""deter"" in the glossary.",用語集で「temporal」、「rig」、「paradigm」、「deter」を明確にする。,改稿レビュー待ち,"共通レビュー文: temporal, rig, paradigm, deter"
2642,deter,思いとどまらせる,"Replace ""deter"" with a clearer phrase if needed.",必要なら「deter」をより明確な表現に置き換える。,"Clarify ""temporal"", ""rig"", ""paradigm"", and ""deter"" in the glossary.",用語集で「temporal」、「rig」、「paradigm」、「deter」を明確にする。,改稿レビュー待ち,"共通レビュー文: temporal, rig, paradigm, deter"
2643,manipulate,操作する,"Replace ""manipulate"" with a clearer phrase if needed.",必要なら「manipulate」をより明確な表現に置き換える。,"Clarify ""manipulate"", ""pointless"", ""consolation"", and ""versatile"" in the glossary.",用語集で「manipulate」、「pointless」、「consolation」、「versatile」を明確にする。,改稿レビュー待ち,"共通レビュー文: manipulate, pointless, consolation, versatile"
2644,pointless,無意味な；無駄な,The pointless option needs a clearer label.,pointlessの選択肢には、より明確なラベルが必要だ。,"Clarify ""manipulate"", ""pointless"", ""consolation"", and ""versatile"" in the glossary.",用語集で「manipulate」、「pointless」、「consolation」、「versatile」を明確にする。,改稿レビュー待ち,"共通レビュー文: manipulate, pointless, consolation, versatile"
2645,consolation,慰め；慰安,Clarify the consolation before the next review.,次のレビュー前にconsolationを明確にする。,"Clarify ""manipulate"", ""pointless"", ""consolation"", and ""versatile"" in the glossary.",用語集で「manipulate」、「pointless」、「consolation」、「versatile」を明確にする。,改稿レビュー待ち,"共通レビュー文: manipulate, pointless, consolation, versatile"
2646,versatile,多才な；用途が広い,"Replace ""versatile"" with a clearer phrase if needed.",必要なら「versatile」をより明確な表現に置き換える。,"Clarify ""manipulate"", ""pointless"", ""consolation"", and ""versatile"" in the glossary.",用語集で「manipulate」、「pointless」、「consolation」、「versatile」を明確にする。,改稿レビュー待ち,"共通レビュー文: manipulate, pointless, consolation, versatile"
2648,focal,焦点の；中心的な,The focal option needs a clearer label.,focalの選択肢には、より明確なラベルが必要だ。,"Clarify ""focal"", ""intricate"", ""analogous"", and ""reciprocal"" in the glossary.",用語集で「focal」、「intricate」、「analogous」、「reciprocal」を明確にする。,改稿レビュー待ち,"共通レビュー文: focal, intricate, analogous, reciprocal"
2649,intricate,複雑な；入り組んだ,"Replace ""intricate"" with a clearer phrase if needed.",必要なら「intricate」をより明確な表現に置き換える。,"Clarify ""focal"", ""intricate"", ""analogous"", and ""reciprocal"" in the glossary.",用語集で「focal」、「intricate」、「analogous」、「reciprocal」を明確にする。,改稿レビュー待ち,"共通レビュー文: focal, intricate, analogous, reciprocal"
2650,analogous,類似した；相似した,The analogous option needs a clearer label.,analogousの選択肢には、より明確なラベルが必要だ。,"Clarify ""focal"", ""intricate"", ""analogous"", and ""reciprocal"" in the glossary.",用語集で「focal」、「intricate」、「analogous」、「reciprocal」を明確にする。,改稿レビュー待ち,"共通レビュー文: focal, intricate, analogous, reciprocal"
2651,reciprocal,相互の；互恵的な,The reciprocal option needs a clearer label.,reciprocalの選択肢には、より明確なラベルが必要だ。,"Clarify ""focal"", ""intricate"", ""analogous"", and ""reciprocal"" in the glossary.",用語集で「focal」、「intricate」、「analogous」、「reciprocal」を明確にする。,改稿レビュー待ち,"共通レビュー文: focal, intricate, analogous, reciprocal"
2652,harness,利用する；馬具,Clarify the harness before the next review.,次のレビュー前にharnessを明確にする。,"Clarify ""harness"", ""lucrative"", ""volatile"", and ""respiratory"" in the glossary.",用語集で「harness」、「lucrative」、「volatile」、「respiratory」を明確にする。,改稿レビュー待ち,"共通レビュー文: harness, lucrative, volatile, respiratory"
2653,lucrative,利益の多い；儲かる,The lucrative option needs a clearer label.,lucrativeの選択肢には、より明確なラベルが必要だ。,"Clarify ""harness"", ""lucrative"", ""volatile"", and ""respiratory"" in the glossary.",用語集で「harness」、「lucrative」、「volatile」、「respiratory」を明確にする。,改稿レビュー待ち,"共通レビュー文: harness, lucrative, volatile, respiratory"
2654,volatile,揮発性の；不安定な,"Replace ""volatile"" with a clearer phrase if needed.",必要なら「volatile」をより明確な表現に置き換える。,"Clarify ""harness"", ""lucrative"", ""volatile"", and ""respiratory"" in the glossary.",用語集で「harness」、「lucrative」、「volatile」、「respiratory」を明確にする。,改稿レビュー待ち,"共通レビュー文: harness, lucrative, volatile, respiratory"
2655,respiratory,呼吸の,"Replace ""respiratory"" with a clearer phrase if needed.",必要なら「respiratory」をより明確な表現に置き換える。,"Clarify ""harness"", ""lucrative"", ""volatile"", and ""respiratory"" in the glossary.",用語集で「harness」、「lucrative」、「volatile」、「respiratory」を明確にする。,改稿レビュー待ち,"共通レビュー文: harness, lucrative, volatile, respiratory"
2656,soaked,びしょぬれの；浸した,"Replace ""soaked"" with a clearer phrase if needed.",必要なら「soaked」をより明確な表現に置き換える。,"Clarify ""soaked"", ""sanction"", ""plateau"", and ""indefinitely"" in the glossary.",用語集で「soaked」、「sanction」、「plateau」、「indefinitely」を明確にする。,改稿レビュー待ち,"共通レビュー文: soaked, sanction, plateau, indefinitely"
2657,sanction,制裁,Clarify the sanction before the next review.,次のレビュー前にsanctionを明確にする。,"Clarify ""soaked"", ""sanction"", ""plateau"", and ""indefinitely"" in the glossary.",用語集で「soaked」、「sanction」、「plateau」、「indefinitely」を明確にする。,改稿レビュー待ち,"共通レビュー文: soaked, sanction, plateau, indefinitely"
2658,plateau,高原；安定期,"Replace ""plateau"" with a clearer phrase if needed.",必要なら「plateau」をより明確な表現に置き換える。,"Clarify ""soaked"", ""sanction"", ""plateau"", and ""indefinitely"" in the glossary.",用語集で「soaked」、「sanction」、「plateau」、「indefinitely」を明確にする。,改稿レビュー待ち,"共通レビュー文: soaked, sanction, plateau, indefinitely"
2659,indefinitely,無期限に,"Use ""indefinitely"" carefully in helper text.",ヘルプ文では「indefinitely」を慎重に使う。,"Clarify ""soaked"", ""sanction"", ""plateau"", and ""indefinitely"" in the glossary.",用語集で「soaked」、「sanction」、「plateau」、「indefinitely」を明確にする。,改稿レビュー待ち,"共通レビュー文: soaked, sanction, plateau, indefinitely"
2660,embryo,胚,"Replace ""embryo"" with a clearer phrase if needed.",必要なら「embryo」をより明確な表現に置き換える。,"Clarify ""embryo"", ""gifted"", ""martial"", and ""authoritarian"" in the glossary.",用語集で「embryo」、「gifted」、「martial」、「authoritarian」を明確にする。,改稿レビュー待ち,"共通レビュー文: embryo, gifted, martial, authoritarian"
2661,gifted,才能のある,"Replace ""gifted"" with a clearer phrase if needed.",必要なら「gifted」をより明確な表現に置き換える。,"Clarify ""embryo"", ""gifted"", ""martial"", and ""authoritarian"" in the glossary.",用語集で「embryo」、「gifted」、「martial」、「authoritarian」を明確にする。,改稿レビュー待ち,"共通レビュー文: embryo, gifted, martial, authoritarian"
2662,martial,戦争の；軍事の,The martial option needs a clearer label.,martialの選択肢には、より明確なラベルが必要だ。,"Clarify ""embryo"", ""gifted"", ""martial"", and ""authoritarian"" in the glossary.",用語集で「embryo」、「gifted」、「martial」、「authoritarian」を明確にする。,改稿レビュー待ち,"共通レビュー文: embryo, gifted, martial, authoritarian"
2663,authoritarian,権威主義的な,"Replace ""authoritarian"" with a clearer phrase if needed.",必要なら「authoritarian」をより明確な表現に置き換える。,"Clarify ""embryo"", ""gifted"", ""martial"", and ""authoritarian"" in the glossary.",用語集で「embryo」、「gifted」、「martial」、「authoritarian」を明確にする。,改稿レビュー待ち,"共通レビュー文: embryo, gifted, martial, authoritarian"
2664,beneficiary,受益者,"Replace ""beneficiary"" with a clearer phrase if needed.",必要なら「beneficiary」をより明確な表現に置き換える。,"Clarify ""beneficiary"", ""pharmaceutical"", ""maximise"", and ""curator"" in the glossary.",用語集で「beneficiary」、「pharmaceutical」、「maximise」、「curator」を明確にする。,改稿レビュー待ち,"共通レビュー文: beneficiary, pharmaceutical, maximise, curator"
2666,pharmaceutical,製薬の；医薬品,The pharmaceutical option needs a clearer label.,pharmaceuticalの選択肢には、より明確なラベルが必要だ。,"Clarify ""beneficiary"", ""pharmaceutical"", ""maximise"", and ""curator"" in the glossary.",用語集で「beneficiary」、「pharmaceutical」、「maximise」、「curator」を明確にする。,改稿レビュー待ち,"共通レビュー文: beneficiary, pharmaceutical, maximise, curator"
2667,maximise,を最大化する,"Replace ""maximise"" with a clearer phrase if needed.",必要なら「maximise」をより明確な表現に置き換える。,"Clarify ""beneficiary"", ""pharmaceutical"", ""maximise"", and ""curator"" in the glossary.",用語集で「beneficiary」、「pharmaceutical」、「maximise」、「curator」を明確にする。,改稿レビュー待ち,"共通レビュー文: beneficiary, pharmaceutical, maximise, curator"
2668,curator,学芸員；館長,"Replace ""curator"" with a clearer phrase if needed.",必要なら「curator」をより明確な表現に置き換える。,"Clarify ""beneficiary"", ""pharmaceutical"", ""maximise"", and ""curator"" in the glossary.",用語集で「beneficiary」、「pharmaceutical」、「maximise」、「curator」を明確にする。,改稿レビュー待ち,"共通レビュー文: beneficiary, pharmaceutical, maximise, curator"
2669,recourse,頼ること；頼りにするもの,"Replace ""recourse"" with a clearer phrase if needed.",必要なら「recourse」をより明確な表現に置き換える。,"Clarify ""recourse"", ""untouched"", ""cohesion"", and ""sizeable"" in the glossary.",用語集で「recourse」、「untouched」、「cohesion」、「sizeable」を明確にする。,改稿レビュー待ち,"共通レビュー文: recourse, untouched, cohesion, sizeable"
2670,untouched,手をつけていない；影響を受けない,"Replace ""untouched"" with a clearer phrase if needed.",必要なら「untouched」をより明確な表現に置き換える。,"Clarify ""recourse"", ""untouched"", ""cohesion"", and ""sizeable"" in the glossary.",用語集で「recourse」、「untouched」、「cohesion」、「sizeable」を明確にする。,改稿レビュー待ち,"共通レビュー文: recourse, untouched, cohesion, sizeable"
2671,cohesion,結束；凝集力,Clarify the cohesion before the next review.,次のレビュー前にcohesionを明確にする。,"Clarify ""recourse"", ""untouched"", ""cohesion"", and ""sizeable"" in the glossary.",用語集で「recourse」、「untouched」、「cohesion」、「sizeable」を明確にする。,改稿レビュー待ち,"共通レビュー文: recourse, untouched, cohesion, sizeable"
2673,sizeable,かなりの；相当な,The sizeable option needs a clearer label.,sizeableの選択肢には、より明確なラベルが必要だ。,"Clarify ""recourse"", ""untouched"", ""cohesion"", and ""sizeable"" in the glossary.",用語集で「recourse」、「untouched」、「cohesion」、「sizeable」を明確にする。,改稿レビュー待ち,"共通レビュー文: recourse, untouched, cohesion, sizeable"
2674,forge,を偽造する；を鍛える,"Replace ""forge"" with a clearer phrase if needed.",必要なら「forge」をより明確な表現に置き換える。,"Clarify ""forge"", ""tuition"", ""upbringing"", and ""congestion"" in the glossary.",用語集で「forge」、「tuition」、「upbringing」、「congestion」を明確にする。,改稿レビュー待ち,"共通レビュー文: forge, tuition, upbringing, congestion"
2675,tuition,授業料；個人指導,Clarify the tuition before the next review.,次のレビュー前にtuitionを明確にする。,"Clarify ""forge"", ""tuition"", ""upbringing"", and ""congestion"" in the glossary.",用語集で「forge」、「tuition」、「upbringing」、「congestion」を明確にする。,改稿レビュー待ち,"共通レビュー文: forge, tuition, upbringing, congestion"
2676,upbringing,育て方；しつけ,"Replace ""upbringing"" with a clearer phrase if needed.",必要なら「upbringing」をより明確な表現に置き換える。,"Clarify ""forge"", ""tuition"", ""upbringing"", and ""congestion"" in the glossary.",用語集で「forge」、「tuition」、「upbringing」、「congestion」を明確にする。,改稿レビュー待ち,"共通レビュー文: forge, tuition, upbringing, congestion"
2677,congestion,渋滞；混雑,Clarify the congestion before the next review.,次のレビュー前にcongestionを明確にする。,"Clarify ""forge"", ""tuition"", ""upbringing"", and ""congestion"" in the glossary.",用語集で「forge」、「tuition」、「upbringing」、「congestion」を明確にする。,改稿レビュー待ち,"共通レビュー文: forge, tuition, upbringing, congestion"
2678,repetitive,反復的な；繰り返しの多い,The repetitive option needs a clearer label.,repetitiveの選択肢には、より明確なラベルが必要だ。,"Clarify ""repetitive"", ""brittle"", ""rift"", and ""intuitive"" in the glossary.",用語集で「repetitive」、「brittle」、「rift」、「intuitive」を明確にする。,改稿レビュー待ち,"共通レビュー文: repetitive, brittle, rift, intuitive"
2680,brittle,もろい；壊れやすい,"Replace ""brittle"" with a clearer phrase if needed.",必要なら「brittle」をより明確な表現に置き換える。,"Clarify ""repetitive"", ""brittle"", ""rift"", and ""intuitive"" in the glossary.",用語集で「repetitive」、「brittle」、「rift」、「intuitive」を明確にする。,改稿レビュー待ち,"共通レビュー文: repetitive, brittle, rift, intuitive"
2681,rift,亀裂；不和,"Replace ""rift"" with a clearer phrase if needed.",必要なら「rift」をより明確な表現に置き換える。,"Clarify ""repetitive"", ""brittle"", ""rift"", and ""intuitive"" in the glossary.",用語集で「repetitive」、「brittle」、「rift」、「intuitive」を明確にする。,改稿レビュー待ち,"共通レビュー文: repetitive, brittle, rift, intuitive"
2682,intuitive,直感的な,The intuitive option needs a clearer label.,intuitiveの選択肢には、より明確なラベルが必要だ。,"Clarify ""repetitive"", ""brittle"", ""rift"", and ""intuitive"" in the glossary.",用語集で「repetitive」、「brittle」、「rift」、「intuitive」を明確にする。,改稿レビュー待ち,"共通レビュー文: repetitive, brittle, rift, intuitive"
2683,pneumonia,肺炎,"Replace ""pneumonia"" with a clearer phrase if needed.",必要なら「pneumonia」をより明確な表現に置き換える。,"Clarify ""pneumonia"", ""perimeter"", ""airborne"", and ""shortcomings"" in the glossary.",用語集で「pneumonia」、「perimeter」、「airborne」、「shortcomings」を明確にする。,改稿レビュー待ち,"共通レビュー文: pneumonia, perimeter, airborne, shortcomings"
2684,perimeter,周囲；外周,"Replace ""perimeter"" with a clearer phrase if needed.",必要なら「perimeter」をより明確な表現に置き換える。,"Clarify ""pneumonia"", ""perimeter"", ""airborne"", and ""shortcomings"" in the glossary.",用語集で「pneumonia」、「perimeter」、「airborne」、「shortcomings」を明確にする。,改稿レビュー待ち,"共通レビュー文: pneumonia, perimeter, airborne, shortcomings"
2685,airborne,空気感染の；空中の,"Replace ""airborne"" with a clearer phrase if needed.",必要なら「airborne」をより明確な表現に置き換える。,"Clarify ""pneumonia"", ""perimeter"", ""airborne"", and ""shortcomings"" in the glossary.",用語集で「pneumonia」、「perimeter」、「airborne」、「shortcomings」を明確にする。,改稿レビュー待ち,"共通レビュー文: pneumonia, perimeter, airborne, shortcomings"
2686,shortcomings,欠点；短所,"Replace ""shortcomings"" with a clearer phrase if needed.",必要なら「shortcomings」をより明確な表現に置き換える。,"Clarify ""pneumonia"", ""perimeter"", ""airborne"", and ""shortcomings"" in the glossary.",用語集で「pneumonia」、「perimeter」、「airborne」、「shortcomings」を明確にする。,改稿レビュー待ち,"共通レビュー文: pneumonia, perimeter, airborne, shortcomings"
2687,wade,を苦労して進む；水を渡る,"Replace ""wade"" with a clearer phrase if needed.",必要なら「wade」をより明確な表現に置き換える。,"Clarify ""wade"", ""ludicrous"", ""mundane"", and ""backdrop"" in the glossary.",用語集で「wade」、「ludicrous」、「mundane」、「backdrop」を明確にする。,改稿レビュー待ち,"共通レビュー文: wade, ludicrous, mundane, backdrop"
2689,ludicrous,馬鹿げた；おかしな,The ludicrous option needs a clearer label.,ludicrousの選択肢には、より明確なラベルが必要だ。,"Clarify ""wade"", ""ludicrous"", ""mundane"", and ""backdrop"" in the glossary.",用語集で「wade」、「ludicrous」、「mundane」、「backdrop」を明確にする。,改稿レビュー待ち,"共通レビュー文: wade, ludicrous, mundane, backdrop"
2690,mundane,平凡な；世俗的な,"Replace ""mundane"" with a clearer phrase if needed.",必要なら「mundane」をより明確な表現に置き換える。,"Clarify ""wade"", ""ludicrous"", ""mundane"", and ""backdrop"" in the glossary.",用語集で「wade」、「ludicrous」、「mundane」、「backdrop」を明確にする。,改稿レビュー待ち,"共通レビュー文: wade, ludicrous, mundane, backdrop"
2691,backdrop,背景；舞台背景,"Replace ""backdrop"" with a clearer phrase if needed.",必要なら「backdrop」をより明確な表現に置き換える。,"Clarify ""wade"", ""ludicrous"", ""mundane"", and ""backdrop"" in the glossary.",用語集で「wade」、「ludicrous」、「mundane」、「backdrop」を明確にする。,改稿レビュー待ち,"共通レビュー文: wade, ludicrous, mundane, backdrop"
2692,cuisine,料理；食事,"Replace ""cuisine"" with a clearer phrase if needed.",必要なら「cuisine」をより明確な表現に置き換える。,"Clarify ""cuisine"", ""niche"", ""retrieve"", and ""envisage"" in the glossary.",用語集で「cuisine」、「niche」、「retrieve」、「envisage」を明確にする。,改稿レビュー待ち,"共通レビュー文: cuisine, niche, retrieve, envisage"
2693,niche,適所；ニッチ,"Replace ""niche"" with a clearer phrase if needed.",必要なら「niche」をより明確な表現に置き換える。,"Clarify ""cuisine"", ""niche"", ""retrieve"", and ""envisage"" in the glossary.",用語集で「cuisine」、「niche」、「retrieve」、「envisage」を明確にする。,改稿レビュー待ち,"共通レビュー文: cuisine, niche, retrieve, envisage"
2694,retrieve,取り戻す；検索する,"Replace ""retrieve"" with a clearer phrase if needed.",必要なら「retrieve」をより明確な表現に置き換える。,"Clarify ""cuisine"", ""niche"", ""retrieve"", and ""envisage"" in the glossary.",用語集で「cuisine」、「niche」、「retrieve」、「envisage」を明確にする。,改稿レビュー待ち,"共通レビュー文: cuisine, niche, retrieve, envisage"
2696,envisage,想像する；見込む,"Replace ""envisage"" with a clearer phrase if needed.",必要なら「envisage」をより明確な表現に置き換える。,"Clarify ""cuisine"", ""niche"", ""retrieve"", and ""envisage"" in the glossary.",用語集で「cuisine」、「niche」、「retrieve」、「envisage」を明確にする。,改稿レビュー待ち,"共通レビュー文: cuisine, niche, retrieve, envisage"
2697,continuum,連続体,"Replace ""continuum"" with a clearer phrase if needed.",必要なら「continuum」をより明確な表現に置き換える。,"Clarify ""continuum"", ""perverse"", ""residue"", and ""exodus"" in the glossary.",用語集で「continuum」、「perverse」、「residue」、「exodus」を明確にする。,改稿レビュー待ち,"共通レビュー文: continuum, perverse, residue, exodus"
2698,perverse,ひねくれた；道理に反した,"Replace ""perverse"" with a clearer phrase if needed.",必要なら「perverse」をより明確な表現に置き換える。,"Clarify ""continuum"", ""perverse"", ""residue"", and ""exodus"" in the glossary.",用語集で「continuum」、「perverse」、「residue」、「exodus」を明確にする。,改稿レビュー待ち,"共通レビュー文: continuum, perverse, residue, exodus"
2699,residue,残留物,"Replace ""residue"" with a clearer phrase if needed.",必要なら「residue」をより明確な表現に置き換える。,"Clarify ""continuum"", ""perverse"", ""residue"", and ""exodus"" in the glossary.",用語集で「continuum」、「perverse」、「residue」、「exodus」を明確にする。,改稿レビュー待ち,"共通レビュー文: continuum, perverse, residue, exodus"
2700,exodus,大移動；脱出,"Replace ""exodus"" with a clearer phrase if needed.",必要なら「exodus」をより明確な表現に置き換える。,"Clarify ""continuum"", ""perverse"", ""residue"", and ""exodus"" in the glossary.",用語集で「continuum」、「perverse」、「residue」、「exodus」を明確にする。,改稿レビュー待ち,"共通レビュー文: continuum, perverse, residue, exodus"
2701,wedge,くさび；を割り込ませる,"Replace ""wedge"" with a clearer phrase if needed.",必要なら「wedge」をより明確な表現に置き換える。,"Clarify ""wedge"", ""meagre"", ""deduction"", and ""bout"" in the glossary.",用語集で「wedge」、「meagre」、「deduction」、「bout」を明確にする。,改稿レビュー待ち,"共通レビュー文: wedge, meagre, deduction, bout"
2702,meagre,乏しい；不十分な,"Replace ""meagre"" with a clearer phrase if needed.",必要なら「meagre」をより明確な表現に置き換える。,"Clarify ""wedge"", ""meagre"", ""deduction"", and ""bout"" in the glossary.",用語集で「wedge」、「meagre」、「deduction」、「bout」を明確にする。,改稿レビュー待ち,"共通レビュー文: wedge, meagre, deduction, bout"
2703,deduction,控除；推論,Clarify the deduction before the next review.,次のレビュー前にdeductionを明確にする。,"Clarify ""wedge"", ""meagre"", ""deduction"", and ""bout"" in the glossary.",用語集で「wedge」、「meagre」、「deduction」、「bout」を明確にする。,改稿レビュー待ち,"共通レビュー文: wedge, meagre, deduction, bout"
2704,bout,一試合；発作,"Replace ""bout"" with a clearer phrase if needed.",必要なら「bout」をより明確な表現に置き換える。,"Clarify ""wedge"", ""meagre"", ""deduction"", and ""bout"" in the glossary.",用語集で「wedge」、「meagre」、「deduction」、「bout」を明確にする。,改稿レビュー待ち,"共通レビュー文: wedge, meagre, deduction, bout"
2705,fuse,ヒューズ；を融合させる,"Replace ""fuse"" with a clearer phrase if needed.",必要なら「fuse」をより明確な表現に置き換える。,"Clarify ""fuse"", ""entail"", ""fracture"", and ""populate"" in the glossary.",用語集で「fuse」、「entail」、「fracture」、「populate」を明確にする。,改稿レビュー待ち,"共通レビュー文: fuse, entail, fracture, populate"
2706,entail,を伴う；必要とする,"Replace ""entail"" with a clearer phrase if needed.",必要なら「entail」をより明確な表現に置き換える。,"Clarify ""fuse"", ""entail"", ""fracture"", and ""populate"" in the glossary.",用語集で「fuse」、「entail」、「fracture」、「populate」を明確にする。,改稿レビュー待ち,"共通レビュー文: fuse, entail, fracture, populate"
2707,fracture,骨折；亀裂,"Replace ""fracture"" with a clearer phrase if needed.",必要なら「fracture」をより明確な表現に置き換える。,"Clarify ""fuse"", ""entail"", ""fracture"", and ""populate"" in the glossary.",用語集で「fuse」、「entail」、「fracture」、「populate」を明確にする。,改稿レビュー待ち,"共通レビュー文: fuse, entail, fracture, populate"
2708,populate,に住む；を居住させる,"Replace ""populate"" with a clearer phrase if needed.",必要なら「populate」をより明確な表現に置き換える。,"Clarify ""fuse"", ""entail"", ""fracture"", and ""populate"" in the glossary.",用語集で「fuse」、「entail」、「fracture」、「populate」を明確にする。,改稿レビュー待ち,"共通レビュー文: fuse, entail, fracture, populate"
2709,flicker,ちらつく；揺らめく,"Replace ""flicker"" with a clearer phrase if needed.",必要なら「flicker」をより明確な表現に置き換える。,"Clarify ""flicker"", ""devoid"", ""leisurely"", and ""vogue"" in the glossary.",用語集で「flicker」、「devoid」、「leisurely」、「vogue」を明確にする。,改稿レビュー待ち,"共通レビュー文: flicker, devoid, leisurely, vogue"
2711,devoid,〜を欠いた；全くない,"Replace ""devoid"" with a clearer phrase if needed.",必要なら「devoid」をより明確な表現に置き換える。,"Clarify ""flicker"", ""devoid"", ""leisurely"", and ""vogue"" in the glossary.",用語集で「flicker」、「devoid」、「leisurely」、「vogue」を明確にする。,改稿レビュー待ち,"共通レビュー文: flicker, devoid, leisurely, vogue"
2712,leisurely,のんびりした；悠々と,"Use ""leisurely"" carefully in helper text.",ヘルプ文では「leisurely」を慎重に使う。,"Clarify ""flicker"", ""devoid"", ""leisurely"", and ""vogue"" in the glossary.",用語集で「flicker」、「devoid」、「leisurely」、「vogue」を明確にする。,改稿レビュー待ち,"共通レビュー文: flicker, devoid, leisurely, vogue"
2713,vogue,流行；人気,"Replace ""vogue"" with a clearer phrase if needed.",必要なら「vogue」をより明確な表現に置き換える。,"Clarify ""flicker"", ""devoid"", ""leisurely"", and ""vogue"" in the glossary.",用語集で「flicker」、「devoid」、「leisurely」、「vogue」を明確にする。,改稿レビュー待ち,"共通レビュー文: flicker, devoid, leisurely, vogue"
2714,manageable,扱いやすい；管理できる,The manageable option needs a clearer label.,manageableの選択肢には、より明確なラベルが必要だ。,"Clarify ""manageable"", ""discrepancy"", ""vaccine"", and ""feat"" in the glossary.",用語集で「manageable」、「discrepancy」、「vaccine」、「feat」を明確にする。,改稿レビュー待ち,"共通レビュー文: manageable, discrepancy, vaccine, feat"
2715,discrepancy,矛盾；食い違い,"Replace ""discrepancy"" with a clearer phrase if needed.",必要なら「discrepancy」をより明確な表現に置き換える。,"Clarify ""manageable"", ""discrepancy"", ""vaccine"", and ""feat"" in the glossary.",用語集で「manageable」、「discrepancy」、「vaccine」、「feat」を明確にする。,改稿レビュー待ち,"共通レビュー文: manageable, discrepancy, vaccine, feat"
2716,vaccine,ワクチン,"Replace ""vaccine"" with a clearer phrase if needed.",必要なら「vaccine」をより明確な表現に置き換える。,"Clarify ""manageable"", ""discrepancy"", ""vaccine"", and ""feat"" in the glossary.",用語集で「manageable」、「discrepancy」、「vaccine」、「feat」を明確にする。,改稿レビュー待ち,"共通レビュー文: manageable, discrepancy, vaccine, feat"
2717,feat,偉業；功績,"Replace ""feat"" with a clearer phrase if needed.",必要なら「feat」をより明確な表現に置き換える。,"Clarify ""manageable"", ""discrepancy"", ""vaccine"", and ""feat"" in the glossary.",用語集で「manageable」、「discrepancy」、「vaccine」、「feat」を明確にする。,改稿レビュー待ち,"共通レビュー文: manageable, discrepancy, vaccine, feat"
2718,distaste,嫌悪；反感,"Replace ""distaste"" with a clearer phrase if needed.",必要なら「distaste」をより明確な表現に置き換える。,"Clarify ""distaste"", ""pervasive"", ""agitate"", and ""placebo"" in the glossary.",用語集で「distaste」、「pervasive」、「agitate」、「placebo」を明確にする。,改稿レビュー待ち,"共通レビュー文: distaste, pervasive, agitate, placebo"
2719,pervasive,蔓延した；広く行き渡る,The pervasive option needs a clearer label.,pervasiveの選択肢には、より明確なラベルが必要だ。,"Clarify ""distaste"", ""pervasive"", ""agitate"", and ""placebo"" in the glossary.",用語集で「distaste」、「pervasive」、「agitate」、「placebo」を明確にする。,改稿レビュー待ち,"共通レビュー文: distaste, pervasive, agitate, placebo"
2720,agitate,を動揺させる；かき混ぜる,"Replace ""agitate"" with a clearer phrase if needed.",必要なら「agitate」をより明確な表現に置き換える。,"Clarify ""distaste"", ""pervasive"", ""agitate"", and ""placebo"" in the glossary.",用語集で「distaste」、「pervasive」、「agitate」、「placebo」を明確にする。,改稿レビュー待ち,"共通レビュー文: distaste, pervasive, agitate, placebo"
2721,placebo,プラセボ；偽薬,"Replace ""placebo"" with a clearer phrase if needed.",必要なら「placebo」をより明確な表現に置き換える。,"Clarify ""distaste"", ""pervasive"", ""agitate"", and ""placebo"" in the glossary.",用語集で「distaste」、「pervasive」、「agitate」、「placebo」を明確にする。,改稿レビュー待ち,"共通レビュー文: distaste, pervasive, agitate, placebo"
2722,kindle,に火をつける；を燃え立たせる,"Replace ""kindle"" with a clearer phrase if needed.",必要なら「kindle」をより明確な表現に置き換える。,"Clarify ""kindle"", ""womb"", ""calibre"", and ""entangle"" in the glossary.",用語集で「kindle」、「womb」、「calibre」、「entangle」を明確にする。,改稿レビュー待ち,"共通レビュー文: kindle, womb, calibre, entangle"
2723,womb,子宮,"Replace ""womb"" with a clearer phrase if needed.",必要なら「womb」をより明確な表現に置き換える。,"Clarify ""kindle"", ""womb"", ""calibre"", and ""entangle"" in the glossary.",用語集で「kindle」、「womb」、「calibre」、「entangle」を明確にする。,改稿レビュー待ち,"共通レビュー文: kindle, womb, calibre, entangle"
2725,calibre,口径；能力；品質,"Replace ""calibre"" with a clearer phrase if needed.",必要なら「calibre」をより明確な表現に置き換える。,"Clarify ""kindle"", ""womb"", ""calibre"", and ""entangle"" in the glossary.",用語集で「kindle」、「womb」、「calibre」、「entangle」を明確にする。,改稿レビュー待ち,"共通レビュー文: kindle, womb, calibre, entangle"
2726,entangle,を絡ませる；巻き込む,"Replace ""entangle"" with a clearer phrase if needed.",必要なら「entangle」をより明確な表現に置き換える。,"Clarify ""kindle"", ""womb"", ""calibre"", and ""entangle"" in the glossary.",用語集で「kindle」、「womb」、「calibre」、「entangle」を明確にする。,改稿レビュー待ち,"共通レビュー文: kindle, womb, calibre, entangle"
2727,alight,降りる；輝いている,"Replace ""alight"" with a clearer phrase if needed.",必要なら「alight」をより明確な表現に置き換える。,"Clarify ""alight"", ""relentless"", ""reflex"", and ""catalyst"" in the glossary.",用語集で「alight」、「relentless」、「reflex」、「catalyst」を明確にする。,改稿レビュー待ち,"共通レビュー文: alight, relentless, reflex, catalyst"
2728,relentless,執拗な；容赦ない,The relentless option needs a clearer label.,relentlessの選択肢には、より明確なラベルが必要だ。,"Clarify ""alight"", ""relentless"", ""reflex"", and ""catalyst"" in the glossary.",用語集で「alight」、「relentless」、「reflex」、「catalyst」を明確にする。,改稿レビュー待ち,"共通レビュー文: alight, relentless, reflex, catalyst"
2729,reflex,反射；反応,"Replace ""reflex"" with a clearer phrase if needed.",必要なら「reflex」をより明確な表現に置き換える。,"Clarify ""alight"", ""relentless"", ""reflex"", and ""catalyst"" in the glossary.",用語集で「alight」、「relentless」、「reflex」、「catalyst」を明確にする。,改稿レビュー待ち,"共通レビュー文: alight, relentless, reflex, catalyst"
2730,catalyst,触媒；きっかけ,"Replace ""catalyst"" with a clearer phrase if needed.",必要なら「catalyst」をより明確な表現に置き換える。,"Clarify ""alight"", ""relentless"", ""reflex"", and ""catalyst"" in the glossary.",用語集で「alight」、「relentless」、「reflex」、「catalyst」を明確にする。,改稿レビュー待ち,"共通レビュー文: alight, relentless, reflex, catalyst"
2732,antiquity,古代；古さ,Clarify the antiquity before the next review.,次のレビュー前にantiquityを明確にする。,"Clarify ""antiquity"", ""courier"", ""revert"", and ""resonance"" in the glossary.",用語集で「antiquity」、「courier」、「revert」、「resonance」を明確にする。,改稿レビュー待ち,"共通レビュー文: antiquity, courier, revert, resonance"
2733,courier,宅配業者；使者,"Replace ""courier"" with a clearer phrase if needed.",必要なら「courier」をより明確な表現に置き換える。,"Clarify ""antiquity"", ""courier"", ""revert"", and ""resonance"" in the glossary.",用語集で「antiquity」、「courier」、「revert」、「resonance」を明確にする。,改稿レビュー待ち,"共通レビュー文: antiquity, courier, revert, resonance"
2734,revert,に戻る；逆戻りする,"Replace ""revert"" with a clearer phrase if needed.",必要なら「revert」をより明確な表現に置き換える。,"Clarify ""antiquity"", ""courier"", ""revert"", and ""resonance"" in the glossary.",用語集で「antiquity」、「courier」、「revert」、「resonance」を明確にする。,改稿レビュー待ち,"共通レビュー文: antiquity, courier, revert, resonance"
2735,resonance,共鳴；反響,Clarify the resonance before the next review.,次のレビュー前にresonanceを明確にする。,"Clarify ""antiquity"", ""courier"", ""revert"", and ""resonance"" in the glossary.",用語集で「antiquity」、「courier」、「revert」、「resonance」を明確にする。,改稿レビュー待ち,"共通レビュー文: antiquity, courier, revert, resonance"
2736,proxy,代理人；代理,"Replace ""proxy"" with a clearer phrase if needed.",必要なら「proxy」をより明確な表現に置き換える。,"Clarify ""proxy"", ""inaugurate"", ""precarious"", and ""victimise"" in the glossary.",用語集で「proxy」、「inaugurate」、「precarious」、「victimise」を明確にする。,改稿レビュー待ち,"共通レビュー文: proxy, inaugurate, precarious, victimise"
2737,inaugurate,を開始する；就任させる,"Replace ""inaugurate"" with a clearer phrase if needed.",必要なら「inaugurate」をより明確な表現に置き換える。,"Clarify ""proxy"", ""inaugurate"", ""precarious"", and ""victimise"" in the glossary.",用語集で「proxy」、「inaugurate」、「precarious」、「victimise」を明確にする。,改稿レビュー待ち,"共通レビュー文: proxy, inaugurate, precarious, victimise"
2739,precarious,不安定な；危険な,The precarious option needs a clearer label.,precariousの選択肢には、より明確なラベルが必要だ。,"Clarify ""proxy"", ""inaugurate"", ""precarious"", and ""victimise"" in the glossary.",用語集で「proxy」、「inaugurate」、「precarious」、「victimise」を明確にする。,改稿レビュー待ち,"共通レビュー文: proxy, inaugurate, precarious, victimise"
2740,victimise,を犠牲にする；を迫害する,"Replace ""victimise"" with a clearer phrase if needed.",必要なら「victimise」をより明確な表現に置き換える。,"Clarify ""proxy"", ""inaugurate"", ""precarious"", and ""victimise"" in the glossary.",用語集で「proxy」、「inaugurate」、「precarious」、「victimise」を明確にする。,改稿レビュー待ち,"共通レビュー文: proxy, inaugurate, precarious, victimise"
2741,benevolent,親切な；慈悲深い,"Replace ""benevolent"" with a clearer phrase if needed.",必要なら「benevolent」をより明確な表現に置き換える。,"Clarify ""benevolent"", ""ingenuity"", ""sporadic"", and ""refund"" in the glossary.",用語集で「benevolent」、「ingenuity」、「sporadic」、「refund」を明確にする。,改稿レビュー待ち,"共通レビュー文: benevolent, ingenuity, sporadic, refund"
2742,ingenuity,創意工夫,Clarify the ingenuity before the next review.,次のレビュー前にingenuityを明確にする。,"Clarify ""benevolent"", ""ingenuity"", ""sporadic"", and ""refund"" in the glossary.",用語集で「benevolent」、「ingenuity」、「sporadic」、「refund」を明確にする。,改稿レビュー待ち,"共通レビュー文: benevolent, ingenuity, sporadic, refund"
2743,sporadic,散発的な；不定期の,The sporadic option needs a clearer label.,sporadicの選択肢には、より明確なラベルが必要だ。,"Clarify ""benevolent"", ""ingenuity"", ""sporadic"", and ""refund"" in the glossary.",用語集で「benevolent」、「ingenuity」、「sporadic」、「refund」を明確にする。,改稿レビュー待ち,"共通レビュー文: benevolent, ingenuity, sporadic, refund"
2744,refund,払い戻し；を払い戻す,"Replace ""refund"" with a clearer phrase if needed.",必要なら「refund」をより明確な表現に置き換える。,"Clarify ""benevolent"", ""ingenuity"", ""sporadic"", and ""refund"" in the glossary.",用語集で「benevolent」、「ingenuity」、「sporadic」、「refund」を明確にする。,改稿レビュー待ち,"共通レビュー文: benevolent, ingenuity, sporadic, refund"
2745,diffuse,を広める；散漫な,"Replace ""diffuse"" with a clearer phrase if needed.",必要なら「diffuse」をより明確な表現に置き換える。,"Clarify ""diffuse"", ""vibrant"", ""aroma"", and ""havoc"" in the glossary.",用語集で「diffuse」、「vibrant」、「aroma」、「havoc」を明確にする。,改稿レビュー待ち,"共通レビュー文: diffuse, vibrant, aroma, havoc"
2746,vibrant,活気のある；鮮やかな,"Replace ""vibrant"" with a clearer phrase if needed.",必要なら「vibrant」をより明確な表現に置き換える。,"Clarify ""diffuse"", ""vibrant"", ""aroma"", and ""havoc"" in the glossary.",用語集で「diffuse」、「vibrant」、「aroma」、「havoc」を明確にする。,改稿レビュー待ち,"共通レビュー文: diffuse, vibrant, aroma, havoc"
2747,aroma,芳香；香り,"Replace ""aroma"" with a clearer phrase if needed.",必要なら「aroma」をより明確な表現に置き換える。,"Clarify ""diffuse"", ""vibrant"", ""aroma"", and ""havoc"" in the glossary.",用語集で「diffuse」、「vibrant」、「aroma」、「havoc」を明確にする。,改稿レビュー待ち,"共通レビュー文: diffuse, vibrant, aroma, havoc"
2748,havoc,大惨事；混乱,"Replace ""havoc"" with a clearer phrase if needed.",必要なら「havoc」をより明確な表現に置き換える。,"Clarify ""diffuse"", ""vibrant"", ""aroma"", and ""havoc"" in the glossary.",用語集で「diffuse」、「vibrant」、「aroma」、「havoc」を明確にする。,改稿レビュー待ち,"共通レビュー文: diffuse, vibrant, aroma, havoc"
2749,renewable,再生可能な；更新できる,The renewable option needs a clearer label.,renewableの選択肢には、より明確なラベルが必要だ。,"Clarify ""renewable"", ""insecure"", ""lag"", and ""oblivious"" in the glossary.",用語集で「renewable」、「insecure」、「lag」、「oblivious」を明確にする。,改稿レビュー待ち,"共通レビュー文: renewable, insecure, lag, oblivious"
2750,insecure,不安定な；自信がない,"Replace ""insecure"" with a clearer phrase if needed.",必要なら「insecure」をより明確な表現に置き換える。,"Clarify ""renewable"", ""insecure"", ""lag"", and ""oblivious"" in the glossary.",用語集で「renewable」、「insecure」、「lag」、「oblivious」を明確にする。,改稿レビュー待ち,"共通レビュー文: renewable, insecure, lag, oblivious"
2751,lag,遅れる；遅延,"Replace ""lag"" with a clearer phrase if needed.",必要なら「lag」をより明確な表現に置き換える。,"Clarify ""renewable"", ""insecure"", ""lag"", and ""oblivious"" in the glossary.",用語集で「renewable」、「insecure」、「lag」、「oblivious」を明確にする。,改稿レビュー待ち,"共通レビュー文: renewable, insecure, lag, oblivious"
2753,oblivious,気づかない；忘れた,The oblivious option needs a clearer label.,obliviousの選択肢には、より明確なラベルが必要だ。,"Clarify ""renewable"", ""insecure"", ""lag"", and ""oblivious"" in the glossary.",用語集で「renewable」、「insecure」、「lag」、「oblivious」を明確にする。,改稿レビュー待ち,"共通レビュー文: renewable, insecure, lag, oblivious"
2754,emulate,に倣う；をまねる,"Replace ""emulate"" with a clearer phrase if needed.",必要なら「emulate」をより明確な表現に置き換える。,"Clarify ""emulate"", ""burrow"", ""freshwater"", and ""fidelity"" in the glossary.",用語集で「emulate」、「burrow」、「freshwater」、「fidelity」を明確にする。,改稿レビュー待ち,"共通レビュー文: emulate, burrow, freshwater, fidelity"
2755,burrow,穴を掘る；巣穴,"Replace ""burrow"" with a clearer phrase if needed.",必要なら「burrow」をより明確な表現に置き換える。,"Clarify ""emulate"", ""burrow"", ""freshwater"", and ""fidelity"" in the glossary.",用語集で「emulate」、「burrow」、「freshwater」、「fidelity」を明確にする。,改稿レビュー待ち,"共通レビュー文: emulate, burrow, freshwater, fidelity"
2756,freshwater,淡水の,"Replace ""freshwater"" with a clearer phrase if needed.",必要なら「freshwater」をより明確な表現に置き換える。,"Clarify ""emulate"", ""burrow"", ""freshwater"", and ""fidelity"" in the glossary.",用語集で「emulate」、「burrow」、「freshwater」、「fidelity」を明確にする。,改稿レビュー待ち,"共通レビュー文: emulate, burrow, freshwater, fidelity"
2757,fidelity,忠実さ；誠実,Clarify the fidelity before the next review.,次のレビュー前にfidelityを明確にする。,"Clarify ""emulate"", ""burrow"", ""freshwater"", and ""fidelity"" in the glossary.",用語集で「emulate」、「burrow」、「freshwater」、「fidelity」を明確にする。,改稿レビュー待ち,"共通レビュー文: emulate, burrow, freshwater, fidelity"
2758,duplicate,複製する；複製,"Replace ""duplicate"" with a clearer phrase if needed.",必要なら「duplicate」をより明確な表現に置き換える。,"Clarify ""duplicate"", ""encompass"", ""adhesive"", and ""ornate"" in the glossary.",用語集で「duplicate」、「encompass」、「adhesive」、「ornate」を明確にする。,改稿レビュー待ち,"共通レビュー文: duplicate, encompass, adhesive, ornate"
2759,encompass,含む；取り囲む,"Replace ""encompass"" with a clearer phrase if needed.",必要なら「encompass」をより明確な表現に置き換える。,"Clarify ""duplicate"", ""encompass"", ""adhesive"", and ""ornate"" in the glossary.",用語集で「duplicate」、「encompass」、「adhesive」、「ornate」を明確にする。,改稿レビュー待ち,"共通レビュー文: duplicate, encompass, adhesive, ornate"
2760,adhesive,接着剤；粘着性の,The adhesive option needs a clearer label.,adhesiveの選択肢には、より明確なラベルが必要だ。,"Clarify ""duplicate"", ""encompass"", ""adhesive"", and ""ornate"" in the glossary.",用語集で「duplicate」、「encompass」、「adhesive」、「ornate」を明確にする。,改稿レビュー待ち,"共通レビュー文: duplicate, encompass, adhesive, ornate"
2762,ornate,装飾過多な；凝った,"Replace ""ornate"" with a clearer phrase if needed.",必要なら「ornate」をより明確な表現に置き換える。,"Clarify ""duplicate"", ""encompass"", ""adhesive"", and ""ornate"" in the glossary.",用語集で「duplicate」、「encompass」、「adhesive」、「ornate」を明確にする。,改稿レビュー待ち,"共通レビュー文: duplicate, encompass, adhesive, ornate"
2763,parasite,寄生虫；ただ乗り,"Replace ""parasite"" with a clearer phrase if needed.",必要なら「parasite」をより明確な表現に置き換える。,"Clarify ""parasite"", ""phenomenal"", ""vernacular"", and ""elasticity"" in the glossary.",用語集で「parasite」、「phenomenal」、「vernacular」、「elasticity」を明確にする。,改稿レビュー待ち,"共通レビュー文: parasite, phenomenal, vernacular, elasticity"
2764,phenomenal,驚異的な；現象の,The phenomenal option needs a clearer label.,phenomenalの選択肢には、より明確なラベルが必要だ。,"Clarify ""parasite"", ""phenomenal"", ""vernacular"", and ""elasticity"" in the glossary.",用語集で「parasite」、「phenomenal」、「vernacular」、「elasticity」を明確にする。,改稿レビュー待ち,"共通レビュー文: parasite, phenomenal, vernacular, elasticity"
2765,vernacular,方言；土地の言葉,"Replace ""vernacular"" with a clearer phrase if needed.",必要なら「vernacular」をより明確な表現に置き換える。,"Clarify ""parasite"", ""phenomenal"", ""vernacular"", and ""elasticity"" in the glossary.",用語集で「parasite」、「phenomenal」、「vernacular」、「elasticity」を明確にする。,改稿レビュー待ち,"共通レビュー文: parasite, phenomenal, vernacular, elasticity"
2766,elasticity,弾力性；伸縮性,Clarify the elasticity before the next review.,次のレビュー前にelasticityを明確にする。,"Clarify ""parasite"", ""phenomenal"", ""vernacular"", and ""elasticity"" in the glossary.",用語集で「parasite」、「phenomenal」、「vernacular」、「elasticity」を明確にする。,改稿レビュー待ち,"共通レビュー文: parasite, phenomenal, vernacular, elasticity"
2767,evoke,を呼び起こす；引き出す,"Replace ""evoke"" with a clearer phrase if needed.",必要なら「evoke」をより明確な表現に置き換える。,"Clarify ""evoke"", ""opaque"", ""activate"", and ""chic"" in the glossary.",用語集で「evoke」、「opaque」、「activate」、「chic」を明確にする。,改稿レビュー待ち,"共通レビュー文: evoke, opaque, activate, chic"
2768,opaque,不透明な,"Replace ""opaque"" with a clearer phrase if needed.",必要なら「opaque」をより明確な表現に置き換える。,"Clarify ""evoke"", ""opaque"", ""activate"", and ""chic"" in the glossary.",用語集で「evoke」、「opaque」、「activate」、「chic」を明確にする。,改稿レビュー待ち,"共通レビュー文: evoke, opaque, activate, chic"
2769,activate,を起動する；活性化する,"Replace ""activate"" with a clearer phrase if needed.",必要なら「activate」をより明確な表現に置き換える。,"Clarify ""evoke"", ""opaque"", ""activate"", and ""chic"" in the glossary.",用語集で「evoke」、「opaque」、「activate」、「chic」を明確にする。,改稿レビュー待ち,"共通レビュー文: evoke, opaque, activate, chic"
2771,chic,しゃれた；上品な,The chic option needs a clearer label.,chicの選択肢には、より明確なラベルが必要だ。,"Clarify ""evoke"", ""opaque"", ""activate"", and ""chic"" in the glossary.",用語集で「evoke」、「opaque」、「activate」、「chic」を明確にする。,改稿レビュー待ち,"共通レビュー文: evoke, opaque, activate, chic"
2772,perennial,多年草；永続する,The perennial option needs a clearer label.,perennialの選択肢には、より明確なラベルが必要だ。,"Clarify ""perennial"", ""abide"", ""onslaught"", and ""foreground"" in the glossary.",用語集で「perennial」、「abide」、「onslaught」、「foreground」を明確にする。,改稿レビュー待ち,"共通レビュー文: perennial, abide, onslaught, foreground"
2773,abide,従う；耐える,"Replace ""abide"" with a clearer phrase if needed.",必要なら「abide」をより明確な表現に置き換える。,"Clarify ""perennial"", ""abide"", ""onslaught"", and ""foreground"" in the glossary.",用語集で「perennial」、「abide」、「onslaught」、「foreground」を明確にする。,改稿レビュー待ち,"共通レビュー文: perennial, abide, onslaught, foreground"
2774,onslaught,猛攻撃；猛烈な批判,"Replace ""onslaught"" with a clearer phrase if needed.",必要なら「onslaught」をより明確な表現に置き換える。,"Clarify ""perennial"", ""abide"", ""onslaught"", and ""foreground"" in the glossary.",用語集で「perennial」、「abide」、「onslaught」、「foreground」を明確にする。,改稿レビュー待ち,"共通レビュー文: perennial, abide, onslaught, foreground"
2775,foreground,前景；を前面に出す,"Replace ""foreground"" with a clearer phrase if needed.",必要なら「foreground」をより明確な表現に置き換える。,"Clarify ""perennial"", ""abide"", ""onslaught"", and ""foreground"" in the glossary.",用語集で「perennial」、「abide」、「onslaught」、「foreground」を明確にする。,改稿レビュー待ち,"共通レビュー文: perennial, abide, onslaught, foreground"
2776,repeal,を廃止する；撤廃,The repeal option needs a clearer label.,repealの選択肢には、より明確なラベルが必要だ。,"Clarify ""repeal"", ""oversee"", ""genetics"", and ""hype"" in the glossary.",用語集で「repeal」、「oversee」、「genetics」、「hype」を明確にする。,改稿レビュー待ち,"共通レビュー文: repeal, oversee, genetics, hype"
2777,oversee,を監督する；管理する,"Replace ""oversee"" with a clearer phrase if needed.",必要なら「oversee」をより明確な表現に置き換える。,"Clarify ""repeal"", ""oversee"", ""genetics"", and ""hype"" in the glossary.",用語集で「repeal」、「oversee」、「genetics」、「hype」を明確にする。,改稿レビュー待ち,"共通レビュー文: repeal, oversee, genetics, hype"
2778,genetics,遺伝学,"Replace ""genetics"" with a clearer phrase if needed.",必要なら「genetics」をより明確な表現に置き換える。,"Clarify ""repeal"", ""oversee"", ""genetics"", and ""hype"" in the glossary.",用語集で「repeal」、「oversee」、「genetics」、「hype」を明確にする。,改稿レビュー待ち,"共通レビュー文: repeal, oversee, genetics, hype"
2780,hype,誇大広告；を宣伝する,"Replace ""hype"" with a clearer phrase if needed.",必要なら「hype」をより明確な表現に置き換える。,"Clarify ""repeal"", ""oversee"", ""genetics"", and ""hype"" in the glossary.",用語集で「repeal」、「oversee」、「genetics」、「hype」を明確にする。,改稿レビュー待ち,"共通レビュー文: repeal, oversee, genetics, hype"
2781,villain,悪人；悪役,"Replace ""villain"" with a clearer phrase if needed.",必要なら「villain」をより明確な表現に置き換える。,"Clarify ""villain"", ""pesticide"", ""disparate"", and ""fluorescent"" in the glossary.",用語集で「villain」、「pesticide」、「disparate」、「fluorescent」を明確にする。,改稿レビュー待ち,"共通レビュー文: villain, pesticide, disparate, fluorescent"
2782,pesticide,農薬；殺虫剤,"Replace ""pesticide"" with a clearer phrase if needed.",必要なら「pesticide」をより明確な表現に置き換える。,"Clarify ""villain"", ""pesticide"", ""disparate"", and ""fluorescent"" in the glossary.",用語集で「villain」、「pesticide」、「disparate」、「fluorescent」を明確にする。,改稿レビュー待ち,"共通レビュー文: villain, pesticide, disparate, fluorescent"
2783,disparate,異質な；全く異なる,"Replace ""disparate"" with a clearer phrase if needed.",必要なら「disparate」をより明確な表現に置き換える。,"Clarify ""villain"", ""pesticide"", ""disparate"", and ""fluorescent"" in the glossary.",用語集で「villain」、「pesticide」、「disparate」、「fluorescent」を明確にする。,改稿レビュー待ち,"共通レビュー文: villain, pesticide, disparate, fluorescent"
2784,fluorescent,蛍光の,"Replace ""fluorescent"" with a clearer phrase if needed.",必要なら「fluorescent」をより明確な表現に置き換える。,"Clarify ""villain"", ""pesticide"", ""disparate"", and ""fluorescent"" in the glossary.",用語集で「villain」、「pesticide」、「disparate」、「fluorescent」を明確にする。,改稿レビュー待ち,"共通レビュー文: villain, pesticide, disparate, fluorescent"
2785,eerie,不気味な；薄気味悪い,"Replace ""eerie"" with a clearer phrase if needed.",必要なら「eerie」をより明確な表現に置き換える。,"Clarify ""eerie"", ""fungus"", ""degenerate"", and ""drab"" in the glossary.",用語集で「eerie」、「fungus」、「degenerate」、「drab」を明確にする。,改稿レビュー待ち,"共通レビュー文: eerie, fungus, degenerate, drab"
2786,fungus,菌類；カビ,"Replace ""fungus"" with a clearer phrase if needed.",必要なら「fungus」をより明確な表現に置き換える。,"Clarify ""eerie"", ""fungus"", ""degenerate"", and ""drab"" in the glossary.",用語集で「eerie」、「fungus」、「degenerate」、「drab」を明確にする。,改稿レビュー待ち,"共通レビュー文: eerie, fungus, degenerate, drab"
2787,degenerate,忠実さ；誠実,"Replace ""degenerate"" with a clearer phrase if needed.",必要なら「degenerate」をより明確な表現に置き換える。,"Clarify ""eerie"", ""fungus"", ""degenerate"", and ""drab"" in the glossary.",用語集で「eerie」、「fungus」、「degenerate」、「drab」を明確にする。,改稿レビュー待ち,"共通レビュー文: eerie, fungus, degenerate, drab"
2789,drab,単調な；地味な,"Replace ""drab"" with a clearer phrase if needed.",必要なら「drab」をより明確な表現に置き換える。,"Clarify ""eerie"", ""fungus"", ""degenerate"", and ""drab"" in the glossary.",用語集で「eerie」、「fungus」、「degenerate」、「drab」を明確にする。,改稿レビュー待ち,"共通レビュー文: eerie, fungus, degenerate, drab"
2790,incarnation,化身；具現化,Clarify the incarnation before the next review.,次のレビュー前にincarnationを明確にする。,"Clarify ""incarnation"", ""invoke"", ""besiege"", and ""prowess"" in the glossary.",用語集で「incarnation」、「invoke」、「besiege」、「prowess」を明確にする。,改稿レビュー待ち,"共通レビュー文: incarnation, invoke, besiege, prowess"
2791,invoke,呼び起こす；発動する,"Replace ""invoke"" with a clearer phrase if needed.",必要なら「invoke」をより明確な表現に置き換える。,"Clarify ""incarnation"", ""invoke"", ""besiege"", and ""prowess"" in the glossary.",用語集で「incarnation」、「invoke」、「besiege」、「prowess」を明確にする。,改稿レビュー待ち,"共通レビュー文: incarnation, invoke, besiege, prowess"
2792,besiege,を包囲する；悩ませる,"Replace ""besiege"" with a clearer phrase if needed.",必要なら「besiege」をより明確な表現に置き換える。,"Clarify ""incarnation"", ""invoke"", ""besiege"", and ""prowess"" in the glossary.",用語集で「incarnation」、「invoke」、「besiege」、「prowess」を明確にする。,改稿レビュー待ち,"共通レビュー文: incarnation, invoke, besiege, prowess"
2793,prowess,優れた技能；勇気,"Replace ""prowess"" with a clearer phrase if needed.",必要なら「prowess」をより明確な表現に置き換える。,"Clarify ""incarnation"", ""invoke"", ""besiege"", and ""prowess"" in the glossary.",用語集で「incarnation」、「invoke」、「besiege」、「prowess」を明確にする。,改稿レビュー待ち,"共通レビュー文: incarnation, invoke, besiege, prowess"
2794,nip,つねる；少量,"Replace ""nip"" with a clearer phrase if needed.",必要なら「nip」をより明確な表現に置き換える。,"Clarify ""nip"", ""apathy"", ""ambivalent"", and ""barbed"" in the glossary.",用語集で「nip」、「apathy」、「ambivalent」、「barbed」を明確にする。,改稿レビュー待ち,"共通レビュー文: nip, apathy, ambivalent, barbed"
2796,apathy,無関心；無気力,"Replace ""apathy"" with a clearer phrase if needed.",必要なら「apathy」をより明確な表現に置き換える。,"Clarify ""nip"", ""apathy"", ""ambivalent"", and ""barbed"" in the glossary.",用語集で「nip」、「apathy」、「ambivalent」、「barbed」を明確にする。,改稿レビュー待ち,"共通レビュー文: nip, apathy, ambivalent, barbed"
2797,ambivalent,両面価値的な；曖昧な,"Replace ""ambivalent"" with a clearer phrase if needed.",必要なら「ambivalent」をより明確な表現に置き換える。,"Clarify ""nip"", ""apathy"", ""ambivalent"", and ""barbed"" in the glossary.",用語集で「nip」、「apathy」、「ambivalent」、「barbed」を明確にする。,改稿レビュー待ち,"共通レビュー文: nip, apathy, ambivalent, barbed"
2798,barbed,とげのある；辛辣な,"Replace ""barbed"" with a clearer phrase if needed.",必要なら「barbed」をより明確な表現に置き換える。,"Clarify ""nip"", ""apathy"", ""ambivalent"", and ""barbed"" in the glossary.",用語集で「nip」、「apathy」、「ambivalent」、「barbed」を明確にする。,改稿レビュー待ち,"共通レビュー文: nip, apathy, ambivalent, barbed"
2799,denote,を示す；意味する,"Replace ""denote"" with a clearer phrase if needed.",必要なら「denote」をより明確な表現に置き換える。,"Clarify ""denote"", ""amenity"", ""dilute"", and ""fragrant"" in the glossary.",用語集で「denote」、「amenity」、「dilute」、「fragrant」を明確にする。,改稿レビュー待ち,"共通レビュー文: denote, amenity, dilute, fragrant"
2800,amenity,設備；快適さ,Clarify the amenity before the next review.,次のレビュー前にamenityを明確にする。,"Clarify ""denote"", ""amenity"", ""dilute"", and ""fragrant"" in the glossary.",用語集で「denote」、「amenity」、「dilute」、「fragrant」を明確にする。,改稿レビュー待ち,"共通レビュー文: denote, amenity, dilute, fragrant"
2801,dilute,を薄める；希釈する,"Replace ""dilute"" with a clearer phrase if needed.",必要なら「dilute」をより明確な表現に置き換える。,"Clarify ""denote"", ""amenity"", ""dilute"", and ""fragrant"" in the glossary.",用語集で「denote」、「amenity」、「dilute」、「fragrant」を明確にする。,改稿レビュー待ち,"共通レビュー文: denote, amenity, dilute, fragrant"
2802,fragrant,香りのよい,"Replace ""fragrant"" with a clearer phrase if needed.",必要なら「fragrant」をより明確な表現に置き換える。,"Clarify ""denote"", ""amenity"", ""dilute"", and ""fragrant"" in the glossary.",用語集で「denote」、「amenity」、「dilute」、「fragrant」を明確にする。,改稿レビュー待ち,"共通レビュー文: denote, amenity, dilute, fragrant"
2803,flimsy,薄っぺらな；弱い,"Replace ""flimsy"" with a clearer phrase if needed.",必要なら「flimsy」をより明確な表現に置き換える。,"Clarify ""flimsy"", ""idiosyncratic"", ""pore"", and ""courtship"" in the glossary.",用語集で「flimsy」、「idiosyncratic」、「pore」、「courtship」を明確にする。,改稿レビュー待ち,"共通レビュー文: flimsy, idiosyncratic, pore, courtship"
2804,idiosyncratic,特異な；独特の,The idiosyncratic option needs a clearer label.,idiosyncraticの選択肢には、より明確なラベルが必要だ。,"Clarify ""flimsy"", ""idiosyncratic"", ""pore"", and ""courtship"" in the glossary.",用語集で「flimsy」、「idiosyncratic」、「pore」、「courtship」を明確にする。,改稿レビュー待ち,"共通レビュー文: flimsy, idiosyncratic, pore, courtship"
2805,pore,毛穴；を熟読する,"Replace ""pore"" with a clearer phrase if needed.",必要なら「pore」をより明確な表現に置き換える。,"Clarify ""flimsy"", ""idiosyncratic"", ""pore"", and ""courtship"" in the glossary.",用語集で「flimsy」、「idiosyncratic」、「pore」、「courtship」を明確にする。,改稿レビュー待ち,"共通レビュー文: flimsy, idiosyncratic, pore, courtship"
2806,courtship,求愛；交際,"Replace ""courtship"" with a clearer phrase if needed.",必要なら「courtship」をより明確な表現に置き換える。,"Clarify ""flimsy"", ""idiosyncratic"", ""pore"", and ""courtship"" in the glossary.",用語集で「flimsy」、「idiosyncratic」、「pore」、「courtship」を明確にする。,改稿レビュー待ち,"共通レビュー文: flimsy, idiosyncratic, pore, courtship"
2807,empathy,共感；感情移入,"Replace ""empathy"" with a clearer phrase if needed.",必要なら「empathy」をより明確な表現に置き換える。,"Clarify ""empathy"", ""counteract"", ""bolster"", and ""adept"" in the glossary.",用語集で「empathy」、「counteract」、「bolster」、「adept」を明確にする。,改稿レビュー待ち,"共通レビュー文: empathy, counteract, bolster, adept"
2808,counteract,に対抗する；を打ち消す,"Replace ""counteract"" with a clearer phrase if needed.",必要なら「counteract」をより明確な表現に置き換える。,"Clarify ""empathy"", ""counteract"", ""bolster"", and ""adept"" in the glossary.",用語集で「empathy」、「counteract」、「bolster」、「adept」を明確にする。,改稿レビュー待ち,"共通レビュー文: empathy, counteract, bolster, adept"
2809,bolster,を強化する；支える,"Replace ""bolster"" with a clearer phrase if needed.",必要なら「bolster」をより明確な表現に置き換える。,"Clarify ""empathy"", ""counteract"", ""bolster"", and ""adept"" in the glossary.",用語集で「empathy」、「counteract」、「bolster」、「adept」を明確にする。,改稿レビュー待ち,"共通レビュー文: empathy, counteract, bolster, adept"
2810,adept,熟練した；巧みな,"Replace ""adept"" with a clearer phrase if needed.",必要なら「adept」をより明確な表現に置き換える。,"Clarify ""empathy"", ""counteract"", ""bolster"", and ""adept"" in the glossary.",用語集で「empathy」、「counteract」、「bolster」、「adept」を明確にする。,改稿レビュー待ち,"共通レビュー文: empathy, counteract, bolster, adept"
2811,converse,会話する；逆の,"Replace ""converse"" with a clearer phrase if needed.",必要なら「converse」をより明確な表現に置き換える。,"Clarify ""converse"", ""backlash"", ""assortment"", and ""phantom"" in the glossary.",用語集で「converse」、「backlash」、「assortment」、「phantom」を明確にする。,改稿レビュー待ち,"共通レビュー文: converse, backlash, assortment, phantom"
2812,backlash,反発；強い反動,"Replace ""backlash"" with a clearer phrase if needed.",必要なら「backlash」をより明確な表現に置き換える。,"Clarify ""converse"", ""backlash"", ""assortment"", and ""phantom"" in the glossary.",用語集で「converse」、「backlash」、「assortment」、「phantom」を明確にする。,改稿レビュー待ち,"共通レビュー文: converse, backlash, assortment, phantom"
2813,assortment,詰め合わせ；種々混合,Clarify the assortment before the next review.,次のレビュー前にassortmentを明確にする。,"Clarify ""converse"", ""backlash"", ""assortment"", and ""phantom"" in the glossary.",用語集で「converse」、「backlash」、「assortment」、「phantom」を明確にする。,改稿レビュー待ち,"共通レビュー文: converse, backlash, assortment, phantom"
2814,phantom,幻影；幽霊,"Replace ""phantom"" with a clearer phrase if needed.",必要なら「phantom」をより明確な表現に置き換える。,"Clarify ""converse"", ""backlash"", ""assortment"", and ""phantom"" in the glossary.",用語集で「converse」、「backlash」、「assortment」、「phantom」を明確にする。,改稿レビュー待ち,"共通レビュー文: converse, backlash, assortment, phantom"
2815,acclaim,を称賛する；喝采,"Replace ""acclaim"" with a clearer phrase if needed.",必要なら「acclaim」をより明確な表現に置き換える。,"Clarify ""acclaim"", ""nomadic"", ""shuffle"", and ""evade"" in the glossary.",用語集で「acclaim」、「nomadic」、「shuffle」、「evade」を明確にする。,改稿レビュー待ち,"共通レビュー文: acclaim, nomadic, shuffle, evade"
2816,nomadic,遊牧の；放浪する,The nomadic option needs a clearer label.,nomadicの選択肢には、より明確なラベルが必要だ。,"Clarify ""acclaim"", ""nomadic"", ""shuffle"", and ""evade"" in the glossary.",用語集で「acclaim」、「nomadic」、「shuffle」、「evade」を明確にする。,改稿レビュー待ち,"共通レビュー文: acclaim, nomadic, shuffle, evade"
2817,shuffle,を混ぜる；足を引きずる,"Replace ""shuffle"" with a clearer phrase if needed.",必要なら「shuffle」をより明確な表現に置き換える。,"Clarify ""acclaim"", ""nomadic"", ""shuffle"", and ""evade"" in the glossary.",用語集で「acclaim」、「nomadic」、「shuffle」、「evade」を明確にする。,改稿レビュー待ち,"共通レビュー文: acclaim, nomadic, shuffle, evade"
2818,evade,を逃れる；回避する,"Replace ""evade"" with a clearer phrase if needed.",必要なら「evade」をより明確な表現に置き換える。,"Clarify ""acclaim"", ""nomadic"", ""shuffle"", and ""evade"" in the glossary.",用語集で「acclaim」、「nomadic」、「shuffle」、「evade」を明確にする。,改稿レビュー待ち,"共通レビュー文: acclaim, nomadic, shuffle, evade"
2819,mentor,指導者；メンター,"Replace ""mentor"" with a clearer phrase if needed.",必要なら「mentor」をより明確な表現に置き換える。,"Clarify ""mentor"", ""disfigure"", ""camouflage"", and ""pleasurable"" in the glossary.",用語集で「mentor」、「disfigure」、「camouflage」、「pleasurable」を明確にする。,改稿レビュー待ち,"共通レビュー文: mentor, disfigure, camouflage, pleasurable"
2820,disfigure,を見苦しくする；損なう,"Replace ""disfigure"" with a clearer phrase if needed.",必要なら「disfigure」をより明確な表現に置き換える。,"Clarify ""mentor"", ""disfigure"", ""camouflage"", and ""pleasurable"" in the glossary.",用語集で「mentor」、「disfigure」、「camouflage」、「pleasurable」を明確にする。,改稿レビュー待ち,"共通レビュー文: mentor, disfigure, camouflage, pleasurable"
2821,camouflage,カモフラージュ,"Replace ""camouflage"" with a clearer phrase if needed.",必要なら「camouflage」をより明確な表現に置き換える。,"Clarify ""mentor"", ""disfigure"", ""camouflage"", and ""pleasurable"" in the glossary.",用語集で「mentor」、「disfigure」、「camouflage」、「pleasurable」を明確にする。,改稿レビュー待ち,"共通レビュー文: mentor, disfigure, camouflage, pleasurable"
2822,pleasurable,楽しい；快い,The pleasurable option needs a clearer label.,pleasurableの選択肢には、より明確なラベルが必要だ。,"Clarify ""mentor"", ""disfigure"", ""camouflage"", and ""pleasurable"" in the glossary.",用語集で「mentor」、「disfigure」、「camouflage」、「pleasurable」を明確にする。,改稿レビュー待ち,"共通レビュー文: mentor, disfigure, camouflage, pleasurable"
2823,intrigue,を興味持たせる；陰謀,"Replace ""intrigue"" with a clearer phrase if needed.",必要なら「intrigue」をより明確な表現に置き換える。,"Clarify ""intrigue"", ""astronomical"", ""deteriorate"", and ""flex"" in the glossary.",用語集で「intrigue」、「astronomical」、「deteriorate」、「flex」を明確にする。,改稿レビュー待ち,"共通レビュー文: intrigue, astronomical, deteriorate, flex"
2824,astronomical,天文学的な；膨大な,The astronomical option needs a clearer label.,astronomicalの選択肢には、より明確なラベルが必要だ。,"Clarify ""intrigue"", ""astronomical"", ""deteriorate"", and ""flex"" in the glossary.",用語集で「intrigue」、「astronomical」、「deteriorate」、「flex」を明確にする。,改稿レビュー待ち,"共通レビュー文: intrigue, astronomical, deteriorate, flex"
2825,deteriorate,悪化する；劣化する,"Replace ""deteriorate"" with a clearer phrase if needed.",必要なら「deteriorate」をより明確な表現に置き換える。,"Clarify ""intrigue"", ""astronomical"", ""deteriorate"", and ""flex"" in the glossary.",用語集で「intrigue」、「astronomical」、「deteriorate」、「flex」を明確にする。,改稿レビュー待ち,"共通レビュー文: intrigue, astronomical, deteriorate, flex"
2826,flex,を曲げる；柔軟性,"Replace ""flex"" with a clearer phrase if needed.",必要なら「flex」をより明確な表現に置き換える。,"Clarify ""intrigue"", ""astronomical"", ""deteriorate"", and ""flex"" in the glossary.",用語集で「intrigue」、「astronomical」、「deteriorate」、「flex」を明確にする。,改稿レビュー待ち,"共通レビュー文: intrigue, astronomical, deteriorate, flex"
2827,facade,正面；見せかけ,"Replace ""facade"" with a clearer phrase if needed.",必要なら「facade」をより明確な表現に置き換える。,"Clarify ""facade"", ""utilitarian"", ""verify"", and ""flaw"" in the glossary.",用語集で「facade」、「utilitarian」、「verify」、「flaw」を明確にする。,改稿レビュー待ち,"共通レビュー文: facade, utilitarian, verify, flaw"
2828,utilitarian,実用的な；功利主義の,"Replace ""utilitarian"" with a clearer phrase if needed.",必要なら「utilitarian」をより明確な表現に置き換える。,"Clarify ""facade"", ""utilitarian"", ""verify"", and ""flaw"" in the glossary.",用語集で「facade」、「utilitarian」、「verify」、「flaw」を明確にする。,改稿レビュー待ち,"共通レビュー文: facade, utilitarian, verify, flaw"
2829,verify,確認する；検証する,"Replace ""verify"" with a clearer phrase if needed.",必要なら「verify」をより明確な表現に置き換える。,"Clarify ""facade"", ""utilitarian"", ""verify"", and ""flaw"" in the glossary.",用語集で「facade」、「utilitarian」、「verify」、「flaw」を明確にする。,改稿レビュー待ち,"共通レビュー文: facade, utilitarian, verify, flaw"
2830,flaw,欠点；傷,"Replace ""flaw"" with a clearer phrase if needed.",必要なら「flaw」をより明確な表現に置き換える。,"Clarify ""facade"", ""utilitarian"", ""verify"", and ""flaw"" in the glossary.",用語集で「facade」、「utilitarian」、「verify」、「flaw」を明確にする。,改稿レビュー待ち,"共通レビュー文: facade, utilitarian, verify, flaw"
2831,eradicate,を根絶する,"Replace ""eradicate"" with a clearer phrase if needed.",必要なら「eradicate」をより明確な表現に置き換える。,"Clarify ""eradicate"", ""mimic"", ""tenuous"", and ""antibiotic"" in the glossary.",用語集で「eradicate」、「mimic」、「tenuous」、「antibiotic」を明確にする。,改稿レビュー待ち,"共通レビュー文: eradicate, mimic, tenuous, antibiotic"
2832,mimic,をまねる；物まね,The mimic option needs a clearer label.,mimicの選択肢には、より明確なラベルが必要だ。,"Clarify ""eradicate"", ""mimic"", ""tenuous"", and ""antibiotic"" in the glossary.",用語集で「eradicate」、「mimic」、「tenuous」、「antibiotic」を明確にする。,改稿レビュー待ち,"共通レビュー文: eradicate, mimic, tenuous, antibiotic"
2833,tenuous,薄い；脆弱な,The tenuous option needs a clearer label.,tenuousの選択肢には、より明確なラベルが必要だ。,"Clarify ""eradicate"", ""mimic"", ""tenuous"", and ""antibiotic"" in the glossary.",用語集で「eradicate」、「mimic」、「tenuous」、「antibiotic」を明確にする。,改稿レビュー待ち,"共通レビュー文: eradicate, mimic, tenuous, antibiotic"
2834,antibiotic,抗生物質,The antibiotic option needs a clearer label.,antibioticの選択肢には、より明確なラベルが必要だ。,"Clarify ""eradicate"", ""mimic"", ""tenuous"", and ""antibiotic"" in the glossary.",用語集で「eradicate」、「mimic」、「tenuous」、「antibiotic」を明確にする。,改稿レビュー待ち,"共通レビュー文: eradicate, mimic, tenuous, antibiotic"
2835,disperse,を分散させる；散らばる,"Replace ""disperse"" with a clearer phrase if needed.",必要なら「disperse」をより明確な表現に置き換える。,"Clarify ""disperse"", ""outweigh"", ""psyche"", and ""arduous"" in the glossary.",用語集で「disperse」、「outweigh」、「psyche」、「arduous」を明確にする。,改稿レビュー待ち,"共通レビュー文: disperse, outweigh, psyche, arduous"
2836,outweigh,〜より重要である；勝る,"Replace ""outweigh"" with a clearer phrase if needed.",必要なら「outweigh」をより明確な表現に置き換える。,"Clarify ""disperse"", ""outweigh"", ""psyche"", and ""arduous"" in the glossary.",用語集で「disperse」、「outweigh」、「psyche」、「arduous」を明確にする。,改稿レビュー待ち,"共通レビュー文: disperse, outweigh, psyche, arduous"
2837,psyche,心；精神,"Replace ""psyche"" with a clearer phrase if needed.",必要なら「psyche」をより明確な表現に置き換える。,"Clarify ""disperse"", ""outweigh"", ""psyche"", and ""arduous"" in the glossary.",用語集で「disperse」、「outweigh」、「psyche」、「arduous」を明確にする。,改稿レビュー待ち,"共通レビュー文: disperse, outweigh, psyche, arduous"
2838,arduous,骨の折れる,The arduous option needs a clearer label.,arduousの選択肢には、より明確なラベルが必要だ。,"Clarify ""disperse"", ""outweigh"", ""psyche"", and ""arduous"" in the glossary.",用語集で「disperse」、「outweigh」、「psyche」、「arduous」を明確にする。,改稿レビュー待ち,"共通レビュー文: disperse, outweigh, psyche, arduous"
2839,elicit,を引き出す；を誘発する,"Replace ""elicit"" with a clearer phrase if needed.",必要なら「elicit」をより明確な表現に置き換える。,"Clarify ""elicit"", ""whim"", ""disproportionately"", and ""superfluous"" in the glossary.",用語集で「elicit」、「whim」、「disproportionately」、「superfluous」を明確にする。,改稿レビュー待ち,"共通レビュー文: elicit, whim, disproportionately, superfluous"
2840,whim,気まぐれ；ひょっとした思いつき,"Replace ""whim"" with a clearer phrase if needed.",必要なら「whim」をより明確な表現に置き換える。,"Clarify ""elicit"", ""whim"", ""disproportionately"", and ""superfluous"" in the glossary.",用語集で「elicit」、「whim」、「disproportionately」、「superfluous」を明確にする。,改稿レビュー待ち,"共通レビュー文: elicit, whim, disproportionately, superfluous"
2842,disproportionately,不釣り合いに,"Use ""disproportionately"" carefully in helper text.",ヘルプ文では「disproportionately」を慎重に使う。,"Clarify ""elicit"", ""whim"", ""disproportionately"", and ""superfluous"" in the glossary.",用語集で「elicit」、「whim」、「disproportionately」、「superfluous」を明確にする。,改稿レビュー待ち,"共通レビュー文: elicit, whim, disproportionately, superfluous"
2843,superfluous,余分な；必要以上の,The superfluous option needs a clearer label.,superfluousの選択肢には、より明確なラベルが必要だ。,"Clarify ""elicit"", ""whim"", ""disproportionately"", and ""superfluous"" in the glossary.",用語集で「elicit」、「whim」、「disproportionately」、「superfluous」を明確にする。,改稿レビュー待ち,"共通レビュー文: elicit, whim, disproportionately, superfluous"
2845,erroneous,誤った,The erroneous option needs a clearer label.,erroneousの選択肢には、より明確なラベルが必要だ。,"Clarify ""erroneous"", ""usher"", ""rectify"", and ""iceberg"" in the glossary.",用語集で「erroneous」、「usher」、「rectify」、「iceberg」を明確にする。,改稿レビュー待ち,"共通レビュー文: erroneous, usher, rectify, iceberg"
2846,usher,に案内する；案内係,"Replace ""usher"" with a clearer phrase if needed.",必要なら「usher」をより明確な表現に置き換える。,"Clarify ""erroneous"", ""usher"", ""rectify"", and ""iceberg"" in the glossary.",用語集で「erroneous」、「usher」、「rectify」、「iceberg」を明確にする。,改稿レビュー待ち,"共通レビュー文: erroneous, usher, rectify, iceberg"
2847,rectify,是正する；修正する,"Replace ""rectify"" with a clearer phrase if needed.",必要なら「rectify」をより明確な表現に置き換える。,"Clarify ""erroneous"", ""usher"", ""rectify"", and ""iceberg"" in the glossary.",用語集で「erroneous」、「usher」、「rectify」、「iceberg」を明確にする。,改稿レビュー待ち,"共通レビュー文: erroneous, usher, rectify, iceberg"
2848,iceberg,氷山,"Replace ""iceberg"" with a clearer phrase if needed.",必要なら「iceberg」をより明確な表現に置き換える。,"Clarify ""erroneous"", ""usher"", ""rectify"", and ""iceberg"" in the glossary.",用語集で「erroneous」、「usher」、「rectify」、「iceberg」を明確にする。,改稿レビュー待ち,"共通レビュー文: erroneous, usher, rectify, iceberg"
2849,murky,濁った；暗い,"Replace ""murky"" with a clearer phrase if needed.",必要なら「murky」をより明確な表現に置き換える。,"Clarify ""murky"", ""instantaneous"", ""footage"", and ""allergy"" in the glossary.",用語集で「murky」、「instantaneous」、「footage」、「allergy」を明確にする。,改稿レビュー待ち,"共通レビュー文: murky, instantaneous, footage, allergy"
2850,instantaneous,即座の；瞬間的な,The instantaneous option needs a clearer label.,instantaneousの選択肢には、より明確なラベルが必要だ。,"Clarify ""murky"", ""instantaneous"", ""footage"", and ""allergy"" in the glossary.",用語集で「murky」、「instantaneous」、「footage」、「allergy」を明確にする。,改稿レビュー待ち,"共通レビュー文: murky, instantaneous, footage, allergy"
2852,footage,映像；フィート数,"Replace ""footage"" with a clearer phrase if needed.",必要なら「footage」をより明確な表現に置き換える。,"Clarify ""murky"", ""instantaneous"", ""footage"", and ""allergy"" in the glossary.",用語集で「murky」、「instantaneous」、「footage」、「allergy」を明確にする。,改稿レビュー待ち,"共通レビュー文: murky, instantaneous, footage, allergy"
2853,allergy,アレルギー,"Replace ""allergy"" with a clearer phrase if needed.",必要なら「allergy」をより明確な表現に置き換える。,"Clarify ""murky"", ""instantaneous"", ""footage"", and ""allergy"" in the glossary.",用語集で「murky」、「instantaneous」、「footage」、「allergy」を明確にする。,改稿レビュー待ち,"共通レビュー文: murky, instantaneous, footage, allergy"
2854,foetus,胎児,"Replace ""foetus"" with a clearer phrase if needed.",必要なら「foetus」をより明確な表現に置き換える。,"Clarify ""foetus"", ""resilience"", ""deduce"", and ""deceptive"" in the glossary.",用語集で「foetus」、「resilience」、「deduce」、「deceptive」を明確にする。,改稿レビュー待ち,"共通レビュー文: foetus, resilience, deduce, deceptive"
2855,resilience,回復力；弾力性,Clarify the resilience before the next review.,次のレビュー前にresilienceを明確にする。,"Clarify ""foetus"", ""resilience"", ""deduce"", and ""deceptive"" in the glossary.",用語集で「foetus」、「resilience」、「deduce」、「deceptive」を明確にする。,改稿レビュー待ち,"共通レビュー文: foetus, resilience, deduce, deceptive"
2856,deduce,を推定する,"Replace ""deduce"" with a clearer phrase if needed.",必要なら「deduce」をより明確な表現に置き換える。,"Clarify ""foetus"", ""resilience"", ""deduce"", and ""deceptive"" in the glossary.",用語集で「foetus」、「resilience」、「deduce」、「deceptive」を明確にする。,改稿レビュー待ち,"共通レビュー文: foetus, resilience, deduce, deceptive"
2857,deceptive,欺瞞的な；紛らわしい,The deceptive option needs a clearer label.,deceptiveの選択肢には、より明確なラベルが必要だ。,"Clarify ""foetus"", ""resilience"", ""deduce"", and ""deceptive"" in the glossary.",用語集で「foetus」、「resilience」、「deduce」、「deceptive」を明確にする。,改稿レビュー待ち,"共通レビュー文: foetus, resilience, deduce, deceptive"
2859,uncanny,不思議な；超自然的な,"Replace ""uncanny"" with a clearer phrase if needed.",必要なら「uncanny」をより明確な表現に置き換える。,"Clarify ""uncanny"", ""retard"", ""pendulum"", and ""stagnant"" in the glossary.",用語集で「uncanny」、「retard」、「pendulum」、「stagnant」を明確にする。,改稿レビュー待ち,"共通レビュー文: uncanny, retard, pendulum, stagnant"
2860,retard,を遅らせる；を妨げる,"Replace ""retard"" with a clearer phrase if needed.",必要なら「retard」をより明確な表現に置き換える。,"Clarify ""uncanny"", ""retard"", ""pendulum"", and ""stagnant"" in the glossary.",用語集で「uncanny」、「retard」、「pendulum」、「stagnant」を明確にする。,改稿レビュー待ち,"共通レビュー文: uncanny, retard, pendulum, stagnant"
2861,pendulum,振り子,"Replace ""pendulum"" with a clearer phrase if needed.",必要なら「pendulum」をより明確な表現に置き換える。,"Clarify ""uncanny"", ""retard"", ""pendulum"", and ""stagnant"" in the glossary.",用語集で「uncanny」、「retard」、「pendulum」、「stagnant」を明確にする。,改稿レビュー待ち,"共通レビュー文: uncanny, retard, pendulum, stagnant"
2862,stagnant,停滞した；よどんだ,"Replace ""stagnant"" with a clearer phrase if needed.",必要なら「stagnant」をより明確な表現に置き換える。,"Clarify ""uncanny"", ""retard"", ""pendulum"", and ""stagnant"" in the glossary.",用語集で「uncanny」、「retard」、「pendulum」、「stagnant」を明確にする。,改稿レビュー待ち,"共通レビュー文: uncanny, retard, pendulum, stagnant"
2863,collaborate,協力する；共同作業する,"Replace ""collaborate"" with a clearer phrase if needed.",必要なら「collaborate」をより明確な表現に置き換える。,"Clarify ""collaborate"", ""observatory"", ""avert"", and ""boulevard"" in the glossary.",用語集で「collaborate」、「observatory」、「avert」、「boulevard」を明確にする。,改稿レビュー待ち,"共通レビュー文: collaborate, observatory, avert, boulevard"
2864,observatory,天文台；観測所,"Replace ""observatory"" with a clearer phrase if needed.",必要なら「observatory」をより明確な表現に置き換える。,"Clarify ""collaborate"", ""observatory"", ""avert"", and ""boulevard"" in the glossary.",用語集で「collaborate」、「observatory」、「avert」、「boulevard」を明確にする。,改稿レビュー待ち,"共通レビュー文: collaborate, observatory, avert, boulevard"
2866,avert,をそらす；を回避する,"Replace ""avert"" with a clearer phrase if needed.",必要なら「avert」をより明確な表現に置き換える。,"Clarify ""collaborate"", ""observatory"", ""avert"", and ""boulevard"" in the glossary.",用語集で「collaborate」、「observatory」、「avert」、「boulevard」を明確にする。,改稿レビュー待ち,"共通レビュー文: collaborate, observatory, avert, boulevard"
2867,boulevard,大通り；並木道,"Replace ""boulevard"" with a clearer phrase if needed.",必要なら「boulevard」をより明確な表現に置き換える。,"Clarify ""collaborate"", ""observatory"", ""avert"", and ""boulevard"" in the glossary.",用語集で「collaborate」、「observatory」、「avert」、「boulevard」を明確にする。,改稿レビュー待ち,"共通レビュー文: collaborate, observatory, avert, boulevard"
2868,deploy,を展開する；配備する,"Replace ""deploy"" with a clearer phrase if needed.",必要なら「deploy」をより明確な表現に置き換える。,"Clarify ""deploy"", ""conjunction"", ""treatise"", and ""collateral"" in the glossary.",用語集で「deploy」、「conjunction」、「treatise」、「collateral」を明確にする。,改稿レビュー待ち,"共通レビュー文: deploy, conjunction, treatise, collateral"
2869,conjunction,接続詞；結合,Clarify the conjunction before the next review.,次のレビュー前にconjunctionを明確にする。,"Clarify ""deploy"", ""conjunction"", ""treatise"", and ""collateral"" in the glossary.",用語集で「deploy」、「conjunction」、「treatise」、「collateral」を明確にする。,改稿レビュー待ち,"共通レビュー文: deploy, conjunction, treatise, collateral"
2870,treatise,論文；学術書,"Replace ""treatise"" with a clearer phrase if needed.",必要なら「treatise」をより明確な表現に置き換える。,"Clarify ""deploy"", ""conjunction"", ""treatise"", and ""collateral"" in the glossary.",用語集で「deploy」、「conjunction」、「treatise」、「collateral」を明確にする。,改稿レビュー待ち,"共通レビュー文: deploy, conjunction, treatise, collateral"
2871,collateral,付随的な；担保,The collateral option needs a clearer label.,collateralの選択肢には、より明確なラベルが必要だ。,"Clarify ""deploy"", ""conjunction"", ""treatise"", and ""collateral"" in the glossary.",用語集で「deploy」、「conjunction」、「treatise」、「collateral」を明確にする。,改稿レビュー待ち,"共通レビュー文: deploy, conjunction, treatise, collateral"
2873,revulsion,強い嫌悪感,Clarify the revulsion before the next review.,次のレビュー前にrevulsionを明確にする。,"Clarify ""revulsion"", ""sewer"", ""conjecture"", and ""heave"" in the glossary.",用語集で「revulsion」、「sewer」、「conjecture」、「heave」を明確にする。,改稿レビュー待ち,"共通レビュー文: revulsion, sewer, conjecture, heave"
2874,sewer,下水道；縫い手,"Replace ""sewer"" with a clearer phrase if needed.",必要なら「sewer」をより明確な表現に置き換える。,"Clarify ""revulsion"", ""sewer"", ""conjecture"", and ""heave"" in the glossary.",用語集で「revulsion」、「sewer」、「conjecture」、「heave」を明確にする。,改稿レビュー待ち,"共通レビュー文: revulsion, sewer, conjecture, heave"
2875,conjecture,推測；憶測,"Replace ""conjecture"" with a clearer phrase if needed.",必要なら「conjecture」をより明確な表現に置き換える。,"Clarify ""revulsion"", ""sewer"", ""conjecture"", and ""heave"" in the glossary.",用語集で「revulsion」、「sewer」、「conjecture」、「heave」を明確にする。,改稿レビュー待ち,"共通レビュー文: revulsion, sewer, conjecture, heave"
2876,heave,を持ち上げる；うねり,"Replace ""heave"" with a clearer phrase if needed.",必要なら「heave」をより明確な表現に置き換える。,"Clarify ""revulsion"", ""sewer"", ""conjecture"", and ""heave"" in the glossary.",用語集で「revulsion」、「sewer」、「conjecture」、「heave」を明確にする。,改稿レビュー待ち,"共通レビュー文: revulsion, sewer, conjecture, heave"
2877,mistrust,不信；を疑う,"Replace ""mistrust"" with a clearer phrase if needed.",必要なら「mistrust」をより明確な表現に置き換える。,"Clarify ""mistrust"", ""flop"", ""milestone"", and ""paralysis"" in the glossary.",用語集で「mistrust」、「flop」、「milestone」、「paralysis」を明確にする。,改稿レビュー待ち,"共通レビュー文: mistrust, flop, milestone, paralysis"
2878,flop,失敗する；どさりと倒れる,"Replace ""flop"" with a clearer phrase if needed.",必要なら「flop」をより明確な表現に置き換える。,"Clarify ""mistrust"", ""flop"", ""milestone"", and ""paralysis"" in the glossary.",用語集で「mistrust」、「flop」、「milestone」、「paralysis」を明確にする。,改稿レビュー待ち,"共通レビュー文: mistrust, flop, milestone, paralysis"
2879,milestone,節目；里程標,"Replace ""milestone"" with a clearer phrase if needed.",必要なら「milestone」をより明確な表現に置き換える。,"Clarify ""mistrust"", ""flop"", ""milestone"", and ""paralysis"" in the glossary.",用語集で「mistrust」、「flop」、「milestone」、「paralysis」を明確にする。,改稿レビュー待ち,"共通レビュー文: mistrust, flop, milestone, paralysis"
2880,paralysis,麻痺；停止,"Replace ""paralysis"" with a clearer phrase if needed.",必要なら「paralysis」をより明確な表現に置き換える。,"Clarify ""mistrust"", ""flop"", ""milestone"", and ""paralysis"" in the glossary.",用語集で「mistrust」、「flop」、「milestone」、「paralysis」を明確にする。,改稿レビュー待ち,"共通レビュー文: mistrust, flop, milestone, paralysis"
2883,foresight,先見性；予見,"Replace ""foresight"" with a clearer phrase if needed.",必要なら「foresight」をより明確な表現に置き換える。,"Clarify ""foresight"", ""painstaking"", ""recapture"", and ""demolish"" in the glossary.",用語集で「foresight」、「painstaking」、「recapture」、「demolish」を明確にする。,改稿レビュー待ち,"共通レビュー文: foresight, painstaking, recapture, demolish"
2884,painstaking,入念な；丹念な,"Replace ""painstaking"" with a clearer phrase if needed.",必要なら「painstaking」をより明確な表現に置き換える。,"Clarify ""foresight"", ""painstaking"", ""recapture"", and ""demolish"" in the glossary.",用語集で「foresight」、「painstaking」、「recapture」、「demolish」を明確にする。,改稿レビュー待ち,"共通レビュー文: foresight, painstaking, recapture, demolish"
2885,recapture,を取り戻す；再逮捕,"Replace ""recapture"" with a clearer phrase if needed.",必要なら「recapture」をより明確な表現に置き換える。,"Clarify ""foresight"", ""painstaking"", ""recapture"", and ""demolish"" in the glossary.",用語集で「foresight」、「painstaking」、「recapture」、「demolish」を明確にする。,改稿レビュー待ち,"共通レビュー文: foresight, painstaking, recapture, demolish"
2886,demolish,を取り壊す；破壊する,"Replace ""demolish"" with a clearer phrase if needed.",必要なら「demolish」をより明確な表現に置き換える。,"Clarify ""foresight"", ""painstaking"", ""recapture"", and ""demolish"" in the glossary.",用語集で「foresight」、「painstaking」、「recapture」、「demolish」を明確にする。,改稿レビュー待ち,"共通レビュー文: foresight, painstaking, recapture, demolish"
2887,digit,数字；指,"Replace ""digit"" with a clearer phrase if needed.",必要なら「digit」をより明確な表現に置き換える。,"Clarify ""digit"", ""nutrient"", ""culprit"", and ""spawn"" in the glossary.",用語集で「digit」、「nutrient」、「culprit」、「spawn」を明確にする。,改稿レビュー待ち,"共通レビュー文: digit, nutrient, culprit, spawn"
2891,nutrient,栄養素；栄養分,"Replace ""nutrient"" with a clearer phrase if needed.",必要なら「nutrient」をより明確な表現に置き換える。,"Clarify ""digit"", ""nutrient"", ""culprit"", and ""spawn"" in the glossary.",用語集で「digit」、「nutrient」、「culprit」、「spawn」を明確にする。,改稿レビュー待ち,"共通レビュー文: digit, nutrient, culprit, spawn"
2892,culprit,犯人；原因,"Replace ""culprit"" with a clearer phrase if needed.",必要なら「culprit」をより明確な表現に置き換える。,"Clarify ""digit"", ""nutrient"", ""culprit"", and ""spawn"" in the glossary.",用語集で「digit」、「nutrient」、「culprit」、「spawn」を明確にする。,改稿レビュー待ち,"共通レビュー文: digit, nutrient, culprit, spawn"
2893,spawn,を生み出す；産卵する,"Replace ""spawn"" with a clearer phrase if needed.",必要なら「spawn」をより明確な表現に置き換える。,"Clarify ""digit"", ""nutrient"", ""culprit"", and ""spawn"" in the glossary.",用語集で「digit」、「nutrient」、「culprit」、「spawn」を明確にする。,改稿レビュー待ち,"共通レビュー文: digit, nutrient, culprit, spawn"
2894,aptitude,適性；才能,"Replace ""aptitude"" with a clearer phrase if needed.",必要なら「aptitude」をより明確な表現に置き換える。,"Clarify ""aptitude"", ""anecdote"", ""publicise"", and ""longevity"" in the glossary.",用語集で「aptitude」、「anecdote」、「publicise」、「longevity」を明確にする。,改稿レビュー待ち,"共通レビュー文: aptitude, anecdote, publicise, longevity"
2895,anecdote,逸話；短い話,"Replace ""anecdote"" with a clearer phrase if needed.",必要なら「anecdote」をより明確な表現に置き換える。,"Clarify ""aptitude"", ""anecdote"", ""publicise"", and ""longevity"" in the glossary.",用語集で「aptitude」、「anecdote」、「publicise」、「longevity」を明確にする。,改稿レビュー待ち,"共通レビュー文: aptitude, anecdote, publicise, longevity"
2896,publicise,を宣伝する；公表する,"Replace ""publicise"" with a clearer phrase if needed.",必要なら「publicise」をより明確な表現に置き換える。,"Clarify ""aptitude"", ""anecdote"", ""publicise"", and ""longevity"" in the glossary.",用語集で「aptitude」、「anecdote」、「publicise」、「longevity」を明確にする。,改稿レビュー待ち,"共通レビュー文: aptitude, anecdote, publicise, longevity"
2897,longevity,長寿；長命,Clarify the longevity before the next review.,次のレビュー前にlongevityを明確にする。,"Clarify ""aptitude"", ""anecdote"", ""publicise"", and ""longevity"" in the glossary.",用語集で「aptitude」、「anecdote」、「publicise」、「longevity」を明確にする。,改稿レビュー待ち,"共通レビュー文: aptitude, anecdote, publicise, longevity"
2898,squeak,キーキー鳴く；きしむ音,"Replace ""squeak"" with a clearer phrase if needed.",必要なら「squeak」をより明確な表現に置き換える。,"Clarify ""squeak"", ""weighty"", ""remnant"", and ""perpetuate"" in the glossary.",用語集で「squeak」、「weighty」、「remnant」、「perpetuate」を明確にする。,改稿レビュー待ち,"共通レビュー文: squeak, weighty, remnant, perpetuate"
2899,weighty,重要な；重い；深刻な,"Replace ""weighty"" with a clearer phrase if needed.",必要なら「weighty」をより明確な表現に置き換える。,"Clarify ""squeak"", ""weighty"", ""remnant"", and ""perpetuate"" in the glossary.",用語集で「squeak」、「weighty」、「remnant」、「perpetuate」を明確にする。,改稿レビュー待ち,"共通レビュー文: squeak, weighty, remnant, perpetuate"
2900,remnant,残余；名残,"Replace ""remnant"" with a clearer phrase if needed.",必要なら「remnant」をより明確な表現に置き換える。,"Clarify ""squeak"", ""weighty"", ""remnant"", and ""perpetuate"" in the glossary.",用語集で「squeak」、「weighty」、「remnant」、「perpetuate」を明確にする。,改稿レビュー待ち,"共通レビュー文: squeak, weighty, remnant, perpetuate"
2901,perpetuate,を永続させる；を存続させる,"Replace ""perpetuate"" with a clearer phrase if needed.",必要なら「perpetuate」をより明確な表現に置き換える。,"Clarify ""squeak"", ""weighty"", ""remnant"", and ""perpetuate"" in the glossary.",用語集で「squeak」、「weighty」、「remnant」、「perpetuate」を明確にする。,改稿レビュー待ち,"共通レビュー文: squeak, weighty, remnant, perpetuate"
2902,assimilate,同化する；吸収する,"Replace ""assimilate"" with a clearer phrase if needed.",必要なら「assimilate」をより明確な表現に置き換える。,"Clarify ""assimilate"", ""carefree"", ""necessitate"", and ""diversify"" in the glossary.",用語集で「assimilate」、「carefree」、「necessitate」、「diversify」を明確にする。,改稿レビュー待ち,"共通レビュー文: assimilate, carefree, necessitate, diversify"
2903,carefree,のんきな；気楽な,"Replace ""carefree"" with a clearer phrase if needed.",必要なら「carefree」をより明確な表現に置き換える。,"Clarify ""assimilate"", ""carefree"", ""necessitate"", and ""diversify"" in the glossary.",用語集で「assimilate」、「carefree」、「necessitate」、「diversify」を明確にする。,改稿レビュー待ち,"共通レビュー文: assimilate, carefree, necessitate, diversify"
2904,necessitate,を必要とする,"Replace ""necessitate"" with a clearer phrase if needed.",必要なら「necessitate」をより明確な表現に置き換える。,"Clarify ""assimilate"", ""carefree"", ""necessitate"", and ""diversify"" in the glossary.",用語集で「assimilate」、「carefree」、「necessitate」、「diversify」を明確にする。,改稿レビュー待ち,"共通レビュー文: assimilate, carefree, necessitate, diversify"
2906,diversify,を多様化する,"Replace ""diversify"" with a clearer phrase if needed.",必要なら「diversify」をより明確な表現に置き換える。,"Clarify ""assimilate"", ""carefree"", ""necessitate"", and ""diversify"" in the glossary.",用語集で「assimilate」、「carefree」、「necessitate」、「diversify」を明確にする。,改稿レビュー待ち,"共通レビュー文: assimilate, carefree, necessitate, diversify"
2907,mediocre,平凡な；普通以下の,"Replace ""mediocre"" with a clearer phrase if needed.",必要なら「mediocre」をより明確な表現に置き換える。,"Clarify ""mediocre"", ""glossary"", ""avalanche"", and ""jolt"" in the glossary.",用語集で「mediocre」、「glossary」、「avalanche」、「jolt」を明確にする。,改稿レビュー待ち,"共通レビュー文: mediocre, glossary, avalanche, jolt"
2908,glossary,用語集；語彙集,"Replace ""glossary"" with a clearer phrase if needed.",必要なら「glossary」をより明確な表現に置き換える。,"Clarify ""mediocre"", ""glossary"", ""avalanche"", and ""jolt"" in the glossary.",用語集で「mediocre」、「glossary」、「avalanche」、「jolt」を明確にする。,改稿レビュー待ち,"共通レビュー文: mediocre, glossary, avalanche, jolt"
2910,avalanche,雪崩；大量,"Replace ""avalanche"" with a clearer phrase if needed.",必要なら「avalanche」をより明確な表現に置き換える。,"Clarify ""mediocre"", ""glossary"", ""avalanche"", and ""jolt"" in the glossary.",用語集で「mediocre」、「glossary」、「avalanche」、「jolt」を明確にする。,改稿レビュー待ち,"共通レビュー文: mediocre, glossary, avalanche, jolt"
2911,jolt,をゆさぶる；衝撃,"Replace ""jolt"" with a clearer phrase if needed.",必要なら「jolt」をより明確な表現に置き換える。,"Clarify ""mediocre"", ""glossary"", ""avalanche"", and ""jolt"" in the glossary.",用語集で「mediocre」、「glossary」、「avalanche」、「jolt」を明確にする。,改稿レビュー待ち,"共通レビュー文: mediocre, glossary, avalanche, jolt"
2912,refute,を論駁する；を否定する,"Replace ""refute"" with a clearer phrase if needed.",必要なら「refute」をより明確な表現に置き換える。,"Clarify ""refute"", ""deflect"", ""encyclopaedia"", and ""recalcitrant"" in the glossary.",用語集で「refute」、「deflect」、「encyclopaedia」、「recalcitrant」を明確にする。,改稿レビュー待ち,"共通レビュー文: refute, deflect, encyclopaedia, recalcitrant"
2913,deflect,そらす；偏向する,"Replace ""deflect"" with a clearer phrase if needed.",必要なら「deflect」をより明確な表現に置き換える。,"Clarify ""refute"", ""deflect"", ""encyclopaedia"", and ""recalcitrant"" in the glossary.",用語集で「refute」、「deflect」、「encyclopaedia」、「recalcitrant」を明確にする。,改稿レビュー待ち,"共通レビュー文: refute, deflect, encyclopaedia, recalcitrant"
2915,encyclopaedia,百科事典,"Replace ""encyclopaedia"" with a clearer phrase if needed.",必要なら「encyclopaedia」をより明確な表現に置き換える。,"Clarify ""refute"", ""deflect"", ""encyclopaedia"", and ""recalcitrant"" in the glossary.",用語集で「refute」、「deflect」、「encyclopaedia」、「recalcitrant」を明確にする。,改稿レビュー待ち,"共通レビュー文: refute, deflect, encyclopaedia, recalcitrant"
2916,recalcitrant,反抗的な；手に負えない,"Replace ""recalcitrant"" with a clearer phrase if needed.",必要なら「recalcitrant」をより明確な表現に置き換える。,"Clarify ""refute"", ""deflect"", ""encyclopaedia"", and ""recalcitrant"" in the glossary.",用語集で「refute」、「deflect」、「encyclopaedia」、「recalcitrant」を明確にする。,改稿レビュー待ち,"共通レビュー文: refute, deflect, encyclopaedia, recalcitrant"
2917,adversity,逆境；苦難,Clarify the adversity before the next review.,次のレビュー前にadversityを明確にする。,"Clarify ""adversity"", ""astound"", ""transcend"", and ""dub"" in the glossary.",用語集で「adversity」、「astound」、「transcend」、「dub」を明確にする。,改稿レビュー待ち,"共通レビュー文: adversity, astound, transcend, dub"
2918,astound,を仰天させる,"Replace ""astound"" with a clearer phrase if needed.",必要なら「astound」をより明確な表現に置き換える。,"Clarify ""adversity"", ""astound"", ""transcend"", and ""dub"" in the glossary.",用語集で「adversity」、「astound」、「transcend」、「dub」を明確にする。,改稿レビュー待ち,"共通レビュー文: adversity, astound, transcend, dub"
2919,transcend,超越する,"Replace ""transcend"" with a clearer phrase if needed.",必要なら「transcend」をより明確な表現に置き換える。,"Clarify ""adversity"", ""astound"", ""transcend"", and ""dub"" in the glossary.",用語集で「adversity」、「astound」、「transcend」、「dub」を明確にする。,改稿レビュー待ち,"共通レビュー文: adversity, astound, transcend, dub"
2920,dub,を〜と呼ぶ；吹き替え,"Replace ""dub"" with a clearer phrase if needed.",必要なら「dub」をより明確な表現に置き換える。,"Clarify ""adversity"", ""astound"", ""transcend"", and ""dub"" in the glossary.",用語集で「adversity」、「astound」、「transcend」、「dub」を明確にする。,改稿レビュー待ち,"共通レビュー文: adversity, astound, transcend, dub"
2922,obese,肥満の,"Replace ""obese"" with a clearer phrase if needed.",必要なら「obese」をより明確な表現に置き換える。,"Clarify ""obese"", ""affiliate"", ""additive"", and ""unparalleled"" in the glossary.",用語集で「obese」、「affiliate」、「additive」、「unparalleled」を明確にする。,改稿レビュー待ち,"共通レビュー文: obese, affiliate, additive, unparalleled"
2923,affiliate,加盟させる；関係機関,"Replace ""affiliate"" with a clearer phrase if needed.",必要なら「affiliate」をより明確な表現に置き換える。,"Clarify ""obese"", ""affiliate"", ""additive"", and ""unparalleled"" in the glossary.",用語集で「obese」、「affiliate」、「additive」、「unparalleled」を明確にする。,改稿レビュー待ち,"共通レビュー文: obese, affiliate, additive, unparalleled"
2924,additive,添加物；添加の,The additive option needs a clearer label.,additiveの選択肢には、より明確なラベルが必要だ。,"Clarify ""obese"", ""affiliate"", ""additive"", and ""unparalleled"" in the glossary.",用語集で「obese」、「affiliate」、「additive」、「unparalleled」を明確にする。,改稿レビュー待ち,"共通レビュー文: obese, affiliate, additive, unparalleled"
2925,unparalleled,比類のない；前例のない,"Replace ""unparalleled"" with a clearer phrase if needed.",必要なら「unparalleled」をより明確な表現に置き換える。,"Clarify ""obese"", ""affiliate"", ""additive"", and ""unparalleled"" in the glossary.",用語集で「obese」、「affiliate」、「additive」、「unparalleled」を明確にする。,改稿レビュー待ち,"共通レビュー文: obese, affiliate, additive, unparalleled"
2929,denounce,を非難する；告発する,"Replace ""denounce"" with a clearer phrase if needed.",必要なら「denounce」をより明確な表現に置き換える。,"Clarify ""denounce"", ""loot"", ""detain"", and ""jeopardise"" in the glossary.",用語集で「denounce」、「loot」、「detain」、「jeopardise」を明確にする。,改稿レビュー待ち,"共通レビュー文: denounce, loot, detain, jeopardise"
2930,loot,略奪品；を略奪する,"Replace ""loot"" with a clearer phrase if needed.",必要なら「loot」をより明確な表現に置き換える。,"Clarify ""denounce"", ""loot"", ""detain"", and ""jeopardise"" in the glossary.",用語集で「denounce」、「loot」、「detain」、「jeopardise」を明確にする。,改稿レビュー待ち,"共通レビュー文: denounce, loot, detain, jeopardise"
2931,detain,を拘留する；を引き止める,"Replace ""detain"" with a clearer phrase if needed.",必要なら「detain」をより明確な表現に置き換える。,"Clarify ""denounce"", ""loot"", ""detain"", and ""jeopardise"" in the glossary.",用語集で「denounce」、「loot」、「detain」、「jeopardise」を明確にする。,改稿レビュー待ち,"共通レビュー文: denounce, loot, detain, jeopardise"
2932,jeopardise,を危険にさらす,"Replace ""jeopardise"" with a clearer phrase if needed.",必要なら「jeopardise」をより明確な表現に置き換える。,"Clarify ""denounce"", ""loot"", ""detain"", and ""jeopardise"" in the glossary.",用語集で「denounce」、「loot」、「detain」、「jeopardise」を明確にする。,改稿レビュー待ち,"共通レビュー文: denounce, loot, detain, jeopardise"
2938,watertight,水密の；反論の余地のない,"Replace ""watertight"" with a clearer phrase if needed.",必要なら「watertight」をより明確な表現に置き換える。,"Clarify ""watertight"", ""sprout"", ""entice"", and ""infuse"" in the glossary.",用語集で「watertight」、「sprout」、「entice」、「infuse」を明確にする。,改稿レビュー待ち,"共通レビュー文: watertight, sprout, entice, infuse"
2939,sprout,発芽する；もやし,"Replace ""sprout"" with a clearer phrase if needed.",必要なら「sprout」をより明確な表現に置き換える。,"Clarify ""watertight"", ""sprout"", ""entice"", and ""infuse"" in the glossary.",用語集で「watertight」、「sprout」、「entice」、「infuse」を明確にする。,改稿レビュー待ち,"共通レビュー文: watertight, sprout, entice, infuse"
2940,entice,を誘惑する；引き付ける,"Replace ""entice"" with a clearer phrase if needed.",必要なら「entice」をより明確な表現に置き換える。,"Clarify ""watertight"", ""sprout"", ""entice"", and ""infuse"" in the glossary.",用語集で「watertight」、「sprout」、「entice」、「infuse」を明確にする。,改稿レビュー待ち,"共通レビュー文: watertight, sprout, entice, infuse"
2941,infuse,を注入する；を染み込ませる,"Replace ""infuse"" with a clearer phrase if needed.",必要なら「infuse」をより明確な表現に置き換える。,"Clarify ""watertight"", ""sprout"", ""entice"", and ""infuse"" in the glossary.",用語集で「watertight」、「sprout」、「entice」、「infuse」を明確にする。,改稿レビュー待ち,"共通レビュー文: watertight, sprout, entice, infuse"
2942,resourceful,資源豊富な；機転の利く,The resourceful option needs a clearer label.,resourcefulの選択肢には、より明確なラベルが必要だ。,"Clarify ""resourceful"", ""alienate"", ""misconception"", and ""pane"" in the glossary.",用語集で「resourceful」、「alienate」、「misconception」、「pane」を明確にする。,改稿レビュー待ち,"共通レビュー文: resourceful, alienate, misconception, pane"
2943,alienate,を疎外する；遠ざける,"Replace ""alienate"" with a clearer phrase if needed.",必要なら「alienate」をより明確な表現に置き換える。,"Clarify ""resourceful"", ""alienate"", ""misconception"", and ""pane"" in the glossary.",用語集で「resourceful」、「alienate」、「misconception」、「pane」を明確にする。,改稿レビュー待ち,"共通レビュー文: resourceful, alienate, misconception, pane"
2947,misconception,誤解；思い違い,Clarify the misconception before the next review.,次のレビュー前にmisconceptionを明確にする。,"Clarify ""resourceful"", ""alienate"", ""misconception"", and ""pane"" in the glossary.",用語集で「resourceful」、「alienate」、「misconception」、「pane」を明確にする。,改稿レビュー待ち,"共通レビュー文: resourceful, alienate, misconception, pane"
2948,pane,窓ガラス；板ガラス,"Replace ""pane"" with a clearer phrase if needed.",必要なら「pane」をより明確な表現に置き換える。,"Clarify ""resourceful"", ""alienate"", ""misconception"", and ""pane"" in the glossary.",用語集で「resourceful」、「alienate」、「misconception」、「pane」を明確にする。,改稿レビュー待ち,"共通レビュー文: resourceful, alienate, misconception, pane"
2949,evacuate,を避難させる,"Replace ""evacuate"" with a clearer phrase if needed.",必要なら「evacuate」をより明確な表現に置き換える。,"Clarify ""evacuate"", ""sustenance"", ""pretender"", and ""overstate"" in the glossary.",用語集で「evacuate」、「sustenance」、「pretender」、「overstate」を明確にする。,改稿レビュー待ち,"共通レビュー文: evacuate, sustenance, pretender, overstate"
2950,sustenance,食物；生活の糧,Clarify the sustenance before the next review.,次のレビュー前にsustenanceを明確にする。,"Clarify ""evacuate"", ""sustenance"", ""pretender"", and ""overstate"" in the glossary.",用語集で「evacuate」、「sustenance」、「pretender」、「overstate」を明確にする。,改稿レビュー待ち,"共通レビュー文: evacuate, sustenance, pretender, overstate"
2956,pretender,主張者；偽者,"Replace ""pretender"" with a clearer phrase if needed.",必要なら「pretender」をより明確な表現に置き換える。,"Clarify ""evacuate"", ""sustenance"", ""pretender"", and ""overstate"" in the glossary.",用語集で「evacuate」、「sustenance」、「pretender」、「overstate」を明確にする。,改稿レビュー待ち,"共通レビュー文: evacuate, sustenance, pretender, overstate"
2957,overstate,を誇張する,"Replace ""overstate"" with a clearer phrase if needed.",必要なら「overstate」をより明確な表現に置き換える。,"Clarify ""evacuate"", ""sustenance"", ""pretender"", and ""overstate"" in the glossary.",用語集で「evacuate」、「sustenance」、「pretender」、「overstate」を明確にする。,改稿レビュー待ち,"共通レビュー文: evacuate, sustenance, pretender, overstate"
2958,sear,を焦がす；焼き付ける,"Replace ""sear"" with a clearer phrase if needed.",必要なら「sear」をより明確な表現に置き換える。,"Clarify ""sear"", ""moisten"", ""unyielding"", and ""enlighten"" in the glossary.",用語集で「sear」、「moisten」、「unyielding」、「enlighten」を明確にする。,改稿レビュー待ち,"共通レビュー文: sear, moisten, unyielding, enlighten"
2959,moisten,を湿らせる；濡らす,"Replace ""moisten"" with a clearer phrase if needed.",必要なら「moisten」をより明確な表現に置き換える。,"Clarify ""sear"", ""moisten"", ""unyielding"", and ""enlighten"" in the glossary.",用語集で「sear」、「moisten」、「unyielding」、「enlighten」を明確にする。,改稿レビュー待ち,"共通レビュー文: sear, moisten, unyielding, enlighten"
2961,unyielding,断固とした；頑固な,"Replace ""unyielding"" with a clearer phrase if needed.",必要なら「unyielding」をより明確な表現に置き換える。,"Clarify ""sear"", ""moisten"", ""unyielding"", and ""enlighten"" in the glossary.",用語集で「sear」、「moisten」、「unyielding」、「enlighten」を明確にする。,改稿レビュー待ち,"共通レビュー文: sear, moisten, unyielding, enlighten"
2962,enlighten,を啓発する；を照らす,"Replace ""enlighten"" with a clearer phrase if needed.",必要なら「enlighten」をより明確な表現に置き換える。,"Clarify ""sear"", ""moisten"", ""unyielding"", and ""enlighten"" in the glossary.",用語集で「sear」、「moisten」、「unyielding」、「enlighten」を明確にする。,改稿レビュー待ち,"共通レビュー文: sear, moisten, unyielding, enlighten"
2965,yolk,卵黄,"Replace ""yolk"" with a clearer phrase if needed.",必要なら「yolk」をより明確な表現に置き換える。,"Clarify ""yolk"", ""coexistence"", ""improvise"", and ""aggravate"" in the glossary.",用語集で「yolk」、「coexistence」、「improvise」、「aggravate」を明確にする。,改稿レビュー待ち,"共通レビュー文: yolk, coexistence, improvise, aggravate"
2966,coexistence,共存,Clarify the coexistence before the next review.,次のレビュー前にcoexistenceを明確にする。,"Clarify ""yolk"", ""coexistence"", ""improvise"", and ""aggravate"" in the glossary.",用語集で「yolk」、「coexistence」、「improvise」、「aggravate」を明確にする。,改稿レビュー待ち,"共通レビュー文: yolk, coexistence, improvise, aggravate"
2968,improvise,を即興で行う,"Replace ""improvise"" with a clearer phrase if needed.",必要なら「improvise」をより明確な表現に置き換える。,"Clarify ""yolk"", ""coexistence"", ""improvise"", and ""aggravate"" in the glossary.",用語集で「yolk」、「coexistence」、「improvise」、「aggravate」を明確にする。,改稿レビュー待ち,"共通レビュー文: yolk, coexistence, improvise, aggravate"
2969,aggravate,を悪化させる,"Replace ""aggravate"" with a clearer phrase if needed.",必要なら「aggravate」をより明確な表現に置き換える。,"Clarify ""yolk"", ""coexistence"", ""improvise"", and ""aggravate"" in the glossary.",用語集で「yolk」、「coexistence」、「improvise」、「aggravate」を明確にする。,改稿レビュー待ち,"共通レビュー文: yolk, coexistence, improvise, aggravate"
2970,smother,を窒息させる；を抑圧する,"Replace ""smother"" with a clearer phrase if needed.",必要なら「smother」をより明確な表現に置き換える。,"Clarify ""smother"", ""tint"", ""repute"", and ""empower"" in the glossary.",用語集で「smother」、「tint」、「repute」、「empower」を明確にする。,改稿レビュー待ち,"共通レビュー文: smother, tint, repute, empower"
2971,tint,色合い；薄い色,"Replace ""tint"" with a clearer phrase if needed.",必要なら「tint」をより明確な表現に置き換える。,"Clarify ""smother"", ""tint"", ""repute"", and ""empower"" in the glossary.",用語集で「smother」、「tint」、「repute」、「empower」を明確にする。,改稿レビュー待ち,"共通レビュー文: smother, tint, repute, empower"
2975,repute,評判；名声,"Replace ""repute"" with a clearer phrase if needed.",必要なら「repute」をより明確な表現に置き換える。,"Clarify ""smother"", ""tint"", ""repute"", and ""empower"" in the glossary.",用語集で「smother」、「tint」、「repute」、「empower」を明確にする。,改稿レビュー待ち,"共通レビュー文: smother, tint, repute, empower"
2976,empower,権限を与える；力づける,"Replace ""empower"" with a clearer phrase if needed.",必要なら「empower」をより明確な表現に置き換える。,"Clarify ""smother"", ""tint"", ""repute"", and ""empower"" in the glossary.",用語集で「smother」、「tint」、「repute」、「empower」を明確にする。,改稿レビュー待ち,"共通レビュー文: smother, tint, repute, empower"
2977,stun,を気絶させる；を唖然とさせる,"Replace ""stun"" with a clearer phrase if needed.",必要なら「stun」をより明確な表現に置き換える。,"Clarify ""stun"", ""unleash"", ""taper"", and ""culminate"" in the glossary.",用語集で「stun」、「unleash」、「taper」、「culminate」を明確にする。,改稿レビュー待ち,"共通レビュー文: stun, unleash, taper, culminate"
2978,unleash,を解き放つ；を発動させる,"Replace ""unleash"" with a clearer phrase if needed.",必要なら「unleash」をより明確な表現に置き換える。,"Clarify ""stun"", ""unleash"", ""taper"", and ""culminate"" in the glossary.",用語集で「stun」、「unleash」、「taper」、「culminate」を明確にする。,改稿レビュー待ち,"共通レビュー文: stun, unleash, taper, culminate"
2979,taper,先細りになる；ろうそく,"Replace ""taper"" with a clearer phrase if needed.",必要なら「taper」をより明確な表現に置き換える。,"Clarify ""stun"", ""unleash"", ""taper"", and ""culminate"" in the glossary.",用語集で「stun」、「unleash」、「taper」、「culminate」を明確にする。,改稿レビュー待ち,"共通レビュー文: stun, unleash, taper, culminate"
2980,culminate,頂点に達する；終わる,"Replace ""culminate"" with a clearer phrase if needed.",必要なら「culminate」をより明確な表現に置き換える。,"Clarify ""stun"", ""unleash"", ""taper"", and ""culminate"" in the glossary.",用語集で「stun」、「unleash」、「taper」、「culminate」を明確にする。,改稿レビュー待ち,"共通レビュー文: stun, unleash, taper, culminate"
2984,degrade,を格下げする；品位を落とす,"Replace ""degrade"" with a clearer phrase if needed.",必要なら「degrade」をより明確な表現に置き換える。,"Clarify ""degrade"", ""proponent"", ""rehabilitate"", and ""invert"" in the glossary.",用語集で「degrade」、「proponent」、「rehabilitate」、「invert」を明確にする。,改稿レビュー待ち,"共通レビュー文: degrade, proponent, rehabilitate, invert"
2985,proponent,提唱者；支持者,"Replace ""proponent"" with a clearer phrase if needed.",必要なら「proponent」をより明確な表現に置き換える。,"Clarify ""degrade"", ""proponent"", ""rehabilitate"", and ""invert"" in the glossary.",用語集で「degrade」、「proponent」、「rehabilitate」、「invert」を明確にする。,改稿レビュー待ち,"共通レビュー文: degrade, proponent, rehabilitate, invert"
2986,rehabilitate,を更生させる；リハビリする,"Replace ""rehabilitate"" with a clearer phrase if needed.",必要なら「rehabilitate」をより明確な表現に置き換える。,"Clarify ""degrade"", ""proponent"", ""rehabilitate"", and ""invert"" in the glossary.",用語集で「degrade」、「proponent」、「rehabilitate」、「invert」を明確にする。,改稿レビュー待ち,"共通レビュー文: degrade, proponent, rehabilitate, invert"
2987,invert,を逆にする；転倒させる,"Replace ""invert"" with a clearer phrase if needed.",必要なら「invert」をより明確な表現に置き換える。,"Clarify ""degrade"", ""proponent"", ""rehabilitate"", and ""invert"" in the glossary.",用語集で「degrade」、「proponent」、「rehabilitate」、「invert」を明確にする。,改稿レビュー待ち,"共通レビュー文: degrade, proponent, rehabilitate, invert"
2991,gape,口をあんぐり開ける；凝視する,"Replace ""gape"" with a clearer phrase if needed.",必要なら「gape」をより明確な表現に置き換える。,"Clarify ""gape"", ""revolutionise"", ""socialise"", and ""automate"" in the glossary.",用語集で「gape」、「revolutionise」、「socialise」、「automate」を明確にする。,改稿レビュー待ち,"共通レビュー文: gape, revolutionise, socialise, automate"
2992,revolutionise,を革命的に変える,"Replace ""revolutionise"" with a clearer phrase if needed.",必要なら「revolutionise」をより明確な表現に置き換える。,"Clarify ""gape"", ""revolutionise"", ""socialise"", and ""automate"" in the glossary.",用語集で「gape」、「revolutionise」、「socialise」、「automate」を明確にする。,改稿レビュー待ち,"共通レビュー文: gape, revolutionise, socialise, automate"
2993,socialise,社交的に交わる；社会化する,"Replace ""socialise"" with a clearer phrase if needed.",必要なら「socialise」をより明確な表現に置き換える。,"Clarify ""gape"", ""revolutionise"", ""socialise"", and ""automate"" in the glossary.",用語集で「gape」、「revolutionise」、「socialise」、「automate」を明確にする。,改稿レビュー待ち,"共通レビュー文: gape, revolutionise, socialise, automate"
2994,automate,自動化する,"Replace ""automate"" with a clearer phrase if needed.",必要なら「automate」をより明確な表現に置き換える。,"Clarify ""gape"", ""revolutionise"", ""socialise"", and ""automate"" in the glossary.",用語集で「gape」、「revolutionise」、「socialise」、「automate」を明確にする。,改稿レビュー待ち,"共通レビュー文: gape, revolutionise, socialise, automate"
2997,embed,埋め込む；組み込む,"Replace ""embed"" with a clearer phrase if needed.",必要なら「embed」をより明確な表現に置き換える。,"Clarify ""embed"", ""delude"", ""centralise"", and ""whilst"" in the glossary.",用語集で「embed」、「delude」、「centralise」、「whilst」を明確にする。,改稿レビュー待ち,"共通レビュー文: embed, delude, centralise, whilst"
2998,delude,を欺く；誤解させる,"Replace ""delude"" with a clearer phrase if needed.",必要なら「delude」をより明確な表現に置き換える。,"Clarify ""embed"", ""delude"", ""centralise"", and ""whilst"" in the glossary.",用語集で「embed」、「delude」、「centralise」、「whilst」を明確にする。,改稿レビュー待ち,"共通レビュー文: embed, delude, centralise, whilst"
2999,centralise,を中央集権化する,"Replace ""centralise"" with a clearer phrase if needed.",必要なら「centralise」をより明確な表現に置き換える。,"Clarify ""embed"", ""delude"", ""centralise"", and ""whilst"" in the glossary.",用語集で「embed」、「delude」、「centralise」、「whilst」を明確にする。,改稿レビュー待ち,"共通レビュー文: embed, delude, centralise, whilst"
3001,whilst,〜の間に；一方で,"Replace ""whilst"" with a clearer phrase if needed.",必要なら「whilst」をより明確な表現に置き換える。,"Clarify ""embed"", ""delude"", ""centralise"", and ""whilst"" in the glossary.",用語集で「embed」、「delude」、「centralise」、「whilst」を明確にする。,改稿レビュー待ち,"共通レビュー文: embed, delude, centralise, whilst"
3002,workforce,労働力；従業員,"Replace ""workforce"" with a clearer phrase if needed.",必要なら「workforce」をより明確な表現に置き換える。,"Clarify ""workforce"", ""albeit"", ""semantic"", and ""lexical"" in the glossary.",用語集で「workforce」、「albeit」、「semantic」、「lexical」を明確にする。,改稿レビュー待ち,"共通レビュー文: workforce, albeit, semantic, lexical"
3003,albeit,〜であるが,"Replace ""albeit"" with a clearer phrase if needed.",必要なら「albeit」をより明確な表現に置き換える。,"Clarify ""workforce"", ""albeit"", ""semantic"", and ""lexical"" in the glossary.",用語集で「workforce」、「albeit」、「semantic」、「lexical」を明確にする。,改稿レビュー待ち,"共通レビュー文: workforce, albeit, semantic, lexical"
3004,semantic,意味の；意味論的な,The semantic option needs a clearer label.,semanticの選択肢には、より明確なラベルが必要だ。,"Clarify ""workforce"", ""albeit"", ""semantic"", and ""lexical"" in the glossary.",用語集で「workforce」、「albeit」、「semantic」、「lexical」を明確にする。,改稿レビュー待ち,"共通レビュー文: workforce, albeit, semantic, lexical"
3005,lexical,語彙の,The lexical option needs a clearer label.,lexicalの選択肢には、より明確なラベルが必要だ。,"Clarify ""workforce"", ""albeit"", ""semantic"", and ""lexical"" in the glossary.",用語集で「workforce」、「albeit」、「semantic」、「lexical」を明確にする。,改稿レビュー待ち,"共通レビュー文: workforce, albeit, semantic, lexical"
3006,t mounting,高まっている；増加する,"Use ""t mounting"" only if the phrase is familiar.",その表現がなじみのある場合だけ「t mounting」を使う。,"Clarify ""t mounting"", ""binary"", ""bilateral"", and ""optimal"" in the glossary.",用語集で「t mounting」、「binary」、「bilateral」、「optimal」を明確にする。,改稿レビュー待ち,"共通レビュー文: t mounting, binary, bilateral, optimal"
3007,binary,二進法の；二元的な,"Replace ""binary"" with a clearer phrase if needed.",必要なら「binary」をより明確な表現に置き換える。,"Clarify ""t mounting"", ""binary"", ""bilateral"", and ""optimal"" in the glossary.",用語集で「t mounting」、「binary」、「bilateral」、「optimal」を明確にする。,改稿レビュー待ち,"共通レビュー文: t mounting, binary, bilateral, optimal"
3010,bilateral,双方の；二国間の,The bilateral option needs a clearer label.,bilateralの選択肢には、より明確なラベルが必要だ。,"Clarify ""t mounting"", ""binary"", ""bilateral"", and ""optimal"" in the glossary.",用語集で「t mounting」、「binary」、「bilateral」、「optimal」を明確にする。,改稿レビュー待ち,"共通レビュー文: t mounting, binary, bilateral, optimal"
3011,optimal,最適な,The optimal option needs a clearer label.,optimalの選択肢には、より明確なラベルが必要だ。,"Clarify ""t mounting"", ""binary"", ""bilateral"", and ""optimal"" in the glossary.",用語集で「t mounting」、「binary」、「bilateral」、「optimal」を明確にする。,改稿レビュー待ち,"共通レビュー文: t mounting, binary, bilateral, optimal"
3012,foliage,葉,"Replace ""foliage"" with a clearer phrase if needed.",必要なら「foliage」をより明確な表現に置き換える。,"Clarify ""foliage"", ""excise"", ""terminology"", and ""optimum"" in the glossary.",用語集で「foliage」、「excise」、「terminology」、「optimum」を明確にする。,改稿レビュー待ち,"共通レビュー文: foliage, excise, terminology, optimum"
3013,excise,を切除する；物品税,"Replace ""excise"" with a clearer phrase if needed.",必要なら「excise」をより明確な表現に置き換える。,"Clarify ""foliage"", ""excise"", ""terminology"", and ""optimum"" in the glossary.",用語集で「foliage」、「excise」、「terminology」、「optimum」を明確にする。,改稿レビュー待ち,"共通レビュー文: foliage, excise, terminology, optimum"
3014,terminology,用語；専門用語,"Replace ""terminology"" with a clearer phrase if needed.",必要なら「terminology」をより明確な表現に置き換える。,"Clarify ""foliage"", ""excise"", ""terminology"", and ""optimum"" in the glossary.",用語集で「foliage」、「excise」、「terminology」、「optimum」を明確にする。,改稿レビュー待ち,"共通レビュー文: foliage, excise, terminology, optimum"
3017,optimum,最適な；最適条件,"Replace ""optimum"" with a clearer phrase if needed.",必要なら「optimum」をより明確な表現に置き換える。,"Clarify ""foliage"", ""excise"", ""terminology"", and ""optimum"" in the glossary.",用語集で「foliage」、「excise」、「terminology」、「optimum」を明確にする。,改稿レビュー待ち,"共通レビュー文: foliage, excise, terminology, optimum"
3018,canteen,食堂；水筒,"Replace ""canteen"" with a clearer phrase if needed.",必要なら「canteen」をより明確な表現に置き換える。,"Clarify ""canteen"", ""qualitative"", ""equitable"", and ""genesis"" in the glossary.",用語集で「canteen」、「qualitative」、「equitable」、「genesis」を明確にする。,改稿レビュー待ち,"共通レビュー文: canteen, qualitative, equitable, genesis"
3019,qualitative,質的な,The qualitative option needs a clearer label.,qualitativeの選択肢には、より明確なラベルが必要だ。,"Clarify ""canteen"", ""qualitative"", ""equitable"", and ""genesis"" in the glossary.",用語集で「canteen」、「qualitative」、「equitable」、「genesis」を明確にする。,改稿レビュー待ち,"共通レビュー文: canteen, qualitative, equitable, genesis"
3020,equitable,公正な；公平な,The equitable option needs a clearer label.,equitableの選択肢には、より明確なラベルが必要だ。,"Clarify ""canteen"", ""qualitative"", ""equitable"", and ""genesis"" in the glossary.",用語集で「canteen」、「qualitative」、「equitable」、「genesis」を明確にする。,改稿レビュー待ち,"共通レビュー文: canteen, qualitative, equitable, genesis"
3021,genesis,起源；始まり,"Replace ""genesis"" with a clearer phrase if needed.",必要なら「genesis」をより明確な表現に置き換える。,"Clarify ""canteen"", ""qualitative"", ""equitable"", and ""genesis"" in the glossary.",用語集で「canteen」、「qualitative」、「equitable」、「genesis」を明確にする。,改稿レビュー待ち,"共通レビュー文: canteen, qualitative, equitable, genesis"
3022,algae,藻類,"Replace ""algae"" with a clearer phrase if needed.",必要なら「algae」をより明確な表現に置き換える。,"Clarify ""algae"", ""manoeuvre"", ""sediment"", and ""vicinity"" in the glossary.",用語集で「algae」、「manoeuvre」、「sediment」、「vicinity」を明確にする。,改稿レビュー待ち,"共通レビュー文: algae, manoeuvre, sediment, vicinity"
3023,manoeuvre,作戦；策略；を操縦する,"Replace ""manoeuvre"" with a clearer phrase if needed.",必要なら「manoeuvre」をより明確な表現に置き換える。,"Clarify ""algae"", ""manoeuvre"", ""sediment"", and ""vicinity"" in the glossary.",用語集で「algae」、「manoeuvre」、「sediment」、「vicinity」を明確にする。,改稿レビュー待ち,"共通レビュー文: algae, manoeuvre, sediment, vicinity"
3024,sediment,堆積物；沈殿物,Clarify the sediment before the next review.,次のレビュー前にsedimentを明確にする。,"Clarify ""algae"", ""manoeuvre"", ""sediment"", and ""vicinity"" in the glossary.",用語集で「algae」、「manoeuvre」、「sediment」、「vicinity」を明確にする。,改稿レビュー待ち,"共通レビュー文: algae, manoeuvre, sediment, vicinity"
3025,vicinity,近辺；付近,Clarify the vicinity before the next review.,次のレビュー前にvicinityを明確にする。,"Clarify ""algae"", ""manoeuvre"", ""sediment"", and ""vicinity"" in the glossary.",用語集で「algae」、「manoeuvre」、「sediment」、「vicinity」を明確にする。,改稿レビュー待ち,"共通レビュー文: algae, manoeuvre, sediment, vicinity"
3026,derelict,廃墟の；放棄された,"Replace ""derelict"" with a clearer phrase if needed.",必要なら「derelict」をより明確な表現に置き換える。,"Clarify ""derelict"", ""undue"", ""homogeneous"", and ""remuneration"" in the glossary.",用語集で「derelict」、「undue」、「homogeneous」、「remuneration」を明確にする。,改稿レビュー待ち,"共通レビュー文: derelict, undue, homogeneous, remuneration"
3027,undue,過度の；不当な,"Replace ""undue"" with a clearer phrase if needed.",必要なら「undue」をより明確な表現に置き換える。,"Clarify ""derelict"", ""undue"", ""homogeneous"", and ""remuneration"" in the glossary.",用語集で「derelict」、「undue」、「homogeneous」、「remuneration」を明確にする。,改稿レビュー待ち,"共通レビュー文: derelict, undue, homogeneous, remuneration"
3029,homogeneous,同質の；均一の,The homogeneous option needs a clearer label.,homogeneousの選択肢には、より明確なラベルが必要だ。,"Clarify ""derelict"", ""undue"", ""homogeneous"", and ""remuneration"" in the glossary.",用語集で「derelict」、「undue」、「homogeneous」、「remuneration」を明確にする。,改稿レビュー待ち,"共通レビュー文: derelict, undue, homogeneous, remuneration"
3031,remuneration,報酬；給与,Clarify the remuneration before the next review.,次のレビュー前にremunerationを明確にする。,"Clarify ""derelict"", ""undue"", ""homogeneous"", and ""remuneration"" in the glossary.",用語集で「derelict」、「undue」、「homogeneous」、「remuneration」を明確にする。,改稿レビュー待ち,"共通レビュー文: derelict, undue, homogeneous, remuneration"
3032,dire,ひどい；差し迫った,"Replace ""dire"" with a clearer phrase if needed.",必要なら「dire」をより明確な表現に置き換える。,"Clarify ""dire"", ""lava"", ""subsistence"", and ""homage"" in the glossary.",用語集で「dire」、「lava」、「subsistence」、「homage」を明確にする。,改稿レビュー待ち,"共通レビュー文: dire, lava, subsistence, homage"
3033,lava,溶岩,"Replace ""lava"" with a clearer phrase if needed.",必要なら「lava」をより明確な表現に置き換える。,"Clarify ""dire"", ""lava"", ""subsistence"", and ""homage"" in the glossary.",用語集で「dire」、「lava」、「subsistence」、「homage」を明確にする。,改稿レビュー待ち,"共通レビュー文: dire, lava, subsistence, homage"
3034,subsistence,生存；生計,Clarify the subsistence before the next review.,次のレビュー前にsubsistenceを明確にする。,"Clarify ""dire"", ""lava"", ""subsistence"", and ""homage"" in the glossary.",用語集で「dire」、「lava」、「subsistence」、「homage」を明確にする。,改稿レビュー待ち,"共通レビュー文: dire, lava, subsistence, homage"
3035,homage,敬意；賛辞,"Replace ""homage"" with a clearer phrase if needed.",必要なら「homage」をより明確な表現に置き換える。,"Clarify ""dire"", ""lava"", ""subsistence"", and ""homage"" in the glossary.",用語集で「dire」、「lava」、「subsistence」、「homage」を明確にする。,改稿レビュー待ち,"共通レビュー文: dire, lava, subsistence, homage"
3036,floral,花の；花柄の,The floral option needs a clearer label.,floralの選択肢には、より明確なラベルが必要だ。,"Clarify ""floral"", ""calve"", ""hindsight"", and ""lush"" in the glossary.",用語集で「floral」、「calve」、「hindsight」、「lush」を明確にする。,改稿レビュー待ち,"共通レビュー文: floral, calve, hindsight, lush"
3038,calve,子牛を産む；分離する,"Replace ""calve"" with a clearer phrase if needed.",必要なら「calve」をより明確な表現に置き換える。,"Clarify ""floral"", ""calve"", ""hindsight"", and ""lush"" in the glossary.",用語集で「floral」、「calve」、「hindsight」、「lush」を明確にする。,改稿レビュー待ち,"共通レビュー文: floral, calve, hindsight, lush"
3039,hindsight,後知恵；事後的洞察,"Replace ""hindsight"" with a clearer phrase if needed.",必要なら「hindsight」をより明確な表現に置き換える。,"Clarify ""floral"", ""calve"", ""hindsight"", and ""lush"" in the glossary.",用語集で「floral」、「calve」、「hindsight」、「lush」を明確にする。,改稿レビュー待ち,"共通レビュー文: floral, calve, hindsight, lush"
3040,lush,緑豊かな；豪華な,"Replace ""lush"" with a clearer phrase if needed.",必要なら「lush」をより明確な表現に置き換える。,"Clarify ""floral"", ""calve"", ""hindsight"", and ""lush"" in the glossary.",用語集で「floral」、「calve」、「hindsight」、「lush」を明確にする。,改稿レビュー待ち,"共通レビュー文: floral, calve, hindsight, lush"
3041,payroll,給与名簿；給与総額,"Replace ""payroll"" with a clearer phrase if needed.",必要なら「payroll」をより明確な表現に置き換える。,"Clarify ""payroll"", ""respite"", ""suffrage"", and ""formative"" in the glossary.",用語集で「payroll」、「respite」、「suffrage」、「formative」を明確にする。,改稿レビュー待ち,"共通レビュー文: payroll, respite, suffrage, formative"
3043,respite,一時的な休息；猶予,"Replace ""respite"" with a clearer phrase if needed.",必要なら「respite」をより明確な表現に置き換える。,"Clarify ""payroll"", ""respite"", ""suffrage"", and ""formative"" in the glossary.",用語集で「payroll」、「respite」、「suffrage」、「formative」を明確にする。,改稿レビュー待ち,"共通レビュー文: payroll, respite, suffrage, formative"
3044,suffrage,選挙権；参政権,"Replace ""suffrage"" with a clearer phrase if needed.",必要なら「suffrage」をより明確な表現に置き換える。,"Clarify ""payroll"", ""respite"", ""suffrage"", and ""formative"" in the glossary.",用語集で「payroll」、「respite」、「suffrage」、「formative」を明確にする。,改稿レビュー待ち,"共通レビュー文: payroll, respite, suffrage, formative"
3045,formative,形成的な；成長期の,The formative option needs a clearer label.,formativeの選択肢には、より明確なラベルが必要だ。,"Clarify ""payroll"", ""respite"", ""suffrage"", and ""formative"" in the glossary.",用語集で「payroll」、「respite」、「suffrage」、「formative」を明確にする。,改稿レビュー待ち,"共通レビュー文: payroll, respite, suffrage, formative"
3046,precedence,優先権；先例,Clarify the precedence before the next review.,次のレビュー前にprecedenceを明確にする。,"Clarify ""precedence"", ""bereavement"", ""detrimental"", and ""ubiquitous"" in the glossary.",用語集で「precedence」、「bereavement」、「detrimental」、「ubiquitous」を明確にする。,改稿レビュー待ち,"共通レビュー文: precedence, bereavement, detrimental, ubiquitous"
3047,bereavement,（肉親の）死；喪失,Clarify the bereavement before the next review.,次のレビュー前にbereavementを明確にする。,"Clarify ""precedence"", ""bereavement"", ""detrimental"", and ""ubiquitous"" in the glossary.",用語集で「precedence」、「bereavement」、「detrimental」、「ubiquitous」を明確にする。,改稿レビュー待ち,"共通レビュー文: precedence, bereavement, detrimental, ubiquitous"
3048,detrimental,有害な；不利な,The detrimental option needs a clearer label.,detrimentalの選択肢には、より明確なラベルが必要だ。,"Clarify ""precedence"", ""bereavement"", ""detrimental"", and ""ubiquitous"" in the glossary.",用語集で「precedence」、「bereavement」、「detrimental」、「ubiquitous」を明確にする。,改稿レビュー待ち,"共通レビュー文: precedence, bereavement, detrimental, ubiquitous"
3049,ubiquitous,どこにでもある；遍在する,The ubiquitous option needs a clearer label.,ubiquitousの選択肢には、より明確なラベルが必要だ。,"Clarify ""precedence"", ""bereavement"", ""detrimental"", and ""ubiquitous"" in the glossary.",用語集で「precedence」、「bereavement」、「detrimental」、「ubiquitous」を明確にする。,改稿レビュー待ち,"共通レビュー文: precedence, bereavement, detrimental, ubiquitous"
3050,uptake,取り込み；理解,"Replace ""uptake"" with a clearer phrase if needed.",必要なら「uptake」をより明確な表現に置き換える。,"Clarify ""uptake"", ""embankment"", ""prerequisite"", and ""intermittent"" in the glossary.",用語集で「uptake」、「embankment」、「prerequisite」、「intermittent」を明確にする。,改稿レビュー待ち,"共通レビュー文: uptake, embankment, prerequisite, intermittent"
3052,embankment,土手；堤防,Clarify the embankment before the next review.,次のレビュー前にembankmentを明確にする。,"Clarify ""uptake"", ""embankment"", ""prerequisite"", and ""intermittent"" in the glossary.",用語集で「uptake」、「embankment」、「prerequisite」、「intermittent」を明確にする。,改稿レビュー待ち,"共通レビュー文: uptake, embankment, prerequisite, intermittent"
3053,prerequisite,前提条件；必須条件,"Replace ""prerequisite"" with a clearer phrase if needed.",必要なら「prerequisite」をより明確な表現に置き換える。,"Clarify ""uptake"", ""embankment"", ""prerequisite"", and ""intermittent"" in the glossary.",用語集で「uptake」、「embankment」、「prerequisite」、「intermittent」を明確にする。,改稿レビュー待ち,"共通レビュー文: uptake, embankment, prerequisite, intermittent"
3054,intermittent,断続的な；不定期の,"Replace ""intermittent"" with a clearer phrase if needed.",必要なら「intermittent」をより明確な表現に置き換える。,"Clarify ""uptake"", ""embankment"", ""prerequisite"", and ""intermittent"" in the glossary.",用語集で「uptake」、「embankment」、「prerequisite」、「intermittent」を明確にする。,改稿レビュー待ち,"共通レビュー文: uptake, embankment, prerequisite, intermittent"
3055,ominous,不吉な；縁起が悪い,The ominous option needs a clearer label.,ominousの選択肢には、より明確なラベルが必要だ。,"Clarify ""ominous"", ""vandalism"", ""laden"", and ""impoverish"" in the glossary.",用語集で「ominous」、「vandalism」、「laden」、「impoverish」を明確にする。,改稿レビュー待ち,"共通レビュー文: ominous, vandalism, laden, impoverish"
3056,vandalism,器物損壊；破壊行為,"Replace ""vandalism"" with a clearer phrase if needed.",必要なら「vandalism」をより明確な表現に置き換える。,"Clarify ""ominous"", ""vandalism"", ""laden"", and ""impoverish"" in the glossary.",用語集で「ominous」、「vandalism」、「laden」、「impoverish」を明確にする。,改稿レビュー待ち,"共通レビュー文: ominous, vandalism, laden, impoverish"
3057,laden,重荷を負った；満載の,"Replace ""laden"" with a clearer phrase if needed.",必要なら「laden」をより明確な表現に置き換える。,"Clarify ""ominous"", ""vandalism"", ""laden"", and ""impoverish"" in the glossary.",用語集で「ominous」、「vandalism」、「laden」、「impoverish」を明確にする。,改稿レビュー待ち,"共通レビュー文: ominous, vandalism, laden, impoverish"
3058,impoverish,を貧しくする；を衰退させる,"Replace ""impoverish"" with a clearer phrase if needed.",必要なら「impoverish」をより明確な表現に置き換える。,"Clarify ""ominous"", ""vandalism"", ""laden"", and ""impoverish"" in the glossary.",用語集で「ominous」、「vandalism」、「laden」、「impoverish」を明確にする。,改稿レビュー待ち,"共通レビュー文: ominous, vandalism, laden, impoverish"
3059,arid,乾燥した；不毛の,"Replace ""arid"" with a clearer phrase if needed.",必要なら「arid」をより明確な表現に置き換える。,"Clarify ""arid"", ""lineage"", ""physiology"", and ""chronological"" in the glossary.",用語集で「arid」、「lineage」、「physiology」、「chronological」を明確にする。,改稿レビュー待ち,"共通レビュー文: arid, lineage, physiology, chronological"
3061,lineage,血統；家系,"Replace ""lineage"" with a clearer phrase if needed.",必要なら「lineage」をより明確な表現に置き換える。,"Clarify ""arid"", ""lineage"", ""physiology"", and ""chronological"" in the glossary.",用語集で「arid」、「lineage」、「physiology」、「chronological」を明確にする。,改稿レビュー待ち,"共通レビュー文: arid, lineage, physiology, chronological"
3062,physiology,生理学,"Replace ""physiology"" with a clearer phrase if needed.",必要なら「physiology」をより明確な表現に置き換える。,"Clarify ""arid"", ""lineage"", ""physiology"", and ""chronological"" in the glossary.",用語集で「arid」、「lineage」、「physiology」、「chronological」を明確にする。,改稿レビュー待ち,"共通レビュー文: arid, lineage, physiology, chronological"
3063,chronological,年代順の,The chronological option needs a clearer label.,chronologicalの選択肢には、より明確なラベルが必要だ。,"Clarify ""arid"", ""lineage"", ""physiology"", and ""chronological"" in the glossary.",用語集で「arid」、「lineage」、「physiology」、「chronological」を明確にする。,改稿レビュー待ち,"共通レビュー文: arid, lineage, physiology, chronological"
3064,soluble,可溶性の；溶ける,"Replace ""soluble"" with a clearer phrase if needed.",必要なら「soluble」をより明確な表現に置き換える。,"Clarify ""soluble"", ""sleek"", ""apex"", and ""salvage"" in the glossary.",用語集で「soluble」、「sleek」、「apex」、「salvage」を明確にする。,改稿レビュー待ち,"共通レビュー文: soluble, sleek, apex, salvage"
3065,sleek,なめらかな；洗練された,"Replace ""sleek"" with a clearer phrase if needed.",必要なら「sleek」をより明確な表現に置き換える。,"Clarify ""soluble"", ""sleek"", ""apex"", and ""salvage"" in the glossary.",用語集で「soluble」、「sleek」、「apex」、「salvage」を明確にする。,改稿レビュー待ち,"共通レビュー文: soluble, sleek, apex, salvage"
3066,apex,頂点；最高点,"Replace ""apex"" with a clearer phrase if needed.",必要なら「apex」をより明確な表現に置き換える。,"Clarify ""soluble"", ""sleek"", ""apex"", and ""salvage"" in the glossary.",用語集で「soluble」、「sleek」、「apex」、「salvage」を明確にする。,改稿レビュー待ち,"共通レビュー文: soluble, sleek, apex, salvage"
3067,salvage,を救助する；回収,"Replace ""salvage"" with a clearer phrase if needed.",必要なら「salvage」をより明確な表現に置き換える。,"Clarify ""soluble"", ""sleek"", ""apex"", and ""salvage"" in the glossary.",用語集で「soluble」、「sleek」、「apex」、「salvage」を明確にする。,改稿レビュー待ち,"共通レビュー文: soluble, sleek, apex, salvage"
3068,preferential,優遇の；優先的な,The preferential option needs a clearer label.,preferentialの選択肢には、より明確なラベルが必要だ。,"Clarify ""preferential"", ""terrestrial"", ""devious"", and ""aback"" in the glossary.",用語集で「preferential」、「terrestrial」、「devious」、「aback」を明確にする。,改稿レビュー待ち,"共通レビュー文: preferential, terrestrial, devious, aback"
3070,terrestrial,陸地の；地球の,The terrestrial option needs a clearer label.,terrestrialの選択肢には、より明確なラベルが必要だ。,"Clarify ""preferential"", ""terrestrial"", ""devious"", and ""aback"" in the glossary.",用語集で「preferential」、「terrestrial」、「devious」、「aback」を明確にする。,改稿レビュー待ち,"共通レビュー文: preferential, terrestrial, devious, aback"
3071,devious,遠回りの；不正直な,The devious option needs a clearer label.,deviousの選択肢には、より明確なラベルが必要だ。,"Clarify ""preferential"", ""terrestrial"", ""devious"", and ""aback"" in the glossary.",用語集で「preferential」、「terrestrial」、「devious」、「aback」を明確にする。,改稿レビュー待ち,"共通レビュー文: preferential, terrestrial, devious, aback"
3072,aback,後ろへ；不意に,"Replace ""aback"" with a clearer phrase if needed.",必要なら「aback」をより明確な表現に置き換える。,"Clarify ""preferential"", ""terrestrial"", ""devious"", and ""aback"" in the glossary.",用語集で「preferential」、「terrestrial」、「devious」、「aback」を明確にする。,改稿レビュー待ち,"共通レビュー文: preferential, terrestrial, devious, aback"
3073,deplete,を使い果たす；枯渇させる,"Replace ""deplete"" with a clearer phrase if needed.",必要なら「deplete」をより明確な表現に置き換える。,"Clarify ""deplete"", ""obsessive"", ""effluent"", and ""endemic"" in the glossary.",用語集で「deplete」、「obsessive」、「effluent」、「endemic」を明確にする。,改稿レビュー待ち,"共通レビュー文: deplete, obsessive, effluent, endemic"
3074,obsessive,強迫的な；頭から離れない,The obsessive option needs a clearer label.,obsessiveの選択肢には、より明確なラベルが必要だ。,"Clarify ""deplete"", ""obsessive"", ""effluent"", and ""endemic"" in the glossary.",用語集で「deplete」、「obsessive」、「effluent」、「endemic」を明確にする。,改稿レビュー待ち,"共通レビュー文: deplete, obsessive, effluent, endemic"
3075,effluent,排水；廃液,"Replace ""effluent"" with a clearer phrase if needed.",必要なら「effluent」をより明確な表現に置き換える。,"Clarify ""deplete"", ""obsessive"", ""effluent"", and ""endemic"" in the glossary.",用語集で「deplete」、「obsessive」、「effluent」、「endemic」を明確にする。,改稿レビュー待ち,"共通レビュー文: deplete, obsessive, effluent, endemic"
3076,endemic,風土病の；その地域固有の,The endemic option needs a clearer label.,endemicの選択肢には、より明確なラベルが必要だ。,"Clarify ""deplete"", ""obsessive"", ""effluent"", and ""endemic"" in the glossary.",用語集で「deplete」、「obsessive」、「effluent」、「endemic」を明確にする。,改稿レビュー待ち,"共通レビュー文: deplete, obsessive, effluent, endemic"
3077,unwittingly,知らずに；無意識に,"Use ""unwittingly"" carefully in helper text.",ヘルプ文では「unwittingly」を慎重に使う。,"Clarify ""unwittingly"", ""dogged"", ""dyke"", and ""measurable"" in the glossary.",用語集で「unwittingly」、「dogged」、「dyke」、「measurable」を明確にする。,改稿レビュー待ち,"共通レビュー文: unwittingly, dogged, dyke, measurable"
3081,dogged,粘り強い；執拗な,"Replace ""dogged"" with a clearer phrase if needed.",必要なら「dogged」をより明確な表現に置き換える。,"Clarify ""unwittingly"", ""dogged"", ""dyke"", and ""measurable"" in the glossary.",用語集で「unwittingly」、「dogged」、「dyke」、「measurable」を明確にする。,改稿レビュー待ち,"共通レビュー文: unwittingly, dogged, dyke, measurable"
3082,dyke,堤防；溝,"Replace ""dyke"" with a clearer phrase if needed.",必要なら「dyke」をより明確な表現に置き換える。,"Clarify ""unwittingly"", ""dogged"", ""dyke"", and ""measurable"" in the glossary.",用語集で「unwittingly」、「dogged」、「dyke」、「measurable」を明確にする。,改稿レビュー待ち,"共通レビュー文: unwittingly, dogged, dyke, measurable"
3083,measurable,測定可能な；著しい,The measurable option needs a clearer label.,measurableの選択肢には、より明確なラベルが必要だ。,"Clarify ""unwittingly"", ""dogged"", ""dyke"", and ""measurable"" in the glossary.",用語集で「unwittingly」、「dogged」、「dyke」、「measurable」を明確にする。,改稿レビュー待ち,"共通レビュー文: unwittingly, dogged, dyke, measurable"
3084,ordinate,縦座標；規則的な,"Replace ""ordinate"" with a clearer phrase if needed.",必要なら「ordinate」をより明確な表現に置き換える。,"Clarify ""ordinate"", ""dissertation"", ""enact"", and ""downright"" in the glossary.",用語集で「ordinate」、「dissertation」、「enact」、「downright」を明確にする。,改稿レビュー待ち,"共通レビュー文: ordinate, dissertation, enact, downright"
3085,dissertation,論文；学位論文,Clarify the dissertation before the next review.,次のレビュー前にdissertationを明確にする。,"Clarify ""ordinate"", ""dissertation"", ""enact"", and ""downright"" in the glossary.",用語集で「ordinate」、「dissertation」、「enact」、「downright」を明確にする。,改稿レビュー待ち,"共通レビュー文: ordinate, dissertation, enact, downright"
3086,enact,を法制化する；上演する,"Replace ""enact"" with a clearer phrase if needed.",必要なら「enact」をより明確な表現に置き換える。,"Clarify ""ordinate"", ""dissertation"", ""enact"", and ""downright"" in the glossary.",用語集で「ordinate」、「dissertation」、「enact」、「downright」を明確にする。,改稿レビュー待ち,"共通レビュー文: ordinate, dissertation, enact, downright"
3087,downright,全くの；完全に,"Replace ""downright"" with a clearer phrase if needed.",必要なら「downright」をより明確な表現に置き換える。,"Clarify ""ordinate"", ""dissertation"", ""enact"", and ""downright"" in the glossary.",用語集で「ordinate」、「dissertation」、「enact」、「downright」を明確にする。,改稿レビュー待ち,"共通レビュー文: ordinate, dissertation, enact, downright"
3088,glacial,氷河の；非常に冷たい,The glacial option needs a clearer label.,glacialの選択肢には、より明確なラベルが必要だ。,"Clarify ""glacial"", ""rudimentary"", ""haphazard"", and ""consignment"" in the glossary.",用語集で「glacial」、「rudimentary」、「haphazard」、「consignment」を明確にする。,改稿レビュー待ち,"共通レビュー文: glacial, rudimentary, haphazard, consignment"
3089,rudimentary,初歩的な；基本的な,"Replace ""rudimentary"" with a clearer phrase if needed.",必要なら「rudimentary」をより明確な表現に置き換える。,"Clarify ""glacial"", ""rudimentary"", ""haphazard"", and ""consignment"" in the glossary.",用語集で「glacial」、「rudimentary」、「haphazard」、「consignment」を明確にする。,改稿レビュー待ち,"共通レビュー文: glacial, rudimentary, haphazard, consignment"
3090,haphazard,行き当たりばったりの,"Replace ""haphazard"" with a clearer phrase if needed.",必要なら「haphazard」をより明確な表現に置き換える。,"Clarify ""glacial"", ""rudimentary"", ""haphazard"", and ""consignment"" in the glossary.",用語集で「glacial」、「rudimentary」、「haphazard」、「consignment」を明確にする。,改稿レビュー待ち,"共通レビュー文: glacial, rudimentary, haphazard, consignment"
3091,consignment,委託；送り荷,Clarify the consignment before the next review.,次のレビュー前にconsignmentを明確にする。,"Clarify ""glacial"", ""rudimentary"", ""haphazard"", and ""consignment"" in the glossary.",用語集で「glacial」、「rudimentary」、「haphazard」、「consignment」を明確にする。,改稿レビュー待ち,"共通レビュー文: glacial, rudimentary, haphazard, consignment"
3094,venom,毒液；悪意,"Replace ""venom"" with a clearer phrase if needed.",必要なら「venom」をより明確な表現に置き換える。,"Clarify ""venom"", ""millennium"", ""dichotomy"", and ""quantify"" in the glossary.",用語集で「venom」、「millennium」、「dichotomy」、「quantify」を明確にする。,改稿レビュー待ち,"共通レビュー文: venom, millennium, dichotomy, quantify"
3095,millennium,千年間；新千年紀,"Replace ""millennium"" with a clearer phrase if needed.",必要なら「millennium」をより明確な表現に置き換える。,"Clarify ""venom"", ""millennium"", ""dichotomy"", and ""quantify"" in the glossary.",用語集で「venom」、「millennium」、「dichotomy」、「quantify」を明確にする。,改稿レビュー待ち,"共通レビュー文: venom, millennium, dichotomy, quantify"
3097,dichotomy,二分法；対立,"Replace ""dichotomy"" with a clearer phrase if needed.",必要なら「dichotomy」をより明確な表現に置き換える。,"Clarify ""venom"", ""millennium"", ""dichotomy"", and ""quantify"" in the glossary.",用語集で「venom」、「millennium」、「dichotomy」、「quantify」を明確にする。,改稿レビュー待ち,"共通レビュー文: venom, millennium, dichotomy, quantify"
3098,quantify,を定量化する,"Replace ""quantify"" with a clearer phrase if needed.",必要なら「quantify」をより明確な表現に置き換える。,"Clarify ""venom"", ""millennium"", ""dichotomy"", and ""quantify"" in the glossary.",用語集で「venom」、「millennium」、「dichotomy」、「quantify」を明確にする。,改稿レビュー待ち,"共通レビュー文: venom, millennium, dichotomy, quantify"
3099,artefact,人工物；工芸品,"Replace ""artefact"" with a clearer phrase if needed.",必要なら「artefact」をより明確な表現に置き換える。,"Clarify ""artefact"", ""reprieve"", ""outlay"", and ""vantage"" in the glossary.",用語集で「artefact」、「reprieve」、「outlay」、「vantage」を明確にする。,改稿レビュー待ち,"共通レビュー文: artefact, reprieve, outlay, vantage"
3100,reprieve,刑の執行猶予；一時的な救済,"Replace ""reprieve"" with a clearer phrase if needed.",必要なら「reprieve」をより明確な表現に置き換える。,"Clarify ""artefact"", ""reprieve"", ""outlay"", and ""vantage"" in the glossary.",用語集で「artefact」、「reprieve」、「outlay」、「vantage」を明確にする。,改稿レビュー待ち,"共通レビュー文: artefact, reprieve, outlay, vantage"
3101,outlay,支出；費用,"Replace ""outlay"" with a clearer phrase if needed.",必要なら「outlay」をより明確な表現に置き換える。,"Clarify ""artefact"", ""reprieve"", ""outlay"", and ""vantage"" in the glossary.",用語集で「artefact」、「reprieve」、「outlay」、「vantage」を明確にする。,改稿レビュー待ち,"共通レビュー文: artefact, reprieve, outlay, vantage"
3102,vantage,有利な立場；眺望,"Replace ""vantage"" with a clearer phrase if needed.",必要なら「vantage」をより明確な表現に置き換える。,"Clarify ""artefact"", ""reprieve"", ""outlay"", and ""vantage"" in the glossary.",用語集で「artefact」、「reprieve」、「outlay」、「vantage」を明確にする。,改稿レビュー待ち,"共通レビュー文: artefact, reprieve, outlay, vantage"
3103,primer,入門書；下塗り,"Replace ""primer"" with a clearer phrase if needed.",必要なら「primer」をより明確な表現に置き換える。,"Clarify ""primer"", ""stunt"", ""diverge"", and ""labyrinth"" in the glossary.",用語集で「primer」、「stunt」、「diverge」、「labyrinth」を明確にする。,改稿レビュー待ち,"共通レビュー文: primer, stunt, diverge, labyrinth"
3104,stunt,成長を妨げる；スタント,"Replace ""stunt"" with a clearer phrase if needed.",必要なら「stunt」をより明確な表現に置き換える。,"Clarify ""primer"", ""stunt"", ""diverge"", and ""labyrinth"" in the glossary.",用語集で「primer」、「stunt」、「diverge」、「labyrinth」を明確にする。,改稿レビュー待ち,"共通レビュー文: primer, stunt, diverge, labyrinth"
3108,diverge,分岐する；異なる,"Replace ""diverge"" with a clearer phrase if needed.",必要なら「diverge」をより明確な表現に置き換える。,"Clarify ""primer"", ""stunt"", ""diverge"", and ""labyrinth"" in the glossary.",用語集で「primer」、「stunt」、「diverge」、「labyrinth」を明確にする。,改稿レビュー待ち,"共通レビュー文: primer, stunt, diverge, labyrinth"
3109,labyrinth,迷宮；複雑な状況,"Replace ""labyrinth"" with a clearer phrase if needed.",必要なら「labyrinth」をより明確な表現に置き換える。,"Clarify ""primer"", ""stunt"", ""diverge"", and ""labyrinth"" in the glossary.",用語集で「primer」、「stunt」、「diverge」、「labyrinth」を明確にする。,改稿レビュー待ち,"共通レビュー文: primer, stunt, diverge, labyrinth"
3110,nocturnal,夜行性の,The nocturnal option needs a clearer label.,nocturnalの選択肢には、より明確なラベルが必要だ。,"Clarify ""nocturnal"", ""precipitation"", ""enigma"", and ""pigment"" in the glossary.",用語集で「nocturnal」、「precipitation」、「enigma」、「pigment」を明確にする。,改稿レビュー待ち,"共通レビュー文: nocturnal, precipitation, enigma, pigment"
3111,precipitation,降水量；急ぎ,Clarify the precipitation before the next review.,次のレビュー前にprecipitationを明確にする。,"Clarify ""nocturnal"", ""precipitation"", ""enigma"", and ""pigment"" in the glossary.",用語集で「nocturnal」、「precipitation」、「enigma」、「pigment」を明確にする。,改稿レビュー待ち,"共通レビュー文: nocturnal, precipitation, enigma, pigment"
3112,enigma,謎；不可解な人,"Replace ""enigma"" with a clearer phrase if needed.",必要なら「enigma」をより明確な表現に置き換える。,"Clarify ""nocturnal"", ""precipitation"", ""enigma"", and ""pigment"" in the glossary.",用語集で「nocturnal」、「precipitation」、「enigma」、「pigment」を明確にする。,改稿レビュー待ち,"共通レビュー文: nocturnal, precipitation, enigma, pigment"
3113,pigment,色素；顔料,Clarify the pigment before the next review.,次のレビュー前にpigmentを明確にする。,"Clarify ""nocturnal"", ""precipitation"", ""enigma"", and ""pigment"" in the glossary.",用語集で「nocturnal」、「precipitation」、「enigma」、「pigment」を明確にする。,改稿レビュー待ち,"共通レビュー文: nocturnal, precipitation, enigma, pigment"
3114,convection,対流,Clarify the convection before the next review.,次のレビュー前にconvectionを明確にする。,"Clarify ""convection"", ""seedling"", ""disparity"", and ""dung"" in the glossary.",用語集で「convection」、「seedling」、「disparity」、「dung」を明確にする。,改稿レビュー待ち,"共通レビュー文: convection, seedling, disparity, dung"
3115,seedling,苗；苗木,"Replace ""seedling"" with a clearer phrase if needed.",必要なら「seedling」をより明確な表現に置き換える。,"Clarify ""convection"", ""seedling"", ""disparity"", and ""dung"" in the glossary.",用語集で「convection」、「seedling」、「disparity」、「dung」を明確にする。,改稿レビュー待ち,"共通レビュー文: convection, seedling, disparity, dung"
3116,disparity,格差；不均衡,Clarify the disparity before the next review.,次のレビュー前にdisparityを明確にする。,"Clarify ""convection"", ""seedling"", ""disparity"", and ""dung"" in the glossary.",用語集で「convection」、「seedling」、「disparity」、「dung」を明確にする。,改稿レビュー待ち,"共通レビュー文: convection, seedling, disparity, dung"
3117,dung,糞；堆肥,"Replace ""dung"" with a clearer phrase if needed.",必要なら「dung」をより明確な表現に置き換える。,"Clarify ""convection"", ""seedling"", ""disparity"", and ""dung"" in the glossary.",用語集で「convection」、「seedling」、「disparity」、「dung」を明確にする。,改稿レビュー待ち,"共通レビュー文: convection, seedling, disparity, dung"
3118,inextricably,切り離せないほど；不可分に,"Use ""inextricably"" carefully in helper text.",ヘルプ文では「inextricably」を慎重に使う。,"Clarify ""inextricably"", ""brunt"", ""esoteric"", and ""asymmetry"" in the glossary.",用語集で「inextricably」、「brunt」、「esoteric」、「asymmetry」を明確にする。,改稿レビュー待ち,"共通レビュー文: inextricably, brunt, esoteric, asymmetry"
3120,brunt,矢面；強打,"Replace ""brunt"" with a clearer phrase if needed.",必要なら「brunt」をより明確な表現に置き換える。,"Clarify ""inextricably"", ""brunt"", ""esoteric"", and ""asymmetry"" in the glossary.",用語集で「inextricably」、「brunt」、「esoteric」、「asymmetry」を明確にする。,改稿レビュー待ち,"共通レビュー文: inextricably, brunt, esoteric, asymmetry"
3121,esoteric,難解な；秘伝の,The esoteric option needs a clearer label.,esotericの選択肢には、より明確なラベルが必要だ。,"Clarify ""inextricably"", ""brunt"", ""esoteric"", and ""asymmetry"" in the glossary.",用語集で「inextricably」、「brunt」、「esoteric」、「asymmetry」を明確にする。,改稿レビュー待ち,"共通レビュー文: inextricably, brunt, esoteric, asymmetry"
3122,asymmetry,非対称,"Replace ""asymmetry"" with a clearer phrase if needed.",必要なら「asymmetry」をより明確な表現に置き換える。,"Clarify ""inextricably"", ""brunt"", ""esoteric"", and ""asymmetry"" in the glossary.",用語集で「inextricably」、「brunt」、「esoteric」、「asymmetry」を明確にする。,改稿レビュー待ち,"共通レビュー文: inextricably, brunt, esoteric, asymmetry"
3123,clientele,顧客；得意客,"Replace ""clientele"" with a clearer phrase if needed.",必要なら「clientele」をより明確な表現に置き換える。,"Clarify ""clientele"", ""patently"", ""provenance"", and ""affective"" in the glossary.",用語集で「clientele」、「patently」、「provenance」、「affective」を明確にする。,改稿レビュー待ち,"共通レビュー文: clientele, patently, provenance, affective"
3124,patently,明らかに；公然と,"Use ""patently"" carefully in helper text.",ヘルプ文では「patently」を慎重に使う。,"Clarify ""clientele"", ""patently"", ""provenance"", and ""affective"" in the glossary.",用語集で「clientele」、「patently」、「provenance」、「affective」を明確にする。,改稿レビュー待ち,"共通レビュー文: clientele, patently, provenance, affective"
3125,provenance,起源；出所,Clarify the provenance before the next review.,次のレビュー前にprovenanceを明確にする。,"Clarify ""clientele"", ""patently"", ""provenance"", and ""affective"" in the glossary.",用語集で「clientele」、「patently」、「provenance」、「affective」を明確にする。,改稿レビュー待ち,"共通レビュー文: clientele, patently, provenance, affective"
3127,affective,感情の；情動的な,The affective option needs a clearer label.,affectiveの選択肢には、より明確なラベルが必要だ。,"Clarify ""clientele"", ""patently"", ""provenance"", and ""affective"" in the glossary.",用語集で「clientele」、「patently」、「provenance」、「affective」を明確にする。,改稿レビュー待ち,"共通レビュー文: clientele, patently, provenance, affective"
3128,amorphous,形のない；不定形の,The amorphous option needs a clearer label.,amorphousの選択肢には、より明確なラベルが必要だ。,"Clarify ""amorphous"", ""lucid"", ""autocratic"", and ""resound"" in the glossary.",用語集で「amorphous」、「lucid」、「autocratic」、「resound」を明確にする。,改稿レビュー待ち,"共通レビュー文: amorphous, lucid, autocratic, resound"
3129,lucid,明快な；意識がはっきりした,"Replace ""lucid"" with a clearer phrase if needed.",必要なら「lucid」をより明確な表現に置き換える。,"Clarify ""amorphous"", ""lucid"", ""autocratic"", and ""resound"" in the glossary.",用語集で「amorphous」、「lucid」、「autocratic」、「resound」を明確にする。,改稿レビュー待ち,"共通レビュー文: amorphous, lucid, autocratic, resound"
3130,autocratic,独裁的な,The autocratic option needs a clearer label.,autocraticの選択肢には、より明確なラベルが必要だ。,"Clarify ""amorphous"", ""lucid"", ""autocratic"", and ""resound"" in the glossary.",用語集で「amorphous」、「lucid」、「autocratic」、「resound」を明確にする。,改稿レビュー待ち,"共通レビュー文: amorphous, lucid, autocratic, resound"
3131,resound,響き渡る；鳴り響く,"Replace ""resound"" with a clearer phrase if needed.",必要なら「resound」をより明確な表現に置き換える。,"Clarify ""amorphous"", ""lucid"", ""autocratic"", and ""resound"" in the glossary.",用語集で「amorphous」、「lucid」、「autocratic」、「resound」を明確にする。,改稿レビュー待ち,"共通レビュー文: amorphous, lucid, autocratic, resound"
3132,consequential,重大な；結果として生じる,The consequential option needs a clearer label.,consequentialの選択肢には、より明確なラベルが必要だ。,"Clarify ""consequential"", ""mite"", ""smoulder"", and ""detract"" in the glossary.",用語集で「consequential」、「mite」、「smoulder」、「detract」を明確にする。,改稿レビュー待ち,"共通レビュー文: consequential, mite, smoulder, detract"
3134,mite,ダニ；わずか,"Replace ""mite"" with a clearer phrase if needed.",必要なら「mite」をより明確な表現に置き換える。,"Clarify ""consequential"", ""mite"", ""smoulder"", and ""detract"" in the glossary.",用語集で「consequential」、「mite」、「smoulder」、「detract」を明確にする。,改稿レビュー待ち,"共通レビュー文: consequential, mite, smoulder, detract"
3135,smoulder,くすぶる；くすぶり続ける,"Replace ""smoulder"" with a clearer phrase if needed.",必要なら「smoulder」をより明確な表現に置き換える。,"Clarify ""consequential"", ""mite"", ""smoulder"", and ""detract"" in the glossary.",用語集で「consequential」、「mite」、「smoulder」、「detract」を明確にする。,改稿レビュー待ち,"共通レビュー文: consequential, mite, smoulder, detract"
3136,detract,を損なう；減ずる,"Replace ""detract"" with a clearer phrase if needed.",必要なら「detract」をより明確な表現に置き換える。,"Clarify ""consequential"", ""mite"", ""smoulder"", and ""detract"" in the glossary.",用語集で「consequential」、「mite」、「smoulder」、「detract」を明確にする。,改稿レビュー待ち,"共通レビュー文: consequential, mite, smoulder, detract"
3137,pristine,清潔な；手つかずの,"Replace ""pristine"" with a clearer phrase if needed.",必要なら「pristine」をより明確な表現に置き換える。,"Clarify ""pristine"", ""detour"", ""accrue"", and ""benchmark"" in the glossary.",用語集で「pristine」、「detour」、「accrue」、「benchmark」を明確にする。,改稿レビュー待ち,"共通レビュー文: pristine, detour, accrue, benchmark"
3138,detour,回り道；迂回路,"Replace ""detour"" with a clearer phrase if needed.",必要なら「detour」をより明確な表現に置き換える。,"Clarify ""pristine"", ""detour"", ""accrue"", and ""benchmark"" in the glossary.",用語集で「pristine」、「detour」、「accrue」、「benchmark」を明確にする。,改稿レビュー待ち,"共通レビュー文: pristine, detour, accrue, benchmark"
3139,accrue,蓄積する,"Replace ""accrue"" with a clearer phrase if needed.",必要なら「accrue」をより明確な表現に置き換える。,"Clarify ""pristine"", ""detour"", ""accrue"", and ""benchmark"" in the glossary.",用語集で「pristine」、「detour」、「accrue」、「benchmark」を明確にする。,改稿レビュー待ち,"共通レビュー文: pristine, detour, accrue, benchmark"
3140,benchmark,基準；ベンチマーク,"Replace ""benchmark"" with a clearer phrase if needed.",必要なら「benchmark」をより明確な表現に置き換える。,"Clarify ""pristine"", ""detour"", ""accrue"", and ""benchmark"" in the glossary.",用語集で「pristine」、「detour」、「accrue」、「benchmark」を明確にする。,改稿レビュー待ち,"共通レビュー文: pristine, detour, accrue, benchmark"
3141,tremor,震え；小さな地震,"Replace ""tremor"" with a clearer phrase if needed.",必要なら「tremor」をより明確な表現に置き換える。,"Clarify ""tremor"", ""antidote"", ""bounty"", and ""deforestation"" in the glossary.",用語集で「tremor」、「antidote」、「bounty」、「deforestation」を明確にする。,改稿レビュー待ち,"共通レビュー文: tremor, antidote, bounty, deforestation"
3145,antidote,解毒剤；対抗手段,"Replace ""antidote"" with a clearer phrase if needed.",必要なら「antidote」をより明確な表現に置き換える。,"Clarify ""tremor"", ""antidote"", ""bounty"", and ""deforestation"" in the glossary.",用語集で「tremor」、「antidote」、「bounty」、「deforestation」を明確にする。,改稿レビュー待ち,"共通レビュー文: tremor, antidote, bounty, deforestation"
3146,bounty,気前のよさ；賞金,"Replace ""bounty"" with a clearer phrase if needed.",必要なら「bounty」をより明確な表現に置き換える。,"Clarify ""tremor"", ""antidote"", ""bounty"", and ""deforestation"" in the glossary.",用語集で「tremor」、「antidote」、「bounty」、「deforestation」を明確にする。,改稿レビュー待ち,"共通レビュー文: tremor, antidote, bounty, deforestation"
3147,deforestation,森林伐採；森林破壊,Clarify the deforestation before the next review.,次のレビュー前にdeforestationを明確にする。,"Clarify ""tremor"", ""antidote"", ""bounty"", and ""deforestation"" in the glossary.",用語集で「tremor」、「antidote」、「bounty」、「deforestation」を明確にする。,改稿レビュー待ち,"共通レビュー文: tremor, antidote, bounty, deforestation"
3148,predominate,優勢である；圧倒する,"Replace ""predominate"" with a clearer phrase if needed.",必要なら「predominate」をより明確な表現に置き換える。,"Clarify ""predominate"", ""trappings"", ""forerunner"", and ""judicious"" in the glossary.",用語集で「predominate」、「trappings」、「forerunner」、「judicious」を明確にする。,改稿レビュー待ち,"共通レビュー文: predominate, trappings, forerunner, judicious"
3150,trappings,外観；象徴的装飾,"Replace ""trappings"" with a clearer phrase if needed.",必要なら「trappings」をより明確な表現に置き換える。,"Clarify ""predominate"", ""trappings"", ""forerunner"", and ""judicious"" in the glossary.",用語集で「predominate」、「trappings」、「forerunner」、「judicious」を明確にする。,改稿レビュー待ち,"共通レビュー文: predominate, trappings, forerunner, judicious"
3151,forerunner,先駆者；前兆,"Replace ""forerunner"" with a clearer phrase if needed.",必要なら「forerunner」をより明確な表現に置き換える。,"Clarify ""predominate"", ""trappings"", ""forerunner"", and ""judicious"" in the glossary.",用語集で「predominate」、「trappings」、「forerunner」、「judicious」を明確にする。,改稿レビュー待ち,"共通レビュー文: predominate, trappings, forerunner, judicious"
3156,judicious,思慮深い；賢明な,The judicious option needs a clearer label.,judiciousの選択肢には、より明確なラベルが必要だ。,"Clarify ""predominate"", ""trappings"", ""forerunner"", and ""judicious"" in the glossary.",用語集で「predominate」、「trappings」、「forerunner」、「judicious」を明確にする。,改稿レビュー待ち,"共通レビュー文: predominate, trappings, forerunner, judicious"
3157,viscous,粘性のある；ねばねばした,The viscous option needs a clearer label.,viscousの選択肢には、より明確なラベルが必要だ。,"Clarify ""viscous"", ""silt"", ""credence"", and ""noxious"" in the glossary.",用語集で「viscous」、「silt」、「credence」、「noxious」を明確にする。,改稿レビュー待ち,"共通レビュー文: viscous, silt, credence, noxious"
3159,silt,沖積土；泥,"Replace ""silt"" with a clearer phrase if needed.",必要なら「silt」をより明確な表現に置き換える。,"Clarify ""viscous"", ""silt"", ""credence"", and ""noxious"" in the glossary.",用語集で「viscous」、「silt」、「credence」、「noxious」を明確にする。,改稿レビュー待ち,"共通レビュー文: viscous, silt, credence, noxious"
3160,credence,信用；信頼,Clarify the credence before the next review.,次のレビュー前にcredenceを明確にする。,"Clarify ""viscous"", ""silt"", ""credence"", and ""noxious"" in the glossary.",用語集で「viscous」、「silt」、「credence」、「noxious」を明確にする。,改稿レビュー待ち,"共通レビュー文: viscous, silt, credence, noxious"
3163,noxious,有害な；有毒な,The noxious option needs a clearer label.,noxiousの選択肢には、より明確なラベルが必要だ。,"Clarify ""viscous"", ""silt"", ""credence"", and ""noxious"" in the glossary.",用語集で「viscous」、「silt」、「credence」、「noxious」を明確にする。,改稿レビュー待ち,"共通レビュー文: viscous, silt, credence, noxious"
3164,puncture,パンク；を刺す,"Replace ""puncture"" with a clearer phrase if needed.",必要なら「puncture」をより明確な表現に置き換える。,"Clarify ""puncture"", ""stagnate"", ""hinterland"", and ""impinge"" in the glossary.",用語集で「puncture」、「stagnate」、「hinterland」、「impinge」を明確にする。,改稿レビュー待ち,"共通レビュー文: puncture, stagnate, hinterland, impinge"
3165,stagnate,停滞する；よどむ,"Replace ""stagnate"" with a clearer phrase if needed.",必要なら「stagnate」をより明確な表現に置き換える。,"Clarify ""puncture"", ""stagnate"", ""hinterland"", and ""impinge"" in the glossary.",用語集で「puncture」、「stagnate」、「hinterland」、「impinge」を明確にする。,改稿レビュー待ち,"共通レビュー文: puncture, stagnate, hinterland, impinge"
3166,hinterland,内陸地方；奥地,"Replace ""hinterland"" with a clearer phrase if needed.",必要なら「hinterland」をより明確な表現に置き換える。,"Clarify ""puncture"", ""stagnate"", ""hinterland"", and ""impinge"" in the glossary.",用語集で「puncture」、「stagnate」、「hinterland」、「impinge」を明確にする。,改稿レビュー待ち,"共通レビュー文: puncture, stagnate, hinterland, impinge"
3168,impinge,影響を与える,"Replace ""impinge"" with a clearer phrase if needed.",必要なら「impinge」をより明確な表現に置き換える。,"Clarify ""puncture"", ""stagnate"", ""hinterland"", and ""impinge"" in the glossary.",用語集で「puncture」、「stagnate」、「hinterland」、「impinge」を明確にする。,改稿レビュー待ち,"共通レビュー文: puncture, stagnate, hinterland, impinge"
3169,absenteeism,常習的欠勤,"Replace ""absenteeism"" with a clearer phrase if needed.",必要なら「absenteeism」をより明確な表現に置き換える。,"Clarify ""absenteeism"", ""engrossed"", ""incongruous"", and ""streamline"" in the glossary.",用語集で「absenteeism」、「engrossed」、「incongruous」、「streamline」を明確にする。,改稿レビュー待ち,"共通レビュー文: absenteeism, engrossed, incongruous, streamline"
3170,engrossed,夢中になった；没頭した,"Replace ""engrossed"" with a clearer phrase if needed.",必要なら「engrossed」をより明確な表現に置き換える。,"Clarify ""absenteeism"", ""engrossed"", ""incongruous"", and ""streamline"" in the glossary.",用語集で「absenteeism」、「engrossed」、「incongruous」、「streamline」を明確にする。,改稿レビュー待ち,"共通レビュー文: absenteeism, engrossed, incongruous, streamline"
3171,incongruous,不調和な；場違いな,The incongruous option needs a clearer label.,incongruousの選択肢には、より明確なラベルが必要だ。,"Clarify ""absenteeism"", ""engrossed"", ""incongruous"", and ""streamline"" in the glossary.",用語集で「absenteeism」、「engrossed」、「incongruous」、「streamline」を明確にする。,改稿レビュー待ち,"共通レビュー文: absenteeism, engrossed, incongruous, streamline"
3175,streamline,を合理化する；流線型にする,"Replace ""streamline"" with a clearer phrase if needed.",必要なら「streamline」をより明確な表現に置き換える。,"Clarify ""absenteeism"", ""engrossed"", ""incongruous"", and ""streamline"" in the glossary.",用語集で「absenteeism」、「engrossed」、「incongruous」、「streamline」を明確にする。,改稿レビュー待ち,"共通レビュー文: absenteeism, engrossed, incongruous, streamline"
3176,succumb,屈服する；負ける,"Replace ""succumb"" with a clearer phrase if needed.",必要なら「succumb」をより明確な表現に置き換える。,"Clarify ""succumb"", ""stratosphere"", ""anecdotal"", and ""subterranean"" in the glossary.",用語集で「succumb」、「stratosphere」、「anecdotal」、「subterranean」を明確にする。,改稿レビュー待ち,"共通レビュー文: succumb, stratosphere, anecdotal, subterranean"
3177,stratosphere,成層圏,"Replace ""stratosphere"" with a clearer phrase if needed.",必要なら「stratosphere」をより明確な表現に置き換える。,"Clarify ""succumb"", ""stratosphere"", ""anecdotal"", and ""subterranean"" in the glossary.",用語集で「succumb」、「stratosphere」、「anecdotal」、「subterranean」を明確にする。,改稿レビュー待ち,"共通レビュー文: succumb, stratosphere, anecdotal, subterranean"
3178,anecdotal,逸話的な；証言に基づく,The anecdotal option needs a clearer label.,anecdotalの選択肢には、より明確なラベルが必要だ。,"Clarify ""succumb"", ""stratosphere"", ""anecdotal"", and ""subterranean"" in the glossary.",用語集で「succumb」、「stratosphere」、「anecdotal」、「subterranean」を明確にする。,改稿レビュー待ち,"共通レビュー文: succumb, stratosphere, anecdotal, subterranean"
3186,subterranean,地下の；地中の,"Replace ""subterranean"" with a clearer phrase if needed.",必要なら「subterranean」をより明確な表現に置き換える。,"Clarify ""succumb"", ""stratosphere"", ""anecdotal"", and ""subterranean"" in the glossary.",用語集で「succumb」、「stratosphere」、「anecdotal」、「subterranean」を明確にする。,改稿レビュー待ち,"共通レビュー文: succumb, stratosphere, anecdotal, subterranean"
3187,torrential,豪雨の；激しい,The torrential option needs a clearer label.,torrentialの選択肢には、より明確なラベルが必要だ。,"Clarify ""torrential"", ""sanitation"", ""encase"", and ""cub"" in the glossary.",用語集で「torrential」、「sanitation」、「encase」、「cub」を明確にする。,改稿レビュー待ち,"共通レビュー文: torrential, sanitation, encase, cub"
3188,sanitation,衛生；下水設備,Clarify the sanitation before the next review.,次のレビュー前にsanitationを明確にする。,"Clarify ""torrential"", ""sanitation"", ""encase"", and ""cub"" in the glossary.",用語集で「torrential」、「sanitation」、「encase」、「cub」を明確にする。,改稿レビュー待ち,"共通レビュー文: torrential, sanitation, encase, cub"
3189,encase,を包む；収める,"Replace ""encase"" with a clearer phrase if needed.",必要なら「encase」をより明確な表現に置き換える。,"Clarify ""torrential"", ""sanitation"", ""encase"", and ""cub"" in the glossary.",用語集で「torrential」、「sanitation」、「encase」、「cub」を明確にする。,改稿レビュー待ち,"共通レビュー文: torrential, sanitation, encase, cub"
3190,cub,子熊；見習い,"Replace ""cub"" with a clearer phrase if needed.",必要なら「cub」をより明確な表現に置き換える。,"Clarify ""torrential"", ""sanitation"", ""encase"", and ""cub"" in the glossary.",用語集で「torrential」、「sanitation」、「encase」、「cub」を明確にする。,改稿レビュー待ち,"共通レビュー文: torrential, sanitation, encase, cub"
3191,snip,を切り取る；小さな切り傷,"Replace ""snip"" with a clearer phrase if needed.",必要なら「snip」をより明確な表現に置き換える。,"Clarify ""snip"", ""insatiable"", ""augment"", and ""reciprocity"" in the glossary.",用語集で「snip」、「insatiable」、「augment」、「reciprocity」を明確にする。,改稿レビュー待ち,"共通レビュー文: snip, insatiable, augment, reciprocity"
3193,insatiable,飽くことのない；貪欲な,The insatiable option needs a clearer label.,insatiableの選択肢には、より明確なラベルが必要だ。,"Clarify ""snip"", ""insatiable"", ""augment"", and ""reciprocity"" in the glossary.",用語集で「snip」、「insatiable」、「augment」、「reciprocity」を明確にする。,改稿レビュー待ち,"共通レビュー文: snip, insatiable, augment, reciprocity"
3194,augment,増やす；増強する,Clarify the augment before the next review.,次のレビュー前にaugmentを明確にする。,"Clarify ""snip"", ""insatiable"", ""augment"", and ""reciprocity"" in the glossary.",用語集で「snip」、「insatiable」、「augment」、「reciprocity」を明確にする。,改稿レビュー待ち,"共通レビュー文: snip, insatiable, augment, reciprocity"
3195,reciprocity,相互性；互恵主義,Clarify the reciprocity before the next review.,次のレビュー前にreciprocityを明確にする。,"Clarify ""snip"", ""insatiable"", ""augment"", and ""reciprocity"" in the glossary.",用語集で「snip」、「insatiable」、「augment」、「reciprocity」を明確にする。,改稿レビュー待ち,"共通レビュー文: snip, insatiable, augment, reciprocity"
3196,replicate,を複製する；繰り返す,"Replace ""replicate"" with a clearer phrase if needed.",必要なら「replicate」をより明確な表現に置き換える。,"Clarify ""replicate"", ""clutter"", ""dilapidated"", and ""adjunct"" in the glossary.",用語集で「replicate」、「clutter」、「dilapidated」、「adjunct」を明確にする。,改稿レビュー待ち,"共通レビュー文: replicate, clutter, dilapidated, adjunct"
3197,clutter,散らかす；雑然,"Replace ""clutter"" with a clearer phrase if needed.",必要なら「clutter」をより明確な表現に置き換える。,"Clarify ""replicate"", ""clutter"", ""dilapidated"", and ""adjunct"" in the glossary.",用語集で「replicate」、「clutter」、「dilapidated」、「adjunct」を明確にする。,改稿レビュー待ち,"共通レビュー文: replicate, clutter, dilapidated, adjunct"
3198,dilapidated,老朽化した；荒廃した,"Replace ""dilapidated"" with a clearer phrase if needed.",必要なら「dilapidated」をより明確な表現に置き換える。,"Clarify ""replicate"", ""clutter"", ""dilapidated"", and ""adjunct"" in the glossary.",用語集で「replicate」、「clutter」、「dilapidated」、「adjunct」を明確にする。,改稿レビュー待ち,"共通レビュー文: replicate, clutter, dilapidated, adjunct"
3199,adjunct,付属物；補助的な,"Replace ""adjunct"" with a clearer phrase if needed.",必要なら「adjunct」をより明確な表現に置き換える。,"Clarify ""replicate"", ""clutter"", ""dilapidated"", and ""adjunct"" in the glossary.",用語集で「replicate」、「clutter」、「dilapidated」、「adjunct」を明確にする。,改稿レビュー待ち,"共通レビュー文: replicate, clutter, dilapidated, adjunct"
3200,sag,たるむ；下垂する,"Replace ""sag"" with a clearer phrase if needed.",必要なら「sag」をより明確な表現に置き換える。,"Clarify ""sag"", ""threefold"", ""preponderance"", and ""primaeval"" in the glossary.",用語集で「sag」、「threefold」、「preponderance」、「primaeval」を明確にする。,改稿レビュー待ち,"共通レビュー文: sag, threefold, preponderance, primaeval"
3201,fledgling,駆け出しの；巣立ち前の,The fledgling design system needs clearer rules.,駆け出しのデザインシステムには、より明確なルールが必要だ。,The fledgling design system needs clearer rules.,駆け出しのデザインシステムには、より明確なルールが必要だ。,改稿レビュー待ち,"共通例文: fledgling, system"
3202,threefold,3倍の；三重の,"Replace ""threefold"" with a clearer phrase if needed.",必要なら「threefold」をより明確な表現に置き換える。,"Clarify ""sag"", ""threefold"", ""preponderance"", and ""primaeval"" in the glossary.",用語集で「sag」、「threefold」、「preponderance」、「primaeval」を明確にする。,改稿レビュー待ち,"共通レビュー文: sag, threefold, preponderance, primaeval"
3203,preponderance,優勢；大多数,Clarify the preponderance before the next review.,次のレビュー前にpreponderanceを明確にする。,"Clarify ""sag"", ""threefold"", ""preponderance"", and ""primaeval"" in the glossary.",用語集で「sag」、「threefold」、「preponderance」、「primaeval」を明確にする。,改稿レビュー待ち,"共通レビュー文: sag, threefold, preponderance, primaeval"
3204,primaeval,原始的な；太古の,The primaeval option needs a clearer label.,primaevalの選択肢には、より明確なラベルが必要だ。,"Clarify ""sag"", ""threefold"", ""preponderance"", and ""primaeval"" in the glossary.",用語集で「sag」、「threefold」、「preponderance」、「primaeval」を明確にする。,改稿レビュー待ち,"共通レビュー文: sag, threefold, preponderance, primaeval"
3207,naval,海軍の,The naval option needs a clearer label.,navalの選択肢には、より明確なラベルが必要だ。,"Clarify ""naval"", ""blight"", ""chum"", and ""scourge"" in the glossary.",用語集で「naval」、「blight」、「chum」、「scourge」を明確にする。,改稿レビュー待ち,"共通レビュー文: naval, blight, chum, scourge"
3210,blight,枯らす；害；災い,"Replace ""blight"" with a clearer phrase if needed.",必要なら「blight」をより明確な表現に置き換える。,"Clarify ""naval"", ""blight"", ""chum"", and ""scourge"" in the glossary.",用語集で「naval」、「blight」、「chum」、「scourge」を明確にする。,改稿レビュー待ち,"共通レビュー文: naval, blight, chum, scourge"
3211,chum,親友；仲間,"Replace ""chum"" with a clearer phrase if needed.",必要なら「chum」をより明確な表現に置き換える。,"Clarify ""naval"", ""blight"", ""chum"", and ""scourge"" in the glossary.",用語集で「naval」、「blight」、「chum」、「scourge」を明確にする。,改稿レビュー待ち,"共通レビュー文: naval, blight, chum, scourge"
3213,scourge,天罰；を苦しめる,"Replace ""scourge"" with a clearer phrase if needed.",必要なら「scourge」をより明確な表現に置き換える。,"Clarify ""naval"", ""blight"", ""chum"", and ""scourge"" in the glossary.",用語集で「naval」、「blight」、「chum」、「scourge」を明確にする。,改稿レビュー待ち,"共通レビュー文: naval, blight, chum, scourge"
3214,infest,に群がる；はびこる,"Replace ""infest"" with a clearer phrase if needed.",必要なら「infest」をより明確な表現に置き換える。,"Clarify ""infest"", ""damning"", ""elucidate"", and ""altruistic"" in the glossary.",用語集で「infest」、「damning」、「elucidate」、「altruistic」を明確にする。,改稿レビュー待ち,"共通レビュー文: infest, damning, elucidate, altruistic"
3215,damning,重大な；決定的な,"Replace ""damning"" with a clearer phrase if needed.",必要なら「damning」をより明確な表現に置き換える。,"Clarify ""infest"", ""damning"", ""elucidate"", and ""altruistic"" in the glossary.",用語集で「infest」、「damning」、「elucidate」、「altruistic」を明確にする。,改稿レビュー待ち,"共通レビュー文: infest, damning, elucidate, altruistic"
3216,elucidate,を解明する；説明する,"Replace ""elucidate"" with a clearer phrase if needed.",必要なら「elucidate」をより明確な表現に置き換える。,"Clarify ""infest"", ""damning"", ""elucidate"", and ""altruistic"" in the glossary.",用語集で「infest」、「damning」、「elucidate」、「altruistic」を明確にする。,改稿レビュー待ち,"共通レビュー文: infest, damning, elucidate, altruistic"
3217,altruistic,利他的な,The altruistic option needs a clearer label.,altruisticの選択肢には、より明確なラベルが必要だ。,"Clarify ""infest"", ""damning"", ""elucidate"", and ""altruistic"" in the glossary.",用語集で「infest」、「damning」、「elucidate」、「altruistic」を明確にする。,改稿レビュー待ち,"共通レビュー文: infest, damning, elucidate, altruistic"
3218,institutionalise,を制度化する,"Replace ""institutionalise"" with a clearer phrase if needed.",必要なら「institutionalise」をより明確な表現に置き換える。,"Clarify ""institutionalise"", ""intertwine"", ""curtail"", and ""malevolent"" in the glossary.",用語集で「institutionalise」、「intertwine」、「curtail」、「malevolent」を明確にする。,改稿レビュー待ち,"共通レビュー文: institutionalise, intertwine, curtail, malevolent"
3220,intertwine,絡み合う；からみ合わせる,"Replace ""intertwine"" with a clearer phrase if needed.",必要なら「intertwine」をより明確な表現に置き換える。,"Clarify ""institutionalise"", ""intertwine"", ""curtail"", and ""malevolent"" in the glossary.",用語集で「institutionalise」、「intertwine」、「curtail」、「malevolent」を明確にする。,改稿レビュー待ち,"共通レビュー文: institutionalise, intertwine, curtail, malevolent"
3221,curtail,削減する；制限する；縮小する,"Replace ""curtail"" with a clearer phrase if needed.",必要なら「curtail」をより明確な表現に置き換える。,"Clarify ""institutionalise"", ""intertwine"", ""curtail"", and ""malevolent"" in the glossary.",用語集で「institutionalise」、「intertwine」、「curtail」、「malevolent」を明確にする。,改稿レビュー待ち,"共通レビュー文: institutionalise, intertwine, curtail, malevolent"
3222,malevolent,悪意のある；邪悪な,"Replace ""malevolent"" with a clearer phrase if needed.",必要なら「malevolent」をより明確な表現に置き換える。,"Clarify ""institutionalise"", ""intertwine"", ""curtail"", and ""malevolent"" in the glossary.",用語集で「institutionalise」、「intertwine」、「curtail」、「malevolent」を明確にする。,改稿レビュー待ち,"共通レビュー文: institutionalise, intertwine, curtail, malevolent"
3223,prohibitive,法外な；禁止的な,The prohibitive option needs a clearer label.,prohibitiveの選択肢には、より明確なラベルが必要だ。,"Clarify ""prohibitive"", ""appreciably"", ""deviate"", and ""reiterate"" in the glossary.",用語集で「prohibitive」、「appreciably」、「deviate」、「reiterate」を明確にする。,改稿レビュー待ち,"共通レビュー文: prohibitive, appreciably, deviate, reiterate"
3224,appreciably,かなり；著しく,"Use ""appreciably"" carefully in helper text.",ヘルプ文では「appreciably」を慎重に使う。,"Clarify ""prohibitive"", ""appreciably"", ""deviate"", and ""reiterate"" in the glossary.",用語集で「prohibitive」、「appreciably」、「deviate」、「reiterate」を明確にする。,改稿レビュー待ち,"共通レビュー文: prohibitive, appreciably, deviate, reiterate"
3225,deviate,逸脱する；はずれる,"Replace ""deviate"" with a clearer phrase if needed.",必要なら「deviate」をより明確な表現に置き換える。,"Clarify ""prohibitive"", ""appreciably"", ""deviate"", and ""reiterate"" in the glossary.",用語集で「prohibitive」、「appreciably」、「deviate」、「reiterate」を明確にする。,改稿レビュー待ち,"共通レビュー文: prohibitive, appreciably, deviate, reiterate"
3227,reiterate,繰り返し言う,"Replace ""reiterate"" with a clearer phrase if needed.",必要なら「reiterate」をより明確な表現に置き換える。,"Clarify ""prohibitive"", ""appreciably"", ""deviate"", and ""reiterate"" in the glossary.",用語集で「prohibitive」、「appreciably」、「deviate」、「reiterate」を明確にする。,改稿レビュー待ち,"共通レビュー文: prohibitive, appreciably, deviate, reiterate"
3228,ventilate,を換気する,"Replace ""ventilate"" with a clearer phrase if needed.",必要なら「ventilate」をより明確な表現に置き換える。,"Clarify ""ventilate"", ""impede"", ""sledge"", and ""taxonomy"" in the glossary.",用語集で「ventilate」、「impede」、「sledge」、「taxonomy」を明確にする。,改稿レビュー待ち,"共通レビュー文: ventilate, impede, sledge, taxonomy"
3229,impede,を妨げる；阻止する,"Replace ""impede"" with a clearer phrase if needed.",必要なら「impede」をより明確な表現に置き換える。,"Clarify ""ventilate"", ""impede"", ""sledge"", and ""taxonomy"" in the glossary.",用語集で「ventilate」、「impede」、「sledge」、「taxonomy」を明確にする。,改稿レビュー待ち,"共通レビュー文: ventilate, impede, sledge, taxonomy"
3230,sledge,そり,"Replace ""sledge"" with a clearer phrase if needed.",必要なら「sledge」をより明確な表現に置き換える。,"Clarify ""ventilate"", ""impede"", ""sledge"", and ""taxonomy"" in the glossary.",用語集で「ventilate」、「impede」、「sledge」、「taxonomy」を明確にする。,改稿レビュー待ち,"共通レビュー文: ventilate, impede, sledge, taxonomy"
3234,taxonomy,分類学；分類体系,"Replace ""taxonomy"" with a clearer phrase if needed.",必要なら「taxonomy」をより明確な表現に置き換える。,"Clarify ""ventilate"", ""impede"", ""sledge"", and ""taxonomy"" in the glossary.",用語集で「ventilate」、「impede」、「sledge」、「taxonomy」を明確にする。,改稿レビュー待ち,"共通レビュー文: ventilate, impede, sledge, taxonomy"
3235,transitory,一時的な；はかない,"Replace ""transitory"" with a clearer phrase if needed.",必要なら「transitory」をより明確な表現に置き換える。,"Clarify ""transitory"", ""circumscribe"", ""gullible"", and ""forgo"" in the glossary.",用語集で「transitory」、「circumscribe」、「gullible」、「forgo」を明確にする。,改稿レビュー待ち,"共通レビュー文: transitory, circumscribe, gullible, forgo"
3236,circumscribe,を制限する；囲む,"Replace ""circumscribe"" with a clearer phrase if needed.",必要なら「circumscribe」をより明確な表現に置き換える。,"Clarify ""transitory"", ""circumscribe"", ""gullible"", and ""forgo"" in the glossary.",用語集で「transitory」、「circumscribe」、「gullible」、「forgo」を明確にする。,改稿レビュー待ち,"共通レビュー文: transitory, circumscribe, gullible, forgo"
3237,gullible,だまされやすい,The gullible option needs a clearer label.,gullibleの選択肢には、より明確なラベルが必要だ。,"Clarify ""transitory"", ""circumscribe"", ""gullible"", and ""forgo"" in the glossary.",用語集で「transitory」、「circumscribe」、「gullible」、「forgo」を明確にする。,改稿レビュー待ち,"共通レビュー文: transitory, circumscribe, gullible, forgo"
3240,forgo,を断念する；放棄する,"Replace ""forgo"" with a clearer phrase if needed.",必要なら「forgo」をより明確な表現に置き換える。,"Clarify ""transitory"", ""circumscribe"", ""gullible"", and ""forgo"" in the glossary.",用語集で「transitory」、「circumscribe」、「gullible」、「forgo」を明確にする。,改稿レビュー待ち,"共通レビュー文: transitory, circumscribe, gullible, forgo"
3241,quirk,奇癖；突然の変化,"Replace ""quirk"" with a clearer phrase if needed.",必要なら「quirk」をより明確な表現に置き換える。,"Clarify ""quirk"", ""forage"", ""regimen"", and ""entwine"" in the glossary.",用語集で「quirk」、「forage」、「regimen」、「entwine」を明確にする。,改稿レビュー待ち,"共通レビュー文: quirk, forage, regimen, entwine"
3243,forage,を探し回る；飼料,"Replace ""forage"" with a clearer phrase if needed.",必要なら「forage」をより明確な表現に置き換える。,"Clarify ""quirk"", ""forage"", ""regimen"", and ""entwine"" in the glossary.",用語集で「quirk」、「forage」、「regimen」、「entwine」を明確にする。,改稿レビュー待ち,"共通レビュー文: quirk, forage, regimen, entwine"
3244,regimen,養生法；規律ある生活,"Replace ""regimen"" with a clearer phrase if needed.",必要なら「regimen」をより明確な表現に置き換える。,"Clarify ""quirk"", ""forage"", ""regimen"", and ""entwine"" in the glossary.",用語集で「quirk」、「forage」、「regimen」、「entwine」を明確にする。,改稿レビュー待ち,"共通レビュー文: quirk, forage, regimen, entwine"
3245,entwine,を絡み合わせる,"Replace ""entwine"" with a clearer phrase if needed.",必要なら「entwine」をより明確な表現に置き換える。,"Clarify ""quirk"", ""forage"", ""regimen"", and ""entwine"" in the glossary.",用語集で「quirk」、「forage」、「regimen」、「entwine」を明確にする。,改稿レビュー待ち,"共通レビュー文: quirk, forage, regimen, entwine"
3246,odyssey,長い旅；遍歴,"Replace ""odyssey"" with a clearer phrase if needed.",必要なら「odyssey」をより明確な表現に置き換える。,"Clarify ""odyssey"", ""froth"", ""introspection"", and ""appease"" in the glossary.",用語集で「odyssey」、「froth」、「introspection」、「appease」を明確にする。,改稿レビュー待ち,"共通レビュー文: odyssey, froth, introspection, appease"
3247,froth,泡；泡立つ,"Replace ""froth"" with a clearer phrase if needed.",必要なら「froth」をより明確な表現に置き換える。,"Clarify ""odyssey"", ""froth"", ""introspection"", and ""appease"" in the glossary.",用語集で「odyssey」、「froth」、「introspection」、「appease」を明確にする。,改稿レビュー待ち,"共通レビュー文: odyssey, froth, introspection, appease"
3248,introspection,内省；自己反省,Clarify the introspection before the next review.,次のレビュー前にintrospectionを明確にする。,"Clarify ""odyssey"", ""froth"", ""introspection"", and ""appease"" in the glossary.",用語集で「odyssey」、「froth」、「introspection」、「appease」を明確にする。,改稿レビュー待ち,"共通レビュー文: odyssey, froth, introspection, appease"
3252,appease,をなだめる；をなだめすかす,"Replace ""appease"" with a clearer phrase if needed.",必要なら「appease」をより明確な表現に置き換える。,"Clarify ""odyssey"", ""froth"", ""introspection"", and ""appease"" in the glossary.",用語集で「odyssey」、「froth」、「introspection」、「appease」を明確にする。,改稿レビュー待ち,"共通レビュー文: odyssey, froth, introspection, appease"
3253,herbivore,草食動物,"Replace ""herbivore"" with a clearer phrase if needed.",必要なら「herbivore」をより明確な表現に置き換える。,"Clarify ""herbivore"", ""autism"", ""lingua franca"", and ""predisposition"" in the glossary.",用語集で「herbivore」、「autism」、「lingua franca」、「predisposition」を明確にする。,改稿レビュー待ち,"共通レビュー文: herbivore, autism, lingua franca, predisposition"
3254,autism,自閉症,"Replace ""autism"" with a clearer phrase if needed.",必要なら「autism」をより明確な表現に置き換える。,"Clarify ""herbivore"", ""autism"", ""lingua franca"", and ""predisposition"" in the glossary.",用語集で「herbivore」、「autism」、「lingua franca」、「predisposition」を明確にする。,改稿レビュー待ち,"共通レビュー文: herbivore, autism, lingua franca, predisposition"
3255,lingua franca,共通語；リンガフランカ,"Use ""lingua franca"" only if the phrase is familiar.",その表現がなじみのある場合だけ「lingua franca」を使う。,"Clarify ""herbivore"", ""autism"", ""lingua franca"", and ""predisposition"" in the glossary.",用語集で「herbivore」、「autism」、「lingua franca」、「predisposition」を明確にする。,改稿レビュー待ち,"共通レビュー文: herbivore, autism, lingua franca, predisposition"
3257,predisposition,素因；傾向,Clarify the predisposition before the next review.,次のレビュー前にpredispositionを明確にする。,"Clarify ""herbivore"", ""autism"", ""lingua franca"", and ""predisposition"" in the glossary.",用語集で「herbivore」、「autism」、「lingua franca」、「predisposition」を明確にする。,改稿レビュー待ち,"共通レビュー文: herbivore, autism, lingua franca, predisposition"
3258,teem,あふれる；充満する,"Replace ""teem"" with a clearer phrase if needed.",必要なら「teem」をより明確な表現に置き換える。,"Clarify ""teem"", ""dampen"", ""reroute"", and ""dehydration"" in the glossary.",用語集で「teem」、「dampen」、「reroute」、「dehydration」を明確にする。,改稿レビュー待ち,"共通レビュー文: teem, dampen, reroute, dehydration"
3259,dampen,を湿らせる；弱める,"Replace ""dampen"" with a clearer phrase if needed.",必要なら「dampen」をより明確な表現に置き換える。,"Clarify ""teem"", ""dampen"", ""reroute"", and ""dehydration"" in the glossary.",用語集で「teem」、「dampen」、「reroute」、「dehydration」を明確にする。,改稿レビュー待ち,"共通レビュー文: teem, dampen, reroute, dehydration"
3260,reroute,を迂回させる；別ルートを取る,"Replace ""reroute"" with a clearer phrase if needed.",必要なら「reroute」をより明確な表現に置き換える。,"Clarify ""teem"", ""dampen"", ""reroute"", and ""dehydration"" in the glossary.",用語集で「teem」、「dampen」、「reroute」、「dehydration」を明確にする。,改稿レビュー待ち,"共通レビュー文: teem, dampen, reroute, dehydration"
3266,dehydration,脱水；乾燥,Clarify the dehydration before the next review.,次のレビュー前にdehydrationを明確にする。,"Clarify ""teem"", ""dampen"", ""reroute"", and ""dehydration"" in the glossary.",用語集で「teem」、「dampen」、「reroute」、「dehydration」を明確にする。,改稿レビュー待ち,"共通レビュー文: teem, dampen, reroute, dehydration"
3267,disseminate,を普及させる；広める,"Replace ""disseminate"" with a clearer phrase if needed.",必要なら「disseminate」をより明確な表現に置き換える。,"Clarify ""disseminate"", ""downpour"", ""fickle"", and ""daunt"" in the glossary.",用語集で「disseminate」、「downpour」、「fickle」、「daunt」を明確にする。,改稿レビュー待ち,"共通レビュー文: disseminate, downpour, fickle, daunt"
3268,downpour,土砂降り,"Replace ""downpour"" with a clearer phrase if needed.",必要なら「downpour」をより明確な表現に置き換える。,"Clarify ""disseminate"", ""downpour"", ""fickle"", and ""daunt"" in the glossary.",用語集で「disseminate」、「downpour」、「fickle」、「daunt」を明確にする。,改稿レビュー待ち,"共通レビュー文: disseminate, downpour, fickle, daunt"
3269,fickle,気まぐれな；変わりやすい,"Replace ""fickle"" with a clearer phrase if needed.",必要なら「fickle」をより明確な表現に置き換える。,"Clarify ""disseminate"", ""downpour"", ""fickle"", and ""daunt"" in the glossary.",用語集で「disseminate」、「downpour」、「fickle」、「daunt」を明確にする。,改稿レビュー待ち,"共通レビュー文: disseminate, downpour, fickle, daunt"
3275,daunt,を怖気づかせる；挫折させる,"Replace ""daunt"" with a clearer phrase if needed.",必要なら「daunt」をより明確な表現に置き換える。,"Clarify ""disseminate"", ""downpour"", ""fickle"", and ""daunt"" in the glossary.",用語集で「disseminate」、「downpour」、「fickle」、「daunt」を明確にする。,改稿レビュー待ち,"共通レビュー文: disseminate, downpour, fickle, daunt"
3276,aquaculture,水産養殖,"Replace ""aquaculture"" with a clearer phrase if needed.",必要なら「aquaculture」をより明確な表現に置き換える。,"Clarify ""aquaculture"", ""herbalism"", ""kaleidoscope"", and ""propagate"" in the glossary.",用語集で「aquaculture」、「herbalism」、「kaleidoscope」、「propagate」を明確にする。,改稿レビュー待ち,"共通レビュー文: aquaculture, herbalism, kaleidoscope, propagate"
3278,herbalism,薬草学；ハーブ療法,"Replace ""herbalism"" with a clearer phrase if needed.",必要なら「herbalism」をより明確な表現に置き換える。,"Clarify ""aquaculture"", ""herbalism"", ""kaleidoscope"", and ""propagate"" in the glossary.",用語集で「aquaculture」、「herbalism」、「kaleidoscope」、「propagate」を明確にする。,改稿レビュー待ち,"共通レビュー文: aquaculture, herbalism, kaleidoscope, propagate"
3279,kaleidoscope,万華鏡；変化に富む光景,"Replace ""kaleidoscope"" with a clearer phrase if needed.",必要なら「kaleidoscope」をより明確な表現に置き換える。,"Clarify ""aquaculture"", ""herbalism"", ""kaleidoscope"", and ""propagate"" in the glossary.",用語集で「aquaculture」、「herbalism」、「kaleidoscope」、「propagate」を明確にする。,改稿レビュー待ち,"共通レビュー文: aquaculture, herbalism, kaleidoscope, propagate"
3280,propagate,広める,"Replace ""propagate"" with a clearer phrase if needed.",必要なら「propagate」をより明確な表現に置き換える。,"Clarify ""aquaculture"", ""herbalism"", ""kaleidoscope"", and ""propagate"" in the glossary.",用語集で「aquaculture」、「herbalism」、「kaleidoscope」、「propagate」を明確にする。,改稿レビュー待ち,"共通レビュー文: aquaculture, herbalism, kaleidoscope, propagate"
3281,dilate,を拡張する；広がる,"Replace ""dilate"" with a clearer phrase if needed.",必要なら「dilate」をより明確な表現に置き換える。,"Clarify ""dilate"", ""concave"", ""fluctuate"", and ""recline"" in the glossary.",用語集で「dilate」、「concave」、「fluctuate」、「recline」を明確にする。,改稿レビュー待ち,"共通レビュー文: dilate, concave, fluctuate, recline"
3282,concave,凹形の；くぼんだ,"Replace ""concave"" with a clearer phrase if needed.",必要なら「concave」をより明確な表現に置き換える。,"Clarify ""dilate"", ""concave"", ""fluctuate"", and ""recline"" in the glossary.",用語集で「dilate」、「concave」、「fluctuate」、「recline」を明確にする。,改稿レビュー待ち,"共通レビュー文: dilate, concave, fluctuate, recline"
3283,fluctuate,変動する,"Replace ""fluctuate"" with a clearer phrase if needed.",必要なら「fluctuate」をより明確な表現に置き換える。,"Clarify ""dilate"", ""concave"", ""fluctuate"", and ""recline"" in the glossary.",用語集で「dilate」、「concave」、「fluctuate」、「recline」を明確にする。,改稿レビュー待ち,"共通レビュー文: dilate, concave, fluctuate, recline"
3285,recline,をもたせかける；横たわる,"Replace ""recline"" with a clearer phrase if needed.",必要なら「recline」をより明確な表現に置き換える。,"Clarify ""dilate"", ""concave"", ""fluctuate"", and ""recline"" in the glossary.",用語集で「dilate」、「concave」、「fluctuate」、「recline」を明確にする。,改稿レビュー待ち,"共通レビュー文: dilate, concave, fluctuate, recline"
3286,mannerism,癖；マンネリズム,"Replace ""mannerism"" with a clearer phrase if needed.",必要なら「mannerism」をより明確な表現に置き換える。,"Clarify ""mannerism"", ""adage"", ""echolocation"", and ""vertebrate"" in the glossary.",用語集で「mannerism」、「adage」、「echolocation」、「vertebrate」を明確にする。,改稿レビュー待ち,"共通レビュー文: mannerism, adage, echolocation, vertebrate"
3287,adage,格言；ことわざ,"Replace ""adage"" with a clearer phrase if needed.",必要なら「adage」をより明確な表現に置き換える。,"Clarify ""mannerism"", ""adage"", ""echolocation"", and ""vertebrate"" in the glossary.",用語集で「mannerism」、「adage」、「echolocation」、「vertebrate」を明確にする。,改稿レビュー待ち,"共通レビュー文: mannerism, adage, echolocation, vertebrate"
3288,echolocation,反響定位,Clarify the echolocation before the next review.,次のレビュー前にecholocationを明確にする。,"Clarify ""mannerism"", ""adage"", ""echolocation"", and ""vertebrate"" in the glossary.",用語集で「mannerism」、「adage」、「echolocation」、「vertebrate」を明確にする。,改稿レビュー待ち,"共通レビュー文: mannerism, adage, echolocation, vertebrate"
3291,vertebrate,脊椎動物,"Replace ""vertebrate"" with a clearer phrase if needed.",必要なら「vertebrate」をより明確な表現に置き換える。,"Clarify ""mannerism"", ""adage"", ""echolocation"", and ""vertebrate"" in the glossary.",用語集で「mannerism」、「adage」、「echolocation」、「vertebrate」を明確にする。,改稿レビュー待ち,"共通レビュー文: mannerism, adage, echolocation, vertebrate"
3292,avidly,熱心に；貪欲に,"Use ""avidly"" carefully in helper text.",ヘルプ文では「avidly」を慎重に使う。,"Clarify ""avidly"", ""mutate"", ""solidify"", and ""clot"" in the glossary.",用語集で「avidly」、「mutate」、「solidify」、「clot」を明確にする。,改稿レビュー待ち,"共通レビュー文: avidly, mutate, solidify, clot"
3293,mutate,を突然変異させる；変化する,"Replace ""mutate"" with a clearer phrase if needed.",必要なら「mutate」をより明確な表現に置き換える。,"Clarify ""avidly"", ""mutate"", ""solidify"", and ""clot"" in the glossary.",用語集で「avidly」、「mutate」、「solidify」、「clot」を明確にする。,改稿レビュー待ち,"共通レビュー文: avidly, mutate, solidify, clot"
3294,solidify,を固める；固まる,"Replace ""solidify"" with a clearer phrase if needed.",必要なら「solidify」をより明確な表現に置き換える。,"Clarify ""avidly"", ""mutate"", ""solidify"", and ""clot"" in the glossary.",用語集で「avidly」、「mutate」、「solidify」、「clot」を明確にする。,改稿レビュー待ち,"共通レビュー文: avidly, mutate, solidify, clot"
3295,clot,凝固する；血栓,"Replace ""clot"" with a clearer phrase if needed.",必要なら「clot」をより明確な表現に置き換える。,"Clarify ""avidly"", ""mutate"", ""solidify"", and ""clot"" in the glossary.",用語集で「avidly」、「mutate」、「solidify」、「clot」を明確にする。,改稿レビュー待ち,"共通レビュー文: avidly, mutate, solidify, clot"
3296,exponential,指数関数的な；急激な,The exponential option needs a clearer label.,exponentialの選択肢には、より明確なラベルが必要だ。,"Clarify ""exponential"", ""recoil"", ""decipher"", and ""stash"" in the glossary.",用語集で「exponential」、「recoil」、「decipher」、「stash」を明確にする。,改稿レビュー待ち,"共通レビュー文: exponential, recoil, decipher, stash"
3297,recoil,跳ね返る；反動,"Replace ""recoil"" with a clearer phrase if needed.",必要なら「recoil」をより明確な表現に置き換える。,"Clarify ""exponential"", ""recoil"", ""decipher"", and ""stash"" in the glossary.",用語集で「exponential」、「recoil」、「decipher」、「stash」を明確にする。,改稿レビュー待ち,"共通レビュー文: exponential, recoil, decipher, stash"
3298,decipher,を解読する,"Replace ""decipher"" with a clearer phrase if needed.",必要なら「decipher」をより明確な表現に置き換える。,"Clarify ""exponential"", ""recoil"", ""decipher"", and ""stash"" in the glossary.",用語集で「exponential」、「recoil」、「decipher」、「stash」を明確にする。,改稿レビュー待ち,"共通レビュー文: exponential, recoil, decipher, stash"
3299,stash,をひそかに蓄える；隠し場所,"Replace ""stash"" with a clearer phrase if needed.",必要なら「stash」をより明確な表現に置き換える。,"Clarify ""exponential"", ""recoil"", ""decipher"", and ""stash"" in the glossary.",用語集で「exponential」、「recoil」、「decipher」、「stash」を明確にする。,改稿レビュー待ち,"共通レビュー文: exponential, recoil, decipher, stash"
3301,hibernate,冬眠する,"Replace ""hibernate"" with a clearer phrase if needed.",必要なら「hibernate」をより明確な表現に置き換える。,"Clarify ""hibernate"", ""beget"", ""prodigy"", and ""picky"" in the glossary.",用語集で「hibernate」、「beget」、「prodigy」、「picky」を明確にする。,改稿レビュー待ち,"共通レビュー文: hibernate, beget, prodigy, picky"
3302,beget,を生む；もたらす,"Replace ""beget"" with a clearer phrase if needed.",必要なら「beget」をより明確な表現に置き換える。,"Clarify ""hibernate"", ""beget"", ""prodigy"", and ""picky"" in the glossary.",用語集で「hibernate」、「beget」、「prodigy」、「picky」を明確にする。,改稿レビュー待ち,"共通レビュー文: hibernate, beget, prodigy, picky"
3303,prodigy,神童；驚異,"Replace ""prodigy"" with a clearer phrase if needed.",必要なら「prodigy」をより明確な表現に置き換える。,"Clarify ""hibernate"", ""beget"", ""prodigy"", and ""picky"" in the glossary.",用語集で「hibernate」、「beget」、「prodigy」、「picky」を明確にする。,改稿レビュー待ち,"共通レビュー文: hibernate, beget, prodigy, picky"
3304,picky,好みのうるさい；選り好みする,"Replace ""picky"" with a clearer phrase if needed.",必要なら「picky」をより明確な表現に置き換える。,"Clarify ""hibernate"", ""beget"", ""prodigy"", and ""picky"" in the glossary.",用語集で「hibernate」、「beget」、「prodigy」、「picky」を明確にする。,改稿レビュー待ち,"共通レビュー文: hibernate, beget, prodigy, picky"
3305,pronouncement,声明；宣言,Clarify the pronouncement before the next review.,次のレビュー前にpronouncementを明確にする。,"Clarify ""pronouncement"", ""shortlist"", ""dredge"", and ""wobble"" in the glossary.",用語集で「pronouncement」、「shortlist」、「dredge」、「wobble」を明確にする。,改稿レビュー待ち,"共通レビュー文: pronouncement, shortlist, dredge, wobble"
3306,shortlist,最終候補リスト,"Replace ""shortlist"" with a clearer phrase if needed.",必要なら「shortlist」をより明確な表現に置き換える。,"Clarify ""pronouncement"", ""shortlist"", ""dredge"", and ""wobble"" in the glossary.",用語集で「pronouncement」、「shortlist」、「dredge」、「wobble」を明確にする。,改稿レビュー待ち,"共通レビュー文: pronouncement, shortlist, dredge, wobble"
3307,dredge,を浚渫する；引き上げる,"Replace ""dredge"" with a clearer phrase if needed.",必要なら「dredge」をより明確な表現に置き換える。,"Clarify ""pronouncement"", ""shortlist"", ""dredge"", and ""wobble"" in the glossary.",用語集で「pronouncement」、「shortlist」、「dredge」、「wobble」を明確にする。,改稿レビュー待ち,"共通レビュー文: pronouncement, shortlist, dredge, wobble"
3308,wobble,ぐらぐらする；ふらつく,"Replace ""wobble"" with a clearer phrase if needed.",必要なら「wobble」をより明確な表現に置き換える。,"Clarify ""pronouncement"", ""shortlist"", ""dredge"", and ""wobble"" in the glossary.",用語集で「pronouncement」、「shortlist」、「dredge」、「wobble」を明確にする。,改稿レビュー待ち,"共通レビュー文: pronouncement, shortlist, dredge, wobble"
3309,biometrics,生体認証；生体測定,"Replace ""biometrics"" with a clearer phrase if needed.",必要なら「biometrics」をより明確な表現に置き換える。,"Clarify ""biometrics"", ""seep"", ""emblazon"", and ""tenable"" in the glossary.",用語集で「biometrics」、「seep」、「emblazon」、「tenable」を明確にする。,改稿レビュー待ち,"共通レビュー文: biometrics, seep, emblazon, tenable"
3311,seep,しみ出る；漏れる,"Replace ""seep"" with a clearer phrase if needed.",必要なら「seep」をより明確な表現に置き換える。,"Clarify ""biometrics"", ""seep"", ""emblazon"", and ""tenable"" in the glossary.",用語集で「biometrics」、「seep」、「emblazon」、「tenable」を明確にする。,改稿レビュー待ち,"共通レビュー文: biometrics, seep, emblazon, tenable"
3312,emblazon,を飾る；顕彰する,"Replace ""emblazon"" with a clearer phrase if needed.",必要なら「emblazon」をより明確な表現に置き換える。,"Clarify ""biometrics"", ""seep"", ""emblazon"", and ""tenable"" in the glossary.",用語集で「biometrics」、「seep」、「emblazon」、「tenable」を明確にする。,改稿レビュー待ち,"共通レビュー文: biometrics, seep, emblazon, tenable"
3313,tenable,維持できる；正当な,The tenable option needs a clearer label.,tenableの選択肢には、より明確なラベルが必要だ。,"Clarify ""biometrics"", ""seep"", ""emblazon"", and ""tenable"" in the glossary.",用語集で「biometrics」、「seep」、「emblazon」、「tenable」を明確にする。,改稿レビュー待ち,"共通レビュー文: biometrics, seep, emblazon, tenable"
3314,slurp,ズルズル飲む,"Replace ""slurp"" with a clearer phrase if needed.",必要なら「slurp」をより明確な表現に置き換える。,"Clarify ""slurp"", ""apace"", ""inductive"", and ""phobia"" in the glossary.",用語集で「slurp」、「apace」、「inductive」、「phobia」を明確にする。,改稿レビュー待ち,"共通レビュー文: slurp, apace, inductive, phobia"
3315,apace,急速に；速く,"Replace ""apace"" with a clearer phrase if needed.",必要なら「apace」をより明確な表現に置き換える。,"Clarify ""slurp"", ""apace"", ""inductive"", and ""phobia"" in the glossary.",用語集で「slurp」、「apace」、「inductive」、「phobia」を明確にする。,改稿レビュー待ち,"共通レビュー文: slurp, apace, inductive, phobia"
3316,inductive,帰納的な,The inductive option needs a clearer label.,inductiveの選択肢には、より明確なラベルが必要だ。,"Clarify ""slurp"", ""apace"", ""inductive"", and ""phobia"" in the glossary.",用語集で「slurp」、「apace」、「inductive」、「phobia」を明確にする。,改稿レビュー待ち,"共通レビュー文: slurp, apace, inductive, phobia"
3317,phobia,恐怖症,"Replace ""phobia"" with a clearer phrase if needed.",必要なら「phobia」をより明確な表現に置き換える。,"Clarify ""slurp"", ""apace"", ""inductive"", and ""phobia"" in the glossary.",用語集で「slurp」、「apace」、「inductive」、「phobia」を明確にする。,改稿レビュー待ち,"共通レビュー文: slurp, apace, inductive, phobia"
3318,chink,すき間；チリンという音,"Replace ""chink"" with a clearer phrase if needed.",必要なら「chink」をより明確な表現に置き換える。,"Clarify ""chink"", ""gimmick"", ""masquerade"", and ""skew"" in the glossary.",用語集で「chink」、「gimmick」、「masquerade」、「skew」を明確にする。,改稿レビュー待ち,"共通レビュー文: chink, gimmick, masquerade, skew"
3319,gimmick,策略；仕掛け,"Replace ""gimmick"" with a clearer phrase if needed.",必要なら「gimmick」をより明確な表現に置き換える。,"Clarify ""chink"", ""gimmick"", ""masquerade"", and ""skew"" in the glossary.",用語集で「chink」、「gimmick」、「masquerade」、「skew」を明確にする。,改稿レビュー待ち,"共通レビュー文: chink, gimmick, masquerade, skew"
3320,masquerade,仮装；に変装する,"Replace ""masquerade"" with a clearer phrase if needed.",必要なら「masquerade」をより明確な表現に置き換える。,"Clarify ""chink"", ""gimmick"", ""masquerade"", and ""skew"" in the glossary.",用語集で「chink」、「gimmick」、「masquerade」、「skew」を明確にする。,改稿レビュー待ち,"共通レビュー文: chink, gimmick, masquerade, skew"
3321,skew,を歪める；斜めになる,"Replace ""skew"" with a clearer phrase if needed.",必要なら「skew」をより明確な表現に置き換える。,"Clarify ""chink"", ""gimmick"", ""masquerade"", and ""skew"" in the glossary.",用語集で「chink」、「gimmick」、「masquerade」、「skew」を明確にする。,改稿レビュー待ち,"共通レビュー文: chink, gimmick, masquerade, skew"
3322,loath,気が進まない；嫌がる,"Replace ""loath"" with a clearer phrase if needed.",必要なら「loath」をより明確な表現に置き換える。,"Clarify ""loath"", ""roundly"", ""malleable"", and ""quadruple"" in the glossary.",用語集で「loath」、「roundly」、「malleable」、「quadruple」を明確にする。,改稿レビュー待ち,"共通レビュー文: loath, roundly, malleable, quadruple"
3323,roundly,強く；きっぱりと,"Use ""roundly"" carefully in helper text.",ヘルプ文では「roundly」を慎重に使う。,"Clarify ""loath"", ""roundly"", ""malleable"", and ""quadruple"" in the glossary.",用語集で「loath」、「roundly」、「malleable」、「quadruple」を明確にする。,改稿レビュー待ち,"共通レビュー文: loath, roundly, malleable, quadruple"
3324,malleable,可鍛性の；柔軟な,The malleable option needs a clearer label.,malleableの選択肢には、より明確なラベルが必要だ。,"Clarify ""loath"", ""roundly"", ""malleable"", and ""quadruple"" in the glossary.",用語集で「loath」、「roundly」、「malleable」、「quadruple」を明確にする。,改稿レビュー待ち,"共通レビュー文: loath, roundly, malleable, quadruple"
3325,quadruple,4倍の；4倍にする,"Replace ""quadruple"" with a clearer phrase if needed.",必要なら「quadruple」をより明確な表現に置き換える。,"Clarify ""loath"", ""roundly"", ""malleable"", and ""quadruple"" in the glossary.",用語集で「loath」、「roundly」、「malleable」、「quadruple」を明確にする。,改稿レビュー待ち,"共通レビュー文: loath, roundly, malleable, quadruple"
3327,deride,をあざ笑う；嘲る,"Replace ""deride"" with a clearer phrase if needed.",必要なら「deride」をより明確な表現に置き換える。,"Clarify ""deride"", ""likeminded"", ""extrusion"", and ""unsay"" in the glossary.",用語集で「deride」、「likeminded」、「extrusion」、「unsay」を明確にする。,改稿レビュー待ち,"共通レビュー文: deride, likeminded, extrusion, unsay"
3328,likeminded,同じ考えの；意気投合した,"Replace ""likeminded"" with a clearer phrase if needed.",必要なら「likeminded」をより明確な表現に置き換える。,"Clarify ""deride"", ""likeminded"", ""extrusion"", and ""unsay"" in the glossary.",用語集で「deride」、「likeminded」、「extrusion」、「unsay」を明確にする。,改稿レビュー待ち,"共通レビュー文: deride, likeminded, extrusion, unsay"
3329,extrusion,押し出し；突出,Clarify the extrusion before the next review.,次のレビュー前にextrusionを明確にする。,"Clarify ""deride"", ""likeminded"", ""extrusion"", and ""unsay"" in the glossary.",用語集で「deride」、「likeminded」、「extrusion」、「unsay」を明確にする。,改稿レビュー待ち,"共通レビュー文: deride, likeminded, extrusion, unsay"
3330,unsay,を取り消す；撤回する,"Replace ""unsay"" with a clearer phrase if needed.",必要なら「unsay」をより明確な表現に置き換える。,"Clarify ""deride"", ""likeminded"", ""extrusion"", and ""unsay"" in the glossary.",用語集で「deride」、「likeminded」、「extrusion」、「unsay」を明確にする。,改稿レビュー待ち,"共通レビュー文: deride, likeminded, extrusion, unsay"
3331,proofread,を校正する；見直す,"Replace ""proofread"" with a clearer phrase if needed.",必要なら「proofread」をより明確な表現に置き換える。,"Clarify ""proofread"", ""buzzword"", ""audacious"", and ""ethereal"" in the glossary.",用語集で「proofread」、「buzzword」、「audacious」、「ethereal」を明確にする。,改稿レビュー待ち,"共通レビュー文: proofread, buzzword, audacious, ethereal"
3332,buzzword,流行語；キーワード,"Replace ""buzzword"" with a clearer phrase if needed.",必要なら「buzzword」をより明確な表現に置き換える。,"Clarify ""proofread"", ""buzzword"", ""audacious"", and ""ethereal"" in the glossary.",用語集で「proofread」、「buzzword」、「audacious」、「ethereal」を明確にする。,改稿レビュー待ち,"共通レビュー文: proofread, buzzword, audacious, ethereal"
3334,audacious,大胆な；向こう見ずな,The audacious option needs a clearer label.,audaciousの選択肢には、より明確なラベルが必要だ。,"Clarify ""proofread"", ""buzzword"", ""audacious"", and ""ethereal"" in the glossary.",用語集で「proofread」、「buzzword」、「audacious」、「ethereal」を明確にする。,改稿レビュー待ち,"共通レビュー文: proofread, buzzword, audacious, ethereal"
3335,ethereal,非常に繊細な；天上の,The ethereal option needs a clearer label.,etherealの選択肢には、より明確なラベルが必要だ。,"Clarify ""proofread"", ""buzzword"", ""audacious"", and ""ethereal"" in the glossary.",用語集で「proofread」、「buzzword」、「audacious」、「ethereal」を明確にする。,改稿レビュー待ち,"共通レビュー文: proofread, buzzword, audacious, ethereal"
3336,opportunism,日和見主義,"Replace ""opportunism"" with a clearer phrase if needed.",必要なら「opportunism」をより明確な表現に置き換える。,"Clarify ""opportunism"", ""tout"", ""herdsman"", and ""permafrost"" in the glossary.",用語集で「opportunism」、「tout」、「herdsman」、「permafrost」を明確にする。,改稿レビュー待ち,"共通レビュー文: opportunism, tout, herdsman, permafrost"
3337,tout,を強く売り込む；客引き,"Replace ""tout"" with a clearer phrase if needed.",必要なら「tout」をより明確な表現に置き換える。,"Clarify ""opportunism"", ""tout"", ""herdsman"", and ""permafrost"" in the glossary.",用語集で「opportunism」、「tout」、「herdsman」、「permafrost」を明確にする。,改稿レビュー待ち,"共通レビュー文: opportunism, tout, herdsman, permafrost"
3338,herdsman,牧夫；牧人,"Replace ""herdsman"" with a clearer phrase if needed.",必要なら「herdsman」をより明確な表現に置き換える。,"Clarify ""opportunism"", ""tout"", ""herdsman"", and ""permafrost"" in the glossary.",用語集で「opportunism」、「tout」、「herdsman」、「permafrost」を明確にする。,改稿レビュー待ち,"共通レビュー文: opportunism, tout, herdsman, permafrost"
3339,permafrost,永久凍土,"Replace ""permafrost"" with a clearer phrase if needed.",必要なら「permafrost」をより明確な表現に置き換える。,"Clarify ""opportunism"", ""tout"", ""herdsman"", and ""permafrost"" in the glossary.",用語集で「opportunism」、「tout」、「herdsman」、「permafrost」を明確にする。,改稿レビュー待ち,"共通レビュー文: opportunism, tout, herdsman, permafrost"
3340,overbearing,横柄な；専横な,"Replace ""overbearing"" with a clearer phrase if needed.",必要なら「overbearing」をより明確な表現に置き換える。,"Clarify ""overbearing"", ""curative"", ""rendition"", and ""turbid"" in the glossary.",用語集で「overbearing」、「curative」、「rendition」、「turbid」を明確にする。,改稿レビュー待ち,"共通レビュー文: overbearing, curative, rendition, turbid"
3341,curative,治療の；回復させる,The curative option needs a clearer label.,curativeの選択肢には、より明確なラベルが必要だ。,"Clarify ""overbearing"", ""curative"", ""rendition"", and ""turbid"" in the glossary.",用語集で「overbearing」、「curative」、「rendition」、「turbid」を明確にする。,改稿レビュー待ち,"共通レビュー文: overbearing, curative, rendition, turbid"
3342,rendition,演奏；翻訳,Clarify the rendition before the next review.,次のレビュー前にrenditionを明確にする。,"Clarify ""overbearing"", ""curative"", ""rendition"", and ""turbid"" in the glossary.",用語集で「overbearing」、「curative」、「rendition」、「turbid」を明確にする。,改稿レビュー待ち,"共通レビュー文: overbearing, curative, rendition, turbid"
3343,turbid,濁った；混乱した,"Replace ""turbid"" with a clearer phrase if needed.",必要なら「turbid」をより明確な表現に置き換える。,"Clarify ""overbearing"", ""curative"", ""rendition"", and ""turbid"" in the glossary.",用語集で「overbearing」、「curative」、「rendition」、「turbid」を明確にする。,改稿レビュー待ち,"共通レビュー文: overbearing, curative, rendition, turbid"
3344,muggy,蒸し暑い；じめじめした,"Replace ""muggy"" with a clearer phrase if needed.",必要なら「muggy」をより明確な表現に置き換える。,"Clarify ""muggy"", ""interbreed"", ""exorbitant"", and ""head start"" in the glossary.",用語集で「muggy」、「interbreed」、「exorbitant」、「head start」を明確にする。,改稿レビュー待ち,"共通レビュー文: muggy, interbreed, exorbitant, head start"
3345,interbreed,異種交配する,"Replace ""interbreed"" with a clearer phrase if needed.",必要なら「interbreed」をより明確な表現に置き換える。,"Clarify ""muggy"", ""interbreed"", ""exorbitant"", and ""head start"" in the glossary.",用語集で「muggy」、「interbreed」、「exorbitant」、「head start」を明確にする。,改稿レビュー待ち,"共通レビュー文: muggy, interbreed, exorbitant, head start"
3346,exorbitant,法外な；途方もない,"Replace ""exorbitant"" with a clearer phrase if needed.",必要なら「exorbitant」をより明確な表現に置き換える。,"Clarify ""muggy"", ""interbreed"", ""exorbitant"", and ""head start"" in the glossary.",用語集で「muggy」、「interbreed」、「exorbitant」、「head start」を明確にする。,改稿レビュー待ち,"共通レビュー文: muggy, interbreed, exorbitant, head start"
3348,head start,有利なスタート；先行,"Use ""head start"" only if the phrase is familiar.",その表現がなじみのある場合だけ「head start」を使う。,"Clarify ""muggy"", ""interbreed"", ""exorbitant"", and ""head start"" in the glossary.",用語集で「muggy」、「interbreed」、「exorbitant」、「head start」を明確にする。,改稿レビュー待ち,"共通レビュー文: muggy, interbreed, exorbitant, head start"
3349,replenish,を補充する；再充填する,"Replace ""replenish"" with a clearer phrase if needed.",必要なら「replenish」をより明確な表現に置き換える。,"Clarify ""replenish"", ""hieroglyph"", ""squishy"", and ""accentuate"" in the glossary.",用語集で「replenish」、「hieroglyph」、「squishy」、「accentuate」を明確にする。,改稿レビュー待ち,"共通レビュー文: replenish, hieroglyph, squishy, accentuate"
3350,hieroglyph,象形文字；ヒエログリフ,"Replace ""hieroglyph"" with a clearer phrase if needed.",必要なら「hieroglyph」をより明確な表現に置き換える。,"Clarify ""replenish"", ""hieroglyph"", ""squishy"", and ""accentuate"" in the glossary.",用語集で「replenish」、「hieroglyph」、「squishy」、「accentuate」を明確にする。,改稿レビュー待ち,"共通レビュー文: replenish, hieroglyph, squishy, accentuate"
3351,squishy,ふわふわした；柔らかい,"Replace ""squishy"" with a clearer phrase if needed.",必要なら「squishy」をより明確な表現に置き換える。,"Clarify ""replenish"", ""hieroglyph"", ""squishy"", and ""accentuate"" in the glossary.",用語集で「replenish」、「hieroglyph」、「squishy」、「accentuate」を明確にする。,改稿レビュー待ち,"共通レビュー文: replenish, hieroglyph, squishy, accentuate"
3357,accentuate,を強調する,"Replace ""accentuate"" with a clearer phrase if needed.",必要なら「accentuate」をより明確な表現に置き換える。,"Clarify ""replenish"", ""hieroglyph"", ""squishy"", and ""accentuate"" in the glossary.",用語集で「replenish」、「hieroglyph」、「squishy」、「accentuate」を明確にする。,改稿レビュー待ち,"共通レビュー文: replenish, hieroglyph, squishy, accentuate"
3358,counterproductive,逆効果の,The counterproductive option needs a clearer label.,counterproductiveの選択肢には、より明確なラベルが必要だ。,"Clarify ""counterproductive"", ""decrepit"", ""extrinsic"", and ""ultrasonic"" in the glossary.",用語集で「counterproductive」、「decrepit」、「extrinsic」、「ultrasonic」を明確にする。,改稿レビュー待ち,"共通レビュー文: counterproductive, decrepit, extrinsic, ultrasonic"
3359,decrepit,老朽化した；虚弱な,"Replace ""decrepit"" with a clearer phrase if needed.",必要なら「decrepit」をより明確な表現に置き換える。,"Clarify ""counterproductive"", ""decrepit"", ""extrinsic"", and ""ultrasonic"" in the glossary.",用語集で「counterproductive」、「decrepit」、「extrinsic」、「ultrasonic」を明確にする。,改稿レビュー待ち,"共通レビュー文: counterproductive, decrepit, extrinsic, ultrasonic"
3360,extrinsic,外部の；本来的でない,The extrinsic option needs a clearer label.,extrinsicの選択肢には、より明確なラベルが必要だ。,"Clarify ""counterproductive"", ""decrepit"", ""extrinsic"", and ""ultrasonic"" in the glossary.",用語集で「counterproductive」、「decrepit」、「extrinsic」、「ultrasonic」を明確にする。,改稿レビュー待ち,"共通レビュー文: counterproductive, decrepit, extrinsic, ultrasonic"
3361,ultrasonic,超音波の,The ultrasonic option needs a clearer label.,ultrasonicの選択肢には、より明確なラベルが必要だ。,"Clarify ""counterproductive"", ""decrepit"", ""extrinsic"", and ""ultrasonic"" in the glossary.",用語集で「counterproductive」、「decrepit」、「extrinsic」、「ultrasonic」を明確にする。,改稿レビュー待ち,"共通レビュー文: counterproductive, decrepit, extrinsic, ultrasonic"
3362,equinox,春分・秋分,"Replace ""equinox"" with a clearer phrase if needed.",必要なら「equinox」をより明確な表現に置き換える。,"Clarify ""equinox"", ""overhang"", ""desalination"", and ""preservative"" in the glossary.",用語集で「equinox」、「overhang」、「desalination」、「preservative」を明確にする。,改稿レビュー待ち,"共通レビュー文: equinox, overhang, desalination, preservative"
3366,overhang,突き出る；せり出し,"Replace ""overhang"" with a clearer phrase if needed.",必要なら「overhang」をより明確な表現に置き換える。,"Clarify ""equinox"", ""overhang"", ""desalination"", and ""preservative"" in the glossary.",用語集で「equinox」、「overhang」、「desalination」、「preservative」を明確にする。,改稿レビュー待ち,"共通レビュー文: equinox, overhang, desalination, preservative"
3367,desalination,脱塩；海水淡水化,Clarify the desalination before the next review.,次のレビュー前にdesalinationを明確にする。,"Clarify ""equinox"", ""overhang"", ""desalination"", and ""preservative"" in the glossary.",用語集で「equinox」、「overhang」、「desalination」、「preservative」を明確にする。,改稿レビュー待ち,"共通レビュー文: equinox, overhang, desalination, preservative"
3368,preservative,防腐剤；保存の,The preservative option needs a clearer label.,preservativeの選択肢には、より明確なラベルが必要だ。,"Clarify ""equinox"", ""overhang"", ""desalination"", and ""preservative"" in the glossary.",用語集で「equinox」、「overhang」、「desalination」、「preservative」を明確にする。,改稿レビュー待ち,"共通レビュー文: equinox, overhang, desalination, preservative"
3369,engender,生み出す；引き起こす,"Replace ""engender"" with a clearer phrase if needed.",必要なら「engender」をより明確な表現に置き換える。,"Clarify ""engender"", ""permeate"", ""runny"", and ""tightrope"" in the glossary.",用語集で「engender」、「permeate」、「runny」、「tightrope」を明確にする。,改稿レビュー待ち,"共通レビュー文: engender, permeate, runny, tightrope"
3373,permeate,に浸透する；普及する,"Replace ""permeate"" with a clearer phrase if needed.",必要なら「permeate」をより明確な表現に置き換える。,"Clarify ""engender"", ""permeate"", ""runny"", and ""tightrope"" in the glossary.",用語集で「engender」、「permeate」、「runny」、「tightrope」を明確にする。,改稿レビュー待ち,"共通レビュー文: engender, permeate, runny, tightrope"
3374,runny,水っぽい；鼻水が出る,"Replace ""runny"" with a clearer phrase if needed.",必要なら「runny」をより明確な表現に置き換える。,"Clarify ""engender"", ""permeate"", ""runny"", and ""tightrope"" in the glossary.",用語集で「engender」、「permeate」、「runny」、「tightrope」を明確にする。,改稿レビュー待ち,"共通レビュー文: engender, permeate, runny, tightrope"
3375,tightrope,綱渡り；綱,"Replace ""tightrope"" with a clearer phrase if needed.",必要なら「tightrope」をより明確な表現に置き換える。,"Clarify ""engender"", ""permeate"", ""runny"", and ""tightrope"" in the glossary.",用語集で「engender」、「permeate」、「runny」、「tightrope」を明確にする。,改稿レビュー待ち,"共通レビュー文: engender, permeate, runny, tightrope"
3376,septic,敗血症の；腐敗した,The septic option needs a clearer label.,septicの選択肢には、より明確なラベルが必要だ。,"Clarify ""septic"", ""exhale"", ""repatriate"", and ""shard"" in the glossary.",用語集で「septic」、「exhale」、「repatriate」、「shard」を明確にする。,改稿レビュー待ち,"共通レビュー文: septic, exhale, repatriate, shard"
3378,exhale,を吐き出す；息を吐く,"Replace ""exhale"" with a clearer phrase if needed.",必要なら「exhale」をより明確な表現に置き換える。,"Clarify ""septic"", ""exhale"", ""repatriate"", and ""shard"" in the glossary.",用語集で「septic」、「exhale」、「repatriate」、「shard」を明確にする。,改稿レビュー待ち,"共通レビュー文: septic, exhale, repatriate, shard"
3379,repatriate,を本国に送還する,"Replace ""repatriate"" with a clearer phrase if needed.",必要なら「repatriate」をより明確な表現に置き換える。,"Clarify ""septic"", ""exhale"", ""repatriate"", and ""shard"" in the glossary.",用語集で「septic」、「exhale」、「repatriate」、「shard」を明確にする。,改稿レビュー待ち,"共通レビュー文: septic, exhale, repatriate, shard"
3381,shard,破片；かけら,"Replace ""shard"" with a clearer phrase if needed.",必要なら「shard」をより明確な表現に置き換える。,"Clarify ""septic"", ""exhale"", ""repatriate"", and ""shard"" in the glossary.",用語集で「septic」、「exhale」、「repatriate」、「shard」を明確にする。,改稿レビュー待ち,"共通レビュー文: septic, exhale, repatriate, shard"
3382,acronym,頭字語；略語,"Replace ""acronym"" with a clearer phrase if needed.",必要なら「acronym」をより明確な表現に置き換える。,"Clarify ""acronym"", ""roster"", ""bask"", and ""compendium"" in the glossary.",用語集で「acronym」、「roster」、「bask」、「compendium」を明確にする。,改稿レビュー待ち,"共通レビュー文: acronym, roster, bask, compendium"
3383,roster,勤務表；名簿,"Replace ""roster"" with a clearer phrase if needed.",必要なら「roster」をより明確な表現に置き換える。,"Clarify ""acronym"", ""roster"", ""bask"", and ""compendium"" in the glossary.",用語集で「acronym」、「roster」、「bask」、「compendium」を明確にする。,改稿レビュー待ち,"共通レビュー文: acronym, roster, bask, compendium"
3385,bask,日光浴する；享受する,"Replace ""bask"" with a clearer phrase if needed.",必要なら「bask」をより明確な表現に置き換える。,"Clarify ""acronym"", ""roster"", ""bask"", and ""compendium"" in the glossary.",用語集で「acronym」、「roster」、「bask」、「compendium」を明確にする。,改稿レビュー待ち,"共通レビュー文: acronym, roster, bask, compendium"
3386,compendium,概要；要約集,"Replace ""compendium"" with a clearer phrase if needed.",必要なら「compendium」をより明確な表現に置き換える。,"Clarify ""acronym"", ""roster"", ""bask"", and ""compendium"" in the glossary.",用語集で「acronym」、「roster」、「bask」、「compendium」を明確にする。,改稿レビュー待ち,"共通レビュー文: acronym, roster, bask, compendium"
3387,garret,屋根裏部屋,"Replace ""garret"" with a clearer phrase if needed.",必要なら「garret」をより明確な表現に置き換える。,"Clarify ""garret"", ""ignite"", ""insecticide"", and ""epitomise"" in the glossary.",用語集で「garret」、「ignite」、「insecticide」、「epitomise」を明確にする。,改稿レビュー待ち,"共通レビュー文: garret, ignite, insecticide, epitomise"
3388,ignite,に点火する；を引き起こす,"Replace ""ignite"" with a clearer phrase if needed.",必要なら「ignite」をより明確な表現に置き換える。,"Clarify ""garret"", ""ignite"", ""insecticide"", and ""epitomise"" in the glossary.",用語集で「garret」、「ignite」、「insecticide」、「epitomise」を明確にする。,改稿レビュー待ち,"共通レビュー文: garret, ignite, insecticide, epitomise"
3389,insecticide,殺虫剤,"Replace ""insecticide"" with a clearer phrase if needed.",必要なら「insecticide」をより明確な表現に置き換える。,"Clarify ""garret"", ""ignite"", ""insecticide"", and ""epitomise"" in the glossary.",用語集で「garret」、「ignite」、「insecticide」、「epitomise」を明確にする。,改稿レビュー待ち,"共通レビュー文: garret, ignite, insecticide, epitomise"
3390,epitomise,を象徴する；を要約する,"Replace ""epitomise"" with a clearer phrase if needed.",必要なら「epitomise」をより明確な表現に置き換える。,"Clarify ""garret"", ""ignite"", ""insecticide"", and ""epitomise"" in the glossary.",用語集で「garret」、「ignite」、「insecticide」、「epitomise」を明確にする。,改稿レビュー待ち,"共通レビュー文: garret, ignite, insecticide, epitomise"
3394,olfactory,嗅覚の,"Replace ""olfactory"" with a clearer phrase if needed.",必要なら「olfactory」をより明確な表現に置き換える。,"Clarify ""olfactory"", ""secrete"", ""pollinate"", and ""germinate"" in the glossary.",用語集で「olfactory」、「secrete」、「pollinate」、「germinate」を明確にする。,改稿レビュー待ち,"共通レビュー文: olfactory, secrete, pollinate, germinate"
3395,secrete,を分泌する；を隠す,"Replace ""secrete"" with a clearer phrase if needed.",必要なら「secrete」をより明確な表現に置き換える。,"Clarify ""olfactory"", ""secrete"", ""pollinate"", and ""germinate"" in the glossary.",用語集で「olfactory」、「secrete」、「pollinate」、「germinate」を明確にする。,改稿レビュー待ち,"共通レビュー文: olfactory, secrete, pollinate, germinate"
3396,pollinate,に受粉させる,"Replace ""pollinate"" with a clearer phrase if needed.",必要なら「pollinate」をより明確な表現に置き換える。,"Clarify ""olfactory"", ""secrete"", ""pollinate"", and ""germinate"" in the glossary.",用語集で「olfactory」、「secrete」、「pollinate」、「germinate」を明確にする。,改稿レビュー待ち,"共通レビュー文: olfactory, secrete, pollinate, germinate"
3397,germinate,発芽する；芽生える,"Replace ""germinate"" with a clearer phrase if needed.",必要なら「germinate」をより明確な表現に置き換える。,"Clarify ""olfactory"", ""secrete"", ""pollinate"", and ""germinate"" in the glossary.",用語集で「olfactory」、「secrete」、「pollinate」、「germinate」を明確にする。,改稿レビュー待ち,"共通レビュー文: olfactory, secrete, pollinate, germinate"
3399,tote,を持ち歩く；運ぶ,"Replace ""tote"" with a clearer phrase if needed.",必要なら「tote」をより明確な表現に置き換える。,"Clarify ""tote"", ""sterilise"", ""tenet"", and ""thrifty"" in the glossary.",用語集で「tote」、「sterilise」、「tenet」、「thrifty」を明確にする。,改稿レビュー待ち,"共通レビュー文: tote, sterilise, tenet, thrifty"
3400,sterilise,を殺菌する；を不妊にする,"Replace ""sterilise"" with a clearer phrase if needed.",必要なら「sterilise」をより明確な表現に置き換える。,"Clarify ""tote"", ""sterilise"", ""tenet"", and ""thrifty"" in the glossary.",用語集で「tote」、「sterilise」、「tenet」、「thrifty」を明確にする。,改稿レビュー待ち,"共通レビュー文: tote, sterilise, tenet, thrifty"
3401,tenet,主義；信条,"Replace ""tenet"" with a clearer phrase if needed.",必要なら「tenet」をより明確な表現に置き換える。,"Clarify ""tote"", ""sterilise"", ""tenet"", and ""thrifty"" in the glossary.",用語集で「tote」、「sterilise」、「tenet」、「thrifty」を明確にする。,改稿レビュー待ち,"共通レビュー文: tote, sterilise, tenet, thrifty"
3402,thrifty,倹約家の；節約する,"Replace ""thrifty"" with a clearer phrase if needed.",必要なら「thrifty」をより明確な表現に置き換える。,"Clarify ""tote"", ""sterilise"", ""tenet"", and ""thrifty"" in the glossary.",用語集で「tote」、「sterilise」、「tenet」、「thrifty」を明確にする。,改稿レビュー待ち,"共通レビュー文: tote, sterilise, tenet, thrifty"
3403,prefabricate,を組み立て式に作る,"Replace ""prefabricate"" with a clearer phrase if needed.",必要なら「prefabricate」をより明確な表現に置き換える。,"Clarify ""prefabricate"", ""toughen"", ""highbrow"", and ""scaffold"" in the glossary.",用語集で「prefabricate」、「toughen」、「highbrow」、「scaffold」を明確にする。,改稿レビュー待ち,"共通レビュー文: prefabricate, toughen, highbrow, scaffold"
3404,toughen,を強くする；を厳しくする,"Replace ""toughen"" with a clearer phrase if needed.",必要なら「toughen」をより明確な表現に置き換える。,"Clarify ""prefabricate"", ""toughen"", ""highbrow"", and ""scaffold"" in the glossary.",用語集で「prefabricate」、「toughen」、「highbrow」、「scaffold」を明確にする。,改稿レビュー待ち,"共通レビュー文: prefabricate, toughen, highbrow, scaffold"
3405,highbrow,知的な；高尚な,"Replace ""highbrow"" with a clearer phrase if needed.",必要なら「highbrow」をより明確な表現に置き換える。,"Clarify ""prefabricate"", ""toughen"", ""highbrow"", and ""scaffold"" in the glossary.",用語集で「prefabricate」、「toughen」、「highbrow」、「scaffold」を明確にする。,改稿レビュー待ち,"共通レビュー文: prefabricate, toughen, highbrow, scaffold"
3406,scaffold,足場；処刑台,"Replace ""scaffold"" with a clearer phrase if needed.",必要なら「scaffold」をより明確な表現に置き換える。,"Clarify ""prefabricate"", ""toughen"", ""highbrow"", and ""scaffold"" in the glossary.",用語集で「prefabricate」、「toughen」、「highbrow」、「scaffold」を明確にする。,改稿レビュー待ち,"共通レビュー文: prefabricate, toughen, highbrow, scaffold"
3407,extol,を大いに賞賛する,"Replace ""extol"" with a clearer phrase if needed.",必要なら「extol」をより明確な表現に置き換える。,"Clarify ""extol"", ""rote"", ""supersede"", and ""vicissitudes"" in the glossary.",用語集で「extol」、「rote」、「supersede」、「vicissitudes」を明確にする。,改稿レビュー待ち,"共通レビュー文: extol, rote, supersede, vicissitudes"
3408,rote,機械的な暗記；丸暗記,"Replace ""rote"" with a clearer phrase if needed.",必要なら「rote」をより明確な表現に置き換える。,"Clarify ""extol"", ""rote"", ""supersede"", and ""vicissitudes"" in the glossary.",用語集で「extol」、「rote」、「supersede」、「vicissitudes」を明確にする。,改稿レビュー待ち,"共通レビュー文: extol, rote, supersede, vicissitudes"
3409,supersede,取って代わる；廃止する,"Replace ""supersede"" with a clearer phrase if needed.",必要なら「supersede」をより明確な表現に置き換える。,"Clarify ""extol"", ""rote"", ""supersede"", and ""vicissitudes"" in the glossary.",用語集で「extol」、「rote」、「supersede」、「vicissitudes」を明確にする。,改稿レビュー待ち,"共通レビュー文: extol, rote, supersede, vicissitudes"
3410,vicissitudes,浮き沈み；変遷,"Replace ""vicissitudes"" with a clearer phrase if needed.",必要なら「vicissitudes」をより明確な表現に置き換える。,"Clarify ""extol"", ""rote"", ""supersede"", and ""vicissitudes"" in the glossary.",用語集で「extol」、「rote」、「supersede」、「vicissitudes」を明確にする。,改稿レビュー待ち,"共通レビュー文: extol, rote, supersede, vicissitudes"
3411,sabbatical,研究休暇；安息の,The sabbatical option needs a clearer label.,sabbaticalの選択肢には、より明確なラベルが必要だ。,"Clarify ""sabbatical"", ""excrete"", ""denigration"", and ""collate"" in the glossary.",用語集で「sabbatical」、「excrete」、「denigration」、「collate」を明確にする。,改稿レビュー待ち,"共通レビュー文: sabbatical, excrete, denigration, collate"
3412,excrete,を排泄する,"Replace ""excrete"" with a clearer phrase if needed.",必要なら「excrete」をより明確な表現に置き換える。,"Clarify ""sabbatical"", ""excrete"", ""denigration"", and ""collate"" in the glossary.",用語集で「sabbatical」、「excrete」、「denigration」、「collate」を明確にする。,改稿レビュー待ち,"共通レビュー文: sabbatical, excrete, denigration, collate"
3414,denigration,中傷；貶め,Clarify the denigration before the next review.,次のレビュー前にdenigrationを明確にする。,"Clarify ""sabbatical"", ""excrete"", ""denigration"", and ""collate"" in the glossary.",用語集で「sabbatical」、「excrete」、「denigration」、「collate」を明確にする。,改稿レビュー待ち,"共通レビュー文: sabbatical, excrete, denigration, collate"
3415,collate,を照合する；を整理する,"Replace ""collate"" with a clearer phrase if needed.",必要なら「collate」をより明確な表現に置き換える。,"Clarify ""sabbatical"", ""excrete"", ""denigration"", and ""collate"" in the glossary.",用語集で「sabbatical」、「excrete」、「denigration」、「collate」を明確にする。,改稿レビュー待ち,"共通レビュー文: sabbatical, excrete, denigration, collate"
3416,octagon,八角形,"Replace ""octagon"" with a clearer phrase if needed.",必要なら「octagon」をより明確な表現に置き換える。,"Clarify ""octagon"", ""scour"", ""abate"", and ""encapsulate"" in the glossary.",用語集で「octagon」、「scour」、「abate」、「encapsulate」を明確にする。,改稿レビュー待ち,"共通レビュー文: octagon, scour, abate, encapsulate"
3417,scour,をこすり洗いする；くまなく探す,"Replace ""scour"" with a clearer phrase if needed.",必要なら「scour」をより明確な表現に置き換える。,"Clarify ""octagon"", ""scour"", ""abate"", and ""encapsulate"" in the glossary.",用語集で「octagon」、「scour」、「abate」、「encapsulate」を明確にする。,改稿レビュー待ち,"共通レビュー文: octagon, scour, abate, encapsulate"
3418,abate,を弱める；減少する,"Replace ""abate"" with a clearer phrase if needed.",必要なら「abate」をより明確な表現に置き換える。,"Clarify ""octagon"", ""scour"", ""abate"", and ""encapsulate"" in the glossary.",用語集で「octagon」、「scour」、「abate」、「encapsulate」を明確にする。,改稿レビュー待ち,"共通レビュー文: octagon, scour, abate, encapsulate"
3422,encapsulate,を要約する；カプセルに入れる,"Replace ""encapsulate"" with a clearer phrase if needed.",必要なら「encapsulate」をより明確な表現に置き換える。,"Clarify ""octagon"", ""scour"", ""abate"", and ""encapsulate"" in the glossary.",用語集で「octagon」、「scour」、「abate」、「encapsulate」を明確にする。,改稿レビュー待ち,"共通レビュー文: octagon, scour, abate, encapsulate"
3423,lopsided,不均衡な；一方的な,"Replace ""lopsided"" with a clearer phrase if needed.",必要なら「lopsided」をより明確な表現に置き換える。,"Clarify ""lopsided"", ""breakwater"", ""wean"", and ""elapse"" in the glossary.",用語集で「lopsided」、「breakwater」、「wean」、「elapse」を明確にする。,改稿レビュー待ち,"共通レビュー文: lopsided, breakwater, wean, elapse"
3424,breakwater,防波堤,"Replace ""breakwater"" with a clearer phrase if needed.",必要なら「breakwater」をより明確な表現に置き換える。,"Clarify ""lopsided"", ""breakwater"", ""wean"", and ""elapse"" in the glossary.",用語集で「lopsided」、「breakwater」、「wean」、「elapse」を明確にする。,改稿レビュー待ち,"共通レビュー文: lopsided, breakwater, wean, elapse"
3425,wean,を離乳させる；を断ち切る,"Replace ""wean"" with a clearer phrase if needed.",必要なら「wean」をより明確な表現に置き換える。,"Clarify ""lopsided"", ""breakwater"", ""wean"", and ""elapse"" in the glossary.",用語集で「lopsided」、「breakwater」、「wean」、「elapse」を明確にする。,改稿レビュー待ち,"共通レビュー文: lopsided, breakwater, wean, elapse"
3427,elapse,（時間が）経過する,"Replace ""elapse"" with a clearer phrase if needed.",必要なら「elapse」をより明確な表現に置き換える。,"Clarify ""lopsided"", ""breakwater"", ""wean"", and ""elapse"" in the glossary.",用語集で「lopsided」、「breakwater」、「wean」、「elapse」を明確にする。,改稿レビュー待ち,"共通レビュー文: lopsided, breakwater, wean, elapse"
3428,pliable,柔軟な；しなやかな,The pliable option needs a clearer label.,pliableの選択肢には、より明確なラベルが必要だ。,"Clarify ""pliable"", ""palaeolithic"", ""meteorology"", and ""punch line"" in the glossary.",用語集で「pliable」、「palaeolithic」、「meteorology」、「punch line」を明確にする。,改稿レビュー待ち,"共通レビュー文: pliable, palaeolithic, meteorology, punch line"
3429,palaeolithic,旧石器時代の,The palaeolithic option needs a clearer label.,palaeolithicの選択肢には、より明確なラベルが必要だ。,"Clarify ""pliable"", ""palaeolithic"", ""meteorology"", and ""punch line"" in the glossary.",用語集で「pliable」、「palaeolithic」、「meteorology」、「punch line」を明確にする。,改稿レビュー待ち,"共通レビュー文: pliable, palaeolithic, meteorology, punch line"
3430,meteorology,気象学,"Replace ""meteorology"" with a clearer phrase if needed.",必要なら「meteorology」をより明確な表現に置き換える。,"Clarify ""pliable"", ""palaeolithic"", ""meteorology"", and ""punch line"" in the glossary.",用語集で「pliable」、「palaeolithic」、「meteorology」、「punch line」を明確にする。,改稿レビュー待ち,"共通レビュー文: pliable, palaeolithic, meteorology, punch line"
3431,punch line,落ちのセリフ；オチ,"Use ""punch line"" only if the phrase is familiar.",その表現がなじみのある場合だけ「punch line」を使う。,"Clarify ""pliable"", ""palaeolithic"", ""meteorology"", and ""punch line"" in the glossary.",用語集で「pliable」、「palaeolithic」、「meteorology」、「punch line」を明確にする。,改稿レビュー待ち,"共通レビュー文: pliable, palaeolithic, meteorology, punch line"
3432,extrapolate,を推定する；外挿する,"Replace ""extrapolate"" with a clearer phrase if needed.",必要なら「extrapolate」をより明確な表現に置き換える。,"Clarify ""extrapolate"", ""alchemist"", ""emancipate"", and ""cipher"" in the glossary.",用語集で「extrapolate」、「alchemist」、「emancipate」、「cipher」を明確にする。,改稿レビュー待ち,"共通レビュー文: extrapolate, alchemist, emancipate, cipher"
3434,alchemist,錬金術師,"Replace ""alchemist"" with a clearer phrase if needed.",必要なら「alchemist」をより明確な表現に置き換える。,"Clarify ""extrapolate"", ""alchemist"", ""emancipate"", and ""cipher"" in the glossary.",用語集で「extrapolate」、「alchemist」、「emancipate」、「cipher」を明確にする。,改稿レビュー待ち,"共通レビュー文: extrapolate, alchemist, emancipate, cipher"
3435,emancipate,を解放する,"Replace ""emancipate"" with a clearer phrase if needed.",必要なら「emancipate」をより明確な表現に置き換える。,"Clarify ""extrapolate"", ""alchemist"", ""emancipate"", and ""cipher"" in the glossary.",用語集で「extrapolate」、「alchemist」、「emancipate」、「cipher」を明確にする。,改稿レビュー待ち,"共通レビュー文: extrapolate, alchemist, emancipate, cipher"
3436,cipher,暗号；数字の0,"Replace ""cipher"" with a clearer phrase if needed.",必要なら「cipher」をより明確な表現に置き換える。,"Clarify ""extrapolate"", ""alchemist"", ""emancipate"", and ""cipher"" in the glossary.",用語集で「extrapolate」、「alchemist」、「emancipate」、「cipher」を明確にする。,改稿レビュー待ち,"共通レビュー文: extrapolate, alchemist, emancipate, cipher"
3437,compatriot,同国人；仲間,"Replace ""compatriot"" with a clearer phrase if needed.",必要なら「compatriot」をより明確な表現に置き換える。,"Clarify ""compatriot"", ""mangle"", ""pitfall"", and ""townscape"" in the glossary.",用語集で「compatriot」、「mangle」、「pitfall」、「townscape」を明確にする。,改稿レビュー待ち,"共通レビュー文: compatriot, mangle, pitfall, townscape"
3440,mangle,をひどく傷つける；絞り機,"Replace ""mangle"" with a clearer phrase if needed.",必要なら「mangle」をより明確な表現に置き換える。,"Clarify ""compatriot"", ""mangle"", ""pitfall"", and ""townscape"" in the glossary.",用語集で「compatriot」、「mangle」、「pitfall」、「townscape」を明確にする。,改稿レビュー待ち,"共通レビュー文: compatriot, mangle, pitfall, townscape"
3441,pitfall,落とし穴；思わぬ危険,"Replace ""pitfall"" with a clearer phrase if needed.",必要なら「pitfall」をより明確な表現に置き換える。,"Clarify ""compatriot"", ""mangle"", ""pitfall"", and ""townscape"" in the glossary.",用語集で「compatriot」、「mangle」、「pitfall」、「townscape」を明確にする。,改稿レビュー待ち,"共通レビュー文: compatriot, mangle, pitfall, townscape"
3442,townscape,都市景観,"Replace ""townscape"" with a clearer phrase if needed.",必要なら「townscape」をより明確な表現に置き換える。,"Clarify ""compatriot"", ""mangle"", ""pitfall"", and ""townscape"" in the glossary.",用語集で「compatriot」、「mangle」、「pitfall」、「townscape」を明確にする。,改稿レビュー待ち,"共通レビュー文: compatriot, mangle, pitfall, townscape"
3443,stereoscopic,立体的な；立体視の,The stereoscopic option needs a clearer label.,stereoscopicの選択肢には、より明確なラベルが必要だ。,"Clarify ""stereoscopic"", ""aerate"", ""decouple"", and ""unrewarded"" in the glossary.",用語集で「stereoscopic」、「aerate」、「decouple」、「unrewarded」を明確にする。,改稿レビュー待ち,"共通レビュー文: stereoscopic, aerate, decouple, unrewarded"
3444,aerate,を通気する；空気に触れさせる,"Replace ""aerate"" with a clearer phrase if needed.",必要なら「aerate」をより明確な表現に置き換える。,"Clarify ""stereoscopic"", ""aerate"", ""decouple"", and ""unrewarded"" in the glossary.",用語集で「stereoscopic」、「aerate」、「decouple」、「unrewarded」を明確にする。,改稿レビュー待ち,"共通レビュー文: stereoscopic, aerate, decouple, unrewarded"
3445,decouple,を切り離す；分離する,"Replace ""decouple"" with a clearer phrase if needed.",必要なら「decouple」をより明確な表現に置き換える。,"Clarify ""stereoscopic"", ""aerate"", ""decouple"", and ""unrewarded"" in the glossary.",用語集で「stereoscopic」、「aerate」、「decouple」、「unrewarded」を明確にする。,改稿レビュー待ち,"共通レビュー文: stereoscopic, aerate, decouple, unrewarded"
3446,unrewarded,報われない；見返りのない,"Replace ""unrewarded"" with a clearer phrase if needed.",必要なら「unrewarded」をより明確な表現に置き換える。,"Clarify ""stereoscopic"", ""aerate"", ""decouple"", and ""unrewarded"" in the glossary.",用語集で「stereoscopic」、「aerate」、「decouple」、「unrewarded」を明確にする。,改稿レビュー待ち,"共通レビュー文: stereoscopic, aerate, decouple, unrewarded"
3448,cosset,を甘やかす；大切にする,"Replace ""cosset"" with a clearer phrase if needed.",必要なら「cosset」をより明確な表現に置き換える。,"Clarify ""cosset"", ""enervate"", ""predispose"", and ""doomsday"" in the glossary.",用語集で「cosset」、「enervate」、「predispose」、「doomsday」を明確にする。,改稿レビュー待ち,"共通レビュー文: cosset, enervate, predispose, doomsday"
3449,enervate,を弱める；気力を奪う,"Replace ""enervate"" with a clearer phrase if needed.",必要なら「enervate」をより明確な表現に置き換える。,"Clarify ""cosset"", ""enervate"", ""predispose"", and ""doomsday"" in the glossary.",用語集で「cosset」、「enervate」、「predispose」、「doomsday」を明確にする。,改稿レビュー待ち,"共通レビュー文: cosset, enervate, predispose, doomsday"
3452,predispose,の素因を作る；傾向づける,"Replace ""predispose"" with a clearer phrase if needed.",必要なら「predispose」をより明確な表現に置き換える。,"Clarify ""cosset"", ""enervate"", ""predispose"", and ""doomsday"" in the glossary.",用語集で「cosset」、「enervate」、「predispose」、「doomsday」を明確にする。,改稿レビュー待ち,"共通レビュー文: cosset, enervate, predispose, doomsday"
3453,doomsday,世界の終わり；最後の審判,"Replace ""doomsday"" with a clearer phrase if needed.",必要なら「doomsday」をより明確な表現に置き換える。,"Clarify ""cosset"", ""enervate"", ""predispose"", and ""doomsday"" in the glossary.",用語集で「cosset」、「enervate」、「predispose」、「doomsday」を明確にする。,改稿レビュー待ち,"共通レビュー文: cosset, enervate, predispose, doomsday"
3455,studious,勤勉な；熱心に学ぶ,The studious option needs a clearer label.,studiousの選択肢には、より明確なラベルが必要だ。,"Clarify ""studious"", ""subliminal"", ""tenfold"", and ""unblemished"" in the glossary.",用語集で「studious」、「subliminal」、「tenfold」、「unblemished」を明確にする。,改稿レビュー待ち,"共通レビュー文: studious, subliminal, tenfold, unblemished"
3456,subliminal,潜在意識の,The subliminal option needs a clearer label.,subliminalの選択肢には、より明確なラベルが必要だ。,"Clarify ""studious"", ""subliminal"", ""tenfold"", and ""unblemished"" in the glossary.",用語集で「studious」、「subliminal」、「tenfold」、「unblemished」を明確にする。,改稿レビュー待ち,"共通レビュー文: studious, subliminal, tenfold, unblemished"
3457,tenfold,10倍の；10倍に,"Replace ""tenfold"" with a clearer phrase if needed.",必要なら「tenfold」をより明確な表現に置き換える。,"Clarify ""studious"", ""subliminal"", ""tenfold"", and ""unblemished"" in the glossary.",用語集で「studious」、「subliminal」、「tenfold」、「unblemished」を明確にする。,改稿レビュー待ち,"共通レビュー文: studious, subliminal, tenfold, unblemished"
3458,unblemished,汚れのない；完璧な,"Replace ""unblemished"" with a clearer phrase if needed.",必要なら「unblemished」をより明確な表現に置き換える。,"Clarify ""studious"", ""subliminal"", ""tenfold"", and ""unblemished"" in the glossary.",用語集で「studious」、「subliminal」、「tenfold」、「unblemished」を明確にする。,改稿レビュー待ち,"共通レビュー文: studious, subliminal, tenfold, unblemished"
3462,pseudo-,疑似〜；偽の,"Replace ""pseudo-"" with a clearer phrase if needed.",必要なら「pseudo-」をより明確な表現に置き換える。,"Clarify ""pseudo-"", ""expound"", ""overshadow"", and ""handrail"" in the glossary.",用語集で「pseudo-」、「expound」、「overshadow」、「handrail」を明確にする。,改稿レビュー待ち,"共通レビュー文: pseudo-, expound, overshadow, handrail"
3463,expound,を詳しく説明する,"Replace ""expound"" with a clearer phrase if needed.",必要なら「expound」をより明確な表現に置き換える。,"Clarify ""pseudo-"", ""expound"", ""overshadow"", and ""handrail"" in the glossary.",用語集で「pseudo-」、「expound」、「overshadow」、「handrail」を明確にする。,改稿レビュー待ち,"共通レビュー文: pseudo-, expound, overshadow, handrail"
3464,overshadow,を霞ませる；を暗くする,"Replace ""overshadow"" with a clearer phrase if needed.",必要なら「overshadow」をより明確な表現に置き換える。,"Clarify ""pseudo-"", ""expound"", ""overshadow"", and ""handrail"" in the glossary.",用語集で「pseudo-」、「expound」、「overshadow」、「handrail」を明確にする。,改稿レビュー待ち,"共通レビュー文: pseudo-, expound, overshadow, handrail"
3465,handrail,手すり,"Replace ""handrail"" with a clearer phrase if needed.",必要なら「handrail」をより明確な表現に置き換える。,"Clarify ""pseudo-"", ""expound"", ""overshadow"", and ""handrail"" in the glossary.",用語集で「pseudo-」、「expound」、「overshadow」、「handrail」を明確にする。,改稿レビュー待ち,"共通レビュー文: pseudo-, expound, overshadow, handrail"
3468,inflammable,可燃性の；燃えやすい,The inflammable option needs a clearer label.,inflammableの選択肢には、より明確なラベルが必要だ。,"Clarify ""inflammable"", ""liken"", ""suckle"", and ""cavort"" in the glossary.",用語集で「inflammable」、「liken」、「suckle」、「cavort」を明確にする。,改稿レビュー待ち,"共通レビュー文: inflammable, liken, suckle, cavort"
3469,liken,を〜に例える,"Replace ""liken"" with a clearer phrase if needed.",必要なら「liken」をより明確な表現に置き換える。,"Clarify ""inflammable"", ""liken"", ""suckle"", and ""cavort"" in the glossary.",用語集で「inflammable」、「liken」、「suckle」、「cavort」を明確にする。,改稿レビュー待ち,"共通レビュー文: inflammable, liken, suckle, cavort"
3471,suckle,に乳を飲ませる；授乳する,"Replace ""suckle"" with a clearer phrase if needed.",必要なら「suckle」をより明確な表現に置き換える。,"Clarify ""inflammable"", ""liken"", ""suckle"", and ""cavort"" in the glossary.",用語集で「inflammable」、「liken」、「suckle」、「cavort」を明確にする。,改稿レビュー待ち,"共通レビュー文: inflammable, liken, suckle, cavort"
3472,cavort,跳び回る；はしゃぐ,"Replace ""cavort"" with a clearer phrase if needed.",必要なら「cavort」をより明確な表現に置き換える。,"Clarify ""inflammable"", ""liken"", ""suckle"", and ""cavort"" in the glossary.",用語集で「inflammable」、「liken」、「suckle」、「cavort」を明確にする。,改稿レビュー待ち,"共通レビュー文: inflammable, liken, suckle, cavort"
3473,retrench,を削減する；節減する,"Replace ""retrench"" with a clearer phrase if needed.",必要なら「retrench」をより明確な表現に置き換える。,"Clarify ""retrench"", ""emeritus"", ""lilt"", and ""transmute"" in the glossary.",用語集で「retrench」、「emeritus」、「lilt」、「transmute」を明確にする。,改稿レビュー待ち,"共通レビュー文: retrench, emeritus, lilt, transmute"
3474,emeritus,名誉の；定年退職した,"Replace ""emeritus"" with a clearer phrase if needed.",必要なら「emeritus」をより明確な表現に置き換える。,"Clarify ""retrench"", ""emeritus"", ""lilt"", and ""transmute"" in the glossary.",用語集で「retrench」、「emeritus」、「lilt」、「transmute」を明確にする。,改稿レビュー待ち,"共通レビュー文: retrench, emeritus, lilt, transmute"
3475,lilt,快活なリズム；軽い調子,"Replace ""lilt"" with a clearer phrase if needed.",必要なら「lilt」をより明確な表現に置き換える。,"Clarify ""retrench"", ""emeritus"", ""lilt"", and ""transmute"" in the glossary.",用語集で「retrench」、「emeritus」、「lilt」、「transmute」を明確にする。,改稿レビュー待ち,"共通レビュー文: retrench, emeritus, lilt, transmute"
3476,transmute,を変換する；変質する,"Replace ""transmute"" with a clearer phrase if needed.",必要なら「transmute」をより明確な表現に置き換える。,"Clarify ""retrench"", ""emeritus"", ""lilt"", and ""transmute"" in the glossary.",用語集で「retrench」、「emeritus」、「lilt」、「transmute」を明確にする。,改稿レビュー待ち,"共通レビュー文: retrench, emeritus, lilt, transmute"
3480,deportment,立ち居振る舞い；態度,Clarify the deportment before the next review.,次のレビュー前にdeportmentを明確にする。,"Clarify ""deportment"", ""insularity"", ""bombard"", and ""arboreal"" in the glossary.",用語集で「deportment」、「insularity」、「bombard」、「arboreal」を明確にする。,改稿レビュー待ち,"共通レビュー文: deportment, insularity, bombard, arboreal"
3481,insularity,島国根性；偏狭さ,Clarify the insularity before the next review.,次のレビュー前にinsularityを明確にする。,"Clarify ""deportment"", ""insularity"", ""bombard"", and ""arboreal"" in the glossary.",用語集で「deportment」、「insularity」、「bombard」、「arboreal」を明確にする。,改稿レビュー待ち,"共通レビュー文: deportment, insularity, bombard, arboreal"
3482,bombard,を爆撃する；浴びせる,"Replace ""bombard"" with a clearer phrase if needed.",必要なら「bombard」をより明確な表現に置き換える。,"Clarify ""deportment"", ""insularity"", ""bombard"", and ""arboreal"" in the glossary.",用語集で「deportment」、「insularity」、「bombard」、「arboreal」を明確にする。,改稿レビュー待ち,"共通レビュー文: deportment, insularity, bombard, arboreal"
3483,arboreal,樹上生活の；樹木の,The arboreal option needs a clearer label.,arborealの選択肢には、より明確なラベルが必要だ。,"Clarify ""deportment"", ""insularity"", ""bombard"", and ""arboreal"" in the glossary.",用語集で「deportment」、「insularity」、「bombard」、「arboreal」を明確にする。,改稿レビュー待ち,"共通レビュー文: deportment, insularity, bombard, arboreal"
3485,decompose,を分解する；腐敗する,"Replace ""decompose"" with a clearer phrase if needed.",必要なら「decompose」をより明確な表現に置き換える。,"Clarify ""decompose"", ""disjunction"", ""ostracise"", and ""hone"" in the glossary.",用語集で「decompose」、「disjunction」、「ostracise」、「hone」を明確にする。,改稿レビュー待ち,"共通レビュー文: decompose, disjunction, ostracise, hone"
3486,disjunction,分離；不連続,Clarify the disjunction before the next review.,次のレビュー前にdisjunctionを明確にする。,"Clarify ""decompose"", ""disjunction"", ""ostracise"", and ""hone"" in the glossary.",用語集で「decompose」、「disjunction」、「ostracise」、「hone」を明確にする。,改稿レビュー待ち,"共通レビュー文: decompose, disjunction, ostracise, hone"
3487,ostracise,を追放する；仲間外れにする,"Replace ""ostracise"" with a clearer phrase if needed.",必要なら「ostracise」をより明確な表現に置き換える。,"Clarify ""decompose"", ""disjunction"", ""ostracise"", and ""hone"" in the glossary.",用語集で「decompose」、「disjunction」、「ostracise」、「hone」を明確にする。,改稿レビュー待ち,"共通レビュー文: decompose, disjunction, ostracise, hone"
3488,hone,を磨く；を研ぐ,"Replace ""hone"" with a clearer phrase if needed.",必要なら「hone」をより明確な表現に置き換える。,"Clarify ""decompose"", ""disjunction"", ""ostracise"", and ""hone"" in the glossary.",用語集で「decompose」、「disjunction」、「ostracise」、「hone」を明確にする。,改稿レビュー待ち,"共通レビュー文: decompose, disjunction, ostracise, hone"
3489,squander,を浪費する,"Replace ""squander"" with a clearer phrase if needed.",必要なら「squander」をより明確な表現に置き換える。,"Clarify ""squander"", ""combustible"", ""marsupial"", and ""breakneck"" in the glossary.",用語集で「squander」、「combustible」、「marsupial」、「breakneck」を明確にする。,改稿レビュー待ち,"共通レビュー文: squander, combustible, marsupial, breakneck"
3490,combustible,可燃性の,The combustible option needs a clearer label.,combustibleの選択肢には、より明確なラベルが必要だ。,"Clarify ""squander"", ""combustible"", ""marsupial"", and ""breakneck"" in the glossary.",用語集で「squander」、「combustible」、「marsupial」、「breakneck」を明確にする。,改稿レビュー待ち,"共通レビュー文: squander, combustible, marsupial, breakneck"
3491,marsupial,有袋類,The marsupial option needs a clearer label.,marsupialの選択肢には、より明確なラベルが必要だ。,"Clarify ""squander"", ""combustible"", ""marsupial"", and ""breakneck"" in the glossary.",用語集で「squander」、「combustible」、「marsupial」、「breakneck」を明確にする。,改稿レビュー待ち,"共通レビュー文: squander, combustible, marsupial, breakneck"
3492,breakneck,猛スピードの；危険なほど速い,"Replace ""breakneck"" with a clearer phrase if needed.",必要なら「breakneck」をより明確な表現に置き換える。,"Clarify ""squander"", ""combustible"", ""marsupial"", and ""breakneck"" in the glossary.",用語集で「squander」、「combustible」、「marsupial」、「breakneck」を明確にする。,改稿レビュー待ち,"共通レビュー文: squander, combustible, marsupial, breakneck"
3494,outdo,を上回る；しのぐ,"Replace ""outdo"" with a clearer phrase if needed.",必要なら「outdo」をより明確な表現に置き換える。,"Clarify ""outdo"", ""reverberate"", ""excreta"", and ""embellish"" in the glossary.",用語集で「outdo」、「reverberate」、「excreta」、「embellish」を明確にする。,改稿レビュー待ち,"共通レビュー文: outdo, reverberate, excreta, embellish"
3495,reverberate,反響する；波及する,"Replace ""reverberate"" with a clearer phrase if needed.",必要なら「reverberate」をより明確な表現に置き換える。,"Clarify ""outdo"", ""reverberate"", ""excreta"", and ""embellish"" in the glossary.",用語集で「outdo」、「reverberate」、「excreta」、「embellish」を明確にする。,改稿レビュー待ち,"共通レビュー文: outdo, reverberate, excreta, embellish"
3496,excreta,排泄物,"Replace ""excreta"" with a clearer phrase if needed.",必要なら「excreta」をより明確な表現に置き換える。,"Clarify ""outdo"", ""reverberate"", ""excreta"", and ""embellish"" in the glossary.",用語集で「outdo」、「reverberate」、「excreta」、「embellish」を明確にする。,改稿レビュー待ち,"共通レビュー文: outdo, reverberate, excreta, embellish"
3497,embellish,を飾る；誇張する,"Replace ""embellish"" with a clearer phrase if needed.",必要なら「embellish」をより明確な表現に置き換える。,"Clarify ""outdo"", ""reverberate"", ""excreta"", and ""embellish"" in the glossary.",用語集で「outdo」、「reverberate」、「excreta」、「embellish」を明確にする。,改稿レビュー待ち,"共通レビュー文: outdo, reverberate, excreta, embellish"
3498,holidaymaking,休暇を楽しむこと,"Replace ""holidaymaking"" with a clearer phrase if needed.",必要なら「holidaymaking」をより明確な表現に置き換える。,"Clarify ""holidaymaking"", ""ageless"", and ""vice versa"" in the glossary.",用語集で「holidaymaking」、「ageless」、「vice versa」を明確にする。,改稿レビュー待ち,"共通レビュー文: holidaymaking, ageless, vice versa"
3499,ageless,年齢を感じさせない；不変の,The ageless option needs a clearer label.,agelessの選択肢には、より明確なラベルが必要だ。,"Clarify ""holidaymaking"", ""ageless"", and ""vice versa"" in the glossary.",用語集で「holidaymaking」、「ageless」、「vice versa」を明確にする。,改稿レビュー待ち,"共通レビュー文: holidaymaking, ageless, vice versa"
3500,vice versa,逆もまた同様,"Use ""vice versa"" only if the phrase is familiar.",その表現がなじみのある場合だけ「vice versa」を使う。,"Clarify ""holidaymaking"", ""ageless"", and ""vice versa"" in the glossary.",用語集で「holidaymaking」、「ageless」、「vice versa」を明確にする。,改稿レビュー待ち,"共通レビュー文: holidaymaking, ageless, vice versa"